ISO-10303-21;
HEADER;
FILE_DESCRIPTION(('Designed by EasyEDA Pro'),'2;1');
FILE_NAME('Open CASCADE Shape Model','2026-07-29T22:18:08',('Author'),(
    'Open CASCADE'),'Open CASCADE STEP processor 7.8','Open CASCADE 7.8'
  ,'Unknown');
FILE_SCHEMA(('AUTOMOTIVE_DESIGN { 1 0 10303 214 1 1 1 1 }'));
ENDSEC;
DATA;

#1 = APPLICATION_PROTOCOL_DEFINITION('international standard',  'automotive_design',2000,#2);
#2 = APPLICATION_CONTEXT(  'core data for automotive mechanical design processes');
#3 = SHAPE_DEFINITION_REPRESENTATION(#4,#10);
#4 = PRODUCT_DEFINITION_SHAPE('','',#5);
#5 = PRODUCT_DEFINITION('design','',#6,#9);
#6 = PRODUCT_DEFINITION_FORMATION('','',#7);
#7 = PRODUCT('EasyEDA PCB Model~iGfF','EasyEDA PCB Model~iGfF','',(#8));
#8 = PRODUCT_CONTEXT('',#2,'mechanical');
#9 = PRODUCT_DEFINITION_CONTEXT('part definition',#2,'design');
#10=SHAPE_REPRESENTATION('',(#11,#15,#19,#23,#27,#31,#35,#39,#16691,#16703),#43);
#11 = AXIS2_PLACEMENT_3D('',#12,#13,#14);
#12 = CARTESIAN_POINT('',(0.,0.,0.));
#13 = DIRECTION('',(0.,0.,1.));
#14 = DIRECTION('',(1.,0.,-0.));
#15 = AXIS2_PLACEMENT_3D('',#16,#17,#18);
#16 = CARTESIAN_POINT('',(0.,0.,0.));
#17 = DIRECTION('',(0.,0.,1.));
#18 = DIRECTION('',(1.,0.,-0.));
#19 = AXIS2_PLACEMENT_3D('',#20,#21,#22);
#20 = CARTESIAN_POINT('',(0.,0.,0.));
#21 = DIRECTION('',(0.,0.,1.));
#22 = DIRECTION('',(1.,0.,-0.));
#23 = AXIS2_PLACEMENT_3D('',#24,#25,#26);
#24 = CARTESIAN_POINT('',(0.,0.,0.));
#25 = DIRECTION('',(0.,0.,1.));
#26 = DIRECTION('',(1.,0.,-0.));
#27 = AXIS2_PLACEMENT_3D('',#28,#29,#30);
#28 = CARTESIAN_POINT('',(0.,0.,0.));
#29 = DIRECTION('',(0.,0.,1.));
#30 = DIRECTION('',(1.,0.,-0.));
#31 = AXIS2_PLACEMENT_3D('',#32,#33,#34);
#32 = CARTESIAN_POINT('',(0.,0.,0.));
#33 = DIRECTION('',(0.,0.,1.));
#34 = DIRECTION('',(1.,0.,-0.));
#35 = AXIS2_PLACEMENT_3D('',#36,#37,#38);
#36 = CARTESIAN_POINT('',(0.,0.,0.));
#37 = DIRECTION('',(0.,0.,1.));
#38 = DIRECTION('',(1.,0.,-0.));
#39 = AXIS2_PLACEMENT_3D('',#40,#41,#42);
#40 = CARTESIAN_POINT('',(0.,0.,0.));
#41 = DIRECTION('',(0.,0.,1.));
#42 = DIRECTION('',(1.,0.,-0.));
#43 = ( GEOMETRIC_REPRESENTATION_CONTEXT(3) GLOBAL_UNCERTAINTY_ASSIGNED_CONTEXT((#47)) GLOBAL_UNIT_ASSIGNED_CONTEXT((#44,#45,#46)) REPRESENTATION_CONTEXT('Context #1',  '3D Context with UNIT and UNCERTAINTY') );
#44 = ( LENGTH_UNIT() NAMED_UNIT(*) SI_UNIT(.MILLI.,.METRE.) );
#45 = ( NAMED_UNIT(*) PLANE_ANGLE_UNIT() SI_UNIT($,.RADIAN.) );
#46 = ( NAMED_UNIT(*) SI_UNIT($,.STERADIAN.) SOLID_ANGLE_UNIT() );
#47 = UNCERTAINTY_MEASURE_WITH_UNIT(LENGTH_MEASURE(1.E-07),#44,  'distance_accuracy_value','confusion accuracy');
#48 = PRODUCT_RELATED_PRODUCT_CATEGORY('part',$,(#7));
#49 = SHAPE_DEFINITION_REPRESENTATION(#50,#56);
#50 = PRODUCT_DEFINITION_SHAPE('','',#51);
#51 = PRODUCT_DEFINITION('design','',#52,#55);
#52 = PRODUCT_DEFINITION_FORMATION('','',#53);
#53 = PRODUCT('Board~iGfF','Board~iGfF','',(#54));
#54 = PRODUCT_CONTEXT('',#2,'mechanical');
#55 = PRODUCT_DEFINITION_CONTEXT('part definition',#2,'design');
#56 = ADVANCED_BREP_SHAPE_REPRESENTATION('',(#11,#57),#799);
#57 = MANIFOLD_SOLID_BREP('',#58);
#58 = CLOSED_SHELL('',(#59,#99,#130,#161,#183,#225,#249,#291,#315,#357,    #381,#423,#447,#489,#513,#555,#579,#621,#645,#687,#711,#755));
#59 = ADVANCED_FACE('',(#60),#94,.T.);
#60 = FACE_BOUND('',#61,.T.);
#61 = EDGE_LOOP('',(#62,#72,#80,#88));
#62 = ORIENTED_EDGE('',*,*,#63,.T.);
#63 = EDGE_CURVE('',#64,#66,#68,.T.);
#64 = VERTEX_POINT('',#65);
#65 = CARTESIAN_POINT('',(-1.830073660147E-02,1.233302006604,0.));
#66 = VERTEX_POINT('',#67);
#67 = CARTESIAN_POINT('',(-1.830073660147E-02,1.233302006604,    1.600028244856));
#68 = LINE('',#69,#70);
#69 = CARTESIAN_POINT('',(-1.830073660147E-02,1.233302006604,0.));
#70 = VECTOR('',#71,1.);
#71 = DIRECTION('',(0.,0.,1.));
#72 = ORIENTED_EDGE('',*,*,#73,.T.);
#73 = EDGE_CURVE('',#66,#74,#76,.T.);
#74 = VERTEX_POINT('',#75);
#75 = CARTESIAN_POINT('',(24.910350520701,1.233302006604,1.600028244856)  );
#76 = LINE('',#77,#78);
#77 = CARTESIAN_POINT('',(-1.830073660147E-02,1.233302006604,    1.600028244856));
#78 = VECTOR('',#79,1.);
#79 = DIRECTION('',(1.,0.,0.));
#80 = ORIENTED_EDGE('',*,*,#81,.F.);
#81 = EDGE_CURVE('',#82,#74,#84,.T.);
#82 = VERTEX_POINT('',#83);
#83 = CARTESIAN_POINT('',(24.910350520701,1.233302006604,0.));
#84 = LINE('',#85,#86);
#85 = CARTESIAN_POINT('',(24.910350520701,1.233302006604,0.));
#86 = VECTOR('',#87,1.);
#87 = DIRECTION('',(0.,0.,1.));
#88 = ORIENTED_EDGE('',*,*,#89,.F.);
#89 = EDGE_CURVE('',#64,#82,#90,.T.);
#90 = LINE('',#91,#92);
#91 = CARTESIAN_POINT('',(-1.830073660147E-02,1.233302006604,0.));
#92 = VECTOR('',#93,1.);
#93 = DIRECTION('',(1.,0.,0.));
#94 = PLANE('',#95);
#95 = AXIS2_PLACEMENT_3D('',#96,#97,#98);
#96 = CARTESIAN_POINT('',(-1.830073660147E-02,1.233302006604,0.));
#97 = DIRECTION('',(0.,1.,0.));
#98 = DIRECTION('',(1.,0.,0.));
#99 = ADVANCED_FACE('',(#100),#125,.T.);
#100 = FACE_BOUND('',#101,.T.);
#101 = EDGE_LOOP('',(#102,#103,#111,#119));
#102 = ORIENTED_EDGE('',*,*,#81,.T.);
#103 = ORIENTED_EDGE('',*,*,#104,.T.);
#104 = EDGE_CURVE('',#74,#105,#107,.T.);
#105 = VERTEX_POINT('',#106);
#106 = CARTESIAN_POINT('',(24.910350520701,-27.2653543307,1.600028244856    ));
#107 = LINE('',#108,#109);
#108 = CARTESIAN_POINT('',(24.910350520701,1.233302006604,1.600028244856    ));
#109 = VECTOR('',#110,1.);
#110 = DIRECTION('',(1.246624976543E-16,-1.,0.));
#111 = ORIENTED_EDGE('',*,*,#112,.F.);
#112 = EDGE_CURVE('',#113,#105,#115,.T.);
#113 = VERTEX_POINT('',#114);
#114 = CARTESIAN_POINT('',(24.910350520701,-27.2653543307,0.));
#115 = LINE('',#116,#117);
#116 = CARTESIAN_POINT('',(24.910350520701,-27.2653543307,0.));
#117 = VECTOR('',#118,1.);
#118 = DIRECTION('',(0.,0.,1.));
#119 = ORIENTED_EDGE('',*,*,#120,.F.);
#120 = EDGE_CURVE('',#82,#113,#121,.T.);
#121 = LINE('',#122,#123);
#122 = CARTESIAN_POINT('',(24.910350520701,1.233302006604,0.));
#123 = VECTOR('',#124,1.);
#124 = DIRECTION('',(1.246624976543E-16,-1.,0.));
#125 = PLANE('',#126);
#126 = AXIS2_PLACEMENT_3D('',#127,#128,#129);
#127 = CARTESIAN_POINT('',(24.910350520701,1.233302006604,0.));
#128 = DIRECTION('',(1.,1.246624976543E-16,-0.));
#129 = DIRECTION('',(1.246624976543E-16,-1.,0.));
#130 = ADVANCED_FACE('',(#131),#156,.T.);
#131 = FACE_BOUND('',#132,.T.);
#132 = EDGE_LOOP('',(#133,#134,#142,#150));
#133 = ORIENTED_EDGE('',*,*,#112,.T.);
#134 = ORIENTED_EDGE('',*,*,#135,.T.);
#135 = EDGE_CURVE('',#105,#136,#138,.T.);
#136 = VERTEX_POINT('',#137);
#137 = CARTESIAN_POINT('',(-1.830073660147E-02,-27.2653543307,    1.600028244856));
#138 = LINE('',#139,#140);
#139 = CARTESIAN_POINT('',(24.910350520701,-27.2653543307,1.600028244856    ));
#140 = VECTOR('',#141,1.);
#141 = DIRECTION('',(-1.,0.,0.));
#142 = ORIENTED_EDGE('',*,*,#143,.F.);
#143 = EDGE_CURVE('',#144,#136,#146,.T.);
#144 = VERTEX_POINT('',#145);
#145 = CARTESIAN_POINT('',(-1.830073660147E-02,-27.2653543307,0.));
#146 = LINE('',#147,#148);
#147 = CARTESIAN_POINT('',(-1.830073660147E-02,-27.2653543307,0.));
#148 = VECTOR('',#149,1.);
#149 = DIRECTION('',(0.,0.,1.));
#150 = ORIENTED_EDGE('',*,*,#151,.F.);
#151 = EDGE_CURVE('',#113,#144,#152,.T.);
#152 = LINE('',#153,#154);
#153 = CARTESIAN_POINT('',(24.910350520701,-27.2653543307,0.));
#154 = VECTOR('',#155,1.);
#155 = DIRECTION('',(-1.,0.,0.));
#156 = PLANE('',#157);
#157 = AXIS2_PLACEMENT_3D('',#158,#159,#160);
#158 = CARTESIAN_POINT('',(24.910350520701,-27.2653543307,0.));
#159 = DIRECTION('',(0.,-1.,0.));
#160 = DIRECTION('',(-1.,0.,0.));
#161 = ADVANCED_FACE('',(#162),#178,.T.);
#162 = FACE_BOUND('',#163,.T.);
#163 = EDGE_LOOP('',(#164,#165,#171,#172));
#164 = ORIENTED_EDGE('',*,*,#143,.T.);
#165 = ORIENTED_EDGE('',*,*,#166,.T.);
#166 = EDGE_CURVE('',#136,#66,#167,.T.);
#167 = LINE('',#168,#169);
#168 = CARTESIAN_POINT('',(-1.830073660147E-02,-27.2653543307,    1.600028244856));
#169 = VECTOR('',#170,1.);
#170 = DIRECTION('',(1.012882793441E-16,1.,0.));
#171 = ORIENTED_EDGE('',*,*,#63,.F.);
#172 = ORIENTED_EDGE('',*,*,#173,.F.);
#173 = EDGE_CURVE('',#144,#64,#174,.T.);
#174 = LINE('',#175,#176);
#175 = CARTESIAN_POINT('',(-1.830073660147E-02,-27.2653543307,0.));
#176 = VECTOR('',#177,1.);
#177 = DIRECTION('',(1.012882793441E-16,1.,0.));
#178 = PLANE('',#179);
#179 = AXIS2_PLACEMENT_3D('',#180,#181,#182);
#180 = CARTESIAN_POINT('',(-1.830073660147E-02,-27.2653543307,0.));
#181 = DIRECTION('',(-1.,1.012882793441E-16,0.));
#182 = DIRECTION('',(1.012882793441E-16,1.,0.));
#183 = ADVANCED_FACE('',(#184),#220,.F.);
#184 = FACE_BOUND('',#185,.T.);
#185 = EDGE_LOOP('',(#186,#196,#205,#213));
#186 = ORIENTED_EDGE('',*,*,#187,.T.);
#187 = EDGE_CURVE('',#188,#190,#192,.T.);
#188 = VERTEX_POINT('',#189);
#189 = CARTESIAN_POINT('',(3.446052832106,-25.15104648209,0.));
#190 = VERTEX_POINT('',#191);
#191 = CARTESIAN_POINT('',(3.446052832106,-25.15104648209,1.600028244856    ));
#192 = LINE('',#193,#194);
#193 = CARTESIAN_POINT('',(3.446052832106,-25.15104648209,0.));
#194 = VECTOR('',#195,1.);
#195 = DIRECTION('',(0.,0.,1.));
#196 = ORIENTED_EDGE('',*,*,#197,.T.);
#197 = EDGE_CURVE('',#190,#198,#200,.T.);
#198 = VERTEX_POINT('',#199);
#199 = CARTESIAN_POINT('',(0.946027432055,-25.15104648209,1.600028244856    ));
#200 = CIRCLE('',#201,1.250012700025);
#201 = AXIS2_PLACEMENT_3D('',#202,#203,#204);
#202 = CARTESIAN_POINT('',(2.19604013208,-25.15104648209,1.600028244856)  );
#203 = DIRECTION('',(0.,0.,1.));
#204 = DIRECTION('',(1.,1.110223024625E-16,-0.));
#205 = ORIENTED_EDGE('',*,*,#206,.F.);
#206 = EDGE_CURVE('',#207,#198,#209,.T.);
#207 = VERTEX_POINT('',#208);
#208 = CARTESIAN_POINT('',(0.946027432055,-25.15104648209,0.));
#209 = LINE('',#210,#211);
#210 = CARTESIAN_POINT('',(0.946027432055,-25.15104648209,0.));
#211 = VECTOR('',#212,1.);
#212 = DIRECTION('',(0.,0.,1.));
#213 = ORIENTED_EDGE('',*,*,#214,.F.);
#214 = EDGE_CURVE('',#188,#207,#215,.T.);
#215 = CIRCLE('',#216,1.250012700025);
#216 = AXIS2_PLACEMENT_3D('',#217,#218,#219);
#217 = CARTESIAN_POINT('',(2.19604013208,-25.15104648209,0.));
#218 = DIRECTION('',(0.,0.,1.));
#219 = DIRECTION('',(1.,1.110223024625E-16,-0.));
#220 = CYLINDRICAL_SURFACE('',#221,1.250012700025);
#221 = AXIS2_PLACEMENT_3D('',#222,#223,#224);
#222 = CARTESIAN_POINT('',(2.19604013208,-25.15104648209,0.));
#223 = DIRECTION('',(-0.,-0.,-1.));
#224 = DIRECTION('',(1.,1.110223024625E-16,-0.));
#225 = ADVANCED_FACE('',(#226),#244,.F.);
#226 = FACE_BOUND('',#227,.T.);
#227 = EDGE_LOOP('',(#228,#229,#236,#237));
#228 = ORIENTED_EDGE('',*,*,#206,.T.);
#229 = ORIENTED_EDGE('',*,*,#230,.T.);
#230 = EDGE_CURVE('',#198,#190,#231,.T.);
#231 = CIRCLE('',#232,1.250012700025);
#232 = AXIS2_PLACEMENT_3D('',#233,#234,#235);
#233 = CARTESIAN_POINT('',(2.19604013208,-25.15104648209,1.600028244856)  );
#234 = DIRECTION('',(0.,0.,1.));
#235 = DIRECTION('',(-1.,-1.110223024625E-16,0.));
#236 = ORIENTED_EDGE('',*,*,#187,.F.);
#237 = ORIENTED_EDGE('',*,*,#238,.F.);
#238 = EDGE_CURVE('',#207,#188,#239,.T.);
#239 = CIRCLE('',#240,1.250012700025);
#240 = AXIS2_PLACEMENT_3D('',#241,#242,#243);
#241 = CARTESIAN_POINT('',(2.19604013208,-25.15104648209,0.));
#242 = DIRECTION('',(0.,0.,1.));
#243 = DIRECTION('',(-1.,-1.110223024625E-16,0.));
#244 = CYLINDRICAL_SURFACE('',#245,1.250012700025);
#245 = AXIS2_PLACEMENT_3D('',#246,#247,#248);
#246 = CARTESIAN_POINT('',(2.19604013208,-25.15104648209,0.));
#247 = DIRECTION('',(-0.,-0.,-1.));
#248 = DIRECTION('',(-1.,-1.110223024625E-16,0.));
#249 = ADVANCED_FACE('',(#250),#286,.F.);
#250 = FACE_BOUND('',#251,.T.);
#251 = EDGE_LOOP('',(#252,#262,#271,#279));
#252 = ORIENTED_EDGE('',*,*,#253,.T.);
#253 = EDGE_CURVE('',#254,#256,#258,.T.);
#254 = VERTEX_POINT('',#255);
#255 = CARTESIAN_POINT('',(3.446052832106,-2.151000762002,0.));
#256 = VERTEX_POINT('',#257);
#257 = CARTESIAN_POINT('',(3.446052832106,-2.151000762002,1.600028244856    ));
#258 = LINE('',#259,#260);
#259 = CARTESIAN_POINT('',(3.446052832106,-2.151000762002,0.));
#260 = VECTOR('',#261,1.);
#261 = DIRECTION('',(0.,0.,1.));
#262 = ORIENTED_EDGE('',*,*,#263,.T.);
#263 = EDGE_CURVE('',#256,#264,#266,.T.);
#264 = VERTEX_POINT('',#265);
#265 = CARTESIAN_POINT('',(0.946027432055,-2.151000762002,1.600028244856    ));
#266 = CIRCLE('',#267,1.250012700025);
#267 = AXIS2_PLACEMENT_3D('',#268,#269,#270);
#268 = CARTESIAN_POINT('',(2.19604013208,-2.151000762002,1.600028244856)  );
#269 = DIRECTION('',(0.,0.,1.));
#270 = DIRECTION('',(1.,1.110223024625E-16,-0.));
#271 = ORIENTED_EDGE('',*,*,#272,.F.);
#272 = EDGE_CURVE('',#273,#264,#275,.T.);
#273 = VERTEX_POINT('',#274);
#274 = CARTESIAN_POINT('',(0.946027432055,-2.151000762002,0.));
#275 = LINE('',#276,#277);
#276 = CARTESIAN_POINT('',(0.946027432055,-2.151000762002,0.));
#277 = VECTOR('',#278,1.);
#278 = DIRECTION('',(0.,0.,1.));
#279 = ORIENTED_EDGE('',*,*,#280,.F.);
#280 = EDGE_CURVE('',#254,#273,#281,.T.);
#281 = CIRCLE('',#282,1.250012700025);
#282 = AXIS2_PLACEMENT_3D('',#283,#284,#285);
#283 = CARTESIAN_POINT('',(2.19604013208,-2.151000762002,0.));
#284 = DIRECTION('',(0.,0.,1.));
#285 = DIRECTION('',(1.,1.110223024625E-16,-0.));
#286 = CYLINDRICAL_SURFACE('',#287,1.250012700025);
#287 = AXIS2_PLACEMENT_3D('',#288,#289,#290);
#288 = CARTESIAN_POINT('',(2.19604013208,-2.151000762002,0.));
#289 = DIRECTION('',(-0.,-0.,-1.));
#290 = DIRECTION('',(1.,1.110223024625E-16,-0.));
#291 = ADVANCED_FACE('',(#292),#310,.F.);
#292 = FACE_BOUND('',#293,.T.);
#293 = EDGE_LOOP('',(#294,#295,#302,#303));
#294 = ORIENTED_EDGE('',*,*,#272,.T.);
#295 = ORIENTED_EDGE('',*,*,#296,.T.);
#296 = EDGE_CURVE('',#264,#256,#297,.T.);
#297 = CIRCLE('',#298,1.250012700025);
#298 = AXIS2_PLACEMENT_3D('',#299,#300,#301);
#299 = CARTESIAN_POINT('',(2.19604013208,-2.151000762002,1.600028244856)  );
#300 = DIRECTION('',(0.,0.,1.));
#301 = DIRECTION('',(-1.,-1.110223024625E-16,0.));
#302 = ORIENTED_EDGE('',*,*,#253,.F.);
#303 = ORIENTED_EDGE('',*,*,#304,.F.);
#304 = EDGE_CURVE('',#273,#254,#305,.T.);
#305 = CIRCLE('',#306,1.250012700025);
#306 = AXIS2_PLACEMENT_3D('',#307,#308,#309);
#307 = CARTESIAN_POINT('',(2.19604013208,-2.151000762002,0.));
#308 = DIRECTION('',(0.,0.,1.));
#309 = DIRECTION('',(-1.,-1.110223024625E-16,0.));
#310 = CYLINDRICAL_SURFACE('',#311,1.250012700025);
#311 = AXIS2_PLACEMENT_3D('',#312,#313,#314);
#312 = CARTESIAN_POINT('',(2.19604013208,-2.151000762002,0.));
#313 = DIRECTION('',(-0.,-0.,-1.));
#314 = DIRECTION('',(-1.,-1.110223024625E-16,0.));
#315 = ADVANCED_FACE('',(#316),#352,.F.);
#316 = FACE_BOUND('',#317,.T.);
#317 = EDGE_LOOP('',(#318,#328,#337,#345));
#318 = ORIENTED_EDGE('',*,*,#319,.T.);
#319 = EDGE_CURVE('',#320,#322,#324,.T.);
#320 = VERTEX_POINT('',#321);
#321 = CARTESIAN_POINT('',(9.161010922022,-1.651003302007,0.));
#322 = VERTEX_POINT('',#323);
#323 = CARTESIAN_POINT('',(9.161010922022,-1.651003302007,1.600028244856    ));
#324 = LINE('',#325,#326);
#325 = CARTESIAN_POINT('',(9.161010922022,-1.651003302007,0.));
#326 = VECTOR('',#327,1.);
#327 = DIRECTION('',(0.,0.,1.));
#328 = ORIENTED_EDGE('',*,*,#329,.T.);
#329 = EDGE_CURVE('',#322,#330,#332,.T.);
#330 = VERTEX_POINT('',#331);
#331 = CARTESIAN_POINT('',(8.111023622047,-1.651003302007,1.600028244856    ));
#332 = CIRCLE('',#333,0.524993649987);
#333 = AXIS2_PLACEMENT_3D('',#334,#335,#336);
#334 = CARTESIAN_POINT('',(8.636017272035,-1.651003302007,1.600028244856    ));
#335 = DIRECTION('',(0.,0.,1.));
#336 = DIRECTION('',(1.,1.110223024625E-16,-0.));
#337 = ORIENTED_EDGE('',*,*,#338,.F.);
#338 = EDGE_CURVE('',#339,#330,#341,.T.);
#339 = VERTEX_POINT('',#340);
#340 = CARTESIAN_POINT('',(8.111023622047,-1.651003302007,0.));
#341 = LINE('',#342,#343);
#342 = CARTESIAN_POINT('',(8.111023622047,-1.651003302007,0.));
#343 = VECTOR('',#344,1.);
#344 = DIRECTION('',(0.,0.,1.));
#345 = ORIENTED_EDGE('',*,*,#346,.F.);
#346 = EDGE_CURVE('',#320,#339,#347,.T.);
#347 = CIRCLE('',#348,0.524993649987);
#348 = AXIS2_PLACEMENT_3D('',#349,#350,#351);
#349 = CARTESIAN_POINT('',(8.636017272035,-1.651003302007,0.));
#350 = DIRECTION('',(0.,0.,1.));
#351 = DIRECTION('',(1.,1.110223024625E-16,-0.));
#352 = CYLINDRICAL_SURFACE('',#353,0.524993649987);
#353 = AXIS2_PLACEMENT_3D('',#354,#355,#356);
#354 = CARTESIAN_POINT('',(8.636017272035,-1.651003302007,0.));
#355 = DIRECTION('',(-0.,-0.,-1.));
#356 = DIRECTION('',(1.,1.110223024625E-16,-0.));
#357 = ADVANCED_FACE('',(#358),#376,.F.);
#358 = FACE_BOUND('',#359,.T.);
#359 = EDGE_LOOP('',(#360,#361,#368,#369));
#360 = ORIENTED_EDGE('',*,*,#338,.T.);
#361 = ORIENTED_EDGE('',*,*,#362,.T.);
#362 = EDGE_CURVE('',#330,#322,#363,.T.);
#363 = CIRCLE('',#364,0.524993649987);
#364 = AXIS2_PLACEMENT_3D('',#365,#366,#367);
#365 = CARTESIAN_POINT('',(8.636017272035,-1.651003302007,1.600028244856    ));
#366 = DIRECTION('',(0.,0.,1.));
#367 = DIRECTION('',(-1.,-1.110223024625E-16,0.));
#368 = ORIENTED_EDGE('',*,*,#319,.F.);
#369 = ORIENTED_EDGE('',*,*,#370,.F.);
#370 = EDGE_CURVE('',#339,#320,#371,.T.);
#371 = CIRCLE('',#372,0.524993649987);
#372 = AXIS2_PLACEMENT_3D('',#373,#374,#375);
#373 = CARTESIAN_POINT('',(8.636017272035,-1.651003302007,0.));
#374 = DIRECTION('',(0.,0.,1.));
#375 = DIRECTION('',(-1.,-1.110223024625E-16,0.));
#376 = CYLINDRICAL_SURFACE('',#377,0.524993649987);
#377 = AXIS2_PLACEMENT_3D('',#378,#379,#380);
#378 = CARTESIAN_POINT('',(8.636017272035,-1.651003302007,0.));
#379 = DIRECTION('',(-0.,-0.,-1.));
#380 = DIRECTION('',(-1.,-1.110223024625E-16,0.));
#381 = ADVANCED_FACE('',(#382),#418,.F.);
#382 = FACE_BOUND('',#383,.T.);
#383 = EDGE_LOOP('',(#384,#394,#403,#411));
#384 = ORIENTED_EDGE('',*,*,#385,.T.);
#385 = EDGE_CURVE('',#386,#388,#390,.T.);
#386 = VERTEX_POINT('',#387);
#387 = CARTESIAN_POINT('',(11.701016002032,-1.651003302007,0.));
#388 = VERTEX_POINT('',#389);
#389 = CARTESIAN_POINT('',(11.701016002032,-1.651003302007,    1.600028244856));
#390 = LINE('',#391,#392);
#391 = CARTESIAN_POINT('',(11.701016002032,-1.651003302007,0.));
#392 = VECTOR('',#393,1.);
#393 = DIRECTION('',(0.,0.,1.));
#394 = ORIENTED_EDGE('',*,*,#395,.T.);
#395 = EDGE_CURVE('',#388,#396,#398,.T.);
#396 = VERTEX_POINT('',#397);
#397 = CARTESIAN_POINT('',(10.651028702057,-1.651003302007,    1.600028244856));
#398 = CIRCLE('',#399,0.524993649987);
#399 = AXIS2_PLACEMENT_3D('',#400,#401,#402);
#400 = CARTESIAN_POINT('',(11.176022352045,-1.651003302007,    1.600028244856));
#401 = DIRECTION('',(0.,0.,1.));
#402 = DIRECTION('',(1.,1.110223024625E-16,-0.));
#403 = ORIENTED_EDGE('',*,*,#404,.F.);
#404 = EDGE_CURVE('',#405,#396,#407,.T.);
#405 = VERTEX_POINT('',#406);
#406 = CARTESIAN_POINT('',(10.651028702057,-1.651003302007,0.));
#407 = LINE('',#408,#409);
#408 = CARTESIAN_POINT('',(10.651028702057,-1.651003302007,0.));
#409 = VECTOR('',#410,1.);
#410 = DIRECTION('',(0.,0.,1.));
#411 = ORIENTED_EDGE('',*,*,#412,.F.);
#412 = EDGE_CURVE('',#386,#405,#413,.T.);
#413 = CIRCLE('',#414,0.524993649987);
#414 = AXIS2_PLACEMENT_3D('',#415,#416,#417);
#415 = CARTESIAN_POINT('',(11.176022352045,-1.651003302007,0.));
#416 = DIRECTION('',(0.,0.,1.));
#417 = DIRECTION('',(1.,1.110223024625E-16,-0.));
#418 = CYLINDRICAL_SURFACE('',#419,0.524993649987);
#419 = AXIS2_PLACEMENT_3D('',#420,#421,#422);
#420 = CARTESIAN_POINT('',(11.176022352045,-1.651003302007,0.));
#421 = DIRECTION('',(-0.,-0.,-1.));
#422 = DIRECTION('',(1.,1.110223024625E-16,-0.));
#423 = ADVANCED_FACE('',(#424),#442,.F.);
#424 = FACE_BOUND('',#425,.T.);
#425 = EDGE_LOOP('',(#426,#427,#434,#435));
#426 = ORIENTED_EDGE('',*,*,#404,.T.);
#427 = ORIENTED_EDGE('',*,*,#428,.T.);
#428 = EDGE_CURVE('',#396,#388,#429,.T.);
#429 = CIRCLE('',#430,0.524993649987);
#430 = AXIS2_PLACEMENT_3D('',#431,#432,#433);
#431 = CARTESIAN_POINT('',(11.176022352045,-1.651003302007,    1.600028244856));
#432 = DIRECTION('',(0.,0.,1.));
#433 = DIRECTION('',(-1.,-1.110223024625E-16,0.));
#434 = ORIENTED_EDGE('',*,*,#385,.F.);
#435 = ORIENTED_EDGE('',*,*,#436,.F.);
#436 = EDGE_CURVE('',#405,#386,#437,.T.);
#437 = CIRCLE('',#438,0.524993649987);
#438 = AXIS2_PLACEMENT_3D('',#439,#440,#441);
#439 = CARTESIAN_POINT('',(11.176022352045,-1.651003302007,0.));
#440 = DIRECTION('',(0.,0.,1.));
#441 = DIRECTION('',(-1.,-1.110223024625E-16,0.));
#442 = CYLINDRICAL_SURFACE('',#443,0.524993649987);
#443 = AXIS2_PLACEMENT_3D('',#444,#445,#446);
#444 = CARTESIAN_POINT('',(11.176022352045,-1.651003302007,0.));
#445 = DIRECTION('',(-0.,-0.,-1.));
#446 = DIRECTION('',(-1.,-1.110223024625E-16,0.));
#447 = ADVANCED_FACE('',(#448),#484,.F.);
#448 = FACE_BOUND('',#449,.T.);
#449 = EDGE_LOOP('',(#450,#460,#469,#477));
#450 = ORIENTED_EDGE('',*,*,#451,.T.);
#451 = EDGE_CURVE('',#452,#454,#456,.T.);
#452 = VERTEX_POINT('',#453);
#453 = CARTESIAN_POINT('',(14.241021082042,-1.651003302007,0.));
#454 = VERTEX_POINT('',#455);
#455 = CARTESIAN_POINT('',(14.241021082042,-1.651003302007,    1.600028244856));
#456 = LINE('',#457,#458);
#457 = CARTESIAN_POINT('',(14.241021082042,-1.651003302007,0.));
#458 = VECTOR('',#459,1.);
#459 = DIRECTION('',(0.,0.,1.));
#460 = ORIENTED_EDGE('',*,*,#461,.T.);
#461 = EDGE_CURVE('',#454,#462,#464,.T.);
#462 = VERTEX_POINT('',#463);
#463 = CARTESIAN_POINT('',(13.191033782068,-1.651003302007,    1.600028244856));
#464 = CIRCLE('',#465,0.524993649987);
#465 = AXIS2_PLACEMENT_3D('',#466,#467,#468);
#466 = CARTESIAN_POINT('',(13.716027432055,-1.651003302007,    1.600028244856));
#467 = DIRECTION('',(0.,0.,1.));
#468 = DIRECTION('',(1.,1.110223024625E-16,-0.));
#469 = ORIENTED_EDGE('',*,*,#470,.F.);
#470 = EDGE_CURVE('',#471,#462,#473,.T.);
#471 = VERTEX_POINT('',#472);
#472 = CARTESIAN_POINT('',(13.191033782068,-1.651003302007,0.));
#473 = LINE('',#474,#475);
#474 = CARTESIAN_POINT('',(13.191033782068,-1.651003302007,0.));
#475 = VECTOR('',#476,1.);
#476 = DIRECTION('',(0.,0.,1.));
#477 = ORIENTED_EDGE('',*,*,#478,.F.);
#478 = EDGE_CURVE('',#452,#471,#479,.T.);
#479 = CIRCLE('',#480,0.524993649987);
#480 = AXIS2_PLACEMENT_3D('',#481,#482,#483);
#481 = CARTESIAN_POINT('',(13.716027432055,-1.651003302007,0.));
#482 = DIRECTION('',(0.,0.,1.));
#483 = DIRECTION('',(1.,1.110223024625E-16,-0.));
#484 = CYLINDRICAL_SURFACE('',#485,0.524993649987);
#485 = AXIS2_PLACEMENT_3D('',#486,#487,#488);
#486 = CARTESIAN_POINT('',(13.716027432055,-1.651003302007,0.));
#487 = DIRECTION('',(-0.,-0.,-1.));
#488 = DIRECTION('',(1.,1.110223024625E-16,-0.));
#489 = ADVANCED_FACE('',(#490),#508,.F.);
#490 = FACE_BOUND('',#491,.T.);
#491 = EDGE_LOOP('',(#492,#493,#500,#501));
#492 = ORIENTED_EDGE('',*,*,#470,.T.);
#493 = ORIENTED_EDGE('',*,*,#494,.T.);
#494 = EDGE_CURVE('',#462,#454,#495,.T.);
#495 = CIRCLE('',#496,0.524993649987);
#496 = AXIS2_PLACEMENT_3D('',#497,#498,#499);
#497 = CARTESIAN_POINT('',(13.716027432055,-1.651003302007,    1.600028244856));
#498 = DIRECTION('',(0.,0.,1.));
#499 = DIRECTION('',(-1.,-1.110223024625E-16,0.));
#500 = ORIENTED_EDGE('',*,*,#451,.F.);
#501 = ORIENTED_EDGE('',*,*,#502,.F.);
#502 = EDGE_CURVE('',#471,#452,#503,.T.);
#503 = CIRCLE('',#504,0.524993649987);
#504 = AXIS2_PLACEMENT_3D('',#505,#506,#507);
#505 = CARTESIAN_POINT('',(13.716027432055,-1.651003302007,0.));
#506 = DIRECTION('',(0.,0.,1.));
#507 = DIRECTION('',(-1.,-1.110223024625E-16,0.));
#508 = CYLINDRICAL_SURFACE('',#509,0.524993649987);
#509 = AXIS2_PLACEMENT_3D('',#510,#511,#512);
#510 = CARTESIAN_POINT('',(13.716027432055,-1.651003302007,0.));
#511 = DIRECTION('',(-0.,-0.,-1.));
#512 = DIRECTION('',(-1.,-1.110223024625E-16,0.));
#513 = ADVANCED_FACE('',(#514),#550,.F.);
#514 = FACE_BOUND('',#515,.T.);
#515 = EDGE_LOOP('',(#516,#526,#535,#543));
#516 = ORIENTED_EDGE('',*,*,#517,.T.);
#517 = EDGE_CURVE('',#518,#520,#522,.T.);
#518 = VERTEX_POINT('',#519);
#519 = CARTESIAN_POINT('',(16.781026162052,-1.651003302007,0.));
#520 = VERTEX_POINT('',#521);
#521 = CARTESIAN_POINT('',(16.781026162052,-1.651003302007,    1.600028244856));
#522 = LINE('',#523,#524);
#523 = CARTESIAN_POINT('',(16.781026162052,-1.651003302007,0.));
#524 = VECTOR('',#525,1.);
#525 = DIRECTION('',(0.,0.,1.));
#526 = ORIENTED_EDGE('',*,*,#527,.T.);
#527 = EDGE_CURVE('',#520,#528,#530,.T.);
#528 = VERTEX_POINT('',#529);
#529 = CARTESIAN_POINT('',(15.731038862078,-1.651003302007,    1.600028244856));
#530 = CIRCLE('',#531,0.524993649987);
#531 = AXIS2_PLACEMENT_3D('',#532,#533,#534);
#532 = CARTESIAN_POINT('',(16.256032512065,-1.651003302007,    1.600028244856));
#533 = DIRECTION('',(0.,0.,1.));
#534 = DIRECTION('',(1.,1.110223024625E-16,-0.));
#535 = ORIENTED_EDGE('',*,*,#536,.F.);
#536 = EDGE_CURVE('',#537,#528,#539,.T.);
#537 = VERTEX_POINT('',#538);
#538 = CARTESIAN_POINT('',(15.731038862078,-1.651003302007,0.));
#539 = LINE('',#540,#541);
#540 = CARTESIAN_POINT('',(15.731038862078,-1.651003302007,0.));
#541 = VECTOR('',#542,1.);
#542 = DIRECTION('',(0.,0.,1.));
#543 = ORIENTED_EDGE('',*,*,#544,.F.);
#544 = EDGE_CURVE('',#518,#537,#545,.T.);
#545 = CIRCLE('',#546,0.524993649987);
#546 = AXIS2_PLACEMENT_3D('',#547,#548,#549);
#547 = CARTESIAN_POINT('',(16.256032512065,-1.651003302007,0.));
#548 = DIRECTION('',(0.,0.,1.));
#549 = DIRECTION('',(1.,1.110223024625E-16,-0.));
#550 = CYLINDRICAL_SURFACE('',#551,0.524993649987);
#551 = AXIS2_PLACEMENT_3D('',#552,#553,#554);
#552 = CARTESIAN_POINT('',(16.256032512065,-1.651003302007,0.));
#553 = DIRECTION('',(-0.,-0.,-1.));
#554 = DIRECTION('',(1.,1.110223024625E-16,-0.));
#555 = ADVANCED_FACE('',(#556),#574,.F.);
#556 = FACE_BOUND('',#557,.T.);
#557 = EDGE_LOOP('',(#558,#559,#566,#567));
#558 = ORIENTED_EDGE('',*,*,#536,.T.);
#559 = ORIENTED_EDGE('',*,*,#560,.T.);
#560 = EDGE_CURVE('',#528,#520,#561,.T.);
#561 = CIRCLE('',#562,0.524993649987);
#562 = AXIS2_PLACEMENT_3D('',#563,#564,#565);
#563 = CARTESIAN_POINT('',(16.256032512065,-1.651003302007,    1.600028244856));
#564 = DIRECTION('',(0.,0.,1.));
#565 = DIRECTION('',(-1.,-1.110223024625E-16,0.));
#566 = ORIENTED_EDGE('',*,*,#517,.F.);
#567 = ORIENTED_EDGE('',*,*,#568,.F.);
#568 = EDGE_CURVE('',#537,#518,#569,.T.);
#569 = CIRCLE('',#570,0.524993649987);
#570 = AXIS2_PLACEMENT_3D('',#571,#572,#573);
#571 = CARTESIAN_POINT('',(16.256032512065,-1.651003302007,0.));
#572 = DIRECTION('',(0.,0.,1.));
#573 = DIRECTION('',(-1.,-1.110223024625E-16,0.));
#574 = CYLINDRICAL_SURFACE('',#575,0.524993649987);
#575 = AXIS2_PLACEMENT_3D('',#576,#577,#578);
#576 = CARTESIAN_POINT('',(16.256032512065,-1.651003302007,0.));
#577 = DIRECTION('',(-0.,-0.,-1.));
#578 = DIRECTION('',(-1.,-1.110223024625E-16,0.));
#579 = ADVANCED_FACE('',(#580),#616,.F.);
#580 = FACE_BOUND('',#581,.T.);
#581 = EDGE_LOOP('',(#582,#592,#601,#609));
#582 = ORIENTED_EDGE('',*,*,#583,.T.);
#583 = EDGE_CURVE('',#584,#586,#588,.T.);
#584 = VERTEX_POINT('',#585);
#585 = CARTESIAN_POINT('',(23.946022352045,-2.151000762002,0.));
#586 = VERTEX_POINT('',#587);
#587 = CARTESIAN_POINT('',(23.946022352045,-2.151000762002,    1.600028244856));
#588 = LINE('',#589,#590);
#589 = CARTESIAN_POINT('',(23.946022352045,-2.151000762002,0.));
#590 = VECTOR('',#591,1.);
#591 = DIRECTION('',(0.,0.,1.));
#592 = ORIENTED_EDGE('',*,*,#593,.T.);
#593 = EDGE_CURVE('',#586,#594,#596,.T.);
#594 = VERTEX_POINT('',#595);
#595 = CARTESIAN_POINT('',(21.445996951994,-2.151000762002,    1.600028244856));
#596 = CIRCLE('',#597,1.250012700025);
#597 = AXIS2_PLACEMENT_3D('',#598,#599,#600);
#598 = CARTESIAN_POINT('',(22.696009652019,-2.151000762002,    1.600028244856));
#599 = DIRECTION('',(0.,0.,1.));
#600 = DIRECTION('',(1.,1.110223024625E-16,-0.));
#601 = ORIENTED_EDGE('',*,*,#602,.F.);
#602 = EDGE_CURVE('',#603,#594,#605,.T.);
#603 = VERTEX_POINT('',#604);
#604 = CARTESIAN_POINT('',(21.445996951994,-2.151000762002,0.));
#605 = LINE('',#606,#607);
#606 = CARTESIAN_POINT('',(21.445996951994,-2.151000762002,0.));
#607 = VECTOR('',#608,1.);
#608 = DIRECTION('',(0.,0.,1.));
#609 = ORIENTED_EDGE('',*,*,#610,.F.);
#610 = EDGE_CURVE('',#584,#603,#611,.T.);
#611 = CIRCLE('',#612,1.250012700025);
#612 = AXIS2_PLACEMENT_3D('',#613,#614,#615);
#613 = CARTESIAN_POINT('',(22.696009652019,-2.151000762002,0.));
#614 = DIRECTION('',(0.,0.,1.));
#615 = DIRECTION('',(1.,1.110223024625E-16,-0.));
#616 = CYLINDRICAL_SURFACE('',#617,1.250012700025);
#617 = AXIS2_PLACEMENT_3D('',#618,#619,#620);
#618 = CARTESIAN_POINT('',(22.696009652019,-2.151000762002,0.));
#619 = DIRECTION('',(-0.,-0.,-1.));
#620 = DIRECTION('',(1.,1.110223024625E-16,-0.));
#621 = ADVANCED_FACE('',(#622),#640,.F.);
#622 = FACE_BOUND('',#623,.T.);
#623 = EDGE_LOOP('',(#624,#625,#632,#633));
#624 = ORIENTED_EDGE('',*,*,#602,.T.);
#625 = ORIENTED_EDGE('',*,*,#626,.T.);
#626 = EDGE_CURVE('',#594,#586,#627,.T.);
#627 = CIRCLE('',#628,1.250012700025);
#628 = AXIS2_PLACEMENT_3D('',#629,#630,#631);
#629 = CARTESIAN_POINT('',(22.696009652019,-2.151000762002,    1.600028244856));
#630 = DIRECTION('',(0.,0.,1.));
#631 = DIRECTION('',(-1.,-1.110223024625E-16,0.));
#632 = ORIENTED_EDGE('',*,*,#583,.F.);
#633 = ORIENTED_EDGE('',*,*,#634,.F.);
#634 = EDGE_CURVE('',#603,#584,#635,.T.);
#635 = CIRCLE('',#636,1.250012700025);
#636 = AXIS2_PLACEMENT_3D('',#637,#638,#639);
#637 = CARTESIAN_POINT('',(22.696009652019,-2.151000762002,0.));
#638 = DIRECTION('',(0.,0.,1.));
#639 = DIRECTION('',(-1.,-1.110223024625E-16,0.));
#640 = CYLINDRICAL_SURFACE('',#641,1.250012700025);
#641 = AXIS2_PLACEMENT_3D('',#642,#643,#644);
#642 = CARTESIAN_POINT('',(22.696009652019,-2.151000762002,0.));
#643 = DIRECTION('',(-0.,-0.,-1.));
#644 = DIRECTION('',(-1.,-1.110223024625E-16,0.));
#645 = ADVANCED_FACE('',(#646),#682,.F.);
#646 = FACE_BOUND('',#647,.T.);
#647 = EDGE_LOOP('',(#648,#658,#667,#675));
#648 = ORIENTED_EDGE('',*,*,#649,.T.);
#649 = EDGE_CURVE('',#650,#652,#654,.T.);
#650 = VERTEX_POINT('',#651);
#651 = CARTESIAN_POINT('',(23.946022352045,-25.15104648209,0.));
#652 = VERTEX_POINT('',#653);
#653 = CARTESIAN_POINT('',(23.946022352045,-25.15104648209,    1.600028244856));
#654 = LINE('',#655,#656);
#655 = CARTESIAN_POINT('',(23.946022352045,-25.15104648209,0.));
#656 = VECTOR('',#657,1.);
#657 = DIRECTION('',(0.,0.,1.));
#658 = ORIENTED_EDGE('',*,*,#659,.T.);
#659 = EDGE_CURVE('',#652,#660,#662,.T.);
#660 = VERTEX_POINT('',#661);
#661 = CARTESIAN_POINT('',(21.445996951994,-25.15104648209,    1.600028244856));
#662 = CIRCLE('',#663,1.250012700025);
#663 = AXIS2_PLACEMENT_3D('',#664,#665,#666);
#664 = CARTESIAN_POINT('',(22.696009652019,-25.15104648209,    1.600028244856));
#665 = DIRECTION('',(0.,0.,1.));
#666 = DIRECTION('',(1.,1.110223024625E-16,-0.));
#667 = ORIENTED_EDGE('',*,*,#668,.F.);
#668 = EDGE_CURVE('',#669,#660,#671,.T.);
#669 = VERTEX_POINT('',#670);
#670 = CARTESIAN_POINT('',(21.445996951994,-25.15104648209,0.));
#671 = LINE('',#672,#673);
#672 = CARTESIAN_POINT('',(21.445996951994,-25.15104648209,0.));
#673 = VECTOR('',#674,1.);
#674 = DIRECTION('',(0.,0.,1.));
#675 = ORIENTED_EDGE('',*,*,#676,.F.);
#676 = EDGE_CURVE('',#650,#669,#677,.T.);
#677 = CIRCLE('',#678,1.250012700025);
#678 = AXIS2_PLACEMENT_3D('',#679,#680,#681);
#679 = CARTESIAN_POINT('',(22.696009652019,-25.15104648209,0.));
#680 = DIRECTION('',(0.,0.,1.));
#681 = DIRECTION('',(1.,1.110223024625E-16,-0.));
#682 = CYLINDRICAL_SURFACE('',#683,1.250012700025);
#683 = AXIS2_PLACEMENT_3D('',#684,#685,#686);
#684 = CARTESIAN_POINT('',(22.696009652019,-25.15104648209,0.));
#685 = DIRECTION('',(-0.,-0.,-1.));
#686 = DIRECTION('',(1.,1.110223024625E-16,-0.));
#687 = ADVANCED_FACE('',(#688),#706,.F.);
#688 = FACE_BOUND('',#689,.T.);
#689 = EDGE_LOOP('',(#690,#691,#698,#699));
#690 = ORIENTED_EDGE('',*,*,#668,.T.);
#691 = ORIENTED_EDGE('',*,*,#692,.T.);
#692 = EDGE_CURVE('',#660,#652,#693,.T.);
#693 = CIRCLE('',#694,1.250012700025);
#694 = AXIS2_PLACEMENT_3D('',#695,#696,#697);
#695 = CARTESIAN_POINT('',(22.696009652019,-25.15104648209,    1.600028244856));
#696 = DIRECTION('',(0.,0.,1.));
#697 = DIRECTION('',(-1.,-1.110223024625E-16,0.));
#698 = ORIENTED_EDGE('',*,*,#649,.F.);
#699 = ORIENTED_EDGE('',*,*,#700,.F.);
#700 = EDGE_CURVE('',#669,#650,#701,.T.);
#701 = CIRCLE('',#702,1.250012700025);
#702 = AXIS2_PLACEMENT_3D('',#703,#704,#705);
#703 = CARTESIAN_POINT('',(22.696009652019,-25.15104648209,0.));
#704 = DIRECTION('',(0.,0.,1.));
#705 = DIRECTION('',(-1.,-1.110223024625E-16,0.));
#706 = CYLINDRICAL_SURFACE('',#707,1.250012700025);
#707 = AXIS2_PLACEMENT_3D('',#708,#709,#710);
#708 = CARTESIAN_POINT('',(22.696009652019,-25.15104648209,0.));
#709 = DIRECTION('',(-0.,-0.,-1.));
#710 = DIRECTION('',(-1.,-1.110223024625E-16,0.));
#711 = ADVANCED_FACE('',(#712,#718,#722,#726,#730,#734,#738,#742,#746),  #750,.T.);
#712 = FACE_BOUND('',#713,.T.);
#713 = EDGE_LOOP('',(#714,#715,#716,#717));
#714 = ORIENTED_EDGE('',*,*,#89,.T.);
#715 = ORIENTED_EDGE('',*,*,#120,.T.);
#716 = ORIENTED_EDGE('',*,*,#151,.T.);
#717 = ORIENTED_EDGE('',*,*,#173,.T.);
#718 = FACE_BOUND('',#719,.T.);
#719 = EDGE_LOOP('',(#720,#721));
#720 = ORIENTED_EDGE('',*,*,#214,.T.);
#721 = ORIENTED_EDGE('',*,*,#238,.T.);
#722 = FACE_BOUND('',#723,.T.);
#723 = EDGE_LOOP('',(#724,#725));
#724 = ORIENTED_EDGE('',*,*,#280,.T.);
#725 = ORIENTED_EDGE('',*,*,#304,.T.);
#726 = FACE_BOUND('',#727,.T.);
#727 = EDGE_LOOP('',(#728,#729));
#728 = ORIENTED_EDGE('',*,*,#346,.T.);
#729 = ORIENTED_EDGE('',*,*,#370,.T.);
#730 = FACE_BOUND('',#731,.T.);
#731 = EDGE_LOOP('',(#732,#733));
#732 = ORIENTED_EDGE('',*,*,#412,.T.);
#733 = ORIENTED_EDGE('',*,*,#436,.T.);
#734 = FACE_BOUND('',#735,.T.);
#735 = EDGE_LOOP('',(#736,#737));
#736 = ORIENTED_EDGE('',*,*,#478,.T.);
#737 = ORIENTED_EDGE('',*,*,#502,.T.);
#738 = FACE_BOUND('',#739,.T.);
#739 = EDGE_LOOP('',(#740,#741));
#740 = ORIENTED_EDGE('',*,*,#544,.T.);
#741 = ORIENTED_EDGE('',*,*,#568,.T.);
#742 = FACE_BOUND('',#743,.T.);
#743 = EDGE_LOOP('',(#744,#745));
#744 = ORIENTED_EDGE('',*,*,#610,.T.);
#745 = ORIENTED_EDGE('',*,*,#634,.T.);
#746 = FACE_BOUND('',#747,.T.);
#747 = EDGE_LOOP('',(#748,#749));
#748 = ORIENTED_EDGE('',*,*,#676,.T.);
#749 = ORIENTED_EDGE('',*,*,#700,.T.);
#750 = PLANE('',#751);
#751 = AXIS2_PLACEMENT_3D('',#752,#753,#754);
#752 = CARTESIAN_POINT('',(12.44602489205,-13.01602616205,0.));
#753 = DIRECTION('',(-0.,-0.,-1.));
#754 = DIRECTION('',(-1.,0.,0.));
#755 = ADVANCED_FACE('',(#756,#762,#766,#770,#774,#778,#782,#786,#790),  #794,.F.);
#756 = FACE_BOUND('',#757,.F.);
#757 = EDGE_LOOP('',(#758,#759,#760,#761));
#758 = ORIENTED_EDGE('',*,*,#73,.T.);
#759 = ORIENTED_EDGE('',*,*,#104,.T.);
#760 = ORIENTED_EDGE('',*,*,#135,.T.);
#761 = ORIENTED_EDGE('',*,*,#166,.T.);
#762 = FACE_BOUND('',#763,.F.);
#763 = EDGE_LOOP('',(#764,#765));
#764 = ORIENTED_EDGE('',*,*,#197,.T.);
#765 = ORIENTED_EDGE('',*,*,#230,.T.);
#766 = FACE_BOUND('',#767,.F.);
#767 = EDGE_LOOP('',(#768,#769));
#768 = ORIENTED_EDGE('',*,*,#263,.T.);
#769 = ORIENTED_EDGE('',*,*,#296,.T.);
#770 = FACE_BOUND('',#771,.F.);
#771 = EDGE_LOOP('',(#772,#773));
#772 = ORIENTED_EDGE('',*,*,#329,.T.);
#773 = ORIENTED_EDGE('',*,*,#362,.T.);
#774 = FACE_BOUND('',#775,.F.);
#775 = EDGE_LOOP('',(#776,#777));
#776 = ORIENTED_EDGE('',*,*,#395,.T.);
#777 = ORIENTED_EDGE('',*,*,#428,.T.);
#778 = FACE_BOUND('',#779,.F.);
#779 = EDGE_LOOP('',(#780,#781));
#780 = ORIENTED_EDGE('',*,*,#461,.T.);
#781 = ORIENTED_EDGE('',*,*,#494,.T.);
#782 = FACE_BOUND('',#783,.F.);
#783 = EDGE_LOOP('',(#784,#785));
#784 = ORIENTED_EDGE('',*,*,#527,.T.);
#785 = ORIENTED_EDGE('',*,*,#560,.T.);
#786 = FACE_BOUND('',#787,.F.);
#787 = EDGE_LOOP('',(#788,#789));
#788 = ORIENTED_EDGE('',*,*,#593,.T.);
#789 = ORIENTED_EDGE('',*,*,#626,.T.);
#790 = FACE_BOUND('',#791,.F.);
#791 = EDGE_LOOP('',(#792,#793));
#792 = ORIENTED_EDGE('',*,*,#659,.T.);
#793 = ORIENTED_EDGE('',*,*,#692,.T.);
#794 = PLANE('',#795);
#795 = AXIS2_PLACEMENT_3D('',#796,#797,#798);
#796 = CARTESIAN_POINT('',(12.44602489205,-13.01602616205,1.600028244856    ));
#797 = DIRECTION('',(-0.,-0.,-1.));
#798 = DIRECTION('',(-1.,0.,0.));
#799 = ( GEOMETRIC_REPRESENTATION_CONTEXT(3) GLOBAL_UNCERTAINTY_ASSIGNED_CONTEXT((#803)) GLOBAL_UNIT_ASSIGNED_CONTEXT((#800,#801,#802)) REPRESENTATION_CONTEXT('Context #1',  '3D Context with UNIT and UNCERTAINTY') );
#800 = ( LENGTH_UNIT() NAMED_UNIT(*) SI_UNIT(.MILLI.,.METRE.) );
#801 = ( NAMED_UNIT(*) PLANE_ANGLE_UNIT() SI_UNIT($,.RADIAN.) );
#802 = ( NAMED_UNIT(*) SI_UNIT($,.STERADIAN.) SOLID_ANGLE_UNIT() );
#803 = UNCERTAINTY_MEASURE_WITH_UNIT(LENGTH_MEASURE(1.E-07),#800,  'distance_accuracy_value','confusion accuracy');
#804 = CONTEXT_DEPENDENT_SHAPE_REPRESENTATION(#805,#807);
#805 = ( REPRESENTATION_RELATIONSHIP('','',#56,#10) REPRESENTATION_RELATIONSHIP_WITH_TRANSFORMATION(#806) SHAPE_REPRESENTATION_RELATIONSHIP() );
#806 = ITEM_DEFINED_TRANSFORMATION('','',#11,#15);
#807 = PRODUCT_DEFINITION_SHAPE('Placement','Placement of an item',#808  );
#808 = NEXT_ASSEMBLY_USAGE_OCCURRENCE('1','=>[0:1:1:2]','',#5,#51,$);
#809 = PRODUCT_RELATED_PRODUCT_CATEGORY('part',$,(#53));
#810 = SHAPE_DEFINITION_REPRESENTATION(#811,#817);
#811 = PRODUCT_DEFINITION_SHAPE('','',#812);
#812 = PRODUCT_DEFINITION('design','',#813,#816);
#813 = PRODUCT_DEFINITION_FORMATION('','',#814);
#814 = PRODUCT('TopCopper~iGfF','TopCopper~iGfF','',(#815));
#815 = PRODUCT_CONTEXT('',#2,'mechanical');
#816 = PRODUCT_DEFINITION_CONTEXT('part definition',#2,'design');
#817 = SHAPE_REPRESENTATION('',(#11),#818);
#818 = ( GEOMETRIC_REPRESENTATION_CONTEXT(3) GLOBAL_UNCERTAINTY_ASSIGNED_CONTEXT((#822)) GLOBAL_UNIT_ASSIGNED_CONTEXT((#819,#820,#821)) REPRESENTATION_CONTEXT('Context #1',  '3D Context with UNIT and UNCERTAINTY') );
#819 = ( LENGTH_UNIT() NAMED_UNIT(*) SI_UNIT(.MILLI.,.METRE.) );
#820 = ( NAMED_UNIT(*) PLANE_ANGLE_UNIT() SI_UNIT($,.RADIAN.) );
#821 = ( NAMED_UNIT(*) SI_UNIT($,.STERADIAN.) SOLID_ANGLE_UNIT() );
#822 = UNCERTAINTY_MEASURE_WITH_UNIT(LENGTH_MEASURE(1.E-07),#819,  'distance_accuracy_value','confusion accuracy');
#823 = CONTEXT_DEPENDENT_SHAPE_REPRESENTATION(#824,#826);
#824 = ( REPRESENTATION_RELATIONSHIP('','',#817,#10) REPRESENTATION_RELATIONSHIP_WITH_TRANSFORMATION(#825) SHAPE_REPRESENTATION_RELATIONSHIP() );
#825 = ITEM_DEFINED_TRANSFORMATION('','',#11,#19);
#826 = PRODUCT_DEFINITION_SHAPE('Placement','Placement of an item',#827  );
#827 = NEXT_ASSEMBLY_USAGE_OCCURRENCE('2','=>[0:1:1:3]','',#5,#812,$);
#828 = PRODUCT_RELATED_PRODUCT_CATEGORY('part',$,(#814));
#829 = SHAPE_DEFINITION_REPRESENTATION(#830,#836);
#830 = PRODUCT_DEFINITION_SHAPE('','',#831);
#831 = PRODUCT_DEFINITION('design','',#832,#835);
#832 = PRODUCT_DEFINITION_FORMATION('','',#833);
#833 = PRODUCT('BottomCopper~iGfF','BottomCopper~iGfF','',(#834));
#834 = PRODUCT_CONTEXT('',#2,'mechanical');
#835 = PRODUCT_DEFINITION_CONTEXT('part definition',#2,'design');
#836 = SHAPE_REPRESENTATION('',(#11),#837);
#837 = ( GEOMETRIC_REPRESENTATION_CONTEXT(3) GLOBAL_UNCERTAINTY_ASSIGNED_CONTEXT((#841)) GLOBAL_UNIT_ASSIGNED_CONTEXT((#838,#839,#840)) REPRESENTATION_CONTEXT('Context #1',  '3D Context with UNIT and UNCERTAINTY') );
#838 = ( LENGTH_UNIT() NAMED_UNIT(*) SI_UNIT(.MILLI.,.METRE.) );
#839 = ( NAMED_UNIT(*) PLANE_ANGLE_UNIT() SI_UNIT($,.RADIAN.) );
#840 = ( NAMED_UNIT(*) SI_UNIT($,.STERADIAN.) SOLID_ANGLE_UNIT() );
#841 = UNCERTAINTY_MEASURE_WITH_UNIT(LENGTH_MEASURE(1.E-07),#838,  'distance_accuracy_value','confusion accuracy');
#842 = CONTEXT_DEPENDENT_SHAPE_REPRESENTATION(#843,#845);
#843 = ( REPRESENTATION_RELATIONSHIP('','',#836,#10) REPRESENTATION_RELATIONSHIP_WITH_TRANSFORMATION(#844) SHAPE_REPRESENTATION_RELATIONSHIP() );
#844 = ITEM_DEFINED_TRANSFORMATION('','',#11,#23);
#845 = PRODUCT_DEFINITION_SHAPE('Placement','Placement of an item',#846  );
#846 = NEXT_ASSEMBLY_USAGE_OCCURRENCE('3','=>[0:1:1:4]','',#5,#831,$);
#847 = PRODUCT_RELATED_PRODUCT_CATEGORY('part',$,(#833));
#848 = SHAPE_DEFINITION_REPRESENTATION(#849,#855);
#849 = PRODUCT_DEFINITION_SHAPE('','',#850);
#850 = PRODUCT_DEFINITION('design','',#851,#854);
#851 = PRODUCT_DEFINITION_FORMATION('','',#852);
#852 = PRODUCT('TopSilkscreen~iGfF','TopSilkscreen~iGfF','',(#853));
#853 = PRODUCT_CONTEXT('',#2,'mechanical');
#854 = PRODUCT_DEFINITION_CONTEXT('part definition',#2,'design');
#855 = SHAPE_REPRESENTATION('',(#11),#856);
#856 = ( GEOMETRIC_REPRESENTATION_CONTEXT(3) GLOBAL_UNCERTAINTY_ASSIGNED_CONTEXT((#860)) GLOBAL_UNIT_ASSIGNED_CONTEXT((#857,#858,#859)) REPRESENTATION_CONTEXT('Context #1',  '3D Context with UNIT and UNCERTAINTY') );
#857 = ( LENGTH_UNIT() NAMED_UNIT(*) SI_UNIT(.MILLI.,.METRE.) );
#858 = ( NAMED_UNIT(*) PLANE_ANGLE_UNIT() SI_UNIT($,.RADIAN.) );
#859 = ( NAMED_UNIT(*) SI_UNIT($,.STERADIAN.) SOLID_ANGLE_UNIT() );
#860 = UNCERTAINTY_MEASURE_WITH_UNIT(LENGTH_MEASURE(1.E-07),#857,  'distance_accuracy_value','confusion accuracy');
#861 = CONTEXT_DEPENDENT_SHAPE_REPRESENTATION(#862,#864);
#862 = ( REPRESENTATION_RELATIONSHIP('','',#855,#10) REPRESENTATION_RELATIONSHIP_WITH_TRANSFORMATION(#863) SHAPE_REPRESENTATION_RELATIONSHIP() );
#863 = ITEM_DEFINED_TRANSFORMATION('','',#11,#27);
#864 = PRODUCT_DEFINITION_SHAPE('Placement','Placement of an item',#865  );
#865 = NEXT_ASSEMBLY_USAGE_OCCURRENCE('4','=>[0:1:1:5]','',#5,#850,$);
#866 = PRODUCT_RELATED_PRODUCT_CATEGORY('part',$,(#852));
#867 = SHAPE_DEFINITION_REPRESENTATION(#868,#874);
#868 = PRODUCT_DEFINITION_SHAPE('','',#869);
#869 = PRODUCT_DEFINITION('design','',#870,#873);
#870 = PRODUCT_DEFINITION_FORMATION('','',#871);
#871 = PRODUCT('BottomSilkscreen~iGfF','BottomSilkscreen~iGfF','',(#872)  );
#872 = PRODUCT_CONTEXT('',#2,'mechanical');
#873 = PRODUCT_DEFINITION_CONTEXT('part definition',#2,'design');
#874 = SHAPE_REPRESENTATION('',(#11),#875);
#875 = ( GEOMETRIC_REPRESENTATION_CONTEXT(3) GLOBAL_UNCERTAINTY_ASSIGNED_CONTEXT((#879)) GLOBAL_UNIT_ASSIGNED_CONTEXT((#876,#877,#878)) REPRESENTATION_CONTEXT('Context #1',  '3D Context with UNIT and UNCERTAINTY') );
#876 = ( LENGTH_UNIT() NAMED_UNIT(*) SI_UNIT(.MILLI.,.METRE.) );
#877 = ( NAMED_UNIT(*) PLANE_ANGLE_UNIT() SI_UNIT($,.RADIAN.) );
#878 = ( NAMED_UNIT(*) SI_UNIT($,.STERADIAN.) SOLID_ANGLE_UNIT() );
#879 = UNCERTAINTY_MEASURE_WITH_UNIT(LENGTH_MEASURE(1.E-07),#876,  'distance_accuracy_value','confusion accuracy');
#880 = CONTEXT_DEPENDENT_SHAPE_REPRESENTATION(#881,#883);
#881 = ( REPRESENTATION_RELATIONSHIP('','',#874,#10) REPRESENTATION_RELATIONSHIP_WITH_TRANSFORMATION(#882) SHAPE_REPRESENTATION_RELATIONSHIP() );
#882 = ITEM_DEFINED_TRANSFORMATION('','',#11,#31);
#883 = PRODUCT_DEFINITION_SHAPE('Placement','Placement of an item',#884  );
#884 = NEXT_ASSEMBLY_USAGE_OCCURRENCE('5','=>[0:1:1:6]','',#5,#869,$);
#885 = PRODUCT_RELATED_PRODUCT_CATEGORY('part',$,(#871));
#886 = SHAPE_DEFINITION_REPRESENTATION(#887,#893);
#887 = PRODUCT_DEFINITION_SHAPE('','',#888);
#888 = PRODUCT_DEFINITION('design','',#889,#892);
#889 = PRODUCT_DEFINITION_FORMATION('','',#890);
#890 = PRODUCT('TopFpcStiffener~iGfF','TopFpcStiffener~iGfF','',(#891));
#891 = PRODUCT_CONTEXT('',#2,'mechanical');
#892 = PRODUCT_DEFINITION_CONTEXT('part definition',#2,'design');
#893 = SHAPE_REPRESENTATION('',(#11),#894);
#894 = ( GEOMETRIC_REPRESENTATION_CONTEXT(3) GLOBAL_UNCERTAINTY_ASSIGNED_CONTEXT((#898)) GLOBAL_UNIT_ASSIGNED_CONTEXT((#895,#896,#897)) REPRESENTATION_CONTEXT('Context #1',  '3D Context with UNIT and UNCERTAINTY') );
#895 = ( LENGTH_UNIT() NAMED_UNIT(*) SI_UNIT(.MILLI.,.METRE.) );
#896 = ( NAMED_UNIT(*) PLANE_ANGLE_UNIT() SI_UNIT($,.RADIAN.) );
#897 = ( NAMED_UNIT(*) SI_UNIT($,.STERADIAN.) SOLID_ANGLE_UNIT() );
#898 = UNCERTAINTY_MEASURE_WITH_UNIT(LENGTH_MEASURE(1.E-07),#895,  'distance_accuracy_value','confusion accuracy');
#899 = CONTEXT_DEPENDENT_SHAPE_REPRESENTATION(#900,#902);
#900 = ( REPRESENTATION_RELATIONSHIP('','',#893,#10) REPRESENTATION_RELATIONSHIP_WITH_TRANSFORMATION(#901) SHAPE_REPRESENTATION_RELATIONSHIP() );
#901 = ITEM_DEFINED_TRANSFORMATION('','',#11,#35);
#902 = PRODUCT_DEFINITION_SHAPE('Placement','Placement of an item',#903  );
#903 = NEXT_ASSEMBLY_USAGE_OCCURRENCE('6','=>[0:1:1:7]','',#5,#888,$);
#904 = PRODUCT_RELATED_PRODUCT_CATEGORY('part',$,(#890));
#905 = SHAPE_DEFINITION_REPRESENTATION(#906,#912);
#906 = PRODUCT_DEFINITION_SHAPE('','',#907);
#907 = PRODUCT_DEFINITION('design','',#908,#911);
#908 = PRODUCT_DEFINITION_FORMATION('','',#909);
#909 = PRODUCT('BottomFpcStiffener~iGfF','BottomFpcStiffener~iGfF','',(    #910));
#910 = PRODUCT_CONTEXT('',#2,'mechanical');
#911 = PRODUCT_DEFINITION_CONTEXT('part definition',#2,'design');
#912 = SHAPE_REPRESENTATION('',(#11),#913);
#913 = ( GEOMETRIC_REPRESENTATION_CONTEXT(3) GLOBAL_UNCERTAINTY_ASSIGNED_CONTEXT((#917)) GLOBAL_UNIT_ASSIGNED_CONTEXT((#914,#915,#916)) REPRESENTATION_CONTEXT('Context #1',  '3D Context with UNIT and UNCERTAINTY') );
#914 = ( LENGTH_UNIT() NAMED_UNIT(*) SI_UNIT(.MILLI.,.METRE.) );
#915 = ( NAMED_UNIT(*) PLANE_ANGLE_UNIT() SI_UNIT($,.RADIAN.) );
#916 = ( NAMED_UNIT(*) SI_UNIT($,.STERADIAN.) SOLID_ANGLE_UNIT() );
#917 = UNCERTAINTY_MEASURE_WITH_UNIT(LENGTH_MEASURE(1.E-07),#914,  'distance_accuracy_value','confusion accuracy');
#918 = CONTEXT_DEPENDENT_SHAPE_REPRESENTATION(#919,#921);
#919 = ( REPRESENTATION_RELATIONSHIP('','',#912,#10) REPRESENTATION_RELATIONSHIP_WITH_TRANSFORMATION(#920) SHAPE_REPRESENTATION_RELATIONSHIP() );
#920 = ITEM_DEFINED_TRANSFORMATION('','',#11,#39);
#921 = PRODUCT_DEFINITION_SHAPE('Placement','Placement of an item',#922  );
#922 = NEXT_ASSEMBLY_USAGE_OCCURRENCE('7','=>[0:1:1:8]','',#5,#907,$);
#923 = PRODUCT_RELATED_PRODUCT_CATEGORY('part',$,(#909));
#924 = MECHANICAL_DESIGN_GEOMETRIC_PRESENTATION_REPRESENTATION('',(#925,    #935,#943,#950,#957,#964,#971,#978,#985,#992,#999,#1006,#1013,#1020,    #1027,#1034,#1041,#1048,#1055,#1062,#1069),#799);
#925 = STYLED_ITEM('color',(#926),#57);
#926 = PRESENTATION_STYLE_ASSIGNMENT((#927,#933));
#927 = SURFACE_STYLE_USAGE(.BOTH.,#928);
#928 = SURFACE_SIDE_STYLE('',(#929));
#929 = SURFACE_STYLE_FILL_AREA(#930);
#930 = FILL_AREA_STYLE('',(#931));
#931 = FILL_AREA_STYLE_COLOUR('',#932);
#932 = COLOUR_RGB('',0.,0.417002959305,0.637991923926);
#933 = CURVE_STYLE('',#934,POSITIVE_LENGTH_MEASURE(0.1),#932);
#934 = DRAUGHTING_PRE_DEFINED_CURVE_FONT('continuous');
#935 = OVER_RIDING_STYLED_ITEM('overriding color',(#936),#59,#925);
#936 = PRESENTATION_STYLE_ASSIGNMENT((#937));
#937 = SURFACE_STYLE_USAGE(.BOTH.,#938);
#938 = SURFACE_SIDE_STYLE('',(#939));
#939 = SURFACE_STYLE_FILL_AREA(#940);
#940 = FILL_AREA_STYLE('',(#941));
#941 = FILL_AREA_STYLE_COLOUR('',#942);
#942 = COLOUR_RGB('',0.937179583391,0.9357410338,0.649182888601);
#943 = OVER_RIDING_STYLED_ITEM('overriding color',(#944),#99,#925);
#944 = PRESENTATION_STYLE_ASSIGNMENT((#945));
#945 = SURFACE_STYLE_USAGE(.BOTH.,#946);
#946 = SURFACE_SIDE_STYLE('',(#947));
#947 = SURFACE_STYLE_FILL_AREA(#948);
#948 = FILL_AREA_STYLE('',(#949));
#949 = FILL_AREA_STYLE_COLOUR('',#942);
#950 = OVER_RIDING_STYLED_ITEM('overriding color',(#951),#130,#925);
#951 = PRESENTATION_STYLE_ASSIGNMENT((#952));
#952 = SURFACE_STYLE_USAGE(.BOTH.,#953);
#953 = SURFACE_SIDE_STYLE('',(#954));
#954 = SURFACE_STYLE_FILL_AREA(#955);
#955 = FILL_AREA_STYLE('',(#956));
#956 = FILL_AREA_STYLE_COLOUR('',#942);
#957 = OVER_RIDING_STYLED_ITEM('overriding color',(#958),#161,#925);
#958 = PRESENTATION_STYLE_ASSIGNMENT((#959));
#959 = SURFACE_STYLE_USAGE(.BOTH.,#960);
#960 = SURFACE_SIDE_STYLE('',(#961));
#961 = SURFACE_STYLE_FILL_AREA(#962);
#962 = FILL_AREA_STYLE('',(#963));
#963 = FILL_AREA_STYLE_COLOUR('',#942);
#964 = OVER_RIDING_STYLED_ITEM('overriding color',(#965),#183,#925);
#965 = PRESENTATION_STYLE_ASSIGNMENT((#966));
#966 = SURFACE_STYLE_USAGE(.BOTH.,#967);
#967 = SURFACE_SIDE_STYLE('',(#968));
#968 = SURFACE_STYLE_FILL_AREA(#969);
#969 = FILL_AREA_STYLE('',(#970));
#970 = FILL_AREA_STYLE_COLOUR('',#942);
#971 = OVER_RIDING_STYLED_ITEM('overriding color',(#972),#225,#925);
#972 = PRESENTATION_STYLE_ASSIGNMENT((#973));
#973 = SURFACE_STYLE_USAGE(.BOTH.,#974);
#974 = SURFACE_SIDE_STYLE('',(#975));
#975 = SURFACE_STYLE_FILL_AREA(#976);
#976 = FILL_AREA_STYLE('',(#977));
#977 = FILL_AREA_STYLE_COLOUR('',#942);
#978 = OVER_RIDING_STYLED_ITEM('overriding color',(#979),#249,#925);
#979 = PRESENTATION_STYLE_ASSIGNMENT((#980));
#980 = SURFACE_STYLE_USAGE(.BOTH.,#981);
#981 = SURFACE_SIDE_STYLE('',(#982));
#982 = SURFACE_STYLE_FILL_AREA(#983);
#983 = FILL_AREA_STYLE('',(#984));
#984 = FILL_AREA_STYLE_COLOUR('',#942);
#985 = OVER_RIDING_STYLED_ITEM('overriding color',(#986),#291,#925);
#986 = PRESENTATION_STYLE_ASSIGNMENT((#987));
#987 = SURFACE_STYLE_USAGE(.BOTH.,#988);
#988 = SURFACE_SIDE_STYLE('',(#989));
#989 = SURFACE_STYLE_FILL_AREA(#990);
#990 = FILL_AREA_STYLE('',(#991));
#991 = FILL_AREA_STYLE_COLOUR('',#942);
#992 = OVER_RIDING_STYLED_ITEM('overriding color',(#993),#315,#925);
#993 = PRESENTATION_STYLE_ASSIGNMENT((#994));
#994 = SURFACE_STYLE_USAGE(.BOTH.,#995);
#995 = SURFACE_SIDE_STYLE('',(#996));
#996 = SURFACE_STYLE_FILL_AREA(#997);
#997 = FILL_AREA_STYLE('',(#998));
#998 = FILL_AREA_STYLE_COLOUR('',#942);
#999 = OVER_RIDING_STYLED_ITEM('overriding color',(#1000),#357,#925);
#1000 = PRESENTATION_STYLE_ASSIGNMENT((#1001));
#1001 = SURFACE_STYLE_USAGE(.BOTH.,#1002);
#1002 = SURFACE_SIDE_STYLE('',(#1003));
#1003 = SURFACE_STYLE_FILL_AREA(#1004);
#1004 = FILL_AREA_STYLE('',(#1005));
#1005 = FILL_AREA_STYLE_COLOUR('',#942);
#1006 = OVER_RIDING_STYLED_ITEM('overriding color',(#1007),#381,#925);
#1007 = PRESENTATION_STYLE_ASSIGNMENT((#1008));
#1008 = SURFACE_STYLE_USAGE(.BOTH.,#1009);
#1009 = SURFACE_SIDE_STYLE('',(#1010));
#1010 = SURFACE_STYLE_FILL_AREA(#1011);
#1011 = FILL_AREA_STYLE('',(#1012));
#1012 = FILL_AREA_STYLE_COLOUR('',#942);
#1013 = OVER_RIDING_STYLED_ITEM('overriding color',(#1014),#423,#925);
#1014 = PRESENTATION_STYLE_ASSIGNMENT((#1015));
#1015 = SURFACE_STYLE_USAGE(.BOTH.,#1016);
#1016 = SURFACE_SIDE_STYLE('',(#1017));
#1017 = SURFACE_STYLE_FILL_AREA(#1018);
#1018 = FILL_AREA_STYLE('',(#1019));
#1019 = FILL_AREA_STYLE_COLOUR('',#942);
#1020 = OVER_RIDING_STYLED_ITEM('overriding color',(#1021),#447,#925);
#1021 = PRESENTATION_STYLE_ASSIGNMENT((#1022));
#1022 = SURFACE_STYLE_USAGE(.BOTH.,#1023);
#1023 = SURFACE_SIDE_STYLE('',(#1024));
#1024 = SURFACE_STYLE_FILL_AREA(#1025);
#1025 = FILL_AREA_STYLE('',(#1026));
#1026 = FILL_AREA_STYLE_COLOUR('',#942);
#1027 = OVER_RIDING_STYLED_ITEM('overriding color',(#1028),#489,#925);
#1028 = PRESENTATION_STYLE_ASSIGNMENT((#1029));
#1029 = SURFACE_STYLE_USAGE(.BOTH.,#1030);
#1030 = SURFACE_SIDE_STYLE('',(#1031));
#1031 = SURFACE_STYLE_FILL_AREA(#1032);
#1032 = FILL_AREA_STYLE('',(#1033));
#1033 = FILL_AREA_STYLE_COLOUR('',#942);
#1034 = OVER_RIDING_STYLED_ITEM('overriding color',(#1035),#513,#925);
#1035 = PRESENTATION_STYLE_ASSIGNMENT((#1036));
#1036 = SURFACE_STYLE_USAGE(.BOTH.,#1037);
#1037 = SURFACE_SIDE_STYLE('',(#1038));
#1038 = SURFACE_STYLE_FILL_AREA(#1039);
#1039 = FILL_AREA_STYLE('',(#1040));
#1040 = FILL_AREA_STYLE_COLOUR('',#942);
#1041 = OVER_RIDING_STYLED_ITEM('overriding color',(#1042),#555,#925);
#1042 = PRESENTATION_STYLE_ASSIGNMENT((#1043));
#1043 = SURFACE_STYLE_USAGE(.BOTH.,#1044);
#1044 = SURFACE_SIDE_STYLE('',(#1045));
#1045 = SURFACE_STYLE_FILL_AREA(#1046);
#1046 = FILL_AREA_STYLE('',(#1047));
#1047 = FILL_AREA_STYLE_COLOUR('',#942);
#1048 = OVER_RIDING_STYLED_ITEM('overriding color',(#1049),#579,#925);
#1049 = PRESENTATION_STYLE_ASSIGNMENT((#1050));
#1050 = SURFACE_STYLE_USAGE(.BOTH.,#1051);
#1051 = SURFACE_SIDE_STYLE('',(#1052));
#1052 = SURFACE_STYLE_FILL_AREA(#1053);
#1053 = FILL_AREA_STYLE('',(#1054));
#1054 = FILL_AREA_STYLE_COLOUR('',#942);
#1055 = OVER_RIDING_STYLED_ITEM('overriding color',(#1056),#621,#925);
#1056 = PRESENTATION_STYLE_ASSIGNMENT((#1057));
#1057 = SURFACE_STYLE_USAGE(.BOTH.,#1058);
#1058 = SURFACE_SIDE_STYLE('',(#1059));
#1059 = SURFACE_STYLE_FILL_AREA(#1060);
#1060 = FILL_AREA_STYLE('',(#1061));
#1061 = FILL_AREA_STYLE_COLOUR('',#942);
#1062 = OVER_RIDING_STYLED_ITEM('overriding color',(#1063),#645,#925);
#1063 = PRESENTATION_STYLE_ASSIGNMENT((#1064));
#1064 = SURFACE_STYLE_USAGE(.BOTH.,#1065);
#1065 = SURFACE_SIDE_STYLE('',(#1066));
#1066 = SURFACE_STYLE_FILL_AREA(#1067);
#1067 = FILL_AREA_STYLE('',(#1068));
#1068 = FILL_AREA_STYLE_COLOUR('',#942);
#1069 = OVER_RIDING_STYLED_ITEM('overriding color',(#1070),#687,#925);
#1070 = PRESENTATION_STYLE_ASSIGNMENT((#1071));
#1071 = SURFACE_STYLE_USAGE(.BOTH.,#1072);
#1072 = SURFACE_SIDE_STYLE('',(#1073));
#1073 = SURFACE_STYLE_FILL_AREA(#1074);
#1074 = FILL_AREA_STYLE('',(#1075));
#1075 = FILL_AREA_STYLE_COLOUR('',#942);
#1076 = FILL_AREA_STYLE('',(#3419)) ;
#1077 = LINE('NONE',#8483,#2162) ;
#1078 = EDGE_CURVE('NONE',#4690,#3722,#2467,.T.) ;
#1079 = ORIENTED_EDGE('NONE',*,*,#1581,.T.) ;
#1080=CARTESIAN_POINT('NONE',(-8.565908820504,10.930889827337,3.75852549));
#1081 =(NAMED_UNIT(*) PLANE_ANGLE_UNIT() SI_UNIT($,.RADIAN.));
#1082=CARTESIAN_POINT('NONE',(-7.230074236952,10.557174223269,3.75852549));
#1083=CARTESIAN_POINT('NONE',(-5.935339158244,10.496655571122,3.757609));
#1084=VECTOR('NONE',#3524,916.49);
#1085=CARTESIAN_POINT('NONE',(-5.584280581509,11.318079276733,3.757609));
#1086=CARTESIAN_POINT('NONE',(-5.164706500787,11.090138963065,3.75852549));
#1087 = ORIENTED_EDGE('NONE',*,*,#6964,.T.) ;
#1088 =(NAMED_UNIT(*) PLANE_ANGLE_UNIT() SI_UNIT($,.RADIAN.));
#1089 = SURFACE_STYLE_USAGE(.BOTH.,#9065) ;
#1090 = EDGE_CURVE('NONE',#5231,#11680,#5741,.T.) ;
#1091 = EDGE_CURVE('NONE',#3369,#10800,#7142,.T.) ;
#1092=CARTESIAN_POINT('NONE',(-6.357772022161,11.167516694961,3.757609));
#1093 = MECHANICAL_DESIGN_GEOMETRIC_PRESENTATION_REPRESENTATION('',(#10172),#3343) ;
#1094=CARTESIAN_POINT('NONE',(-2.666985899999,10.906231,3.8034335));
#1095 = LINE('NONE',#5895,#9512) ;
#1096=UNCERTAINTY_MEASURE_WITH_UNIT(LENGTH_MEASURE(9.164900000000001E-6),#10197,'distance_accuracy_value','NONE');
#1097 =(NAMED_UNIT(*) PLANE_ANGLE_UNIT() SI_UNIT($,.RADIAN.));
#1098 = SURFACE_STYLE_FILL_AREA(#9369) ;
#1099 =(NAMED_UNIT(*) SI_UNIT($,.STERADIAN.) SOLID_ANGLE_UNIT());
#1100=CARTESIAN_POINT('NONE',(-7.990757772912,10.220565177537,3.75852549));
#1101=CARTESIAN_POINT('NONE',(-7.121405088169,10.403447240782,3.75852549));
#1102=CARTESIAN_POINT('NONE',(-6.298404624412,10.599000009617,3.75852549));
#1103=CARTESIAN_POINT('NONE',(-5.16184771759,10.726692325804,3.757609));
#1104 =(NAMED_UNIT(*) SI_UNIT($,.STERADIAN.) SOLID_ANGLE_UNIT());
#1105 = MECHANICAL_DESIGN_GEOMETRIC_PRESENTATION_REPRESENTATION('',(#8667),#12673) ;
#1106 = ORIENTED_EDGE('NONE',*,*,#12221,.F.) ;
#1107 = COLOUR_RGB('',1.,1.,1.) ;
#1108=CARTESIAN_POINT('NONE',(-6.207400025936,10.428807116553,3.75852549));
#1109 = EDGE_LOOP('NONE',(#3028,#4417,#10990,#14972)) ;
#1110 = ORIENTED_EDGE('NONE',*,*,#6839,.F.) ;
#1111 = EDGE_CURVE('NONE',#13651,#10814,#6967,.T.) ;
#1112 = ADVANCED_FACE('NONE',(#12976),#11070,.F.) ;
#1113 = ORIENTED_EDGE('NONE',*,*,#15449,.F.) ;
#1114 = FILL_AREA_STYLE('',(#6296)) ;
#1115=DIRECTION('NONE',(0.,8.326672684688000E-17,1.));
#1116=VECTOR('NONE',#12967,916.49);
#1117 =(NAMED_UNIT(*) SI_UNIT($,.STERADIAN.) SOLID_ANGLE_UNIT());
#1118=DIRECTION('NONE',(0.,1.,0.));
#1119=CARTESIAN_POINT('NONE',(-6.309935049978,11.032772713554,3.75852549));
#1120 = EDGE_CURVE('NONE',#7369,#7032,#16198,.T.) ;
#1121 = VERTEX_POINT('NONE',#2122) ;
#1122=DIRECTION('NONE',(0.,0.,-1.));
#1123 =(LENGTH_UNIT() NAMED_UNIT(*) SI_UNIT(.MILLI.,.METRE.));
#1124 = B_SPLINE_CURVE_WITH_KNOTS('NONE',3,(#1476,#13371,#9977,#15803),.UNSPECIFIED.,.F.,.F.,(4,4),(26.000000000000,27.000000000000),.UNSPECIFIED.) ;
#1125=CARTESIAN_POINT('NONE',(-7.937748461634,10.586329304028,3.757609));
#1126 = SURFACE_STYLE_FILL_AREA(#4410) ;
#1127=DIRECTION('NONE',(0.,0.,-1.));
#1128 = FACE_OUTER_BOUND('NONE',#3475,.T.) ;
#1129 = EDGE_LOOP('NONE',(#8403,#8704,#1594,#7786)) ;
#1130 = ORIENTED_EDGE('NONE',*,*,#8097,.F.) ;
#1131 = VERTEX_POINT('NONE',#12047) ;
#1132 = FACE_OUTER_BOUND('NONE',#6273,.T.) ;
#1133 = ORIENTED_EDGE('NONE',*,*,#12045,.T.) ;
#1134=VECTOR('NONE',#14138,916.49);
#1135 = FILL_AREA_STYLE('',(#2324)) ;
#1136=DIRECTION('NONE',(0.,0.,-1.));
#1137 = SURFACE_SIDE_STYLE('',(#3404)) ;
#1138 = SURFACE_SIDE_STYLE('',(#13116)) ;
#1139 = FACE_OUTER_BOUND('NONE',#1354,.T.) ;
#1140 = SURFACE_SIDE_STYLE('',(#15412)) ;
#1141=DIRECTION('NONE',(0.,0.,1.));
#1142 = B_SPLINE_SURFACE_WITH_KNOTS('NONE',3,1,((#12276,#1500),(#5101,#2025),(#7926,#8940),(#12575,#3043)),.UNSPECIFIED.,.F.,.F.,.F.,(4,4),(2,2),(7.000000000000,8.000000000000),(0.,1.),.UNSPECIFIED.) ;
#1143 = PRESENTATION_LAYER_ASSIGNMENT('','',(#13222)) ;
#1144 = ORIENTED_EDGE('NONE',*,*,#3678,.T.) ;
#1145=DIRECTION('NONE',(0.,0.,-1.));
#1146=UNCERTAINTY_MEASURE_WITH_UNIT(LENGTH_MEASURE(9.164900000000001E-6),#11950,'distance_accuracy_value','NONE');
#1147 =(LENGTH_UNIT() NAMED_UNIT(*) SI_UNIT(.MILLI.,.METRE.));
#1148 = STYLED_ITEM('NONE',(#7071),#3967) ;
#1149=CARTESIAN_POINT('NONE',(-8.041116608516,11.286052202793,3.757609));
#1150 = SURFACE_STYLE_USAGE(.BOTH.,#15422) ;
#1151=CARTESIAN_POINT('NONE',(-12.372615,9.073251,3.757609));
#1152 = ORIENTED_EDGE('NONE',*,*,#9057,.T.) ;
#1153=VECTOR('NONE',#3830,916.49);
#1154 = SURFACE_SIDE_STYLE('',(#15500)) ;
#1155 = FACE_OUTER_BOUND('NONE',#2917,.T.) ;
#1156 = MECHANICAL_DESIGN_GEOMETRIC_PRESENTATION_REPRESENTATION('',(#14757),#8199) ;
#1157=DIRECTION('NONE',(1.,1.284980352575000E-16,0.));
#1158=CARTESIAN_POINT('NONE',(-6.569607857146,11.360961024704,3.75852549));
#1159 =(NAMED_UNIT(*) PLANE_ANGLE_UNIT() SI_UNIT($,.RADIAN.));
#1160 = LINE('NONE',#14101,#9940) ;
#1161 = PRESENTATION_STYLE_ASSIGNMENT((#8576)) ;
#1162 = ORIENTED_EDGE('NONE',*,*,#10526,.F.) ;
#1163=VECTOR('NONE',#12249,916.49);
#1164 = EDGE_LOOP('NONE',(#3275,#3421)) ;
#1165 = STYLED_ITEM('NONE',(#2244),#5637) ;
#1166 = EDGE_CURVE('NONE',#4006,#15607,#11170,.T.) ;
#1167 = B_SPLINE_CURVE_WITH_KNOTS('NONE',3,(#3692,#10722,#3852,#8436),.UNSPECIFIED.,.F.,.F.,(4,4),(4.000000000000,5.000000000000),.UNSPECIFIED.) ;
#1168=AXIS2_PLACEMENT_3D('NONE',#7283,#8471,#1471);
#1169 = EDGE_CURVE('NONE',#7514,#6702,#6050,.T.) ;
#1170=AXIS2_PLACEMENT_3D('NONE',#12453,#8748,#9955);
#1171=UNCERTAINTY_MEASURE_WITH_UNIT(LENGTH_MEASURE(9.164900000000001E-6),#7729,'distance_accuracy_value','NONE');
#1172 = SURFACE_SIDE_STYLE('',(#13315)) ;
#1173 = ORIENTED_EDGE('NONE',*,*,#4923,.T.) ;
#1174=CARTESIAN_POINT('NONE',(12.464263999999,12.739211,3.757609));
#1175=CARTESIAN_POINT('NONE',(3.4918269,10.906231,2.2454005));
#1176 =(NAMED_UNIT(*) PLANE_ANGLE_UNIT() SI_UNIT($,.RADIAN.));
#1177 = COLOUR_RGB('',1.,1.,1.) ;
#1178=VECTOR('NONE',#3766,916.49);
#1179 = SURFACE_SIDE_STYLE('',(#3136)) ;
#1180=AXIS2_PLACEMENT_3D('NONE',#4837,#9650,#14452);
#1181=CARTESIAN_POINT('NONE',(-4.962781114222,10.530198627314,3.75852549));
#1182=CARTESIAN_POINT('NONE',(-1.163942299999,10.906231,3.8034335));
#1183=CARTESIAN_POINT('NONE',(-7.4129563002,10.398146289432,3.75852549));
#1184=UNCERTAINTY_MEASURE_WITH_UNIT(LENGTH_MEASURE(9.164900000000001E-6),#9433,'distance_accuracy_value','NONE');
#1185=CARTESIAN_POINT('NONE',(-3.491826899999,10.906231,2.2454005));
#1186 = STYLED_ITEM('NONE',(#10738),#12842) ;
#1187=AXIS2_PLACEMENT_3D('NONE',#3447,#8275,#9531);
#1188 = EDGE_LOOP('NONE',(#4908,#13226,#3598,#2453)) ;
#1189=CARTESIAN_POINT('NONE',(-5.26695564651,11.360961024704,3.757609));
#1190 = ORIENTED_EDGE('NONE',*,*,#15424,.T.) ;
#1191 = EDGE_CURVE('NONE',#16315,#14589,#14107,.T.) ;
#1192 = ORIENTED_EDGE('NONE',*,*,#5600,.T.) ;
#1193 = ADVANCED_FACE('NONE',(#3355),#8182,.F.) ;
#1194 = VERTEX_POINT('NONE',#2278) ;
#1195=VECTOR('NONE',#13091,916.49);
#1196=VECTOR('NONE',#6900,916.49);
#1197=AXIS2_PLACEMENT_3D('NONE',#15842,#4879,#4962);
#1198=CARTESIAN_POINT('NONE',(-4.77486376533,10.721927687138,3.75852549));
#1199=UNCERTAINTY_MEASURE_WITH_UNIT(LENGTH_MEASURE(9.164900000000001E-6),#8626,'distance_accuracy_value','NONE');
#1200 = SURFACE_STYLE_USAGE(.BOTH.,#11991) ;
#1201 = EDGE_CURVE('NONE',#1344,#8375,#16175,.T.) ;
#1202 = ORIENTED_EDGE('NONE',*,*,#14275,.T.) ;
#1203 = EDGE_CURVE('NONE',#14906,#9817,#4792,.T.) ;
#1204 = SURFACE_STYLE_FILL_AREA(#5062) ;
#1205=CARTESIAN_POINT('NONE',(-8.441336868224,11.11907286721,3.757609));
#1207 = LINE('NONE',#15628,#7642) ;
#1206 = FILL_AREA_STYLE('',(#14370)) ;
#1208 = COLOUR_RGB('',0.776470588235,0.458823529411,0.) ;
#1209 = MECHANICAL_DESIGN_GEOMETRIC_PRESENTATION_REPRESENTATION('',(#11025),#13541) ;
#1210 = PRESENTATION_LAYER_ASSIGNMENT('','',(#10268)) ;
#1211=DIRECTION('NONE',(1.,0.,0.));
#1212 = PRESENTATION_LAYER_ASSIGNMENT('','',(#8256)) ;
#1213 = COLOUR_RGB('',1.,1.,1.) ;
#1214 =(NAMED_UNIT(*) PLANE_ANGLE_UNIT() SI_UNIT($,.RADIAN.));
#1215 = ORIENTED_EDGE('NONE',*,*,#5614,.F.) ;
#1216 = ORIENTED_EDGE('NONE',*,*,#3401,.F.) ;
#1217 = ORIENTED_EDGE('NONE',*,*,#15933,.T.) ;
#1218 = LINE('NONE',#9816,#11578) ;
#1219 = ORIENTED_EDGE('NONE',*,*,#14008,.F.) ;
#1220=VECTOR('NONE',#12902,916.49);
#1221 =(GEOMETRIC_REPRESENTATION_CONTEXT(3) GLOBAL_UNCERTAINTY_ASSIGNED_CONTEXT((#14619)) GLOBAL_UNIT_ASSIGNED_CONTEXT((#4518,#6950,#5784)) REPRESENTATION_CONTEXT('NONE','WORKASPACE'));
#1222 =(GEOMETRIC_REPRESENTATION_CONTEXT(3) GLOBAL_UNCERTAINTY_ASSIGNED_CONTEXT((#6506)) GLOBAL_UNIT_ASSIGNED_CONTEXT((#11154,#1691,#11221)) REPRESENTATION_CONTEXT('NONE','WORKASPACE'));
#1223=CARTESIAN_POINT('NONE',(5.49894,-8.799941380297,2.2728952));
#1224 = LINE('NONE',#9571,#13045) ;
#1225 = SURFACE_STYLE_USAGE(.BOTH.,#3638) ;
#1226 =(NAMED_UNIT(*) PLANE_ANGLE_UNIT() SI_UNIT($,.RADIAN.));
#1227=CARTESIAN_POINT('NONE',(-6.017005064938,10.647980495079,3.75852549));
#1228=CARTESIAN_POINT('NONE',(-5.480220873091,11.177998900022,3.757609));
#1229=CARTESIAN_POINT('NONE',(-5.883023425717,10.513236513673,3.75852549));
#1230 = LINE('NONE',#13368,#4292) ;
#1231=DIRECTION('NONE',(0.,0.,-1.));
#1232 = FILL_AREA_STYLE_COLOUR('',#4964) ;
#1233 = EDGE_CURVE('NONE',#14073,#15007,#8104,.T.) ;
#1234=VECTOR('NONE',#14986,916.49);
#1235=CARTESIAN_POINT('NONE',(-5.803549252808,11.030676272542,3.75852549));
#1236 = FACE_OUTER_BOUND('NONE',#13172,.T.) ;
#1237 = ORIENTED_EDGE('NONE',*,*,#12513,.F.) ;
#1238=CARTESIAN_POINT('NONE',(-5.733127893359,10.988175695663,3.75852549));
#1239 = EDGE_CURVE('NONE',#5993,#8886,#13065,.T.) ;
#1240 = LINE('NONE',#4929,#8154) ;
#1241=CARTESIAN_POINT('NONE',(-7.890040101705,10.482961106593,3.75852549));
#1242 =(NAMED_UNIT(*) SI_UNIT($,.STERADIAN.) SOLID_ANGLE_UNIT());
#1243=VECTOR('NONE',#6738,916.49);
#1244 = ORIENTED_EDGE('NONE',*,*,#9116,.F.) ;
#1245=CARTESIAN_POINT('NONE',(-8.441336868224,11.11907286721,3.75852549));
#1246=CARTESIAN_POINT('NONE',(-8.239901475256,10.578378028667,3.75852549));
#1247=DIRECTION('NONE',(1.,0.,0.));
#1248=CARTESIAN_POINT('NONE',(-10.631284,10.906231,3.8034335));
#1249 = LINE('NONE',#5812,#11501) ;
#1250=CARTESIAN_POINT('NONE',(-5.915327675856,10.464637199304,3.75852549));
#1251 = FILL_AREA_STYLE('',(#1337)) ;
#1252 = ORIENTED_EDGE('NONE',*,*,#5144,.F.) ;
#1253=CARTESIAN_POINT('NONE',(-6.211116444094,10.631208966985,3.757609));
#1254 = ADVANCED_FACE('NONE',(#11366),#9434,.T.) ;
#1255=CIRCLE('NONE',#13851,1.6955065);
#1256 = ORIENTED_EDGE('NONE',*,*,#6545,.T.) ;
#1257=DIRECTION('NONE',(-1.,0.,0.));
#1258 = COLOUR_RGB('',1.,1.,1.) ;
#1259=DIRECTION('NONE',(0.,0.,-1.));
#1260=UNCERTAINTY_MEASURE_WITH_UNIT(LENGTH_MEASURE(9.164900000000001E-6),#8064,'distance_accuracy_value','NONE');
#1261 = ORIENTED_EDGE('NONE',*,*,#9856,.F.) ;
#1262=CARTESIAN_POINT('NONE',(-12.464263999999,12.739211,3.757609));
#1263=CARTESIAN_POINT('NONE',(10.631284,-10.906231,3.757609));
#1264=CARTESIAN_POINT('NONE',(-4.800116350248,10.769574073776,3.757609));
#1265=VECTOR('NONE',#16139,916.49);
#1266 = LINE('NONE',#6303,#7492) ;
#1267=CARTESIAN_POINT('NONE',(-8.107378298168,10.220565177537,3.757609));
#1268=DIRECTION('NONE',(0.,0.,-1.));
#1269=CARTESIAN_POINT('NONE',(-5.95592239727,11.156081562169,3.75852549));
#1270=CARTESIAN_POINT('NONE',(-5.803549252808,11.030676272542,3.75852549));
#1271 = FILL_AREA_STYLE('',(#1351)) ;
#1272 =(GEOMETRIC_REPRESENTATION_CONTEXT(3) GLOBAL_UNCERTAINTY_ASSIGNED_CONTEXT((#4311)) GLOBAL_UNIT_ASSIGNED_CONTEXT((#8229,#11934,#8743)) REPRESENTATION_CONTEXT('NONE','WORKASPACE'));
#1273=CARTESIAN_POINT('NONE',(-5.521101472827,11.283011536168,3.757609));
#1274 = ORIENTED_EDGE('NONE',*,*,#9158,.T.) ;
#1275=DIRECTION('NONE',(0.,0.,-1.));
#1276 = ORIENTED_EDGE('NONE',*,*,#3376,.F.) ;
#1277 = EDGE_LOOP('NONE',(#9686,#5073,#10916,#14637)) ;
#1278 = STYLED_ITEM('NONE',(#14881),#2057) ;
#1279 = STYLED_ITEM('NONE',(#15473),#16462) ;
#1280 = ORIENTED_EDGE('NONE',*,*,#14072,.T.) ;
#1281=AXIS2_PLACEMENT_3D('NONE',#11183,#2610,#12378);
#1282=VECTOR('NONE',#3345,916.49);
#1283 = SURFACE_STYLE_USAGE(.BOTH.,#5058) ;
#1284=DIRECTION('NONE',(0.,1.,3.469446951953000E-16));
#1285 = B_SPLINE_SURFACE_WITH_KNOTS('NONE',3,1,((#5119,#1738),(#11264,#3994),(#11341,#7800),(#5415,#11119)),.UNSPECIFIED.,.F.,.F.,.F.,(4,4),(2,2),(8.000000000000,9.000000000000),(0.,1.),.UNSPECIFIED.) ;
#1286=CARTESIAN_POINT('NONE',(-5.833471183615,10.275195166038,3.757609));
#1287=CARTESIAN_POINT('NONE',(1.1639423,10.906231,2.2454005));
#1288 = SURFACE_SIDE_STYLE('',(#12077)) ;
#1289 = ORIENTED_EDGE('NONE',*,*,#13042,.F.) ;
#1290 = EDGE_CURVE('NONE',#10187,#16186,#1835,.T.) ;
#1291=CARTESIAN_POINT('NONE',(-6.324419551515,10.468067739143,3.75852549));
#1292=CIRCLE('NONE',#5300,1.6955065);
#1293=DIRECTION('NONE',(0.,0.,1.));
#1294=CYLINDRICAL_SURFACE('NONE',#16021,1.6955065);
#1295=CARTESIAN_POINT('NONE',(-7.911243755441,10.753308765996,3.757609));
#1296=DIRECTION('NONE',(1.,0.,0.));
#1297 = SURFACE_SIDE_STYLE('',(#2477)) ;
#1298 = VERTEX_POINT('NONE',#12691) ;
#1299 = EDGE_LOOP('NONE',(#2582,#4822,#5639,#7273)) ;
#1300 = EDGE_LOOP('NONE',(#16065,#13671,#10744,#1676)) ;
#1301 = ORIENTED_EDGE('NONE',*,*,#1654,.F.) ;
#1302 = EDGE_CURVE('NONE',#13133,#4062,#5441,.T.) ;
#1303 = EDGE_CURVE('NONE',#13498,#14760,#6990,.T.) ;
#1304 =(GEOMETRIC_REPRESENTATION_CONTEXT(3) GLOBAL_UNCERTAINTY_ASSIGNED_CONTEXT((#10008)) GLOBAL_UNIT_ASSIGNED_CONTEXT((#9148,#6479,#16114)) REPRESENTATION_CONTEXT('NONE','WORKASPACE'));
#1305 = B_SPLINE_CURVE_WITH_KNOTS('NONE',3,(#4878,#1517,#5393,#15021),.UNSPECIFIED.,.F.,.F.,(4,4),(18.000000000000,19.000000000000),.UNSPECIFIED.) ;
#1306=CARTESIAN_POINT('NONE',(-7.638245873132,11.301955006286,3.75852549));
#1307=CARTESIAN_POINT('NONE',(-5.913517113164,10.536678535896,3.75852549));
#1308 = PLANE('NONE',#6627) ;
#1309=DIRECTION('NONE',(0.,1.,0.));
#1310=CARTESIAN_POINT('NONE',(-5.943248458425,10.669135490747,3.757609));
#1311 = B_SPLINE_CURVE_WITH_KNOTS('NONE',3,(#12523,#2840,#16163,#9948),.UNSPECIFIED.,.F.,.F.,(4,4),(15.000000000000,16.000000000000),.UNSPECIFIED.) ;
#1312=CARTESIAN_POINT('NONE',(-5.95592239727,11.030676272542,3.75852549));
#1313=CARTESIAN_POINT('NONE',(-5.493847739672,11.259569513944,3.757609));
#1314=DIRECTION('NONE',(0.,0.,1.));
#1315 = FILL_AREA_STYLE('',(#3814)) ;
#1316=CARTESIAN_POINT('NONE',(8.9357775,-10.906231,3.757609));
#1317 = PRESENTATION_LAYER_ASSIGNMENT('','',(#15913)) ;
#1318 = EDGE_LOOP('NONE',(#7352,#1747,#10912,#10156)) ;
#1319 = MECHANICAL_DESIGN_GEOMETRIC_PRESENTATION_REPRESENTATION('',(#2814),#10333) ;
#1320=DIRECTION('NONE',(-0.504883048649,0.863187758942,0.));
#1321=DIRECTION('NONE',(0.,-1.,0.));
#1322 = ORIENTED_EDGE('NONE',*,*,#11142,.T.) ;
#1323 = ADVANCED_FACE('NONE',(#5818),#8860,.F.) ;
#1324 = EDGE_CURVE('NONE',#2067,#2733,#16274,.T.) ;
#1325 =(NAMED_UNIT(*) SI_UNIT($,.STERADIAN.) SOLID_ANGLE_UNIT());
#1326 =(NAMED_UNIT(*) SI_UNIT($,.STERADIAN.) SOLID_ANGLE_UNIT());
#1327 =(NAMED_UNIT(*) SI_UNIT($,.STERADIAN.) SOLID_ANGLE_UNIT());
#1328=DIRECTION('NONE',(0.504883048649,-0.863187758942,0.));
#1329 = LINE('NONE',#6114,#8788) ;
#1330 = EDGE_LOOP('NONE',(#16193,#4552)) ;
#1331=CARTESIAN_POINT('NONE',(-3.491826899999,10.906231,2.291225));
#1332 = LINE('NONE',#13836,#16532) ;
#1333 = B_SPLINE_CURVE_WITH_KNOTS('NONE',3,(#9475,#11539,#7912,#9236),.UNSPECIFIED.,.F.,.F.,(4,4),(0.,1.),.UNSPECIFIED.) ;
#1334 = FILL_AREA_STYLE_COLOUR('',#11476) ;
#1335=DIRECTION('NONE',(-0.573576436351,-0.819152044289,0.));
#1336=CARTESIAN_POINT('NONE',(-6.024914365119,10.537440878084,3.75852549));
#1337 = FILL_AREA_STYLE_COLOUR('',#5742) ;
#1338 = ORIENTED_EDGE('NONE',*,*,#10465,.F.) ;
#1339=CARTESIAN_POINT('NONE',(-6.272580282855,10.44881859894,3.757609));
#1340 = ORIENTED_EDGE('NONE',*,*,#3152,.F.) ;
#1341=UNCERTAINTY_MEASURE_WITH_UNIT(LENGTH_MEASURE(9.164900000000001E-6),#15217,'distance_accuracy_value','NONE');
#1342 =(LENGTH_UNIT() NAMED_UNIT(*) SI_UNIT(.MILLI.,.METRE.));
#1343 = FACE_OUTER_BOUND('NONE',#2452,.T.) ;
#1344 = VERTEX_POINT('NONE',#14879) ;
#1345=DIRECTION('NONE',(1.,0.,0.));
#1346=CARTESIAN_POINT('NONE',(0.705697299999,10.906231,3.757609));
#1347=CARTESIAN_POINT('NONE',(-5.244657137564,11.302070090823,3.75852549));
#1348=DIRECTION('NONE',(0.,0.,1.));
#1349 = FILL_AREA_STYLE('',(#8665)) ;
#1350=UNCERTAINTY_MEASURE_WITH_UNIT(LENGTH_MEASURE(9.164900000000001E-6),#10171,'distance_accuracy_value','NONE');
#1351 = FILL_AREA_STYLE_COLOUR('',#12280) ;
#1352 = VERTEX_POINT('NONE',#16435) ;
#1353=DIRECTION('NONE',(0.,0.,-1.));
#1354 = EDGE_LOOP('NONE',(#7336,#5856,#10635,#5378)) ;
#1355 = ORIENTED_EDGE('NONE',*,*,#1166,.T.) ;
#1356 =(GEOMETRIC_REPRESENTATION_CONTEXT(3) GLOBAL_UNCERTAINTY_ASSIGNED_CONTEXT((#12347)) GLOBAL_UNIT_ASSIGNED_CONTEXT((#9682,#6287,#6043)) REPRESENTATION_CONTEXT('NONE','WORKASPACE'));
#1357 = ORIENTED_EDGE('NONE',*,*,#5511,.F.) ;
#1358 = COLOUR_RGB('',1.,1.,1.) ;
#1359 = EDGE_CURVE('NONE',#9722,#16661,#3949,.T.) ;
#1360 = ADVANCED_FACE('NONE',(#11631),#16202,.F.) ;
#1361 =(NAMED_UNIT(*) PLANE_ANGLE_UNIT() SI_UNIT($,.RADIAN.));
#1362=CARTESIAN_POINT('NONE',(-8.239901475256,10.578378028667,3.757609));
#1363=CARTESIAN_POINT('NONE',(-5.116678943059,10.439289321614,3.75852549));
#1364 = FACE_OUTER_BOUND('NONE',#2038,.T.) ;
#1365 = VERTEX_POINT('NONE',#12573) ;
#1366 =(NAMED_UNIT(*) SI_UNIT($,.STERADIAN.) SOLID_ANGLE_UNIT());
#1367 = COLOUR_RGB('',0.949019607843,0.760784313725,0.180392156862) ;
#1368 = FACE_OUTER_BOUND('NONE',#15717,.T.) ;
#1369=CARTESIAN_POINT('NONE',(-7.993408248587,10.586329304028,3.75852549));
#1372=DIRECTION('NONE',(0.,0.,-1.));
#1371=AXIS2_PLACEMENT_3D('NONE',#9988,#12188,#8782);
#1370 = FACE_OUTER_BOUND('NONE',#8925,.T.) ;
#1373 =(NAMED_UNIT(*) SI_UNIT($,.STERADIAN.) SOLID_ANGLE_UNIT());
#1374 = VERTEX_POINT('NONE',#13764) ;
#1375 = EDGE_LOOP('NONE',(#7351,#11067,#13490,#11143)) ;
#1376 = ORIENTED_EDGE('NONE',*,*,#9820,.T.) ;
#1377 = ORIENTED_EDGE('NONE',*,*,#3338,.T.) ;
#1378 = EDGE_CURVE('NONE',#16211,#14422,#5063,.T.) ;
#1379 =(GEOMETRIC_REPRESENTATION_CONTEXT(3) GLOBAL_UNCERTAINTY_ASSIGNED_CONTEXT((#9384)) GLOBAL_UNIT_ASSIGNED_CONTEXT((#9896,#6260,#6100)) REPRESENTATION_CONTEXT('NONE','WORKASPACE'));
#1380 = EDGE_CURVE('NONE',#6350,#15026,#4206,.T.) ;
#1381=CARTESIAN_POINT('NONE',(-7.447412332308,11.301955006286,3.75852549));
#1382 =(NAMED_UNIT(*) SI_UNIT($,.STERADIAN.) SOLID_ANGLE_UNIT());
#1383 = EDGE_CURVE('NONE',#13426,#8592,#9094,.T.) ;
#1384 = B_SPLINE_SURFACE_WITH_KNOTS('NONE',3,1,((#4102,#8918),(#13914,#5920),(#15225,#5682),(#16485,#8065)),.UNSPECIFIED.,.F.,.F.,.F.,(4,4),(2,2),(3.000000000000,4.000000000000),(0.,1.),.UNSPECIFIED.) ;
#1385=UNCERTAINTY_MEASURE_WITH_UNIT(LENGTH_MEASURE(9.164900000000001E-6),#13759,'distance_accuracy_value','NONE');
#1386=CARTESIAN_POINT('NONE',(10.631284,10.906231,3.757609));
#1387=CARTESIAN_POINT('NONE',(-5.759142820463,10.348951772551,3.75852549));
#1388 = FILL_AREA_STYLE('',(#14698)) ;
#1389=CARTESIAN_POINT('NONE',(-5.248945312361,11.287204418192,3.75852549));
#1390 =(LENGTH_UNIT() NAMED_UNIT(*) SI_UNIT(.MILLI.,.METRE.));
#1392 = FILL_AREA_STYLE('',(#9737)) ;
#1391 =(NAMED_UNIT(*) PLANE_ANGLE_UNIT() SI_UNIT($,.RADIAN.));
#1393 = FILL_AREA_STYLE_COLOUR('',#15786) ;
#1394 = EDGE_CURVE('NONE',#12044,#12758,#12653,.T.) ;
#1395=CARTESIAN_POINT('NONE',(-5.013381576833,10.586611949093,3.757609));
#1396 = ORIENTED_EDGE('NONE',*,*,#4557,.T.) ;
#1397 =(GEOMETRIC_REPRESENTATION_CONTEXT(3) GLOBAL_UNCERTAINTY_ASSIGNED_CONTEXT((#4494)) GLOBAL_UNIT_ASSIGNED_CONTEXT((#14676,#3858,#1117)) REPRESENTATION_CONTEXT('NONE','WORKASPACE'));
#1398=CARTESIAN_POINT('NONE',(-5.013381576833,10.633114822451,3.757609));
#1399 = SURFACE_STYLE_FILL_AREA(#7439) ;
#1400 = ORIENTED_EDGE('NONE',*,*,#4055,.T.) ;
#1401 = ADVANCED_FACE('NONE',(#5550),#13929,.F.) ;
#1402=CARTESIAN_POINT('NONE',(-8.1338828527,11.087267437159,3.75852549));
#1403 = SURFACE_SIDE_STYLE('',(#2587)) ;
#1404=CARTESIAN_POINT('NONE',(-8.075572640625,11.240994293262,3.757609));
#1405 = SURFACE_STYLE_FILL_AREA(#13678) ;
#1406 = PRESENTATION_STYLE_ASSIGNMENT((#4697)) ;
#1407 = VERTEX_POINT('NONE',#7191) ;
#1408=CARTESIAN_POINT('NONE',(-6.373018865883,10.988175695663,3.757609));
#1409=DIRECTION('NONE',(1.,0.,0.));
#1410=AXIS2_PLACEMENT_3D('NONE',#15389,#14364,#4655);
#1411 = EDGE_CURVE('NONE',#13972,#9201,#12844,.T.) ;
#1412 = EDGE_CURVE('NONE',#10953,#1910,#13388,.T.) ;
#1413=DIRECTION('NONE',(0.,0.,-1.));
#1414 =(NAMED_UNIT(*) PLANE_ANGLE_UNIT() SI_UNIT($,.RADIAN.));
#1415=CARTESIAN_POINT('NONE',(-5.163753573053,10.396788744734,3.757609));
#1416 = EDGE_LOOP('NONE',(#3698,#12001)) ;
#1417=CARTESIAN_POINT('NONE',(-4.981553790559,10.483886339505,3.757609));
#1418 = ORIENTED_EDGE('NONE',*,*,#16003,.F.) ;
#1419 = STYLED_ITEM('NONE',(#8329),#4233) ;
#1420 = MECHANICAL_DESIGN_GEOMETRIC_PRESENTATION_REPRESENTATION('',(#5931),#7440) ;
#1421 = FACE_OUTER_BOUND('NONE',#8687,.T.) ;
#1422 = SURFACE_STYLE_FILL_AREA(#12208) ;
#1423 = PRESENTATION_LAYER_ASSIGNMENT('','',(#1672)) ;
#1424 = ORIENTED_EDGE('NONE',*,*,#12203,.F.) ;
#1425 = FILL_AREA_STYLE_COLOUR('',#10856) ;
#1426=DIRECTION('NONE',(-0.33152841835,-0.943445233083,0.));
#1427 =(NAMED_UNIT(*) PLANE_ANGLE_UNIT() SI_UNIT($,.RADIAN.));
#1428 =(NAMED_UNIT(*) PLANE_ANGLE_UNIT() SI_UNIT($,.RADIAN.));
#1429=DIRECTION('NONE',(0.,-1.,0.));
#1430 = STYLED_ITEM('NONE',(#14708),#4330) ;
#1431 =(NAMED_UNIT(*) PLANE_ANGLE_UNIT() SI_UNIT($,.RADIAN.));
#1432 = ORIENTED_EDGE('NONE',*,*,#4347,.F.) ;
#1433 = EDGE_CURVE('NONE',#5917,#2163,#16684,.T.) ;
#1434 = VERTEX_POINT('NONE',#7113) ;
#1435 = ORIENTED_EDGE('NONE',*,*,#8884,.F.) ;
#1436=AXIS2_PLACEMENT_3D('NONE',#2005,#11682,#8208);
#1437=AXIS2_PLACEMENT_3D('NONE',#15203,#16236,#5750);
#1438 = VERTEX_POINT('NONE',#8086) ;
#1439 = B_SPLINE_CURVE_WITH_KNOTS('NONE',3,(#6102,#13666,#15953,#10924),.UNSPECIFIED.,.F.,.F.,(4,4),(1.,2.000000000000),.UNSPECIFIED.) ;
#1440=DIRECTION('NONE',(-1.,0.,0.));
#1441=CARTESIAN_POINT('NONE',(-8.202794967471,10.679095750428,3.757609));
#1442 = PRESENTATION_LAYER_ASSIGNMENT('','',(#12985)) ;
#1443=DIRECTION('NONE',(0.,0.,1.));
#1444 = LINE('NONE',#11131,#10309) ;
#1445 = LINE('NONE',#15932,#13211) ;
#1446 = ORIENTED_EDGE('NONE',*,*,#13219,.T.) ;
#1447=AXIS2_PLACEMENT_3D('NONE',#10826,#9638,#4898);
#1448=CARTESIAN_POINT('NONE',(-8.242552026762,10.400796815662,3.75852549));
#1449 = FILL_AREA_STYLE_COLOUR('',#14398) ;
#1450 = SURFACE_STYLE_FILL_AREA(#12234) ;
#1451=CARTESIAN_POINT('NONE',(-6.569607857146,10.769574073776,3.75852549));
#1452=DIRECTION('NONE',(0.,0.,-1.));
#1453 = EDGE_CURVE('NONE',#11363,#14609,#15566,.T.) ;
#1454 = ORIENTED_EDGE('NONE',*,*,#12153,.T.) ;
#1455 = EDGE_LOOP('NONE',(#15318,#15871,#4859,#16389)) ;
#1456 = EDGE_LOOP('NONE',(#14659,#15612,#7891,#13336,#11686,#6403,#4704,#7065)) ;
#1457 = PRESENTATION_LAYER_ASSIGNMENT('','',(#1702)) ;
#1458=DIRECTION('NONE',(0.,0.,1.));
#1459 = STYLED_ITEM('NONE',(#15695),#11662) ;
#1460=AXIS2_PLACEMENT_3D('NONE',#7937,#6731,#12960);
#1461=VECTOR('NONE',#15383,916.49);
#1462=AXIS2_PLACEMENT_3D('NONE',#7925,#13932,#4124);
#1463 = EDGE_LOOP('NONE',(#13901,#9962,#16228,#5611)) ;
#1464 = B_SPLINE_CURVE_WITH_KNOTS('NONE',3,(#13509,#9974,#8841,#7429),.UNSPECIFIED.,.F.,.F.,(4,4),(34.000000000000,35.000000000000),.UNSPECIFIED.) ;
#1465=CARTESIAN_POINT('NONE',(-1.6221873,10.906231,3.757609));
#1466=DIRECTION('NONE',(0.,3.469446951953000E-16,-1.));
#1467=CARTESIAN_POINT('NONE',(-5.630878747636,11.030676272542,3.75852549));
#1468=CARTESIAN_POINT('NONE',(-6.415429999999,-10.906231,3.757609));
#1469=VECTOR('NONE',#12627,916.49);
#1470 = STYLED_ITEM('NONE',(#9880),#10277) ;
#1471=DIRECTION('NONE',(-0.349395479469,0.936975345954,0.));
#1472 = COLOUR_RGB('',1.,1.,1.) ;
#1474 = SURFACE_STYLE_FILL_AREA(#2650) ;
#1473=CARTESIAN_POINT('NONE',(-5.947822511542,10.631208966985,3.757609));
#1475=CARTESIAN_POINT('NONE',(-5.3557685112,10.56469461124,3.75852549));
#1476=CARTESIAN_POINT('NONE',(-7.349345187329,10.557174223269,3.75852549));
#1477 = EDGE_LOOP('NONE',(#13412,#3725,#3392,#16347)) ;
#1478 = VERTEX_POINT('NONE',#11866) ;
#1479 = EDGE_CURVE('NONE',#16350,#12632,#10609,.T.) ;
#1480=DIRECTION('NONE',(0.,0.,-1.));
#1481 = EDGE_CURVE('NONE',#1579,#16576,#1292,.T.) ;
#1482 = COLOUR_RGB('',1.,1.,1.) ;
#1483 = VERTEX_POINT('NONE',#9491) ;
#1484=VECTOR('NONE',#11816,916.49);
#1485 =(GEOMETRIC_REPRESENTATION_CONTEXT(3) GLOBAL_UNCERTAINTY_ASSIGNED_CONTEXT((#8289)) GLOBAL_UNIT_ASSIGNED_CONTEXT((#13873,#13037,#11788)) REPRESENTATION_CONTEXT('NONE','WORKASPACE'));
#1486 = PRESENTATION_LAYER_ASSIGNMENT('','',(#5482)) ;
#1487=CARTESIAN_POINT('NONE',(-6.972979057033,10.514766814689,3.75852549));
#1488 =(NAMED_UNIT(*) PLANE_ANGLE_UNIT() SI_UNIT($,.RADIAN.));
#1489 = FACE_OUTER_BOUND('NONE',#4984,.T.) ;
#1490=CARTESIAN_POINT('NONE',(-4.77486376533,10.721927687138,3.757609));
#1491 =(NAMED_UNIT(*) PLANE_ANGLE_UNIT() SI_UNIT($,.RADIAN.));
#1492 = VERTEX_POINT('NONE',#3408) ;
#1493=CARTESIAN_POINT('NONE',(-6.268101522511,11.282439779529,3.757609));
#1494=DIRECTION('NONE',(0.,0.,-1.));
#1495 =(LENGTH_UNIT() NAMED_UNIT(*) SI_UNIT(.MILLI.,.METRE.));
#1496 = ADVANCED_FACE('NONE',(#9337),#8159,.F.) ;
#1497 = COLOUR_RGB('',1.,1.,1.) ;
#1498 = PRESENTATION_LAYER_ASSIGNMENT('','',(#8011)) ;
#1499 = EDGE_CURVE('NONE',#10800,#8703,#4845,.T.) ;
#1500=CARTESIAN_POINT('NONE',(-8.565908820504,10.816919828312,3.757609));
#1501=CARTESIAN_POINT('NONE',(-5.915327675856,10.440623420438,3.75852549));
#1502 = LINE('NONE',#1641,#8521) ;
#1503 = ORIENTED_EDGE('NONE',*,*,#1781,.T.) ;
#1504=CARTESIAN_POINT('NONE',(-5.8673954109,10.46921125242,3.75852549));
#1505 = ORIENTED_EDGE('NONE',*,*,#9622,.T.) ;
#1506 = STYLED_ITEM('NONE',(#15850),#14588) ;
#1507 = EDGE_CURVE('NONE',#8703,#13939,#10926,.T.) ;
#1508=AXIS2_PLACEMENT_3D('NONE',#8891,#13719,#12150);
#1509 =(GEOMETRIC_REPRESENTATION_CONTEXT(3) GLOBAL_UNCERTAINTY_ASSIGNED_CONTEXT((#14286)) GLOBAL_UNIT_ASSIGNED_CONTEXT((#11738,#2289,#14350)) REPRESENTATION_CONTEXT('NONE','WORKASPACE'));
#1510=CARTESIAN_POINT('NONE',(-5.822607807463,11.198772724595,3.75852549));
#1511=CARTESIAN_POINT('NONE',(-5.822607807463,11.156081562169,3.75852549));
#1512=CARTESIAN_POINT('NONE',(-8.398929409091,10.713551782535,3.75852549));
#1513 = ORIENTED_EDGE('NONE',*,*,#9696,.T.) ;
#1514=CARTESIAN_POINT('NONE',(-6.157180734423,10.504850749624,3.75852549));
#1515=CARTESIAN_POINT('NONE',(-7.791972805064,10.663192946932,3.75852549));
#1516 = SURFACE_STYLE_FILL_AREA(#1647) ;
#1517=CARTESIAN_POINT('NONE',(-8.398929409091,10.967996486784,3.75852549));
#1518 =(NAMED_UNIT(*) SI_UNIT($,.STERADIAN.) SOLID_ANGLE_UNIT());
#1519 = SURFACE_STYLE_FILL_AREA(#4802) ;
#1520 = FACE_OUTER_BOUND('NONE',#7994,.T.) ;
#1521 =(GEOMETRIC_REPRESENTATION_CONTEXT(3) GLOBAL_UNCERTAINTY_ASSIGNED_CONTEXT((#14951)) GLOBAL_UNIT_ASSIGNED_CONTEXT((#15602,#2683,#7481)) REPRESENTATION_CONTEXT('NONE','WORKASPACE'));
#1522=DIRECTION('NONE',(-1.,0.,0.));
#1523 = LINE('NONE',#3697,#6270) ;
#1524 = ORIENTED_EDGE('NONE',*,*,#10176,.F.) ;
#1525 = STYLED_ITEM('NONE',(#4043),#8578) ;
#1526 = B_SPLINE_SURFACE_WITH_KNOTS('NONE',3,1,((#5486,#16616),(#9351,#8169),(#9422,#10625),(#2266,#15423)),.UNSPECIFIED.,.F.,.F.,.F.,(4,4),(2,2),(9.000000000000,10.),(0.,1.),.UNSPECIFIED.) ;
#1527 = EDGE_LOOP('NONE',(#9321,#1993,#3161,#12046)) ;
#1528 = B_SPLINE_CURVE_WITH_KNOTS('NONE',3,(#10070,#13995,#7613,#12418),.UNSPECIFIED.,.F.,.F.,(4,4),(2.000000000000,3.000000000000),.UNSPECIFIED.) ;
#1529=VECTOR('NONE',#14649,916.49);
#1530 = EDGE_CURVE('NONE',#13296,#4111,#2668,.T.) ;
#1531 = LINE('NONE',#13886,#4642) ;
#1532=CARTESIAN_POINT('NONE',(-6.078659489245,11.352003504017,3.757609));
#1533 =(NAMED_UNIT(*) SI_UNIT($,.STERADIAN.) SOLID_ANGLE_UNIT());
#1534 = ORIENTED_EDGE('NONE',*,*,#3163,.T.) ;
#1535 = PLANE('NONE',#1699) ;
#1536 =(NAMED_UNIT(*) SI_UNIT($,.STERADIAN.) SOLID_ANGLE_UNIT());
#1537 = SURFACE_STYLE_FILL_AREA(#3867) ;
#1539 = FACE_BOUND('NONE',#6860,.T.) ;
#1538=CARTESIAN_POINT('NONE',(-5.974980951924,10.390499421698,3.75852549));
#1540 = FILL_AREA_STYLE_COLOUR('',#5715) ;
#1541=CARTESIAN_POINT('NONE',(-5.056453910348,10.753183716771,3.757609));
#1542 = VERTEX_POINT('NONE',#15713) ;
#1543 = ORIENTED_EDGE('NONE',*,*,#16433,.T.) ;
#1544 = EDGE_LOOP('NONE',(#3910,#6352,#14740,#6844)) ;
#1545 =(GEOMETRIC_REPRESENTATION_CONTEXT(3) GLOBAL_UNCERTAINTY_ASSIGNED_CONTEXT((#11636)) GLOBAL_UNIT_ASSIGNED_CONTEXT((#14427,#8125,#5904)) REPRESENTATION_CONTEXT('NONE','WORKASPACE'));
#1546 = SURFACE_STYLE_USAGE(.BOTH.,#15947) ;
#1547 = ORIENTED_EDGE('NONE',*,*,#12045,.F.) ;
#1548 = COLOUR_RGB('',0.949019607843,0.760784313725,0.180392156862) ;
#1549 = LINE('NONE',#8837,#11005) ;
#1550 = PLANE('NONE',#5753) ;
#1551=DIRECTION('NONE',(0.,0.,-1.));
#1552=DIRECTION('NONE',(0.,0.,-1.));
#1553=CARTESIAN_POINT('NONE',(-5.812030309628,11.360961024704,3.75852549));
#1554=VECTOR('NONE',#16224,916.49);
#1555=CARTESIAN_POINT('NONE',(-7.137307841109,11.113771941138,3.757609));
#1556 = LINE('NONE',#1389,#1965) ;
#1557 = LINE('NONE',#5151,#11869) ;
#1558=CARTESIAN_POINT('NONE',(-5.52005325232,11.069555724037,3.75852549));
#1559 = FACE_OUTER_BOUND('NONE',#15684,.T.) ;
#1560=CARTESIAN_POINT('NONE',(-6.377592919002,10.726692325804,3.75852549));
#1561 = EDGE_LOOP('NONE',(#7602,#11890,#3222,#1769)) ;
#1562 = ORIENTED_EDGE('NONE',*,*,#1956,.T.) ;
#1563 = EDGE_CURVE('NONE',#13484,#13944,#10852,.T.) ;
#1564=VECTOR('NONE',#9103,916.49);
#1565 = ORIENTED_EDGE('NONE',*,*,#15048,.T.) ;
#1566=VECTOR('NONE',#12335,916.49);
#1567 = PRESENTATION_STYLE_ASSIGNMENT((#8639)) ;
#1568 = ADVANCED_FACE('NONE',(#14459),#14700,.F.) ;
#1569 =(NAMED_UNIT(*) PLANE_ANGLE_UNIT() SI_UNIT($,.RADIAN.));
#1570 = FILL_AREA_STYLE('',(#5244)) ;
#1571=CARTESIAN_POINT('NONE',(-5.498939999999,-4.674098999999,4.399152));
#1572 = STYLED_ITEM('NONE',(#15648),#1568) ;
#1573=CARTESIAN_POINT('NONE',(-6.004045247773,10.988175695663,3.75852549));
#1574 = FACE_BOUND('NONE',#16424,.T.) ;
#1575 = PRESENTATION_STYLE_ASSIGNMENT((#16207)) ;
#1576 = SURFACE_STYLE_USAGE(.BOTH.,#11096) ;
#1577=CARTESIAN_POINT('NONE',(8.9357775,-10.906231,3.8034335));
#1578 = MECHANICAL_DESIGN_GEOMETRIC_PRESENTATION_REPRESENTATION('',(#16161),#16668) ;
#1579 = VERTEX_POINT('NONE',#4913) ;
#1580 = PRESENTATION_LAYER_ASSIGNMENT('','',(#9881)) ;
#1581 = EDGE_CURVE('NONE',#13426,#1957,#7068,.T.) ;
#1582 = SURFACE_STYLE_USAGE(.BOTH.,#4737) ;
#1583=VECTOR('NONE',#11172,916.49);
#1584 = FILL_AREA_STYLE('',(#4064)) ;
#1585 = SURFACE_SIDE_STYLE('',(#7475)) ;
#1586 = PRESENTATION_STYLE_ASSIGNMENT((#14663)) ;
#1587 = FILL_AREA_STYLE_COLOUR('',#9043) ;
#1588 = LINE('NONE',#6223,#4109) ;
#1589 = EDGE_CURVE('NONE',#12993,#15945,#8549,.T.) ;
#1590=CARTESIAN_POINT('NONE',(12.464263999999,12.739211,2.291225));
#1591 = EDGE_CURVE('NONE',#3781,#16445,#14694,.T.) ;
#1592 = FILL_AREA_STYLE_COLOUR('',#10092) ;
#1593 = FILL_AREA_STYLE('',(#15047)) ;
#1594 = ORIENTED_EDGE('NONE',*,*,#15160,.F.) ;
#1595 = ORIENTED_EDGE('NONE',*,*,#14690,.F.) ;
#1596 = PRESENTATION_STYLE_ASSIGNMENT((#4001)) ;
#1597=CARTESIAN_POINT('NONE',(-6.047212874065,10.406127436515,3.757609));
#1598=CARTESIAN_POINT('NONE',(-4.769050906161,10.695817467263,3.75852549));
#1599 = ORIENTED_EDGE('NONE',*,*,#13153,.T.) ;
#1600=CYLINDRICAL_SURFACE('NONE',#1946,1.6955065);
#1601 = SURFACE_STYLE_USAGE(.BOTH.,#12393) ;
#1603 = FACE_BOUND('NONE',#7181,.T.) ;
#1602 = SURFACE_SIDE_STYLE('',(#5134)) ;
#1604 = EDGE_CURVE('NONE',#6157,#5714,#4710,.T.) ;
#1605=CARTESIAN_POINT('NONE',(-10.631284,10.906231,3.8034335));
#1606 = LINE('NONE',#10988,#5536) ;
#1607=AXIS2_PLACEMENT_3D('NONE',#5894,#2356,#8584);
#1608 = EDGE_LOOP('NONE',(#7435,#13865,#11905,#11082)) ;
#1609 = EDGE_LOOP('NONE',(#11983,#16472,#1811,#9851)) ;
#1610 = ORIENTED_EDGE('NONE',*,*,#8721,.T.) ;
#1611=CARTESIAN_POINT('NONE',(-12.372615,-8.340058999999,5.040695));
#1612 = VERTEX_POINT('NONE',#8699) ;
#1613 = EDGE_CURVE('NONE',#15776,#7737,#10613,.T.) ;
#1614 =(NAMED_UNIT(*) PLANE_ANGLE_UNIT() SI_UNIT($,.RADIAN.));
#1615=CARTESIAN_POINT('NONE',(-6.357772022161,11.167516694961,3.757609));
#1616 = LINE('NONE',#7360,#1163) ;
#1617=CARTESIAN_POINT('NONE',(-6.036921254552,10.633686579089,3.75852549));
#1618 = FILL_AREA_STYLE_COLOUR('',#2721) ;
#1619=CARTESIAN_POINT('NONE',(-5.489083101006,10.607385773666,3.75852549));
#1620=CARTESIAN_POINT('NONE',(-5.970406898808,10.428616531006,3.75852549));
#1621=CARTESIAN_POINT('NONE',(-6.388170416835,10.607385773666,3.757609));
#1622 = PLANE('NONE',#9231) ;
#1623 = ORIENTED_EDGE('NONE',*,*,#10403,.T.) ;
#1624 = ORIENTED_EDGE('NONE',*,*,#8409,.F.) ;
#1625 =(LENGTH_UNIT() NAMED_UNIT(*) SI_UNIT(.MILLI.,.METRE.));
#1626=VECTOR('NONE',#11117,916.49);
#1627 = ORIENTED_EDGE('NONE',*,*,#13568,.T.) ;
#1628=CARTESIAN_POINT('NONE',(-8.324716444077,10.422000519952,3.757609));
#1629=UNCERTAINTY_MEASURE_WITH_UNIT(LENGTH_MEASURE(9.164900000000001E-6),#8428,'distance_accuracy_value','NONE');
#1630=CARTESIAN_POINT('NONE',(-1.832979999999,-12.296027659977,3.8986385259));
#1631 = FILL_AREA_STYLE_COLOUR('',#11724) ;
#1632=CARTESIAN_POINT('NONE',(-6.047212874065,10.454345579789,3.75852549));
#1633 = SURFACE_STYLE_USAGE(.BOTH.,#10304) ;
#1634 =(GEOMETRIC_REPRESENTATION_CONTEXT(3) GLOBAL_UNCERTAINTY_ASSIGNED_CONTEXT((#3542)) GLOBAL_UNIT_ASSIGNED_CONTEXT((#14225,#10446,#9246)) REPRESENTATION_CONTEXT('NONE','WORKASPACE'));
#1635=CARTESIAN_POINT('NONE',(-4.770861468852,10.700963277019,3.757609));
#1636=CARTESIAN_POINT('NONE',(-5.16184771759,10.726692325804,3.75852549));
#1637 =(LENGTH_UNIT() NAMED_UNIT(*) SI_UNIT(.MILLI.,.METRE.));
#1638=CARTESIAN_POINT('NONE',(-5.336709956544,10.396788744734,3.75852549));
#1639 = PRESENTATION_STYLE_ASSIGNMENT((#10078)) ;
#1640 = B_SPLINE_SURFACE_WITH_KNOTS('NONE',3,1,((#2531,#3851),(#6306,#7329),(#3775,#10019),(#15752,#12139)),.UNSPECIFIED.,.F.,.F.,.F.,(4,4),(2,2),(5.000000000000,6.000000000000),(0.,1.),.UNSPECIFIED.) ;
#1641=CARTESIAN_POINT('NONE',(-6.298404624412,10.599000009617,3.75852549));
#1642 = ORIENTED_EDGE('NONE',*,*,#7160,.F.) ;
#1643 = PRESENTATION_LAYER_ASSIGNMENT('','',(#11945)) ;
#1644=UNCERTAINTY_MEASURE_WITH_UNIT(LENGTH_MEASURE(9.164900000000001E-6),#4271,'distance_accuracy_value','NONE');
#1645 = EDGE_LOOP('NONE',(#5311,#15072,#14861,#5367)) ;
#1646 = LINE('NONE',#11257,#5792) ;
#1647 = FILL_AREA_STYLE('',(#10802)) ;
#1648 = SURFACE_STYLE_FILL_AREA(#12433) ;
#1649 = PRESENTATION_STYLE_ASSIGNMENT((#3849)) ;
#1650=CARTESIAN_POINT('NONE',(-5.304691584726,11.132258368852,3.75852549));
#1651 = PRESENTATION_STYLE_ASSIGNMENT((#7566)) ;
#1652 = PRESENTATION_STYLE_ASSIGNMENT((#16382)) ;
#1653 = VERTEX_POINT('NONE',#12103) ;
#1654 = EDGE_CURVE('NONE',#4569,#11374,#1557,.T.) ;
#1655 = EDGE_CURVE('NONE',#15086,#6580,#9610,.T.) ;
#1656 = ORIENTED_EDGE('NONE',*,*,#3518,.T.) ;
#1657 =(GEOMETRIC_REPRESENTATION_CONTEXT(3) GLOBAL_UNCERTAINTY_ASSIGNED_CONTEXT((#15595)) GLOBAL_UNIT_ASSIGNED_CONTEXT((#9112,#13949,#15117)) REPRESENTATION_CONTEXT('NONE','WORKASPACE'));
#1658 = SURFACE_STYLE_FILL_AREA(#1892) ;
#1659 = FILL_AREA_STYLE_COLOUR('',#14283) ;
#1660=CARTESIAN_POINT('NONE',(-6.307266852326,11.217259522611,3.75852549));
#1661=CARTESIAN_POINT('NONE',(-5.523293206613,11.344570667703,3.757609));
#1662 =(NAMED_UNIT(*) SI_UNIT($,.STERADIAN.) SOLID_ANGLE_UNIT());
#1663 = PRESENTATION_LAYER_ASSIGNMENT('','',(#1929)) ;
#1664 = ORIENTED_EDGE('NONE',*,*,#10862,.T.) ;
#1665 = PRESENTATION_STYLE_ASSIGNMENT((#7583)) ;
#1666 =(NAMED_UNIT(*) PLANE_ANGLE_UNIT() SI_UNIT($,.RADIAN.));
#1667 =(NAMED_UNIT(*) PLANE_ANGLE_UNIT() SI_UNIT($,.RADIAN.));
#1669 = FACE_BOUND('NONE',#4323,.T.) ;
#1668=CARTESIAN_POINT('NONE',(-5.626781158386,11.360961024704,3.757609));
#1670 = ADVANCED_FACE('NONE',(#2797),#10365,.F.) ;
#1671=DIRECTION('NONE',(0.,0.,-1.));
#1672 = STYLED_ITEM('NONE',(#8935),#12366) ;
#1673 = SURFACE_STYLE_FILL_AREA(#12457) ;
#1674 = EDGE_CURVE('NONE',#7291,#12313,#5375,.T.) ;
#1675 = VERTEX_POINT('NONE',#5534) ;
#1676 = ORIENTED_EDGE('NONE',*,*,#9299,.T.) ;
#1677 = ORIENTED_EDGE('NONE',*,*,#2868,.F.) ;
#1678 = FILL_AREA_STYLE('',(#6744)) ;
#1679 = ORIENTED_EDGE('NONE',*,*,#15798,.T.) ;
#1680=AXIS2_PLACEMENT_3D('NONE',#11311,#8853,#13674);
#1681 = EDGE_CURVE('NONE',#15357,#8591,#16026,.T.) ;
#1682 = EDGE_CURVE('NONE',#2160,#5917,#10199,.T.) ;
#1683 =(GEOMETRIC_REPRESENTATION_CONTEXT(3) GLOBAL_UNCERTAINTY_ASSIGNED_CONTEXT((#11296)) GLOBAL_UNIT_ASSIGNED_CONTEXT((#1689,#10284,#14998)) REPRESENTATION_CONTEXT('NONE','WORKASPACE'));
#1684 = FILL_AREA_STYLE('',(#12464)) ;
#1685 = B_SPLINE_CURVE_WITH_KNOTS('NONE',3,(#13348,#4987,#6160,#2383),.UNSPECIFIED.,.F.,.F.,(4,4),(11.,12.000000000000),.UNSPECIFIED.) ;
#1686=CARTESIAN_POINT('NONE',(-7.03924069613,10.87788051606,3.75852549));
#1687=CARTESIAN_POINT('NONE',(-1.9887833,10.906231,3.8034335));
#1688=DIRECTION('NONE',(0.,1.,0.));
#1689 =(LENGTH_UNIT() NAMED_UNIT(*) SI_UNIT(.MILLI.,.METRE.));
#1690 = SURFACE_SIDE_STYLE('',(#5306)) ;
#1691 =(NAMED_UNIT(*) PLANE_ANGLE_UNIT() SI_UNIT($,.RADIAN.));
#1692 =(NAMED_UNIT(*) PLANE_ANGLE_UNIT() SI_UNIT($,.RADIAN.));
#1693 = COLOUR_RGB('',0.843137254901,0.815686274509,0.752941176470) ;
#1694 = STYLED_ITEM('NONE',(#14262),#8203) ;
#1695=CARTESIAN_POINT('NONE',(-6.042543528175,10.560692314762,3.757609));
#1696 = ORIENTED_EDGE('NONE',*,*,#6140,.F.) ;
#1697 = PRESENTATION_LAYER_ASSIGNMENT('','',(#2712)) ;
#1698 = ORIENTED_EDGE('NONE',*,*,#3194,.T.) ;
#1699=AXIS2_PLACEMENT_3D('NONE',#6394,#6325,#2777);
#1700 = MECHANICAL_DESIGN_GEOMETRIC_PRESENTATION_REPRESENTATION('',(#9466),#8725) ;
#1701 = ORIENTED_EDGE('NONE',*,*,#1233,.F.) ;
#1702 = STYLED_ITEM('NONE',(#4589),#13536) ;
#1703 = COLOUR_RGB('',1.,1.,1.) ;
#1704=AXIS2_PLACEMENT_3D('NONE',#11113,#11043,#13558);
#1705=CARTESIAN_POINT('NONE',(1.83298,-12.494576976347,3.503826642846));
#1706 =(NAMED_UNIT(*) SI_UNIT($,.STERADIAN.) SOLID_ANGLE_UNIT());
#1707 = MECHANICAL_DESIGN_GEOMETRIC_PRESENTATION_REPRESENTATION('',(#5464),#16554) ;
#1708 = EDGE_CURVE('NONE',#2585,#3800,#15129,.T.) ;
#1709 = EDGE_CURVE('NONE',#12460,#10187,#8845,.T.) ;
#1710=CARTESIAN_POINT('NONE',(-6.174905190251,11.024768120599,3.75852549));
#1711=CARTESIAN_POINT('NONE',(-6.316796129653,10.425376576714,3.757609));
#1712 =(LENGTH_UNIT() NAMED_UNIT(*) SI_UNIT(.MILLI.,.METRE.));
#1713 = FACE_OUTER_BOUND('NONE',#7405,.T.) ;
#1714=UNCERTAINTY_MEASURE_WITH_UNIT(LENGTH_MEASURE(9.164900000000001E-6),#15189,'distance_accuracy_value','NONE');
#1715 = COLOUR_RGB('',1.,1.,1.) ;
#1716 = SURFACE_STYLE_FILL_AREA(#5103) ;
#1717 = COLOUR_RGB('',1.,1.,1.) ;
#1719=VECTOR('NONE',#4028,916.49);
#1718 = PLANE('NONE',#7587) ;
#1720 = STYLED_ITEM('NONE',(#8629),#2876) ;
#1721 = ORIENTED_EDGE('NONE',*,*,#6660,.T.) ;
#1722 = ADVANCED_FACE('NONE',(#11533),#1384,.F.) ;
#1723 = PRESENTATION_STYLE_ASSIGNMENT((#5337)) ;
#1724=CARTESIAN_POINT('NONE',(-7.280433022003,11.323158723214,3.757609));
#1725=CARTESIAN_POINT('NONE',(-6.324419551515,10.468067739143,3.75852549));
#1726 = STYLED_ITEM('NONE',(#10000),#14188) ;
#1727 =(GEOMETRIC_REPRESENTATION_CONTEXT(3) GLOBAL_UNCERTAINTY_ASSIGNED_CONTEXT((#11910)) GLOBAL_UNIT_ASSIGNED_CONTEXT((#10258,#7884,#15063)) REPRESENTATION_CONTEXT('NONE','WORKASPACE'));
#1728 = ORIENTED_EDGE('NONE',*,*,#10210,.F.) ;
#1729=AXIS2_PLACEMENT_3D('NONE',#8068,#10201,#16256);
#1730 = SURFACE_STYLE_USAGE(.BOTH.,#12504) ;
#1731=CARTESIAN_POINT('NONE',(-5.244657137564,11.302070090823,3.757609));
#1732 =(LENGTH_UNIT() NAMED_UNIT(*) SI_UNIT(.MILLI.,.METRE.));
#1733 =(LENGTH_UNIT() NAMED_UNIT(*) SI_UNIT(.MILLI.,.METRE.));
#1734 = ADVANCED_FACE('NONE',(#3389),#10740,.T.) ;
#1735 = PLANE('NONE',#2015) ;
#1736=CARTESIAN_POINT('NONE',(-5.897412634482,10.411654417363,3.75852549));
#1737 = ADVANCED_FACE('NONE',(#14213),#10432,.F.) ;
#1738=CARTESIAN_POINT('NONE',(-5.880164642518,10.65731918686,3.757609));
#1739 = FILL_AREA_STYLE('',(#11416)) ;
#1740 =(NAMED_UNIT(*) PLANE_ANGLE_UNIT() SI_UNIT($,.RADIAN.));
#1741 = PRESENTATION_LAYER_ASSIGNMENT('','',(#9521)) ;
#1742 = ORIENTED_EDGE('NONE',*,*,#4136,.F.) ;
#1743=CARTESIAN_POINT('NONE',(-7.844982166897,10.220565177537,3.75852549));
#1744 = FACE_OUTER_BOUND('NONE',#12664,.T.) ;
#1745=CARTESIAN_POINT('NONE',(-5.626781158386,11.360961024704,3.757609));
#1746 =(GEOMETRIC_REPRESENTATION_CONTEXT(3) GLOBAL_UNCERTAINTY_ASSIGNED_CONTEXT((#2964)) GLOBAL_UNIT_ASSIGNED_CONTEXT((#4381,#5648,#8180)) REPRESENTATION_CONTEXT('NONE','WORKASPACE'));
#1747 = ORIENTED_EDGE('NONE',*,*,#2442,.F.) ;
#1748=CARTESIAN_POINT('NONE',(-5.685005042854,11.030676272542,3.757609));
#1749 = SURFACE_SIDE_STYLE('',(#14979)) ;
#1750 = PLANE('NONE',#10621) ;
#1752=CARTESIAN_POINT('NONE',(-5.480220873091,11.131496026664,3.75852549));
#1751 = FILL_AREA_STYLE('',(#5066)) ;
#1753=CARTESIAN_POINT('NONE',(-8.526151837046,10.607533008318,3.75852549));
#1754 = SURFACE_STYLE_FILL_AREA(#1991) ;
#1755 = EDGE_LOOP('NONE',(#4263,#13984,#9726,#10437)) ;
#1756 = PRESENTATION_STYLE_ASSIGNMENT((#13730)) ;
#1757 = ORIENTED_EDGE('NONE',*,*,#14509,.T.) ;
#1758 = ORIENTED_EDGE('NONE',*,*,#10777,.T.) ;
#1759=CARTESIAN_POINT('NONE',(-5.812030309628,11.360961024704,3.75852549));
#1760 = VERTEX_POINT('NONE',#7983) ;
#1761 = PRESENTATION_LAYER_ASSIGNMENT('','',(#14595)) ;
#1762 = SURFACE_SIDE_STYLE('',(#13504)) ;
#1763=DIRECTION('NONE',(0.,0.,-1.));
#1764 = EDGE_CURVE('NONE',#10729,#7369,#14068,.T.) ;
#1765 = B_SPLINE_SURFACE_WITH_KNOTS('NONE',3,1,((#1954,#16613),(#5876,#10463),(#14170,#10623),(#15420,#9266)),.UNSPECIFIED.,.F.,.F.,.F.,(4,4),(2,2),(3.000000000000,4.000000000000),(0.,1.),.UNSPECIFIED.) ;
#1766 = SURFACE_SIDE_STYLE('',(#7828)) ;
#1767 = SURFACE_STYLE_USAGE(.BOTH.,#2718) ;
#1768=DIRECTION('NONE',(-1.,0.,0.));
#1769 = ORIENTED_EDGE('NONE',*,*,#2134,.T.) ;
#1770 = SURFACE_STYLE_FILL_AREA(#12634) ;
#1771=CARTESIAN_POINT('NONE',(-3.491826899999,10.906231,3.8034335));
#1772 = PRESENTATION_STYLE_ASSIGNMENT((#3158)) ;
#1774=CARTESIAN_POINT('NONE',(-6.268006229738,11.348954135274,3.757609));
#1773 = LINE('NONE',#16115,#1566) ;
#1775 = COLOUR_RGB('',1.,1.,1.) ;
#1776 = LINE('NONE',#11379,#16041) ;
#1777 = LINE('NONE',#1926,#2205) ;
#1778 = VERTEX_POINT('NONE',#11918) ;
#1779 = VERTEX_POINT('NONE',#16418) ;
#1780 = ORIENTED_EDGE('NONE',*,*,#4309,.T.) ;
#1781 = EDGE_CURVE('NONE',#11374,#4875,#3245,.T.) ;
#1782 = EDGE_CURVE('NONE',#15870,#9452,#10129,.T.) ;
#1783 = FILL_AREA_STYLE('',(#12561)) ;
#1784 = ORIENTED_EDGE('NONE',*,*,#1290,.T.) ;
#1785=VECTOR('NONE',#12490,916.49);
#1786 = PRESENTATION_LAYER_ASSIGNMENT('','',(#5292)) ;
#1787 = LINE('NONE',#4039,#5429) ;
#1788=UNCERTAINTY_MEASURE_WITH_UNIT(LENGTH_MEASURE(9.164900000000001E-6),#4490,'distance_accuracy_value','NONE');
#1789=CARTESIAN_POINT('NONE',(5.49894,-11.676922941879,4.31599782308));
#1790 = PRESENTATION_STYLE_ASSIGNMENT((#8933)) ;
#1791 =(LENGTH_UNIT() NAMED_UNIT(*) SI_UNIT(.MILLI.,.METRE.));
#1792=CARTESIAN_POINT('NONE',(-5.99785121751,10.428616531006,3.757609));
#1793 = STYLED_ITEM('NONE',(#3179),#9545) ;
#1794 =(LENGTH_UNIT() NAMED_UNIT(*) SI_UNIT(.MILLI.,.METRE.));
#1795=CARTESIAN_POINT('NONE',(-5.972408047046,10.669135490747,3.757609));
#1796=CARTESIAN_POINT('NONE',(-5.988607818503,10.570602763183,3.75852549));
#1797 = SURFACE_SIDE_STYLE('',(#13681)) ;
#1798 = FILL_AREA_STYLE_COLOUR('',#15272) ;
#1799 = PRESENTATION_LAYER_ASSIGNMENT('','',(#8582)) ;
#1800 = FILL_AREA_STYLE_COLOUR('',#5276) ;
#1801 = STYLED_ITEM('NONE',(#3694),#15823) ;
#1802=CARTESIAN_POINT('NONE',(-12.372615,9.073251,3.757609));
#1803 = EDGE_CURVE('NONE',#1760,#9722,#9798,.T.) ;
#1804 = EDGE_LOOP('NONE',(#14703,#10419,#2215,#4971,#12261,#10031,#1190,#5237)) ;
#1805 = EDGE_CURVE('NONE',#13083,#6511,#3356,.T.) ;
#1806 = B_SPLINE_CURVE_WITH_KNOTS('NONE',3,(#12211,#2758,#6216,#10885),.UNSPECIFIED.,.F.,.F.,(4,4),(10.,11.),.UNSPECIFIED.) ;
#1807=AXIS2_PLACEMENT_3D('NONE',#9734,#1314,#9900);
#1808=UNCERTAINTY_MEASURE_WITH_UNIT(LENGTH_MEASURE(9.164900000000001E-6),#10909,'distance_accuracy_value','NONE');
#1809=CARTESIAN_POINT('NONE',(3.033581899999,10.906231,3.757609));
#1810=CARTESIAN_POINT('NONE',(-6.078659489245,11.301688919731,3.75852549));
#1811 = ORIENTED_EDGE('NONE',*,*,#14013,.T.) ;
#1812=CARTESIAN_POINT('NONE',(-6.033681300261,10.549066596423,3.757609));
#1813 = PRESENTATION_LAYER_ASSIGNMENT('','',(#14154)) ;
#1814=CARTESIAN_POINT('NONE',(-5.218165746594,10.439289321614,3.75852549));
#1815 = FILL_AREA_STYLE('',(#11338)) ;
#1816 =(NAMED_UNIT(*) SI_UNIT($,.STERADIAN.) SOLID_ANGLE_UNIT());
#1817=DIRECTION('NONE',(0.,0.,-1.));
#1818=CARTESIAN_POINT('NONE',(-5.635929264619,10.663036753257,3.75852549));
#1819 = EDGE_LOOP('NONE',(#8152,#6596,#14239,#16252)) ;
#1820 = PRESENTATION_LAYER_ASSIGNMENT('','',(#16161)) ;
#1821=CARTESIAN_POINT('NONE',(-6.206732976523,10.669135490747,3.75852549));
#1822 = LINE('NONE',#13718,#15099) ;
#1823=CARTESIAN_POINT('NONE',(-5.900080832133,10.624729058402,3.757609));
#1824 = ORIENTED_EDGE('NONE',*,*,#7774,.F.) ;
#1825 =(LENGTH_UNIT() NAMED_UNIT(*) SI_UNIT(.MILLI.,.METRE.));
#1826 = PRESENTATION_STYLE_ASSIGNMENT((#12611)) ;
#1827 = FILL_AREA_STYLE_COLOUR('',#15402) ;
#1829=CARTESIAN_POINT('NONE',(-6.174905190251,11.024768120599,3.757609));
#1828=CARTESIAN_POINT('NONE',(-5.927334565289,10.489985076993,3.75852549));
#1830=CARTESIAN_POINT('NONE',(-5.974980951924,10.390499421698,3.75852549));
#1831 = B_SPLINE_CURVE_WITH_KNOTS('NONE',3,(#14268,#9295,#3446,#10490),.UNSPECIFIED.,.F.,.F.,(4,4),(4.000000000000,5.000000000000),.UNSPECIFIED.) ;
#1832 = ORIENTED_EDGE('NONE',*,*,#7406,.F.) ;
#1833 = VERTEX_POINT('NONE',#12931) ;
#1834 = ORIENTED_EDGE('NONE',*,*,#4759,.T.) ;
#1835 = LINE('NONE',#7067,#5806) ;
#1836 = EDGE_CURVE('NONE',#11774,#16241,#1685,.T.) ;
#1837 = ORIENTED_EDGE('NONE',*,*,#11306,.F.) ;
#1838=DIRECTION('NONE',(-1.,0.,0.));
#1839=DIRECTION('NONE',(0.,0.,-1.));
#1840=CARTESIAN_POINT('NONE',(-3.491826899999,10.906231,3.757609));
#1841=UNCERTAINTY_MEASURE_WITH_UNIT(LENGTH_MEASURE(9.164900000000001E-6),#3526,'distance_accuracy_value','NONE');
#1842=CARTESIAN_POINT('NONE',(-8.565908820504,10.816919828312,3.75852549));
#1843=CARTESIAN_POINT('NONE',(-6.388170416835,10.607385773666,3.75852549));
#1844 = ORIENTED_EDGE('NONE',*,*,#14509,.F.) ;
#1845=CARTESIAN_POINT('NONE',(-6.206732976523,10.669135490747,3.75852549));
#1846 =(NAMED_UNIT(*) PLANE_ANGLE_UNIT() SI_UNIT($,.RADIAN.));
#1847=CARTESIAN_POINT('NONE',(-6.214356398385,11.024768120599,3.75852549));
#1849 = SURFACE_STYLE_USAGE(.BOTH.,#9227) ;
#1848 = SURFACE_STYLE_FILL_AREA(#10287) ;
#1850 =(LENGTH_UNIT() NAMED_UNIT(*) SI_UNIT(.MILLI.,.METRE.));
#1851 = EDGE_LOOP('NONE',(#11914,#10520,#12141,#5924)) ;
#1852 = ORIENTED_EDGE('NONE',*,*,#5316,.T.) ;
#1853 = ORIENTED_EDGE('NONE',*,*,#1589,.T.) ;
#1854 = FACE_OUTER_BOUND('NONE',#12524,.T.) ;
#1855 = B_SPLINE_CURVE_WITH_KNOTS('NONE',3,(#8191,#3607,#4643,#8434),.UNSPECIFIED.,.F.,.F.,(4,4),(16.000000000000,17.000000000000),.UNSPECIFIED.) ;
#1856 = EDGE_CURVE('NONE',#9817,#15870,#6242,.T.) ;
#1857 = EDGE_LOOP('NONE',(#6311,#8376,#8036,#15232)) ;
#1858 = ADVANCED_FACE('NONE',(#3715),#3868,.F.) ;
#1859 = PRESENTATION_LAYER_ASSIGNMENT('','',(#6614)) ;
#1860=CARTESIAN_POINT('NONE',(-6.324419551515,10.468067739143,3.75852549));
#1861=CARTESIAN_POINT('NONE',(-1.832979999999,-11.918089450997,4.208164082668));
#1862=DIRECTION('NONE',(1.,0.,0.));
#1863=CARTESIAN_POINT('NONE',(-6.264670982673,10.505613091809,3.75852549));
#1864=CARTESIAN_POINT('NONE',(5.49894,-11.190552435893,4.307503));
#1865=CARTESIAN_POINT('NONE',(-10.259926524697,0.,5.040695));
#1867 = PLANE('NONE',#8012) ;
#1866=CARTESIAN_POINT('NONE',(-4.769050906161,10.695817467263,3.757609));
#1868 =(GEOMETRIC_REPRESENTATION_CONTEXT(3) GLOBAL_UNCERTAINTY_ASSIGNED_CONTEXT((#13757)) GLOBAL_UNIT_ASSIGNED_CONTEXT((#11480,#2035,#12501)) REPRESENTATION_CONTEXT('NONE','WORKASPACE'));
#1869=UNCERTAINTY_MEASURE_WITH_UNIT(LENGTH_MEASURE(9.164900000000001E-6),#8127,'distance_accuracy_value','NONE');
#1870=CARTESIAN_POINT('NONE',(-8.096776344915,11.243644768935,3.757609));
#1871 =(NAMED_UNIT(*) PLANE_ANGLE_UNIT() SI_UNIT($,.RADIAN.));
#1872 = ADVANCED_FACE('NONE',(#3550),#6006,.T.) ;
#1873 = ORIENTED_EDGE('NONE',*,*,#5708,.F.) ;
#1874=CIRCLE('NONE',#12682,1.6955065);
#1875 = MECHANICAL_DESIGN_GEOMETRIC_PRESENTATION_REPRESENTATION('',(#11675),#1634) ;
#1876 = SURFACE_STYLE_USAGE(.BOTH.,#13941) ;
#1877 = SURFACE_SIDE_STYLE('',(#12812)) ;
#1878 = ADVANCED_FACE('NONE',(#13420),#15708,.F.) ;
#1879=CYLINDRICAL_SURFACE('NONE',#1460,0.824841);
#1880 = EDGE_LOOP('NONE',(#10266,#7103,#11835,#12806)) ;
#1881=CARTESIAN_POINT('NONE',(-5.521101472827,11.283011536168,3.75852549));
#1882=CARTESIAN_POINT('NONE',(-6.307266852326,11.170375478161,3.757609));
#1883 =(NAMED_UNIT(*) PLANE_ANGLE_UNIT() SI_UNIT($,.RADIAN.));
#1884 = SURFACE_STYLE_USAGE(.BOTH.,#5411) ;
#1885=CYLINDRICAL_SURFACE('NONE',#4445,0.824841);
#1886 = PRESENTATION_STYLE_ASSIGNMENT((#13877)) ;
#1887=CARTESIAN_POINT('NONE',(-5.8673954109,10.444816302462,3.75852549));
#1888 = SURFACE_STYLE_FILL_AREA(#1739) ;
#1889=AXIS2_PLACEMENT_3D('NONE',#7015,#3462,#16658);
#1890 = B_SPLINE_SURFACE_WITH_KNOTS('NONE',3,1,((#9783,#15597),(#4718,#13318),(#7146,#3599),(#9615,#3768)),.UNSPECIFIED.,.F.,.F.,.F.,(4,4),(2,2),(3.000000000000,4.000000000000),(0.,1.),.UNSPECIFIED.) ;
#1891 = ORIENTED_EDGE('NONE',*,*,#4003,.T.) ;
#1892 = FILL_AREA_STYLE('',(#15055)) ;
#1893 = FILL_AREA_STYLE_COLOUR('',#3456) ;
#1894=DIRECTION('NONE',(0.,0.,-1.));
#1895=CARTESIAN_POINT('NONE',(-5.537205951509,10.396788744734,3.757609));
#1896 =(LENGTH_UNIT() NAMED_UNIT(*) SI_UNIT(.MILLI.,.METRE.));
#1897 = ORIENTED_EDGE('NONE',*,*,#5051,.T.) ;
#1898 = ADVANCED_FACE('NONE',(#12527),#1750,.F.) ;
#1899=CARTESIAN_POINT('NONE',(-5.52005325232,11.069555724037,3.75852549));
#1900=DIRECTION('NONE',(1.,0.,0.));
#1901 =(NAMED_UNIT(*) SI_UNIT($,.STERADIAN.) SOLID_ANGLE_UNIT());
#1902 = PLANE('NONE',#4565) ;
#1903 = PRESENTATION_LAYER_ASSIGNMENT('','',(#15729)) ;
#1904=CARTESIAN_POINT('NONE',(-5.713402289293,10.445959815743,3.75852549));
#1905 = ORIENTED_EDGE('NONE',*,*,#9060,.F.) ;
#1906=CARTESIAN_POINT('NONE',(5.49894,-12.13007241769,2.513361510668));
#1907 = ORIENTED_EDGE('NONE',*,*,#16406,.F.) ;
#1908 = VERTEX_POINT('NONE',#10181) ;
#1909 = B_SPLINE_CURVE_WITH_KNOTS('NONE',3,(#3509,#9357,#1085,#4700),.UNSPECIFIED.,.F.,.F.,(4,4),(5.000000000000,6.000000000000),.UNSPECIFIED.) ;
#1910 = VERTEX_POINT('NONE',#4159) ;
#1911 = EDGE_CURVE('NONE',#14591,#11015,#16158,.T.) ;
#1912 = PRESENTATION_LAYER_ASSIGNMENT('','',(#1419)) ;
#1913=CARTESIAN_POINT('NONE',(-6.241324253221,10.518954080068,3.757609));
#1914=CARTESIAN_POINT('NONE',(-5.628687013854,11.318079276733,3.75852549));
#1915=DIRECTION('NONE',(1.,0.,0.));
#1916 = PRESENTATION_LAYER_ASSIGNMENT('','',(#5931)) ;
#1917 = SURFACE_STYLE_USAGE(.BOTH.,#12699) ;
#1918 = VERTEX_POINT('NONE',#13654) ;
#1919 = MECHANICAL_DESIGN_GEOMETRIC_PRESENTATION_REPRESENTATION('',(#12235),#8466) ;
#1920 =(NAMED_UNIT(*) PLANE_ANGLE_UNIT() SI_UNIT($,.RADIAN.));
#1921 = ADVANCED_FACE('NONE',(#14916),#1902,.F.) ;
#1922 = FACE_OUTER_BOUND('NONE',#1880,.T.) ;
#1923 = SURFACE_STYLE_FILL_AREA(#10052) ;
#1924=CARTESIAN_POINT('NONE',(-6.1818615627,10.981886372627,3.757609));
#1925=CARTESIAN_POINT('NONE',(-4.7821060161,10.695817467263,3.75852549));
#1926=CARTESIAN_POINT('NONE',(-12.3267905,10.906231,3.8034335));
#1927 = EDGE_LOOP('NONE',(#12736,#10024,#1215,#11746)) ;
#1928 = ORIENTED_EDGE('NONE',*,*,#1091,.F.) ;
#1929 = STYLED_ITEM('NONE',(#4766),#4448) ;
#1930 = ORIENTED_EDGE('NONE',*,*,#8192,.F.) ;
#1931=DIRECTION('NONE',(-0.389758265065,-0.920917203017,0.));
#1932 = STYLED_ITEM('NONE',(#6490),#5584) ;
#1933 = VERTEX_POINT('NONE',#4782) ;
#1934 = PRESENTATION_LAYER_ASSIGNMENT('','',(#8713)) ;
#1935 =(GEOMETRIC_REPRESENTATION_CONTEXT(3) GLOBAL_UNCERTAINTY_ASSIGNED_CONTEXT((#8350)) GLOBAL_UNIT_ASSIGNED_CONTEXT((#5283,#6241,#16167)) REPRESENTATION_CONTEXT('NONE','WORKASPACE'));
#1936=CARTESIAN_POINT('NONE',(1.83298,-12.494576976347,3.076571557153));
#1937=DIRECTION('NONE',(0.,-1.,0.));
#1938 = FILL_AREA_STYLE_COLOUR('',#14847) ;
#1939 = PRESENTATION_LAYER_ASSIGNMENT('','',(#4187)) ;
#1940 = COLOUR_RGB('',0.949019607843,0.760784313725,0.180392156862) ;
#1941 = STYLED_ITEM('NONE',(#5526),#5810) ;
#1942=CARTESIAN_POINT('NONE',(5.49894,-12.427658333564,3.2901991));
#1943=CARTESIAN_POINT('NONE',(12.3267905,-10.906231,3.8034335));
#1944=DIRECTION('NONE',(0.,0.,1.));
#1945 = EDGE_CURVE('NONE',#11704,#15452,#15204,.T.) ;
#1946=AXIS2_PLACEMENT_3D('NONE',#7812,#4157,#10179);
#1947 =(NAMED_UNIT(*) PLANE_ANGLE_UNIT() SI_UNIT($,.RADIAN.));
#1948=CARTESIAN_POINT('NONE',(-12.464263999999,12.739211,3.757609));
#1949 = VERTEX_POINT('NONE',#15659) ;
#1950 = COLOUR_RGB('',1.,1.,1.) ;
#1951 = MECHANICAL_DESIGN_GEOMETRIC_PRESENTATION_REPRESENTATION('',(#11027),#7477) ;
#1952 = STYLED_ITEM('NONE',(#14660),#6807) ;
#1953=AXIS2_PLACEMENT_3D('NONE',#6962,#3570,#11794);
#1954=CARTESIAN_POINT('NONE',(-5.429620410486,11.179332998849,3.75852549));
#1955 = SURFACE_STYLE_FILL_AREA(#12735) ;
#1956 = EDGE_CURVE('NONE',#5964,#16565,#6041,.T.) ;
#1957 = VERTEX_POINT('NONE',#3225) ;
#1958 = FILL_AREA_STYLE('',(#13946)) ;
#1959=CARTESIAN_POINT('NONE',(3.033581899999,10.906231,3.8034335));
#1960 = SURFACE_STYLE_USAGE(.BOTH.,#12739) ;
#1961 = MECHANICAL_DESIGN_GEOMETRIC_PRESENTATION_REPRESENTATION('',(#7995),#10769) ;
#1962 =(GEOMETRIC_REPRESENTATION_CONTEXT(3) GLOBAL_UNCERTAINTY_ASSIGNED_CONTEXT((#13314)) GLOBAL_UNIT_ASSIGNED_CONTEXT((#10421,#15216,#12923)) REPRESENTATION_CONTEXT('NONE','WORKASPACE'));
#1963 = COLOUR_RGB('',1.,1.,1.) ;
#1964 = PRESENTATION_LAYER_ASSIGNMENT('','',(#8740)) ;
#1965=VECTOR('NONE',#2796,916.489999999999);
#1966 = FILL_AREA_STYLE_COLOUR('',#6469) ;
#1967=DIRECTION('NONE',(-1.,0.,0.));
#1968=CARTESIAN_POINT('NONE',(-5.345191013366,10.769574073776,3.75852549));
#1969=CARTESIAN_POINT('NONE',(0.,0.,3.75852549));
#1970=CARTESIAN_POINT('NONE',(-6.157180734423,10.566028710066,3.757609));
#1971 = FILL_AREA_STYLE('',(#14103)) ;
#1972 = EDGE_CURVE('NONE',#11529,#10835,#16394,.T.) ;
#1973 = ADVANCED_FACE('NONE',(#11661,#7215),#12040,.T.) ;
#1974 = EDGE_CURVE('NONE',#14504,#3396,#8490,.T.) ;
#1975 = VERTEX_POINT('NONE',#5582) ;
#1976 = STYLED_ITEM('NONE',(#10396),#14014) ;
#1977 = MECHANICAL_DESIGN_GEOMETRIC_PRESENTATION_REPRESENTATION('',(#16308),#11294) ;
#1978=VECTOR('NONE',#8369,916.49);
#1980 = COLOUR_RGB('',1.,1.,1.) ;
#1979=UNCERTAINTY_MEASURE_WITH_UNIT(LENGTH_MEASURE(9.164900000000001E-6),#13804,'distance_accuracy_value','NONE');
#1981=CARTESIAN_POINT('NONE',(-6.157180734423,10.482933411771,3.75852549));
#1982 = SURFACE_STYLE_FILL_AREA(#15056) ;
#1983=CARTESIAN_POINT('NONE',(-6.36911186218,10.439289321614,3.757609));
#1984=CARTESIAN_POINT('NONE',(-6.309935049978,11.032772713554,3.75852549));
#1985 = VERTEX_POINT('NONE',#6757) ;
#1986 = FILL_AREA_STYLE('',(#16390)) ;
#1987=CARTESIAN_POINT('NONE',(-7.370548790513,10.395495864311,3.75852549));
#1988=DIRECTION('NONE',(1.,0.,0.));
#1989 = SURFACE_SIDE_STYLE('',(#7961)) ;
#1990 = STYLED_ITEM('NONE',(#10030),#11120) ;
#1991 = FILL_AREA_STYLE('',(#4322)) ;
#1992 = ORIENTED_EDGE('NONE',*,*,#3112,.F.) ;
#1993 = ORIENTED_EDGE('NONE',*,*,#11875,.F.) ;
#1994 = ORIENTED_EDGE('NONE',*,*,#12166,.F.) ;
#1995 = ORIENTED_EDGE('NONE',*,*,#2276,.F.) ;
#1996 = EDGE_CURVE('NONE',#4875,#4889,#4318,.T.) ;
#1997=VECTOR('NONE',#7156,916.49);
#1998=CARTESIAN_POINT('NONE',(-6.388170416835,10.607385773666,3.757609));
#1999=CARTESIAN_POINT('NONE',(8.9357775,-10.906231,3.8034335));
#2000 = PRESENTATION_LAYER_ASSIGNMENT('','',(#8778)) ;
#2001 =(NAMED_UNIT(*) SI_UNIT($,.STERADIAN.) SOLID_ANGLE_UNIT());
#2002=CARTESIAN_POINT('NONE',(-5.019003850454,10.449009184487,3.75852549));
#2003=CARTESIAN_POINT('NONE',(-6.176811045716,10.406318022061,3.75852549));
#2004 = ORIENTED_EDGE('NONE',*,*,#9364,.T.) ;
#2005=CARTESIAN_POINT('NONE',(0.,0.,4.399152));
#2006=DIRECTION('NONE',(0.,0.,-1.));
#2007 =(NAMED_UNIT(*) PLANE_ANGLE_UNIT() SI_UNIT($,.RADIAN.));
#2009=CARTESIAN_POINT('NONE',(-4.837852288461,10.540871417921,3.75852549));
#2008=CARTESIAN_POINT('NONE',(-5.812030309628,11.318079276733,3.75852549));
#2010=CARTESIAN_POINT('NONE',(-6.909367843055,10.583678878908,3.757609));
#2011=CARTESIAN_POINT('NONE',(-6.046926995746,10.59118600221,3.757609));
#2012 = ORIENTED_EDGE('NONE',*,*,#2826,.F.) ;
#2013 = ORIENTED_EDGE('NONE',*,*,#16408,.T.) ;
#2014 = ORIENTED_EDGE('NONE',*,*,#2643,.T.) ;
#2015=AXIS2_PLACEMENT_3D('NONE',#5731,#4377,#13142);
#2016 = FACE_OUTER_BOUND('NONE',#9983,.T.) ;
#2017 = EDGE_LOOP('NONE',(#12448,#1432,#14447,#9030)) ;
#2018=CARTESIAN_POINT('NONE',(-7.436810429611,10.848725536406,3.75852549));
#2019 =(LENGTH_UNIT() NAMED_UNIT(*) SI_UNIT(.MILLI.,.METRE.));
#2020 = FILL_AREA_STYLE_COLOUR('',#4930) ;
#2021=CARTESIAN_POINT('NONE',(-6.026629635039,10.395835817,3.75852549));
#2022=DIRECTION('NONE',(0.,0.,1.));
#2023=CARTESIAN_POINT('NONE',(-1.9887833,10.906231,3.757609));
#2024 = FACE_OUTER_BOUND('NONE',#15525,.T.) ;
#2025=CARTESIAN_POINT('NONE',(-8.565908820504,10.710901205753,3.757609));
#2026=DIRECTION('NONE',(1.,0.,0.));
#2027=UNCERTAINTY_MEASURE_WITH_UNIT(LENGTH_MEASURE(9.164900000000001E-6),#13728,'distance_accuracy_value','NONE');
#2028=DIRECTION('NONE',(-1.,0.,0.));
#2029 = STYLED_ITEM('NONE',(#3963),#16399) ;
#2030=AXIS2_PLACEMENT_3D('NONE',#8976,#4394,#9059);
#2031 = VERTEX_POINT('NONE',#14122) ;
#2032 = EDGE_CURVE('NONE',#3836,#8540,#10491,.T.) ;
#2033 = COLOUR_RGB('',1.,1.,1.) ;
#2034=CARTESIAN_POINT('NONE',(-5.304691584726,11.132258368852,3.757609));
#2035 =(NAMED_UNIT(*) PLANE_ANGLE_UNIT() SI_UNIT($,.RADIAN.));
#2036=DIRECTION('NONE',(0.,0.,1.));
#2037 = PRESENTATION_STYLE_ASSIGNMENT((#13052)) ;
#2038 = EDGE_LOOP('NONE',(#9232,#1905,#14935,#3336)) ;
#2039 = MECHANICAL_DESIGN_GEOMETRIC_PRESENTATION_REPRESENTATION('',(#9594),#15892) ;
#2040=DIRECTION('NONE',(0.,0.,-1.));
#2041=CARTESIAN_POINT('NONE',(-5.319938428449,11.090138963065,3.75852549));
#2043=CARTESIAN_POINT('NONE',(-5.521101472827,11.283011536168,3.757609));
#2042 = B_SPLINE_CURVE_WITH_KNOTS('NONE',3,(#11138,#3798,#7269,#7416),.UNSPECIFIED.,.F.,.F.,(4,4),(7.000000000000,8.000000000000),.UNSPECIFIED.) ;
#2044 =(GEOMETRIC_REPRESENTATION_CONTEXT(3) GLOBAL_UNCERTAINTY_ASSIGNED_CONTEXT((#6718)) GLOBAL_UNIT_ASSIGNED_CONTEXT((#4947,#11029,#10952)) REPRESENTATION_CONTEXT('NONE','WORKASPACE'));
#2045=DIRECTION('NONE',(-0.331528418357,-0.94344523308,0.));
#2046 = SURFACE_STYLE_FILL_AREA(#3281) ;
#2047 =(GEOMETRIC_REPRESENTATION_CONTEXT(3) GLOBAL_UNCERTAINTY_ASSIGNED_CONTEXT((#9688)) GLOBAL_UNIT_ASSIGNED_CONTEXT((#13613,#12801,#10381)) REPRESENTATION_CONTEXT('NONE','WORKASPACE'));
#2048=CARTESIAN_POINT('NONE',(5.49894,-11.190552435893,2.2728952));
#2049 = EDGE_CURVE('NONE',#10597,#1675,#12763,.T.) ;
#2050 = COLOUR_RGB('',1.,1.,1.) ;
#2051 = VERTEX_POINT('NONE',#14408) ;
#2052=VECTOR('NONE',#8795,916.49);
#2053 = EDGE_CURVE('NONE',#1131,#7161,#11093,.T.) ;
#2054 = SURFACE_SIDE_STYLE('',(#1982)) ;
#2055=DIRECTION('NONE',(0.,0.,-1.));
#2056 = EDGE_LOOP('NONE',(#10500,#9506,#10989,#8736)) ;
#2057 = ADVANCED_FACE('NONE',(#2746),#15824,.T.) ;
#2058=CARTESIAN_POINT('NONE',(0.339101299999,10.906231,2.2454005));
#2059 = COLOUR_RGB('',0.776470588235,0.458823529411,0.) ;
#2060 = PRESENTATION_STYLE_ASSIGNMENT((#9205)) ;
#2061 = COLOUR_RGB('',0.843137254901,0.815686274509,0.752941176470) ;
#2062 = PRESENTATION_STYLE_ASSIGNMENT((#16559)) ;
#2063=CARTESIAN_POINT('NONE',(-5.714355217025,10.441004591531,3.757609));
#2064 = ORIENTED_EDGE('NONE',*,*,#2900,.F.) ;
#2065=CARTESIAN_POINT('NONE',(-6.177192216809,10.45053386886,3.75852549));
#2066 = ORIENTED_EDGE('NONE',*,*,#9285,.T.) ;
#2067 = VERTEX_POINT('NONE',#14797) ;
#2068 = STYLED_ITEM('NONE',(#13255),#9855) ;
#2069 = EDGE_CURVE('NONE',#15398,#2654,#5100,.T.) ;
#2070 = VERTEX_POINT('NONE',#7545) ;
#2071=CARTESIAN_POINT('NONE',(-12.372615,-8.340058999999,4.399152));
#2072 =(NAMED_UNIT(*) SI_UNIT($,.STERADIAN.) SOLID_ANGLE_UNIT());
#2073 = SURFACE_SIDE_STYLE('',(#4329)) ;
#2074 = FILL_AREA_STYLE('',(#14058)) ;
#2075 = FILL_AREA_STYLE_COLOUR('',#13563) ;
#2076=CARTESIAN_POINT('NONE',(-7.216821808026,11.264848473226,3.75852549));
#2077 = EDGE_CURVE('NONE',#8591,#12152,#2667,.T.) ;
#2078 = EDGE_LOOP('NONE',(#7249,#10935)) ;
#2079=CARTESIAN_POINT('NONE',(-6.357772022161,11.167516694961,3.75852549));
#2080 = SURFACE_STYLE_FILL_AREA(#10431) ;
#2081=DIRECTION('NONE',(-1.,1.284980352575000E-16,0.));
#2083 = LINE('NONE',#13981,#6489) ;
#2082=DIRECTION('NONE',(0.,-1.,0.));
#2084=CARTESIAN_POINT('NONE',(-5.897412634482,10.411654417363,3.75852549));
#2085 = SURFACE_STYLE_USAGE(.BOTH.,#16582) ;
#2086 = ORIENTED_EDGE('NONE',*,*,#3163,.F.) ;
#2087 = ORIENTED_EDGE('NONE',*,*,#3217,.T.) ;
#2088 = ORIENTED_EDGE('NONE',*,*,#9253,.T.) ;
#2089=CARTESIAN_POINT('NONE',(-8.136533328375,11.246295219333,3.75852549));
#2090 = EDGE_CURVE('NONE',#8129,#3897,#13615,.T.) ;
#2091 = ORIENTED_EDGE('NONE',*,*,#6443,.T.) ;
#2092 =(NAMED_UNIT(*) SI_UNIT($,.STERADIAN.) SOLID_ANGLE_UNIT());
#2093 = FILL_AREA_STYLE_COLOUR('',#12315) ;
#2094 = FILL_AREA_STYLE('',(#2020)) ;
#2095=DIRECTION('NONE',(-1.,0.,0.));
#2096 =(LENGTH_UNIT() NAMED_UNIT(*) SI_UNIT(.MILLI.,.METRE.));
#2097=CARTESIAN_POINT('NONE',(-8.049068035539,10.586329304028,3.75852549));
#2099=CARTESIAN_POINT('NONE',(-6.140504499099,10.981886372627,3.757609));
#2098 = FILL_AREA_STYLE('',(#14082)) ;
#2100=DIRECTION('NONE',(-0.819152044289,0.573576436351,0.));
#2101=CARTESIAN_POINT('NONE',(-1.832979999999,-12.427648872321,3.2901991));
#2102=CARTESIAN_POINT('NONE',(-5.815556142239,10.31140641988,3.757609));
#2103=CARTESIAN_POINT('NONE',(-7.447412332308,10.477660256352,3.757609));
#2104 = PRESENTATION_LAYER_ASSIGNMENT('','',(#4336)) ;
#2105 = VERTEX_POINT('NONE',#2816) ;
#2106=CARTESIAN_POINT('NONE',(-5.759142820463,10.348951772551,3.75852549));
#2107=UNCERTAINTY_MEASURE_WITH_UNIT(LENGTH_MEASURE(9.164900000000001E-6),#16395,'distance_accuracy_value','NONE');
#2108 = PLANE('NONE',#11667) ;
#2109 =(NAMED_UNIT(*) SI_UNIT($,.STERADIAN.) SOLID_ANGLE_UNIT());
#2110 = PRESENTATION_STYLE_ASSIGNMENT((#7558)) ;
#2111 = ORIENTED_EDGE('NONE',*,*,#13583,.F.) ;
#2112=DIRECTION('NONE',(1.,0.,0.));
#2113 =(GEOMETRIC_REPRESENTATION_CONTEXT(3) GLOBAL_UNCERTAINTY_ASSIGNED_CONTEXT((#14399)) GLOBAL_UNIT_ASSIGNED_CONTEXT((#1147,#4538,#6187)) REPRESENTATION_CONTEXT('NONE','WORKASPACE'));
#2114=CARTESIAN_POINT('NONE',(-7.253928366365,10.970646810797,3.75852549));
#2115=CARTESIAN_POINT('NONE',(-4.659845387988,10.396788744734,3.75852549));
#2116 = PLANE('NONE',#12467) ;
#2117=CARTESIAN_POINT('NONE',(-6.174905190251,11.024768120599,3.75852549));
#2118 = FILL_AREA_STYLE('',(#16626)) ;
#2119 = ORIENTED_EDGE('NONE',*,*,#13430,.T.) ;
#2120 = FILL_AREA_STYLE_COLOUR('',#9585) ;
#2121=DIRECTION('NONE',(-1.,0.,0.));
#2122=CARTESIAN_POINT('NONE',(-4.3166679,10.906231,3.8034335));
#2123=UNCERTAINTY_MEASURE_WITH_UNIT(LENGTH_MEASURE(9.164900000000001E-6),#10366,'distance_accuracy_value','NONE');
#2124=DIRECTION('NONE',(0.,0.,-1.));
#2125=CARTESIAN_POINT('NONE',(-5.489083101006,10.56469461124,3.757609));
#2126 =(LENGTH_UNIT() NAMED_UNIT(*) SI_UNIT(.MILLI.,.METRE.));
#2127 = PRESENTATION_STYLE_ASSIGNMENT((#9694)) ;
#2128 = LINE('NONE',#15515,#14432) ;
#2129 = SURFACE_STYLE_USAGE(.BOTH.,#11587) ;
#2130 = SURFACE_STYLE_USAGE(.BOTH.,#15130) ;
#2131=CARTESIAN_POINT('NONE',(0.,-6.965323999999,5.040695));
#2133=CARTESIAN_POINT('NONE',(-5.054262176566,10.691624585239,3.757609));
#2132 = COLOUR_RGB('',0.949019607843,0.760784313725,0.180392156862) ;
#2134 = EDGE_CURVE('NONE',#1365,#7724,#11021,.T.) ;
#2135=DIRECTION('NONE',(0.,0.,-1.));
#2136 = SURFACE_SIDE_STYLE('',(#12913)) ;
#2137 = ADVANCED_FACE('NONE',(#8648),#3754,.F.) ;
#2138 = ORIENTED_EDGE('NONE',*,*,#15889,.F.) ;
#2139 = VERTEX_POINT('NONE',#11471) ;
#2140 = VERTEX_POINT('NONE',#10383) ;
#2141 = EDGE_LOOP('NONE',(#8119,#12068,#2087,#7235)) ;
#2142=CARTESIAN_POINT('NONE',(-5.163753573053,10.396788744734,3.757609));
#2143=CARTESIAN_POINT('NONE',(-4.77600727861,10.721927687138,3.757609));
#2144 = PRESENTATION_STYLE_ASSIGNMENT((#12924)) ;
#2145=UNCERTAINTY_MEASURE_WITH_UNIT(LENGTH_MEASURE(9.164900000000001E-6),#4024,'distance_accuracy_value','NONE');
#2146 = B_SPLINE_SURFACE_WITH_KNOTS('NONE',3,1,((#12597,#15119),(#11495,#14968),(#7801,#15190),(#7711,#13795)),.UNSPECIFIED.,.F.,.F.,.F.,(4,4),(2,2),(3.000000000000,4.000000000000),(0.,1.),.UNSPECIFIED.) ;
#2148 = EDGE_CURVE('NONE',#3254,#11289,#7854,.T.) ;
#2147=CARTESIAN_POINT('NONE',(-6.239990154395,10.390499421698,3.75852549));
#2149=DIRECTION('NONE',(0.,-1.,0.));
#2150 = COLOUR_RGB('',1.,1.,1.) ;
#2151 = ORIENTED_EDGE('NONE',*,*,#3898,.T.) ;
#2152 = ADVANCED_FACE('NONE',(#16362),#9097,.T.) ;
#2153 = LINE('NONE',#5848,#5434) ;
#2154 = PLANE('NONE',#15822) ;
#2155 = FILL_AREA_STYLE('',(#5768)) ;
#2156 =(NAMED_UNIT(*) PLANE_ANGLE_UNIT() SI_UNIT($,.RADIAN.));
#2157=CARTESIAN_POINT('NONE',(-6.521485006643,10.56469461124,3.757609));
#2158 = ORIENTED_EDGE('NONE',*,*,#10429,.F.) ;
#2159 = EDGE_LOOP('NONE',(#11156,#2766,#14913,#13585)) ;
#2160 = VERTEX_POINT('NONE',#12802) ;
#2161=CARTESIAN_POINT('NONE',(-6.877562236067,10.925588875989,3.75852549));
#2162=VECTOR('NONE',#9421,916.49);
#2163 = VERTEX_POINT('NONE',#8089) ;
#2164 = EDGE_CURVE('NONE',#4487,#4407,#6800,.T.) ;
#2165 = COLOUR_RGB('',0.196078431372,0.368627450980,0.560784313725) ;
#2166 = COLOUR_RGB('',0.776470588235,0.458823529411,0.) ;
#2167=DIRECTION('NONE',(0.,0.,-1.));
#2168=CARTESIAN_POINT('NONE',(-6.264670982673,10.505613091809,3.75852549));
#2169 =(NAMED_UNIT(*) PLANE_ANGLE_UNIT() SI_UNIT($,.RADIAN.));
#2170 = LINE('NONE',#16596,#10824) ;
#2171 = SURFACE_STYLE_FILL_AREA(#2328) ;
#2173 =(NAMED_UNIT(*) SI_UNIT($,.STERADIAN.) SOLID_ANGLE_UNIT());
#2172=DIRECTION('NONE',(0.,0.,-1.));
#2174 = COLOUR_RGB('',0.949019607843,0.760784313725,0.180392156862) ;
#2175=CARTESIAN_POINT('NONE',(-5.103433247574,10.769574073776,3.757609));
#2176 = COLOUR_RGB('',0.196078431372,0.368627450980,0.560784313725) ;
#2177=CARTESIAN_POINT('NONE',(1.83298,-11.422598371537,2.286946209691));
#2178=CARTESIAN_POINT('NONE',(-7.4129563002,10.398146289432,3.757609));
#2179 = SURFACE_STYLE_USAGE(.BOTH.,#4439) ;
#2180 = VERTEX_POINT('NONE',#8938) ;
#2181 = EDGE_CURVE('NONE',#8670,#4395,#16285,.T.) ;
#2182 = EDGE_CURVE('NONE',#3514,#6747,#16438,.T.) ;
#2183 =(GEOMETRIC_REPRESENTATION_CONTEXT(3) GLOBAL_UNCERTAINTY_ASSIGNED_CONTEXT((#15968)) GLOBAL_UNIT_ASSIGNED_CONTEXT((#3806,#2484,#7183)) REPRESENTATION_CONTEXT('NONE','WORKASPACE'));
#2184 = SURFACE_SIDE_STYLE('',(#9269)) ;
#2185 = VERTEX_POINT('NONE',#16136) ;
#2186 = SURFACE_STYLE_FILL_AREA(#14172) ;
#2187 = LINE('NONE',#7133,#5669) ;
#2188=CARTESIAN_POINT('NONE',(-5.738654874208,10.397360501373,3.757609));
#2189=CARTESIAN_POINT('NONE',(-7.990757722358,10.753308765996,3.75852549));
#2190 = ORIENTED_EDGE('NONE',*,*,#16039,.F.) ;
#2191=CIRCLE('NONE',#12262,0.458245);
#2192 =(NAMED_UNIT(*) SI_UNIT($,.STERADIAN.) SOLID_ANGLE_UNIT());
#2193 = ORIENTED_EDGE('NONE',*,*,#14390,.T.) ;
#2194 = PLANE('NONE',#4288) ;
#2195 = MECHANICAL_DESIGN_GEOMETRIC_PRESENTATION_REPRESENTATION('',(#12264),#4872) ;
#2196 = EDGE_CURVE('NONE',#1933,#9538,#8079,.T.) ;
#2197=DIRECTION('NONE',(1.,0.,0.));
#2198=VECTOR('NONE',#1231,916.49);
#2199 = FILL_AREA_STYLE_COLOUR('',#13437) ;
#2200=VECTOR('NONE',#16572,916.49);
#2201=DIRECTION('NONE',(0.,-1.,0.));
#2202 = MECHANICAL_DESIGN_GEOMETRIC_PRESENTATION_REPRESENTATION('',(#3191),#4198) ;
#2203=VECTOR('NONE',#1345,916.49);
#2204 = ADVANCED_FACE('NONE',(#2024),#15172,.T.) ;
#2205=VECTOR('NONE',#12556,916.49);
#2206=DIRECTION('NONE',(-1.,0.,0.));
#2207=CARTESIAN_POINT('NONE',(-5.80335866726,10.271383455106,3.75852549));
#2208 = SURFACE_SIDE_STYLE('',(#4721)) ;
#2209 = MECHANICAL_DESIGN_GEOMETRIC_PRESENTATION_REPRESENTATION('',(#3444),#11033) ;
#2210 =(NAMED_UNIT(*) SI_UNIT($,.STERADIAN.) SOLID_ANGLE_UNIT());
#2211 = LINE('NONE',#3300,#9676) ;
#2212 = FILL_AREA_STYLE('',(#4321)) ;
#2213 = ORIENTED_EDGE('NONE',*,*,#14957,.F.) ;
#2214=DIRECTION('NONE',(1.,0.,0.));
#2215 = ORIENTED_EDGE('NONE',*,*,#10440,.T.) ;
#2216 =(GEOMETRIC_REPRESENTATION_CONTEXT(3) GLOBAL_UNCERTAINTY_ASSIGNED_CONTEXT((#13190)) GLOBAL_UNIT_ASSIGNED_CONTEXT((#12037,#4453,#7214)) REPRESENTATION_CONTEXT('NONE','WORKASPACE'));
#2217 = ORIENTED_EDGE('NONE',*,*,#10711,.T.) ;
#2218 = COLOUR_RGB('',1.,1.,1.) ;
#2219 = COLOUR_RGB('',1.,1.,1.) ;
#2220 = ORIENTED_EDGE('NONE',*,*,#11263,.F.) ;
#2221 = FILL_AREA_STYLE_COLOUR('',#3432) ;
#2222=DIRECTION('NONE',(0.,0.,1.));
#2223 = PRESENTATION_STYLE_ASSIGNMENT((#10426)) ;
#2224=CARTESIAN_POINT('NONE',(-5.822607807463,11.198772724595,3.75852549));
#2225=CARTESIAN_POINT('NONE',(-12.372615,-8.340058999999,5.040695));
#2226 = EDGE_LOOP('NONE',(#1547,#11618,#1534,#2708)) ;
#2227 = COLOUR_RGB('',1.,1.,1.) ;
#2228=CARTESIAN_POINT('NONE',(-5.498939999999,-11.381475988787,4.293451990308));
#2229 = PRESENTATION_STYLE_ASSIGNMENT((#15541)) ;
#2230 =(NAMED_UNIT(*) SI_UNIT($,.STERADIAN.) SOLID_ANGLE_UNIT());
#2231 =(NAMED_UNIT(*) SI_UNIT($,.STERADIAN.) SOLID_ANGLE_UNIT());
#2233 =(NAMED_UNIT(*) PLANE_ANGLE_UNIT() SI_UNIT($,.RADIAN.));
#2232=DIRECTION('NONE',(-1.156482317317000E-16,1.,0.));
#2234 = PRESENTATION_STYLE_ASSIGNMENT((#16581)) ;
#2235=DIRECTION('NONE',(-1.,0.,0.));
#2236 = VERTEX_POINT('NONE',#3411) ;
#2237 = EDGE_LOOP('NONE',(#8217,#3427,#3997,#13520)) ;
#2238 = VERTEX_POINT('NONE',#2401) ;
#2239=CARTESIAN_POINT('NONE',(-5.95592239727,11.318079276733,3.757609));
#2240 = ORIENTED_EDGE('NONE',*,*,#5984,.T.) ;
#2241=VECTOR('NONE',#7258,916.49);
#2242 = STYLED_ITEM('NONE',(#2572),#7623) ;
#2243 = EDGE_CURVE('NONE',#4650,#11556,#14466,.T.) ;
#2244 = PRESENTATION_STYLE_ASSIGNMENT((#4424)) ;
#2245 =(NAMED_UNIT(*) SI_UNIT($,.STERADIAN.) SOLID_ANGLE_UNIT());
#2246=CARTESIAN_POINT('NONE',(-5.498939999999,-12.49459610429,3.076571557153));
#2247=CARTESIAN_POINT('NONE',(-4.772767324319,10.709539626615,3.757609));
#2248=CARTESIAN_POINT('NONE',(-6.047212874065,10.406127436515,3.757609));
#2249=CARTESIAN_POINT('NONE',(-3.491826899999,10.906231,3.757609));
#2250 = SURFACE_SIDE_STYLE('',(#13119)) ;
#2252=CARTESIAN_POINT('NONE',(-7.359947090028,10.55982464839,3.757609));
#2251 = SURFACE_STYLE_FILL_AREA(#13038) ;
#2253=VECTOR('NONE',#11261,916.49);
#2254 = EDGE_CURVE('NONE',#9036,#10399,#6453,.T.) ;
#2255 = LINE('NONE',#3569,#13278) ;
#2256 = ADVANCED_FACE('NONE',(#3645),#15334,.F.) ;
#2257=CARTESIAN_POINT('NONE',(1.83298,-12.070792730495,3.995915440821));
#2258=CARTESIAN_POINT('NONE',(-5.027008443411,10.668182563013,3.757609));
#2259=VECTOR('NONE',#10607,916.49);
#2260=CARTESIAN_POINT('NONE',(-6.324419551515,10.468067739143,3.75852549));
#2261 = ORIENTED_EDGE('NONE',*,*,#1613,.T.) ;
#2262=AXIS2_PLACEMENT_3D('NONE',#14665,#6221,#13405);
#2263=CARTESIAN_POINT('NONE',(-6.357772022161,11.167516694961,3.75852549));
#2264=UNCERTAINTY_MEASURE_WITH_UNIT(LENGTH_MEASURE(9.164900000000001E-6),#2955,'distance_accuracy_value','NONE');
#2265=DIRECTION('NONE',(0.,-1.,0.));
#2266=CARTESIAN_POINT('NONE',(-6.324419551515,10.468067739143,3.75852549));
#2267 = ORIENTED_EDGE('NONE',*,*,#11692,.T.) ;
#2268=DIRECTION('NONE',(-1.,0.,0.));
#2269=DIRECTION('NONE',(0.,1.,0.));
#2270=CARTESIAN_POINT('NONE',(-5.915327675856,10.464637199304,3.757609));
#2271=CARTESIAN_POINT('NONE',(-5.721311589473,10.462921929384,3.75852549));
#2272=DIRECTION('NONE',(1.,0.,0.));
#2273 = EDGE_CURVE('NONE',#4420,#14377,#4849,.T.) ;
#2274 = LINE('NONE',#7064,#13692) ;
#2275 =(GEOMETRIC_REPRESENTATION_CONTEXT(3) GLOBAL_UNCERTAINTY_ASSIGNED_CONTEXT((#9100)) GLOBAL_UNIT_ASSIGNED_CONTEXT((#12886,#9099,#16604)) REPRESENTATION_CONTEXT('NONE','WORKASPACE'));
#2276 = EDGE_CURVE('NONE',#2662,#16671,#8160,.T.) ;
#2277 = EDGE_LOOP('NONE',(#8284,#5124,#12770,#11486,#5737,#5588,#16423)) ;
#2278=CARTESIAN_POINT('NONE',(12.3267905,-10.906231,2.2454005));
#2279=VECTOR('NONE',#8661,916.49);
#2280 = B_SPLINE_SURFACE_WITH_KNOTS('NONE',3,1,((#12377,#15924),(#11182,#15993),(#6517,#6742),(#4550,#15356)),.UNSPECIFIED.,.F.,.F.,.F.,(4,4),(2,2),(2.000000000000,3.000000000000),(0.,1.),.UNSPECIFIED.) ;
#2281=CARTESIAN_POINT('NONE',(-6.206732976523,10.669135490747,3.757609));
#2282=UNCERTAINTY_MEASURE_WITH_UNIT(LENGTH_MEASURE(9.164900000000001E-6),#4339,'distance_accuracy_value','NONE');
#2283 =(GEOMETRIC_REPRESENTATION_CONTEXT(3) GLOBAL_UNCERTAINTY_ASSIGNED_CONTEXT((#16510)) GLOBAL_UNIT_ASSIGNED_CONTEXT((#8755,#4992,#11285)) REPRESENTATION_CONTEXT('NONE','WORKASPACE'));
#2284=DIRECTION('NONE',(-1.,0.,0.));
#2285=DIRECTION('NONE',(0.,0.,-1.));
#2286 = FACE_OUTER_BOUND('NONE',#5407,.T.) ;
#2287 =(GEOMETRIC_REPRESENTATION_CONTEXT(3) GLOBAL_UNCERTAINTY_ASSIGNED_CONTEXT((#9857)) GLOBAL_UNIT_ASSIGNED_CONTEXT((#5008,#3736,#7364)) REPRESENTATION_CONTEXT('NONE','WORKASPACE'));
#2288=CARTESIAN_POINT('NONE',(-7.990757772912,10.220565177537,3.757609));
#2289 =(NAMED_UNIT(*) PLANE_ANGLE_UNIT() SI_UNIT($,.RADIAN.));
#2290=CARTESIAN_POINT('NONE',(-7.757516772955,11.460982940121,3.75852549));
#2291 = B_SPLINE_CURVE_WITH_KNOTS('NONE',3,(#3486,#9484,#11932,#2395),.UNSPECIFIED.,.F.,.F.,(4,4),(2.000000000000,3.000000000000),.UNSPECIFIED.) ;
#2292=CARTESIAN_POINT('NONE',(-5.822607807463,11.198772724595,3.75852549));
#2293 = MECHANICAL_DESIGN_GEOMETRIC_PRESENTATION_REPRESENTATION('',(#7318),#11858) ;
#2294 = VERTEX_POINT('NONE',#4527) ;
#2295 =(LENGTH_UNIT() NAMED_UNIT(*) SI_UNIT(.MILLI.,.METRE.));
#2296 = ORIENTED_EDGE('NONE',*,*,#14782,.T.) ;
#2297 = EDGE_LOOP('NONE',(#6727,#6558,#14815,#14894)) ;
#2298 = COLOUR_RGB('',0.949019607843,0.760784313725,0.180392156862) ;
#2299 = VERTEX_POINT('NONE',#14393) ;
#2300=VECTOR('NONE',#5942,916.49);
#2301=CARTESIAN_POINT('NONE',(-5.485843146716,11.040396135416,3.757609));
#2302 =(LENGTH_UNIT() NAMED_UNIT(*) SI_UNIT(.MILLI.,.METRE.));
#2303=UNCERTAINTY_MEASURE_WITH_UNIT(LENGTH_MEASURE(9.164900000000001E-6),#16550,'distance_accuracy_value','NONE');
#2304=AXIS2_PLACEMENT_3D('NONE',#11763,#7022,#11610);
#2305=CARTESIAN_POINT('NONE',(-5.8673954109,10.46921125242,3.75852549));
#2306 =(GEOMETRIC_REPRESENTATION_CONTEXT(3) GLOBAL_UNCERTAINTY_ASSIGNED_CONTEXT((#9257)) GLOBAL_UNIT_ASSIGNED_CONTEXT((#8393,#9663,#7294)) REPRESENTATION_CONTEXT('NONE','WORKASPACE'));
#2307 = EDGE_LOOP('NONE',(#15127,#2088,#5518,#10056,#2454,#3321,#3104,#5530)) ;
#2308=CARTESIAN_POINT('NONE',(-5.498939999999,-12.40474933837,3.09854172149));
#2309 = FILL_AREA_STYLE('',(#14605)) ;
#2310=DIRECTION('NONE',(0.355935724369,-0.934510438742,0.));
#2312 =(NAMED_UNIT(*) PLANE_ANGLE_UNIT() SI_UNIT($,.RADIAN.));
#2311=CARTESIAN_POINT('NONE',(-5.915327675856,10.464637199304,3.757609));
#2314 = MECHANICAL_DESIGN_GEOMETRIC_PRESENTATION_REPRESENTATION('',(#14154),#12621) ;
#2313=CARTESIAN_POINT('NONE',(-5.998804145243,10.595378884234,3.75852549));
#2315 =(NAMED_UNIT(*) SI_UNIT($,.STERADIAN.) SOLID_ANGLE_UNIT());
#2316 = ORIENTED_EDGE('NONE',*,*,#6642,.F.) ;
#2317 = ORIENTED_EDGE('NONE',*,*,#13108,.T.) ;
#2318 = VERTEX_POINT('NONE',#12950) ;
#2319 = PRESENTATION_STYLE_ASSIGNMENT((#4755)) ;
#2320 =(GEOMETRIC_REPRESENTATION_CONTEXT(3) GLOBAL_UNCERTAINTY_ASSIGNED_CONTEXT((#1808)) GLOBAL_UNIT_ASSIGNED_CONTEXT((#10909,#12318,#10985)) REPRESENTATION_CONTEXT('NONE','WORKASPACE'));
#2321 = VERTEX_POINT('NONE',#12022) ;
#2322=CARTESIAN_POINT('NONE',(-7.288384398475,11.156179400271,3.75852549));
#2323=DIRECTION('NONE',(0.,0.,-1.));
#2324 = FILL_AREA_STYLE_COLOUR('',#7914) ;
#2325=DIRECTION('NONE',(1.,1.156482317317000E-16,0.));
#2326=CARTESIAN_POINT('NONE',(-5.708351772308,10.356575194414,3.757609));
#2327 = PLANE('NONE',#9563) ;
#2328 = FILL_AREA_STYLE('',(#4768)) ;
#2329=CARTESIAN_POINT('NONE',(-6.298404624412,10.644359369696,3.75852549));
#2330 = SURFACE_STYLE_USAGE(.BOTH.,#9410) ;
#2331=CARTESIAN_POINT('NONE',(-6.16699589007,11.367250347742,3.757609));
#2332=CARTESIAN_POINT('NONE',(-9.163813426757,-6.233769380297,2.1812462));
#2333 = EDGE_CURVE('NONE',#10399,#9036,#12496,.T.) ;
#2334=CARTESIAN_POINT('NONE',(-7.354646037571,10.708250831187,3.757609));
#2335=CARTESIAN_POINT('NONE',(-5.498939999999,-4.674098999999,4.307503));
#2336 = ADVANCED_FACE('NONE',(#16602),#8390,.F.) ;
#2337 = ORIENTED_EDGE('NONE',*,*,#4282,.T.) ;
#2338=CARTESIAN_POINT('NONE',(-6.309935049978,11.032772713554,3.757609));
#2339 = PRESENTATION_STYLE_ASSIGNMENT((#5721)) ;
#2340=CARTESIAN_POINT('NONE',(-7.890040101705,10.54127136922,3.75852549));
#2341=DIRECTION('NONE',(1.,0.,0.));
#2342 = ORIENTED_EDGE('NONE',*,*,#2181,.F.) ;
#2343 = FILL_AREA_STYLE_COLOUR('',#3031) ;
#2344 =(LENGTH_UNIT() NAMED_UNIT(*) SI_UNIT(.MILLI.,.METRE.));
#2345 = EDGE_CURVE('NONE',#1675,#7605,#15208,.T.) ;
#2346 =(NAMED_UNIT(*) SI_UNIT($,.STERADIAN.) SOLID_ANGLE_UNIT());
#2347 = PRESENTATION_LAYER_ASSIGNMENT('','',(#6592)) ;
#2348=CARTESIAN_POINT('NONE',(-6.27067442739,11.064028743188,3.757609));
#2349=CARTESIAN_POINT('NONE',(-6.078659489245,11.352003504017,3.757609));
#2350 = SURFACE_STYLE_FILL_AREA(#1251) ;
#2351 = VERTEX_POINT('NONE',#15887) ;
#2352=CARTESIAN_POINT('NONE',(5.49894,-12.224577336448,3.840558939134));
#2353 = VERTEX_POINT('NONE',#9904) ;
#2354 = B_SPLINE_CURVE_WITH_KNOTS('NONE',3,(#1812,#6440,#13783,#12505),.UNSPECIFIED.,.F.,.F.,(4,4),(4.000000000000,5.000000000000),.UNSPECIFIED.) ;
#2355 = EDGE_CURVE('NONE',#7419,#4137,#7434,.T.) ;
#2356=DIRECTION('NONE',(0.934510438744,-0.355935724364,0.));
#2357=CARTESIAN_POINT('NONE',(-5.266288597095,10.769574073776,3.757609));
#2358=UNCERTAINTY_MEASURE_WITH_UNIT(LENGTH_MEASURE(9.164900000000001E-6),#10016,'distance_accuracy_value','NONE');
#2359=CARTESIAN_POINT('NONE',(12.372615,9.073251,3.757609));
#2360 = FACE_BOUND('NONE',#9769,.T.) ;
#2361 = FACE_OUTER_BOUND('NONE',#12272,.T.) ;
#2362 = SURFACE_STYLE_FILL_AREA(#11970) ;
#2363 = LINE('NONE',#9698,#13564) ;
#2364 =(LENGTH_UNIT() NAMED_UNIT(*) SI_UNIT(.MILLI.,.METRE.));
#2365=CARTESIAN_POINT('NONE',(-5.899604368266,10.665323779815,3.75852549));
#2366 = SURFACE_STYLE_USAGE(.BOTH.,#13159) ;
#2367 = FACE_OUTER_BOUND('NONE',#10189,.T.) ;
#2368 = STYLED_ITEM('NONE',(#10169),#3580) ;
#2369 = VERTEX_POINT('NONE',#1316) ;
#2370 = ORIENTED_EDGE('NONE',*,*,#10567,.T.) ;
#2371 = EDGE_LOOP('NONE',(#4334,#9009,#2615,#14302)) ;
#2372 = ORIENTED_EDGE('NONE',*,*,#8112,.T.) ;
#2373=DIRECTION('NONE',(0.,0.,1.));
#2374 = FILL_AREA_STYLE_COLOUR('',#14534) ;
#2375 = EDGE_CURVE('NONE',#2943,#6767,#14778,.T.) ;
#2376=VECTOR('NONE',#10753,916.49);
#2377=CARTESIAN_POINT('NONE',(-8.441336868224,11.11907286721,3.757609));
#2378 = LINE('NONE',#13246,#2241) ;
#2379 = FILL_AREA_STYLE('',(#15618)) ;
#2380 = EDGE_LOOP('NONE',(#5510,#4014,#11509,#6774)) ;
#2381 = FACE_OUTER_BOUND('NONE',#1927,.T.) ;
#2382=CARTESIAN_POINT('NONE',(-6.138026886995,11.024768120599,3.757609));
#2383=CARTESIAN_POINT('NONE',(-7.72571121652,10.512116389569,3.757609));
#2384=CARTESIAN_POINT('NONE',(12.372615,9.073251,3.757609));
#2385=CARTESIAN_POINT('NONE',(-1.163942299999,10.906231,2.2454005));
#2386 = EDGE_LOOP('NONE',(#7517,#9924,#6648,#15657)) ;
#2387 = ORIENTED_EDGE('NONE',*,*,#16476,.T.) ;
#2388 = ORIENTED_EDGE('NONE',*,*,#3945,.T.) ;
#2389=CARTESIAN_POINT('NONE',(8.9357775,10.906231,2.291225));
#2390 = EDGE_CURVE('NONE',#6702,#10654,#6106,.T.) ;
#2391 =(GEOMETRIC_REPRESENTATION_CONTEXT(3) GLOBAL_UNCERTAINTY_ASSIGNED_CONTEXT((#6848)) GLOBAL_UNIT_ASSIGNED_CONTEXT((#11757,#15857,#2462)) REPRESENTATION_CONTEXT('NONE','WORKASPACE'));
#2392 = ORIENTED_EDGE('NONE',*,*,#7787,.T.) ;
#2393=CARTESIAN_POINT('NONE',(-6.157180734423,10.437955222787,3.757609));
#2394=CARTESIAN_POINT('NONE',(-5.079705347029,10.452249138777,3.75852549));
#2395=CARTESIAN_POINT('NONE',(-5.626781158386,11.360961024704,3.75852549));
#2396=DIRECTION('NONE',(1.,0.,0.));
#2397=CARTESIAN_POINT('NONE',(-4.3166679,10.906231,3.8034335));
#2398 = SURFACE_STYLE_USAGE(.BOTH.,#10759) ;
#2399 = SURFACE_STYLE_USAGE(.BOTH.,#7041) ;
#2400=CARTESIAN_POINT('NONE',(-5.266288597095,10.396788744734,3.75852549));
#2401=CARTESIAN_POINT('NONE',(-5.485843146716,11.31159936815,3.757609));
#2402 = B_SPLINE_SURFACE_WITH_KNOTS('NONE',3,1,((#3186,#7588),(#14758,#1541),(#2632,#11205),(#6163,#14840)),.UNSPECIFIED.,.F.,.F.,.F.,(4,4),(2,2),(2.000000000000,3.000000000000),(0.,1.),.UNSPECIFIED.) ;
#2403=CIRCLE('NONE',#4147,1.2372615);
#2404=CARTESIAN_POINT('NONE',(-5.919329972333,10.483314582863,3.75852549));
#2405=DIRECTION('NONE',(0.,0.,1.));
#2406 = ORIENTED_EDGE('NONE',*,*,#7263,.T.) ;
#2407 = STYLED_ITEM('NONE',(#6739),#11981) ;
#2408 = B_SPLINE_CURVE_WITH_KNOTS('NONE',3,(#16215,#9177,#4059,#12585),.UNSPECIFIED.,.F.,.F.,(4,4),(20.,21.),.UNSPECIFIED.) ;
#2409=CARTESIAN_POINT('NONE',(-8.398929409091,10.967996486784,3.757609));
#2410=UNCERTAINTY_MEASURE_WITH_UNIT(LENGTH_MEASURE(9.164900000000001E-6),#3310,'distance_accuracy_value','NONE');
#2411=CARTESIAN_POINT('NONE',(-5.708351772308,10.356575194414,3.75852549));
#2412 = STYLED_ITEM('NONE',(#4427),#4440) ;
#2413=CARTESIAN_POINT('NONE',(-7.993408248587,10.379592909157,3.75852549));
#2414 = ORIENTED_EDGE('NONE',*,*,#10126,.T.) ;
#2415 = PRESENTATION_LAYER_ASSIGNMENT('','',(#10478)) ;
#2416=CARTESIAN_POINT('NONE',(-5.943248458425,10.669135490747,3.75852549));
#2417=DIRECTION('NONE',(0.338535034314,0.940953787676,0.));
#2418 = LINE('NONE',#1082,#11246) ;
#2419 = MECHANICAL_DESIGN_GEOMETRIC_PRESENTATION_REPRESENTATION('',(#2902),#3912) ;
#2420=CARTESIAN_POINT('NONE',(-5.843095753715,10.663036753257,3.75852549));
#2421 = ORIENTED_EDGE('NONE',*,*,#3701,.F.) ;
#2422=CARTESIAN_POINT('NONE',(10.631284,-10.906231,2.2454005));
#2423 = STYLED_ITEM('NONE',(#14770),#4694) ;
#2424 = ORIENTED_EDGE('NONE',*,*,#2333,.F.) ;
#2425 = MECHANICAL_DESIGN_GEOMETRIC_PRESENTATION_REPRESENTATION('',(#1165),#12484) ;
#2426 = PRESENTATION_LAYER_ASSIGNMENT('','',(#9996)) ;
#2427 = EDGE_CURVE('NONE',#3724,#1653,#1124,.T.) ;
#2428 = COLOUR_RGB('',0.949019607843,0.760784313725,0.180392156862) ;
#2429=UNCERTAINTY_MEASURE_WITH_UNIT(LENGTH_MEASURE(9.164900000000001E-6),#13194,'distance_accuracy_value','NONE');
#2430=CARTESIAN_POINT('NONE',(-7.993408198034,11.047510453699,3.75852549));
#2431 = EDGE_LOOP('NONE',(#7011,#16490,#4373,#16649)) ;
#2432=CARTESIAN_POINT('NONE',(-5.759142820463,10.348951772551,3.75852549));
#2433 = FACE_OUTER_BOUND('NONE',#3938,.T.) ;
#2434=DIRECTION('NONE',(0.,-1.,-3.469446951953000E-16));
#2435 = COLOUR_RGB('',1.,1.,1.) ;
#2436 = LINE('NONE',#6062,#14285) ;
#2437=CARTESIAN_POINT('NONE',(-6.569607857146,10.396788744734,3.75852549));
#2438 = LINE('NONE',#8354,#7457) ;
#2439=DIRECTION('NONE',(-1.,0.,0.));
#2440=AXIS2_PLACEMENT_3D('NONE',#12884,#8322,#1141);
#2441 = LINE('NONE',#16646,#16456) ;
#2442 = EDGE_CURVE('NONE',#15854,#11289,#9831,.T.) ;
#2443=UNCERTAINTY_MEASURE_WITH_UNIT(LENGTH_MEASURE(9.164900000000001E-6),#15317,'distance_accuracy_value','NONE');
#2444=DIRECTION('NONE',(0.,0.,1.));
#2445 = COLOUR_RGB('',1.,1.,1.) ;
#2446 = EDGE_CURVE('NONE',#10895,#8021,#4916,.T.) ;
#2447=DIRECTION('NONE',(0.33152841835,0.943445233083,0.));
#2448 = PRESENTATION_LAYER_ASSIGNMENT('','',(#13224)) ;
#2449 = EDGE_CURVE('NONE',#13546,#14609,#10907,.T.) ;
#2450 = ORIENTED_EDGE('NONE',*,*,#2826,.T.) ;
#2451=CARTESIAN_POINT('NONE',(-5.587520535799,10.663036753257,3.75852549));
#2452 = EDGE_LOOP('NONE',(#13443,#6094,#1113,#15080)) ;
#2453 = ORIENTED_EDGE('NONE',*,*,#7861,.T.) ;
#2454 = ORIENTED_EDGE('NONE',*,*,#7841,.T.) ;
#2455=VECTOR('NONE',#7678,916.49);
#2456=VECTOR('NONE',#1115,916.49);
#2457=AXIS2_PLACEMENT_3D('NONE',#3220,#4635,#10483);
#2458=AXIS2_PLACEMENT_3D('NONE',#15397,#11770,#8457);
#2459=VECTOR('NONE',#6652,916.49);
#2460 = PLANE('NONE',#3951) ;
#2461 = LINE('NONE',#11841,#2456) ;
#2462 =(NAMED_UNIT(*) SI_UNIT($,.STERADIAN.) SOLID_ANGLE_UNIT());
#2463 = SURFACE_STYLE_FILL_AREA(#15537) ;
#2464 =(NAMED_UNIT(*) PLANE_ANGLE_UNIT() SI_UNIT($,.RADIAN.));
#2465 = ORIENTED_EDGE('NONE',*,*,#15449,.T.) ;
#2466=CARTESIAN_POINT('NONE',(-6.298404624412,10.599000009617,3.757609));
#2467 = B_SPLINE_CURVE_WITH_KNOTS('NONE',3,(#14343,#14416,#10794,#6897),.UNSPECIFIED.,.F.,.F.,(4,4),(5.000000000000,6.000000000000),.UNSPECIFIED.) ;
#2468 = SURFACE_SIDE_STYLE('',(#5849)) ;
#2469 =(LENGTH_UNIT() NAMED_UNIT(*) SI_UNIT(.MILLI.,.METRE.));
#2470=CARTESIAN_POINT('NONE',(-6.16699589007,11.367250347742,3.75852549));
#2471 = STYLED_ITEM('NONE',(#13402),#11307) ;
#2472 = MECHANICAL_DESIGN_GEOMETRIC_PRESENTATION_REPRESENTATION('',(#16566),#9775) ;
#2473 = COLOUR_RGB('',1.,1.,1.) ;
#2474=VECTOR('NONE',#10938,916.49);
#2475 = MECHANICAL_DESIGN_GEOMETRIC_PRESENTATION_REPRESENTATION('',(#5225),#9779) ;
#2476 = LINE('NONE',#6802,#3026) ;
#2477 = SURFACE_STYLE_FILL_AREA(#12085) ;
#2479 = EDGE_CURVE('NONE',#16171,#12078,#8554,.T.) ;
#2478 = ORIENTED_EDGE('NONE',*,*,#9170,.F.) ;
#2480 = EDGE_LOOP('NONE',(#14886,#9966,#14559,#15849)) ;
#2481 = EDGE_LOOP('NONE',(#11984,#4616,#14277,#4886)) ;
#2482 = EDGE_CURVE('NONE',#9081,#14592,#13712,.T.) ;
#2483 = VERTEX_POINT('NONE',#12410) ;
#2484 =(NAMED_UNIT(*) PLANE_ANGLE_UNIT() SI_UNIT($,.RADIAN.));
#2485 = STYLED_ITEM('NONE',(#15408),#10579) ;
#2486=VECTOR('NONE',#16487,916.49);
#2487=DIRECTION('NONE',(0.,0.,-1.));
#2488=CARTESIAN_POINT('NONE',(-6.307266852326,11.170375478161,3.75852549));
#2489=CARTESIAN_POINT('NONE',(-4.962781114222,10.587946047917,3.75852549));
#2490=DIRECTION('NONE',(-1.,0.,0.));
#2492 = SURFACE_STYLE_FILL_AREA(#14231) ;
#2491 = PRESENTATION_STYLE_ASSIGNMENT((#10853)) ;
#2493=CARTESIAN_POINT('NONE',(-7.03924069613,10.763910517033,3.75852549));
#2494 = ORIENTED_EDGE('NONE',*,*,#13394,.T.) ;
#2495=CARTESIAN_POINT('NONE',(-5.927334565289,10.489985076993,3.75852549));
#2496 = MECHANICAL_DESIGN_GEOMETRIC_PRESENTATION_REPRESENTATION('',(#16082),#5221) ;
#2497=CARTESIAN_POINT('NONE',(-5.215497548943,11.360961024704,3.757609));
#2498 = ORIENTED_EDGE('NONE',*,*,#7297,.T.) ;
#2499 = SURFACE_STYLE_USAGE(.BOTH.,#15897) ;
#2500 = FILL_AREA_STYLE_COLOUR('',#16208) ;
#2501 = LINE('NONE',#8640,#7999) ;
#2502 = FACE_OUTER_BOUND('NONE',#15508,.T.) ;
#2503=VECTOR('NONE',#2898,916.49);
#2504=CARTESIAN_POINT('NONE',(12.372615,-4.674098999999,3.757609));
#2505 = VERTEX_POINT('NONE',#2493) ;
#2506 = PRESENTATION_STYLE_ASSIGNMENT((#6116)) ;
#2507 = LINE('NONE',#14560,#13107) ;
#2508=CARTESIAN_POINT('NONE',(-7.993408248587,10.379592909157,3.757609));
#2509 = STYLED_ITEM('NONE',(#8083),#8658) ;
#2510=DIRECTION('NONE',(0.,0.,-1.));
#2511 = FILL_AREA_STYLE_COLOUR('',#12326) ;
#2512=DIRECTION('NONE',(0.389758265065,0.920917203017,0.));
#2513 = B_SPLINE_SURFACE_WITH_KNOTS('NONE',3,1,((#15142,#8286),(#7162,#3841),(#8799,#2677),(#13626,#2301)),.UNSPECIFIED.,.F.,.F.,.F.,(4,4),(2,2),(5.000000000000,6.000000000000),(0.,1.),.UNSPECIFIED.) ;
#2514 = FACE_OUTER_BOUND('NONE',#3726,.T.) ;
#2515 = VERTEX_POINT('NONE',#3892) ;
#2516 = EDGE_CURVE('NONE',#2163,#5296,#12338,.T.) ;
#2517 = EDGE_CURVE('NONE',#2515,#15995,#15961,.T.) ;
#2518 = PRESENTATION_LAYER_ASSIGNMENT('','',(#7030)) ;
#2519 = ORIENTED_EDGE('NONE',*,*,#15243,.F.) ;
#2520 = STYLED_ITEM('NONE',(#15514),#8906) ;
#2521 = FACE_OUTER_BOUND('NONE',#7735,.T.) ;
#2522 =(NAMED_UNIT(*) PLANE_ANGLE_UNIT() SI_UNIT($,.RADIAN.));
#2523 = VERTEX_POINT('NONE',#8631) ;
#2524=CARTESIAN_POINT('NONE',(-5.981746738827,10.564504025693,3.75852549));
#2525 = PLANE('NONE',#11329) ;
#2526=VECTOR('NONE',#8006,916.49);
#2527=CARTESIAN_POINT('NONE',(-5.053213956059,10.478168773108,3.75852549));
#2528=CARTESIAN_POINT('NONE',(-5.970406898808,10.428616531006,3.75852549));
#2529=CARTESIAN_POINT('NONE',(-6.521485006643,10.607385773666,3.757609));
#2530=CARTESIAN_POINT('NONE',(-5.16184771759,10.726692325804,3.757609));
#2531=CARTESIAN_POINT('NONE',(-6.046926995746,10.59118600221,3.75852549));
#2532=CARTESIAN_POINT('NONE',(12.372615,-8.340058999999,4.399152));
#2533 = PRESENTATION_LAYER_ASSIGNMENT('','',(#16617)) ;
#2534 = PRESENTATION_STYLE_ASSIGNMENT((#13327)) ;
#2535 = EDGE_CURVE('NONE',#4483,#9943,#16524,.T.) ;
#2536 = EDGE_LOOP('NONE',(#15399,#13643,#3162,#2786,#15456,#7295)) ;
#2537 =(NAMED_UNIT(*) SI_UNIT($,.STERADIAN.) SOLID_ANGLE_UNIT());
#2538 = ORIENTED_EDGE('NONE',*,*,#4923,.F.) ;
#2539 = ADVANCED_FACE('NONE',(#13601),#1622,.F.) ;
#2540 = VERTEX_POINT('NONE',#11455) ;
#2541 = EDGE_CURVE('NONE',#3459,#4707,#8636,.T.) ;
#2542=VECTOR('NONE',#12355,916.49);
#2543 = COLOUR_RGB('',1.,1.,1.) ;
#2544 = ORIENTED_EDGE('NONE',*,*,#14180,.T.) ;
#2545 = MECHANICAL_DESIGN_GEOMETRIC_PRESENTATION_REPRESENTATION('',(#13364),#10848) ;
#2546 = EDGE_CURVE('NONE',#16583,#10690,#1777,.T.) ;
#2547 = FILL_AREA_STYLE_COLOUR('',#12013) ;
#2548 = B_SPLINE_SURFACE_WITH_KNOTS('NONE',3,1,((#10379,#7776),(#3039,#7922),(#14877,#16050),(#12718,#11316)),.UNSPECIFIED.,.F.,.F.,.F.,(4,4),(2,2),(24.000000000000,25.000000000000),(0.,1.),.UNSPECIFIED.) ;
#2549=CARTESIAN_POINT('NONE',(-4.962781114222,10.587946047917,3.757609));
#2550 =(NAMED_UNIT(*) PLANE_ANGLE_UNIT() SI_UNIT($,.RADIAN.));
#2551=DIRECTION('NONE',(0.,0.,1.));
#2552 = EDGE_LOOP('NONE',(#3534,#11968,#15890,#8756)) ;
#2553=CARTESIAN_POINT('NONE',(-8.075572640625,11.240994293262,3.75852549));
#2554 = STYLED_ITEM('NONE',(#16599),#1496) ;
#2555=CARTESIAN_POINT('NONE',(-3.033581899999,10.906231,3.8034335));
#2556=CARTESIAN_POINT('NONE',(-7.890040101705,10.427301370193,3.75852549));
#2557 = SURFACE_STYLE_FILL_AREA(#2702) ;
#2558 = MECHANICAL_DESIGN_GEOMETRIC_PRESENTATION_REPRESENTATION('',(#13883),#14636) ;
#2559=CARTESIAN_POINT('NONE',(-6.157180734423,10.396788744734,3.75852549));
#2560 = LINE('NONE',#12320,#8575) ;
#2561 = ADVANCED_FACE('NONE',(#13983,#16422),#4032,.F.) ;
#2562 = ORIENTED_EDGE('NONE',*,*,#1507,.F.) ;
#2563 = ORIENTED_EDGE('NONE',*,*,#10777,.F.) ;
#2564 = ORIENTED_EDGE('NONE',*,*,#2983,.F.) ;
#2565 = PRESENTATION_LAYER_ASSIGNMENT('','',(#1793)) ;
#2566 =(LENGTH_UNIT() NAMED_UNIT(*) SI_UNIT(.MILLI.,.METRE.));
#2567 = ORIENTED_EDGE('NONE',*,*,#7535,.T.) ;
#2568=VECTOR('NONE',#2649,916.49);
#2569 = STYLED_ITEM('NONE',(#10082),#16124) ;
#2570 = EDGE_CURVE('NONE',#2353,#15816,#5310,.T.) ;
#2571 = SURFACE_SIDE_STYLE('',(#12008)) ;
#2572 = PRESENTATION_STYLE_ASSIGNMENT((#12330)) ;
#2573=CARTESIAN_POINT('NONE',(-6.22788797219,10.428807116553,3.75852549));
#2574 = SURFACE_STYLE_USAGE(.BOTH.,#10847) ;
#2575 = PLANE('NONE',#14726) ;
#2576 = STYLED_ITEM('NONE',(#12471),#9738) ;
#2577 = PLANE('NONE',#1168) ;
#2578=CARTESIAN_POINT('NONE',(-7.447412332308,10.477660256352,3.757609));
#2579=DIRECTION('NONE',(0.,0.,1.));
#2580=CARTESIAN_POINT('NONE',(-6.177192216809,10.45053386886,3.757609));
#2581 =(GEOMETRIC_REPRESENTATION_CONTEXT(3) GLOBAL_UNCERTAINTY_ASSIGNED_CONTEXT((#13940)) GLOBAL_UNIT_ASSIGNED_CONTEXT((#8122,#4390,#2346)) REPRESENTATION_CONTEXT('NONE','WORKASPACE'));
#2582 = ORIENTED_EDGE('NONE',*,*,#14684,.F.) ;
#2583 = ADVANCED_FACE('NONE',(#4342),#14933,.T.) ;
#2584 = PLANE('NONE',#10298) ;
#2585 = VERTEX_POINT('NONE',#15229) ;
#2586=CARTESIAN_POINT('NONE',(-5.833471183615,10.275195166038,3.75852549));
#2587 = SURFACE_STYLE_FILL_AREA(#6275) ;
#2588=DIRECTION('NONE',(0.,0.,-1.));
#2589 = SURFACE_STYLE_USAGE(.BOTH.,#14557) ;
#2590=DIRECTION('NONE',(0.,0.,-1.));
#2591 = VERTEX_POINT('NONE',#6009) ;
#2592 = ADVANCED_FACE('NONE',(#8214),#10593,.F.) ;
#2593 = FACE_OUTER_BOUND('NONE',#8465,.T.) ;
#2594=CARTESIAN_POINT('NONE',(-5.159941862124,10.769574073776,3.757609));
#2595=DIRECTION('NONE',(-0.819152044289,-0.573576436351,0.));
#2596 =(NAMED_UNIT(*) SI_UNIT($,.STERADIAN.) SOLID_ANGLE_UNIT());
#2597 =(NAMED_UNIT(*) SI_UNIT($,.STERADIAN.) SOLID_ANGLE_UNIT());
#2598 =(NAMED_UNIT(*) PLANE_ANGLE_UNIT() SI_UNIT($,.RADIAN.));
#2599 = ORIENTED_EDGE('NONE',*,*,#14198,.T.) ;
#2600 = FACE_OUTER_BOUND('NONE',#16336,.T.) ;
#2601 = ORIENTED_EDGE('NONE',*,*,#12534,.T.) ;
#2602=UNCERTAINTY_MEASURE_WITH_UNIT(LENGTH_MEASURE(9.164900000000001E-6),#6319,'distance_accuracy_value','NONE');
#2603 = FILL_AREA_STYLE_COLOUR('',#5701) ;
#2604 = ORIENTED_EDGE('NONE',*,*,#7160,.T.) ;
#2605 = PLANE('NONE',#11585) ;
#2606=CARTESIAN_POINT('NONE',(-5.319938428449,11.090138963065,3.75852549));
#2607 =(LENGTH_UNIT() NAMED_UNIT(*) SI_UNIT(.MILLI.,.METRE.));
#2608 =(LENGTH_UNIT() NAMED_UNIT(*) SI_UNIT(.MILLI.,.METRE.));
#2609 = SURFACE_STYLE_FILL_AREA(#1349) ;
#2610=DIRECTION('NONE',(0.,-1.,0.));
#2611 = B_SPLINE_CURVE_WITH_KNOTS('NONE',3,(#1924,#6694,#16342,#5535),.UNSPECIFIED.,.F.,.F.,(4,4),(0.,1.),.UNSPECIFIED.) ;
#2612 = EDGE_LOOP('NONE',(#13353,#3740,#3965,#5925)) ;
#2613=CARTESIAN_POINT('NONE',(-6.986231384852,11.066063581208,3.75852549));
#2614 = ORIENTED_EDGE('NONE',*,*,#4610,.T.) ;
#2615 = ORIENTED_EDGE('NONE',*,*,#3671,.T.) ;
#2616 = MECHANICAL_DESIGN_GEOMETRIC_PRESENTATION_REPRESENTATION('',(#4336),#11408) ;
#2617 = ORIENTED_EDGE('NONE',*,*,#11392,.T.) ;
#2618 = SURFACE_STYLE_USAGE(.BOTH.,#8600) ;
#2619=CARTESIAN_POINT('NONE',(-4.962781114222,10.587946047917,3.75852549));
#2620 = EDGE_CURVE('NONE',#11857,#5380,#4112,.T.) ;
#2621 = SURFACE_SIDE_STYLE('',(#7498)) ;
#2622 = LINE('NONE',#5129,#3635) ;
#2623 = EDGE_LOOP('NONE',(#4366,#16234,#2750,#3874)) ;
#2624 = ADVANCED_FACE('NONE',(#5923,#3248),#6936,.F.) ;
#2625 = STYLED_ITEM('NONE',(#9130),#3226) ;
#2626=CARTESIAN_POINT('NONE',(-5.521101472827,11.283011536168,3.75852549));
#2627=CARTESIAN_POINT('NONE',(-5.998804145243,10.595378884234,3.75852549));
#2630=CARTESIAN_POINT('NONE',(-5.179572173419,11.132258368852,3.75852549));
#2629 = PRESENTATION_LAYER_ASSIGNMENT('','',(#15194)) ;
#2628=DIRECTION('NONE',(0.34160383069,-0.939844041774,0.));
#2631=DIRECTION('NONE',(0.,-1.,0.));
#2632=CARTESIAN_POINT('NONE',(-5.103433247574,10.769574073776,3.75852549));
#2633 = ORIENTED_EDGE('NONE',*,*,#9285,.F.) ;
#2634 = VERTEX_POINT('NONE',#3629) ;
#2635 = ORIENTED_EDGE('NONE',*,*,#16605,.T.) ;
#2636=CARTESIAN_POINT('NONE',(-5.708637650627,10.462540758292,3.75852549));
#2637 = ORIENTED_EDGE('NONE',*,*,#13754,.F.) ;
#2638 =(GEOMETRIC_REPRESENTATION_CONTEXT(3) GLOBAL_UNCERTAINTY_ASSIGNED_CONTEXT((#15343)) GLOBAL_UNIT_ASSIGNED_CONTEXT((#14966,#4143,#8953)) REPRESENTATION_CONTEXT('NONE','WORKASPACE'));
#2639 = COLOUR_RGB('',1.,1.,1.) ;
#2640 = ADVANCED_FACE('NONE',(#7271),#15673,.F.) ;
#2641 = LINE('NONE',#1465,#13775) ;
#2642 = FILL_AREA_STYLE_COLOUR('',#16544) ;
#2643 = EDGE_CURVE('NONE',#4890,#11363,#6168,.T.) ;
#2644 = B_SPLINE_SURFACE_WITH_KNOTS('NONE',3,1,((#15162,#16427),(#15405,#9159),(#8155,#9329),(#12875,#11860)),.UNSPECIFIED.,.F.,.F.,.F.,(4,4),(2,2),(4.000000000000,5.000000000000),(0.,1.),.UNSPECIFIED.) ;
#2645=UNCERTAINTY_MEASURE_WITH_UNIT(LENGTH_MEASURE(9.164900000000001E-6),#14677,'distance_accuracy_value','NONE');
#2646 =(LENGTH_UNIT() NAMED_UNIT(*) SI_UNIT(.MILLI.,.METRE.));
#2647=DIRECTION('NONE',(0.,1.,0.));
#2648=DIRECTION('NONE',(-0.9910683663,-0.133354764893,0.));
#2649=DIRECTION('NONE',(0.,-1.,0.));
#2650 = FILL_AREA_STYLE('',(#5308)) ;
#2651=CARTESIAN_POINT('NONE',(-6.166519426202,11.323796843128,3.75852549));
#2652 = ORIENTED_EDGE('NONE',*,*,#1453,.F.) ;
#2653=VECTOR('NONE',#8601,916.49);
#2654 = VERTEX_POINT('NONE',#15920) ;
#2655 = EDGE_CURVE('NONE',#13484,#6269,#1266,.T.) ;
#2656 = PLANE('NONE',#3975) ;
#2657 = ORIENTED_EDGE('NONE',*,*,#1378,.F.) ;
#2658=DIRECTION('NONE',(0.,1.,0.));
#2659 =(NAMED_UNIT(*) SI_UNIT($,.STERADIAN.) SOLID_ANGLE_UNIT());
#2660=CARTESIAN_POINT('NONE',(-6.909367843055,10.583678878908,3.757609));
#2661 = LINE('NONE',#5097,#12813) ;
#2662 = VERTEX_POINT('NONE',#7326) ;
#2663=CARTESIAN_POINT('NONE',(-5.493466568576,11.095284772822,3.757609));
#2664 = FILL_AREA_STYLE('',(#7377)) ;
#2665 = SURFACE_STYLE_FILL_AREA(#13459) ;
#2666 = COLOUR_RGB('',1.,1.,1.) ;
#2667 = LINE('NONE',#7616,#2542) ;
#2668 = B_SPLINE_CURVE_WITH_KNOTS('NONE',3,(#6104,#15797,#9658,#1229),.UNSPECIFIED.,.F.,.F.,(4,4),(16.000000000000,17.000000000000),.UNSPECIFIED.) ;
#2669 = FILL_AREA_STYLE('',(#2511)) ;
#2670 = FACE_OUTER_BOUND('NONE',#8051,.T.) ;
#2671=CARTESIAN_POINT('NONE',(-4.962781114222,10.587946047917,3.757609));
#2672 = EDGE_LOOP('NONE',(#2119,#5356,#12970,#4324)) ;
#2673 = ORIENTED_EDGE('NONE',*,*,#4699,.T.) ;
#2674 = EDGE_CURVE('NONE',#16013,#3893,#13477,.T.) ;
#2675=VECTOR('NONE',#13779,916.49);
#2676 = LINE('NONE',#11251,#16676) ;
#2677=CARTESIAN_POINT('NONE',(-5.523293206613,11.005518980399,3.757609));
#2678=CARTESIAN_POINT('NONE',(-5.3557685112,10.988175695663,3.75852549));
#2679 = ORIENTED_EDGE('NONE',*,*,#16108,.T.) ;
#2680 = SURFACE_STYLE_FILL_AREA(#6439) ;
#2681=CARTESIAN_POINT('NONE',(-7.911243755441,10.753308765996,3.75852549));
#2682=DIRECTION('NONE',(-1.,0.,0.));
#2683 =(NAMED_UNIT(*) PLANE_ANGLE_UNIT() SI_UNIT($,.RADIAN.));
#2684=CIRCLE('NONE',#7180,0.824841);
#2685=CARTESIAN_POINT('NONE',(-5.95592239727,11.198772724595,3.75852549));
#2686 = COLOUR_RGB('',1.,1.,1.) ;
#2687 = FILL_AREA_STYLE('',(#14590)) ;
#2688 = EDGE_LOOP('NONE',(#9702,#3394,#12238,#14253)) ;
#2689=AXIS2_PLACEMENT_3D('NONE',#3177,#12947,#4600);
#2690 = COLOUR_RGB('',0.843137254901,0.815686274509,0.752941176470) ;
#2691 = VERTEX_POINT('NONE',#10963) ;
#2692 = SURFACE_STYLE_USAGE(.BOTH.,#8526) ;
#2693=DIRECTION('NONE',(1.,0.,0.));
#2694 =(NAMED_UNIT(*) SI_UNIT($,.STERADIAN.) SOLID_ANGLE_UNIT());
#2695=DIRECTION('NONE',(0.,0.,-1.));
#2696 = LINE('NONE',#15859,#9705) ;
#2697 = ORIENTED_EDGE('NONE',*,*,#5845,.F.) ;
#2698=VECTOR('NONE',#14750,916.49);
#2699=VECTOR('NONE',#4621,916.49);
#2700 = SURFACE_SIDE_STYLE('',(#13252)) ;
#2701=CARTESIAN_POINT('NONE',(-9.163813426757,-3.301001380297,21.407686738066));
#2702 = FILL_AREA_STYLE('',(#1449)) ;
#2704 = FACE_BOUND('NONE',#16326,.T.) ;
#2703=CARTESIAN_POINT('NONE',(-5.975171537472,10.627969012692,3.757609));
#2705=CARTESIAN_POINT('NONE',(-5.053213956059,10.478168773108,3.757609));
#2706 = LINE('NONE',#5206,#7309) ;
#2707 = VERTEX_POINT('NONE',#5045) ;
#2708 = ORIENTED_EDGE('NONE',*,*,#13625,.F.) ;
#2709 = ORIENTED_EDGE('NONE',*,*,#1805,.T.) ;
#2710 =(GEOMETRIC_REPRESENTATION_CONTEXT(3) GLOBAL_UNCERTAINTY_ASSIGNED_CONTEXT((#5170)) GLOBAL_UNIT_ASSIGNED_CONTEXT((#3390,#3551,#14146)) REPRESENTATION_CONTEXT('NONE','WORKASPACE'));

#2712 = STYLED_ITEM('NONE',(#8238),#2256) ;
#2713 = ORIENTED_EDGE('NONE',*,*,#16122,.F.) ;
#2714=VECTOR('NONE',#8429,916.49);
#2715=DIRECTION('NONE',(-0.939844041777,-0.341603830681,0.));
#2716=CARTESIAN_POINT('NONE',(-5.883023425717,10.513236513673,3.75852549));
#2717=CARTESIAN_POINT('NONE',(-6.078659489245,11.049734827198,3.75852549));
#2718 = SURFACE_SIDE_STYLE('',(#2859)) ;
#2719 = LINE('NONE',#3809,#16014) ;
#2720 = MECHANICAL_DESIGN_GEOMETRIC_PRESENTATION_REPRESENTATION('',(#8256),#7510) ;
#2721 = COLOUR_RGB('',0.843137254901,0.815686274509,0.752941176470) ;
#2722=CARTESIAN_POINT('NONE',(-5.733127893359,11.360961024704,3.757609));
#2723=DIRECTION('NONE',(0.,1.,0.));
#2724=CARTESIAN_POINT('NONE',(-6.211116444094,10.631208966985,3.75852549));
#2725=CARTESIAN_POINT('NONE',(-5.984605522025,10.621298518563,3.757609));
#2726=DIRECTION('NONE',(0.,0.,1.));
#2727=CARTESIAN_POINT('NONE',(-5.713402289293,10.445959815743,3.75852549));
#2728 = ORIENTED_EDGE('NONE',*,*,#7917,.F.) ;
#2729 = ORIENTED_EDGE('NONE',*,*,#4057,.F.) ;
#2730=CARTESIAN_POINT('NONE',(-8.075572640625,11.240994293262,3.757609));
#2731 = EDGE_CURVE('NONE',#8360,#10800,#8662,.T.) ;
#2732 = MECHANICAL_DESIGN_GEOMETRIC_PRESENTATION_REPRESENTATION('',(#11035),#3428) ;
#2733 = VERTEX_POINT('NONE',#15748) ;
#2734 = STYLED_ITEM('NONE',(#3267),#14209) ;
#2735=VECTOR('NONE',#1136,916.49);
#2736 = STYLED_ITEM('NONE',(#4525),#2823) ;
#2737=UNCERTAINTY_MEASURE_WITH_UNIT(LENGTH_MEASURE(9.164900000000001E-6),#5864,'distance_accuracy_value','NONE');
#2738 = SURFACE_STYLE_FILL_AREA(#7298) ;
#2739 = FACE_BOUND('NONE',#8577,.T.) ;
#2740 = EDGE_CURVE('NONE',#3479,#13651,#14643,.T.) ;
#2741 = FACE_OUTER_BOUND('NONE',#12618,.T.) ;
#2742 = ADVANCED_FACE('NONE',(#4208),#9695,.F.) ;
#2743=CARTESIAN_POINT('NONE',(-5.498939999999,-12.49459610429,3.076571557153));
#2744 = PRESENTATION_LAYER_ASSIGNMENT('','',(#1990)) ;
#2745=AXIS2_PLACEMENT_3D('NONE',#12986,#4476,#6904);
#2746 = FACE_OUTER_BOUND('NONE',#15966,.T.) ;
#2747=CARTESIAN_POINT('NONE',(-8.359172425633,11.201237309804,3.75852549));
#2748 =(NAMED_UNIT(*) PLANE_ANGLE_UNIT() SI_UNIT($,.RADIAN.));
#2749 = SURFACE_SIDE_STYLE('',(#6123)) ;
#2750 = ORIENTED_EDGE('NONE',*,*,#2755,.F.) ;
#2751 = PRESENTATION_LAYER_ASSIGNMENT('','',(#3977)) ;
#2752=CARTESIAN_POINT('NONE',(-6.301549285929,10.411463831817,3.75852549));
#2753=CARTESIAN_POINT('NONE',(-5.785634211432,10.31140641988,3.757609));
#2754=CARTESIAN_POINT('NONE',(-5.537205951509,10.769574073776,3.75852549));
#2755 = EDGE_CURVE('NONE',#6348,#3429,#1305,.T.) ;
#2756 = EDGE_CURVE('NONE',#13317,#2515,#14494,.T.) ;
#2757=CARTESIAN_POINT('NONE',(-6.307266852326,11.170375478161,3.75852549));
#2758=CARTESIAN_POINT('NONE',(-6.295069377348,11.090329548612,3.757609));
#2759=CARTESIAN_POINT('NONE',(-5.013381576833,10.586611949093,3.75852549));
#2760 = FILL_AREA_STYLE_COLOUR('',#6225) ;
#2761 =(NAMED_UNIT(*) SI_UNIT($,.STERADIAN.) SOLID_ANGLE_UNIT());
#2762 = FILL_AREA_STYLE('',(#1587)) ;
#2763 =(LENGTH_UNIT() NAMED_UNIT(*) SI_UNIT(.MILLI.,.METRE.));
#2764 = SURFACE_SIDE_STYLE('',(#14967)) ;
#2765=DIRECTION('NONE',(0.,0.,-1.));
#2766 = ORIENTED_EDGE('NONE',*,*,#15837,.F.) ;
#2767 = EDGE_CURVE('NONE',#3679,#3937,#15329,.T.) ;
#2768 = PRESENTATION_LAYER_ASSIGNMENT('','',(#9549)) ;
#2769 = B_SPLINE_SURFACE_WITH_KNOTS('NONE',3,3,((#13293,#15813,#5322,#1789,#10375,#6710,#10065,#16270,#5546,#14871,#16129,#9161,#10146,#9089,#15013,#16199,#14940,#13925,#15164),(#3036,#12714,#4117,#2877,#5386,#8932,#7770,#13758,#1705,#4201,#1936,#15094,#7847,#4352,#10212,#9018,#13848,#16045,#5469),(#12566,#12649,#6567,#6491,#1861,#3106,#1630,#4278,#2809,#7686,#5242,#11463,#11390,#7918,#10302,#6630,#11543,#7609,#16353),(#12416,#6421,#11231,#4040,#2954,#8855,#13677,#12482,#11312,#16678,#2246,#15478,#3170,#3257,#14079,#7036,#3402,#4517,#11861)),.UNSPECIFIED.,.F.,.F.,.F.,(4,4),(4,1,1,1,1,1,1,1,1,1,1,1,1,1,1,1,4),(0.004132231404,0.500000000000),(0.,0.079394588438,0.151958790294,0.218848064049,0.281050642909,0.339424412065,0.394771809651,0.447951040604,0.499999999999,0.552048959395,0.605228190348,0.660575587934,0.718949357090,0.781151935950,0.848041209705,0.920605411561,1.),.UNSPECIFIED.) ;
#2770 = VERTEX_POINT('NONE',#16437) ;
#2771=VECTOR('NONE',#12803,916.49);
#2772 = SURFACE_SIDE_STYLE('',(#13566)) ;
#2773 = FACE_OUTER_BOUND('NONE',#7199,.T.) ;
#2774 = FILL_AREA_STYLE('',(#9164)) ;
#2775 = FILL_AREA_STYLE_COLOUR('',#8279) ;
#2776 = ORIENTED_EDGE('NONE',*,*,#13417,.T.) ;
#2777=DIRECTION('NONE',(0.,0.,1.));
#2778=CARTESIAN_POINT('NONE',(-5.893505630776,10.525052817558,3.75852549));
#2779=DIRECTION('NONE',(0.,0.,1.));
#2781 =(NAMED_UNIT(*) SI_UNIT($,.STERADIAN.) SOLID_ANGLE_UNIT());
#2780=CARTESIAN_POINT('NONE',(-10.631284,10.906231,3.8034335));
#2782 = SURFACE_SIDE_STYLE('',(#2847)) ;
#2783 = FACE_OUTER_BOUND('NONE',#12857,.T.) ;
#2784 = ORIENTED_EDGE('NONE',*,*,#14106,.T.) ;
#2785 = ORIENTED_EDGE('NONE',*,*,#1945,.F.) ;
#2786 = ORIENTED_EDGE('NONE',*,*,#1996,.F.) ;
#2787 = COLOUR_RGB('',1.,1.,1.) ;
#2788=PRODUCT_CONTEXT('NONE',#2,'mechanical');
#2789 = ORIENTED_EDGE('NONE',*,*,#5339,.F.) ;
#2790 = PRESENTATION_STYLE_ASSIGNMENT((#14848)) ;
#2791 =(LENGTH_UNIT() NAMED_UNIT(*) SI_UNIT(.MILLI.,.METRE.));
#2792 = FILL_AREA_STYLE_COLOUR('',#3618) ;
#2793=CARTESIAN_POINT('NONE',(-7.72571121652,10.512116389569,3.75852549));
#2794=CARTESIAN_POINT('NONE',(-10.631284,-10.906231,2.2454005));
#2795=DIRECTION('NONE',(0.,0.,-1.));
#2796=DIRECTION('NONE',(-0.338535034314,-0.940953787676,0.));
#2797 = FACE_OUTER_BOUND('NONE',#2941,.T.) ;
#2799 = FACE_BOUND('NONE',#12771,.T.) ;
#2798=CARTESIAN_POINT('NONE',(-5.975171537472,10.627969012692,3.757609));
#2800 = COLOUR_RGB('',1.,1.,1.) ;
#2801=CARTESIAN_POINT('NONE',(-5.026627272316,10.503897821893,3.757609));
#2802 = ORIENTED_EDGE('NONE',*,*,#10626,.F.) ;
#2803 = ORIENTED_EDGE('NONE',*,*,#6797,.T.) ;
#2804=ADVANCED_BREP_SHAPE_REPRESENTATION('OLED-TH_L27.8-W27.2-P2.54_C9900033791',(#10277,#9584),#14634);
#2805 = PRESENTATION_LAYER_ASSIGNMENT('','',(#7318)) ;
#2806 = B_SPLINE_CURVE_WITH_KNOTS('NONE',3,(#5901,#2365,#6065,#14352),.UNSPECIFIED.,.F.,.F.,(4,4),(8.000000000000,9.000000000000),.UNSPECIFIED.) ;
#2807 = VERTEX_POINT('NONE',#2023) ;
#2808 =(GEOMETRIC_REPRESENTATION_CONTEXT(3) GLOBAL_UNCERTAINTY_ASSIGNED_CONTEXT((#10797)) GLOBAL_UNIT_ASSIGNED_CONTEXT((#16685,#7114,#8772)) REPRESENTATION_CONTEXT('NONE','WORKASPACE'));
#2809=CARTESIAN_POINT('NONE',(-1.832979999999,-12.494576897954,3.503826642846));
#2810 = LINE('NONE',#7610,#11782) ;
#2811 =(NAMED_UNIT(*) SI_UNIT($,.STERADIAN.) SOLID_ANGLE_UNIT());
#2812=CARTESIAN_POINT('NONE',(-6.033681300261,10.549066596423,3.75852549));
#2813 = EDGE_CURVE('NONE',#16465,#2031,#11783,.T.) ;
#2814 = STYLED_ITEM('NONE',(#14936),#16321) ;
#2815 = ADVANCED_FACE('NONE',(#6799),#4126,.F.) ;
#2816=CARTESIAN_POINT('NONE',(-7.436810429611,10.848725536406,3.75852549));
#2817 = SURFACE_STYLE_FILL_AREA(#7307) ;
#2818 = PLANE('NONE',#7108) ;
#2819=UNCERTAINTY_MEASURE_WITH_UNIT(LENGTH_MEASURE(9.164900000000001E-6),#11026,'distance_accuracy_value','NONE');
#2820=CARTESIAN_POINT('NONE',(-5.3557685112,10.56469461124,3.75852549));
#2821 = ORIENTED_EDGE('NONE',*,*,#12473,.F.) ;
#2822 = PRESENTATION_STYLE_ASSIGNMENT((#15163)) ;
#2823 = ADVANCED_FACE('NONE',(#13856),#1867,.F.) ;
#2824=CARTESIAN_POINT('NONE',(0.339101299999,10.906231,2.291225));
#2825 = FILL_AREA_STYLE_COLOUR('',#1940) ;
#2826 = EDGE_CURVE('NONE',#13145,#13970,#16064,.T.) ;
#2827 = ORIENTED_EDGE('NONE',*,*,#3337,.T.) ;
#2828=CARTESIAN_POINT('NONE',(-5.685005042854,11.030676272542,3.75852549));
#2829=CARTESIAN_POINT('NONE',(-5.95592239727,11.156081562169,3.757609));
#2830 =(LENGTH_UNIT() NAMED_UNIT(*) SI_UNIT(.MILLI.,.METRE.));
#2831=CARTESIAN_POINT('NONE',(-6.175191068571,10.631208966985,3.757609));
#2832 = FILL_AREA_STYLE_COLOUR('',#8404) ;
#2833 = FILL_AREA_STYLE_COLOUR('',#2473) ;
#2834 = FACE_OUTER_BOUND('NONE',#5113,.T.) ;
#2835 = PRESENTATION_STYLE_ASSIGNMENT((#15994)) ;
#2836 = ORIENTED_EDGE('NONE',*,*,#6610,.T.) ;
#2837 = ADVANCED_FACE('NONE',(#13998),#3180,.F.) ;
#2838 = PRODUCT_RELATED_PRODUCT_CATEGORY('part','',(#4790)) ;
#2839 = ORIENTED_EDGE('NONE',*,*,#10074,.T.) ;
#2840=CARTESIAN_POINT('NONE',(-5.893505630776,10.525052817558,3.757609));
#2842 = B_SPLINE_CURVE_WITH_KNOTS('NONE',3,(#10923,#3637,#5005,#8469),.UNSPECIFIED.,.F.,.F.,(4,4),(5.000000000000,6.000000000000),.UNSPECIFIED.) ;
#2841=DIRECTION('NONE',(0.,1.,0.));
#2843 = EDGE_LOOP('NONE',(#5966,#11427,#4344,#5365)) ;
#2844=CARTESIAN_POINT('NONE',(-6.047212874065,10.406127436515,3.75852549));
#2845=CARTESIAN_POINT('NONE',(-5.8673954109,10.46921125242,3.757609));
#2846 = FACE_OUTER_BOUND('NONE',#11514,.T.) ;
#2847 = SURFACE_STYLE_FILL_AREA(#12456) ;
#2848 = FILL_AREA_STYLE_COLOUR('',#3786) ;
#2849=VECTOR('NONE',#4794,916.49);
#2850 = ORIENTED_EDGE('NONE',*,*,#15160,.T.) ;
#2851 = ORIENTED_EDGE('NONE',*,*,#5600,.F.) ;
#2852 = ORIENTED_EDGE('NONE',*,*,#2674,.T.) ;
#2853 = EDGE_LOOP('NONE',(#12939,#10297,#9508,#13425)) ;
#2854 = ADVANCED_FACE('NONE',(#8235),#12440,.F.) ;
#2855 = ADVANCED_FACE('NONE',(#1139),#9822,.F.) ;
#2856=CARTESIAN_POINT('NONE',(-9.163813426757,-3.301001380297,2.1812462));
#2857 = STYLED_ITEM('NONE',(#11060),#3196) ;
#2858 = PRESENTATION_LAYER_ASSIGNMENT('','',(#7129)) ;
#2859 = SURFACE_STYLE_FILL_AREA(#13508) ;
#2860=CARTESIAN_POINT('NONE',(-5.019003850454,10.720212417221,3.757609));
#2861 = SURFACE_STYLE_FILL_AREA(#13742) ;
#2862=CARTESIAN_POINT('NONE',(-5.733127893359,10.988175695663,3.75852549));
#2864 = LINE('NONE',#5153,#5239) ;
#2863 = SURFACE_STYLE_FILL_AREA(#13598) ;
#2865=CYLINDRICAL_SURFACE('NONE',#14533,1.6955065);
#2866 = SURFACE_STYLE_USAGE(.BOTH.,#15085) ;
#2867 = EDGE_LOOP('NONE',(#12517,#7665,#15176,#10267)) ;
#2868 = EDGE_CURVE('NONE',#2976,#11517,#3458,.T.) ;
#2869 = EDGE_LOOP('NONE',(#1162,#4835,#15808,#9646,#13428,#3102,#14670)) ;
#2870=CARTESIAN_POINT('NONE',(-6.235320808505,10.981886372627,3.757609));
#2871=VECTOR('NONE',#13077,916.49);
#2872 = B_SPLINE_CURVE_WITH_KNOTS('NONE',3,(#8809,#8881,#16078,#9939),.UNSPECIFIED.,.F.,.F.,(4,4),(19.000000000000,20.),.UNSPECIFIED.) ;
#2873 = EDGE_LOOP('NONE',(#11171,#8928,#10111,#4034)) ;
#2874=CARTESIAN_POINT('NONE',(-8.242552026762,10.400796815662,3.75852549));
#2875=UNCERTAINTY_MEASURE_WITH_UNIT(LENGTH_MEASURE(9.164900000000001E-6),#3911,'distance_accuracy_value','NONE');
#2876 = ADVANCED_FACE('NONE',(#13599,#2799),#10054,.F.) ;
#2877=CARTESIAN_POINT('NONE',(1.83298,-11.696326672842,4.31599782308));
#2878 = SURFACE_STYLE_USAGE(.BOTH.,#14873) ;
#2879 = PRESENTATION_STYLE_ASSIGNMENT((#12570)) ;
#2880 = FILL_AREA_STYLE('',(#4044)) ;
#2881=CARTESIAN_POINT('NONE',(-5.498939999999,-11.395129752005,2.195922585729));
#2882 =(NAMED_UNIT(*) PLANE_ANGLE_UNIT() SI_UNIT($,.RADIAN.));
#2883 = B_SPLINE_SURFACE_WITH_KNOTS('NONE',3,1,((#2168,#10604),(#13113,#8000),(#10678,#12797),(#5618,#6949)),.UNSPECIFIED.,.F.,.F.,.F.,(4,4),(2,2),(1.,2.000000000000),(0.,1.),.UNSPECIFIED.) ;
#2884=CARTESIAN_POINT('NONE',(-8.359172425633,11.201237309804,3.75852549));
#2885=CARTESIAN_POINT('NONE',(-5.489083101006,10.439289321614,3.757609));
#2886 = ORIENTED_EDGE('NONE',*,*,#14947,.F.) ;
#2887 = FILL_AREA_STYLE('',(#15237)) ;
#2888=UNCERTAINTY_MEASURE_WITH_UNIT(LENGTH_MEASURE(9.164900000000001E-6),#7286,'distance_accuracy_value','NONE');
#2889 = SURFACE_STYLE_FILL_AREA(#7701) ;
#2890 = MECHANICAL_DESIGN_GEOMETRIC_PRESENTATION_REPRESENTATION('',(#14741),#11203) ;
#2891=DIRECTION('NONE',(0.,0.,1.));
#2892 = ORIENTED_EDGE('NONE',*,*,#16513,.T.) ;
#2893 = SURFACE_STYLE_FILL_AREA(#3203) ;
#2894=CARTESIAN_POINT('NONE',(-5.054262176566,10.691624585239,3.75852549));
#2895 = FACE_OUTER_BOUND('NONE',#2307,.T.) ;
#2896=CARTESIAN_POINT('NONE',(-6.208067075349,11.323796843128,3.75852549));
#2897 = SURFACE_SIDE_STYLE('',(#1888)) ;
#2898=DIRECTION('NONE',(0.,0.,-1.));
#2899 = MECHANICAL_DESIGN_GEOMETRIC_PRESENTATION_REPRESENTATION('',(#1148),#4920) ;
#2900 = EDGE_CURVE('NONE',#13055,#1407,#11252,.T.) ;
#2901 = ORIENTED_EDGE('NONE',*,*,#12655,.T.) ;
#2902 = STYLED_ITEM('NONE',(#11887),#12109) ;
#2903=DIRECTION('NONE',(1.,0.,0.));
#2904 = PRESENTATION_STYLE_ASSIGNMENT((#14910)) ;
#2905 = FACE_OUTER_BOUND('NONE',#1645,.T.) ;
#2906=CARTESIAN_POINT('NONE',(-5.26695564651,11.360961024704,3.75852549));
#2907 = MECHANICAL_DESIGN_GEOMETRIC_PRESENTATION_REPRESENTATION('',(#1430),#14762) ;
#2908 = EDGE_CURVE('NONE',#5714,#5033,#2864,.T.) ;
#2909 = ORIENTED_EDGE('NONE',*,*,#8463,.F.) ;
#2910 = ADVANCED_FACE('NONE',(#12472),#12554,.F.) ;
#2911 = STYLED_ITEM('NONE',(#16447),#5074) ;
#2912 = FILL_AREA_STYLE('',(#7413)) ;
#2913=DIRECTION('NONE',(-1.,0.,0.));
#2914=CARTESIAN_POINT('NONE',(-6.047212874065,10.406127436515,3.75852549));
#2915 = STYLED_ITEM('NONE',(#4100),#12529) ;
#2916 = SURFACE_SIDE_STYLE('',(#1754)) ;
#2917 = EDGE_LOOP('NONE',(#16012,#7603,#4509,#6910)) ;
#2918 =(LENGTH_UNIT() NAMED_UNIT(*) SI_UNIT(.MILLI.,.METRE.));
#2919 = ORIENTED_EDGE('NONE',*,*,#8391,.T.) ;
#2920 = ORIENTED_EDGE('NONE',*,*,#11401,.F.) ;
#2921=CARTESIAN_POINT('NONE',(-5.880164642518,10.611959826782,3.75852549));
#2922 = ORIENTED_EDGE('NONE',*,*,#6487,.F.) ;
#2923=AXIS2_PLACEMENT_3D('NONE',#5694,#15476,#8081);
#2924=VECTOR('NONE',#14267,916.49);
#2925=DIRECTION('NONE',(0.,0.,-1.));
#2926=DIRECTION('NONE',(0.,0.,-1.));
#2927=CARTESIAN_POINT('NONE',(-4.697867204527,10.498752012134,3.75852549));
#2928 =(NAMED_UNIT(*) PLANE_ANGLE_UNIT() SI_UNIT($,.RADIAN.));
#2929=CARTESIAN_POINT('NONE',(-5.073511316766,10.988175695663,3.75852549));
#2930 = ORIENTED_EDGE('NONE',*,*,#4630,.T.) ;
#2931 = FILL_AREA_STYLE('',(#4266)) ;
#2932 = EDGE_CURVE('NONE',#14036,#11556,#2083,.T.) ;
#2933=CARTESIAN_POINT('NONE',(-6.246279477432,11.037918523311,3.75852549));
#2935 =(NAMED_UNIT(*) SI_UNIT($,.STERADIAN.) SOLID_ANGLE_UNIT());
#2934=CARTESIAN_POINT('NONE',(-5.962878769719,10.631208966985,3.75852549));
#2936 = LINE('NONE',#13982,#5456) ;
#2937 = EDGE_CURVE('NONE',#14130,#13260,#12380,.T.) ;
#2938 = MECHANICAL_DESIGN_GEOMETRIC_PRESENTATION_REPRESENTATION('',(#16535),#11750) ;
#2939 =(NAMED_UNIT(*) PLANE_ANGLE_UNIT() SI_UNIT($,.RADIAN.));
#2940 = MECHANICAL_DESIGN_GEOMETRIC_PRESENTATION_REPRESENTATION('',(#16536),#2183) ;
#2941 = EDGE_LOOP('NONE',(#11922,#16584,#8293,#9649)) ;
#2942 = MECHANICAL_DESIGN_GEOMETRIC_PRESENTATION_REPRESENTATION('',(#13776),#15783) ;
#2943 = VERTEX_POINT('NONE',#12933) ;
#2944 = VERTEX_POINT('NONE',#9004) ;
#2945=DIRECTION('NONE',(0.,0.,-1.));
#2946=AXIS2_PLACEMENT_3D('NONE',#11414,#8025,#13789);
#2947 = EDGE_LOOP('NONE',(#2111,#7819,#5847,#8652)) ;
#2948=AXIS2_PLACEMENT_3D('NONE',#6063,#10887,#11972);
#2949 = PRESENTATION_LAYER_ASSIGNMENT('','',(#10529)) ;
#2950=DIRECTION('NONE',(1.,0.,0.));
#2951 = PRESENTATION_LAYER_ASSIGNMENT('','',(#11027)) ;
#2952=VECTOR('NONE',#5867,916.49);
#2953 = STYLED_ITEM('NONE',(#11380),#2583) ;
#2954=CARTESIAN_POINT('NONE',(-5.498939999999,-11.922747486017,4.208164082668));
#2955 =(LENGTH_UNIT() NAMED_UNIT(*) SI_UNIT(.MILLI.,.METRE.));
#2956=CARTESIAN_POINT('NONE',(-6.309935049978,11.032772713554,3.757609));
#2957 = MECHANICAL_DESIGN_GEOMETRIC_PRESENTATION_REPRESENTATION('',(#5472),#6973) ;
#2958=CARTESIAN_POINT('NONE',(5.49894,-11.647826370794,2.351814061252));
#2959=CARTESIAN_POINT('NONE',(-5.480220873091,11.177998900022,3.75852549));
#2960=DIRECTION('NONE',(-1.,0.,0.));
#2961 =(LENGTH_UNIT() NAMED_UNIT(*) SI_UNIT(.MILLI.,.METRE.));
#2962 = FILL_AREA_STYLE_COLOUR('',#4673) ;
#2963=CARTESIAN_POINT('NONE',(-4.77486376533,10.721927687138,3.75852549));
#2964=UNCERTAINTY_MEASURE_WITH_UNIT(LENGTH_MEASURE(9.164900000000001E-6),#4381,'distance_accuracy_value','NONE');
#2965 = PRESENTATION_LAYER_ASSIGNMENT('','',(#15545)) ;
#2966=AXIS2_PLACEMENT_3D('NONE',#14412,#4786,#15588);
#2967 = LINE('NONE',#15978,#15302) ;
#2968 =(GEOMETRIC_REPRESENTATION_CONTEXT(3) GLOBAL_UNCERTAINTY_ASSIGNED_CONTEXT((#6212)) GLOBAL_UNIT_ASSIGNED_CONTEXT((#13958,#12753,#1327)) REPRESENTATION_CONTEXT('NONE','WORKASPACE'));
#2969 = FILL_AREA_STYLE('',(#16140)) ;
#2970 = PRESENTATION_LAYER_ASSIGNMENT('','',(#14067)) ;
#2971 = ORIENTED_EDGE('NONE',*,*,#16605,.F.) ;
#2972 = FILL_AREA_STYLE('',(#5562)) ;
#2973=CARTESIAN_POINT('NONE',(-5.806979792645,10.31140641988,3.757609));
#2974 = STYLED_ITEM('NONE',(#11570),#14039) ;
#2975=VECTOR('NONE',#1309,916.49);
#2976 = VERTEX_POINT('NONE',#10515) ;
#2977 =(NAMED_UNIT(*) PLANE_ANGLE_UNIT() SI_UNIT($,.RADIAN.));
#2978 = LINE('NONE',#8875,#12838) ;
#2979=CARTESIAN_POINT('NONE',(-6.208067075349,11.323796843128,3.757609));
#2980=CARTESIAN_POINT('NONE',(-5.117441285245,10.726692325804,3.75852549));
#2981 = LINE('NONE',#5642,#7976) ;
#2982 =(NAMED_UNIT(*) PLANE_ANGLE_UNIT() SI_UNIT($,.RADIAN.));
#2983 = EDGE_CURVE('NONE',#12936,#14749,#15000,.T.) ;
#2984 = EDGE_CURVE('NONE',#6557,#12600,#7984,.T.) ;
#2985 =(LENGTH_UNIT() NAMED_UNIT(*) SI_UNIT(.MILLI.,.METRE.));
#2986=CARTESIAN_POINT('NONE',(-7.638245873132,11.301955006286,3.75852549));
#2987=VECTOR('NONE',#4850,916.49);
#2988 = B_SPLINE_CURVE_WITH_KNOTS('NONE',3,(#11081,#14396,#4922,#15891),.UNSPECIFIED.,.F.,.F.,(4,4),(9.000000000000,10.),.UNSPECIFIED.) ;
#2989 = MECHANICAL_DESIGN_GEOMETRIC_PRESENTATION_REPRESENTATION('',(#9805),#7264) ;
#2990=AXIS2_PLACEMENT_3D('NONE',#14224,#8381,#9242);
#2991 = EDGE_LOOP('NONE',(#10104,#13344,#3877,#8780,#7644,#10348,#4171)) ;
#2992=CARTESIAN_POINT('NONE',(-6.521485006643,10.726692325804,3.757609));
#2993 = PRESENTATION_STYLE_ASSIGNMENT((#13802)) ;
#2994 =(LENGTH_UNIT() NAMED_UNIT(*) SI_UNIT(.MILLI.,.METRE.));
#2995 = FILL_AREA_STYLE('',(#12679)) ;
#2996=CARTESIAN_POINT('NONE',(-5.95592239727,11.030676272542,3.75852549));
#2997 = MECHANICAL_DESIGN_GEOMETRIC_PRESENTATION_REPRESENTATION('',(#16601),#4240) ;
#2998 = EDGE_LOOP('NONE',(#5024,#10438,#14781,#16305,#7680,#5287,#14780)) ;
#2999 = SURFACE_STYLE_FILL_AREA(#12391) ;
#3000=CARTESIAN_POINT('NONE',(-5.872636513431,10.501420209788,3.75852549));
#3001=DIRECTION('NONE',(0.,1.,3.469446951953000E-16));
#3003 = SURFACE_SIDE_STYLE('',(#3078)) ;
#3002 = SURFACE_STYLE_USAGE(.BOTH.,#9129) ;
#3004 = EDGE_CURVE('NONE',#15340,#5296,#16191,.T.) ;
#3005 =(GEOMETRIC_REPRESENTATION_CONTEXT(3) GLOBAL_UNCERTAINTY_ASSIGNED_CONTEXT((#11729)) GLOBAL_UNIT_ASSIGNED_CONTEXT((#11948,#7056,#12115)) REPRESENTATION_CONTEXT('NONE','WORKASPACE'));
#3006=CARTESIAN_POINT('NONE',(-5.711496433825,10.453202066511,3.757609));
#3007 = EDGE_CURVE('NONE',#10897,#7664,#8524,.T.) ;
#3008 = EDGE_LOOP('NONE',(#6293,#5907,#13308,#8480,#3593,#16015,#12026,#15182)) ;
#3009 = ORIENTED_EDGE('NONE',*,*,#12870,.F.) ;
#3010 = VERTEX_POINT('NONE',#11612) ;
#3011=DIRECTION('NONE',(0.,8.326672684688000E-17,1.));
#3012 = EDGE_LOOP('NONE',(#6539,#1832,#11064,#16403)) ;
#3013 =(NAMED_UNIT(*) PLANE_ANGLE_UNIT() SI_UNIT($,.RADIAN.));
#3014=CARTESIAN_POINT('NONE',(-6.27067442739,11.064028743188,3.757609));
#3015 = FILL_AREA_STYLE_COLOUR('',#6970) ;
#3016 = B_SPLINE_SURFACE_WITH_KNOTS('NONE',3,1,((#6827,#11730),(#10642,#6997),(#1981,#15366),(#8270,#8037)),.UNSPECIFIED.,.F.,.F.,.F.,(4,4),(2,2),(5.000000000000,6.000000000000),(0.,1.),.UNSPECIFIED.) ;
#3017=CARTESIAN_POINT('NONE',(-6.204064778872,10.390499421698,3.75852549));
#3018=CARTESIAN_POINT('NONE',(-7.137307841109,11.113771941138,3.75852549));
#3019 = ORIENTED_EDGE('NONE',*,*,#3007,.F.) ;
#3020 = EDGE_CURVE('NONE',#2180,#16533,#11684,.T.) ;
#3021=CARTESIAN_POINT('NONE',(-5.927334565289,10.489985076993,3.75852549));
#3022=DIRECTION('NONE',(-5.421010862427000E-16,-1.,-3.469446951953000E-16));
#3023 = FILL_AREA_STYLE('',(#6411)) ;
#3025 = LINE('NONE',#5377,#15307) ;
#3024 = FILL_AREA_STYLE_COLOUR('',#13884) ;
#3026=VECTOR('NONE',#5712,916.49);
#3027 =(NAMED_UNIT(*) SI_UNIT($,.STERADIAN.) SOLID_ANGLE_UNIT());
#3028 = ORIENTED_EDGE('NONE',*,*,#3301,.T.) ;
#3029 = VERTEX_POINT('NONE',#5455) ;
#3030 = ORIENTED_EDGE('NONE',*,*,#11911,.F.) ;
#3031 = COLOUR_RGB('',1.,1.,1.) ;
#3032=CARTESIAN_POINT('NONE',(-6.1818615627,10.981886372627,3.757609));
#3033 = ORIENTED_EDGE('NONE',*,*,#8098,.T.) ;
#3034 = EDGE_CURVE('NONE',#16576,#13282,#3025,.T.) ;
#3035 = STYLED_ITEM('NONE',(#16560),#15820) ;
#3036=CARTESIAN_POINT('NONE',(1.83298,-11.091166380297,4.399152));
#3037 = SURFACE_STYLE_USAGE(.BOTH.,#5697) ;
#3038=DIRECTION('NONE',(1.,0.,0.));
#3039=CARTESIAN_POINT('NONE',(-7.03924069613,10.655241418801,3.75852549));
#3040=CARTESIAN_POINT('NONE',(-5.99699358255,10.662083825525,3.757609));
#3041=CARTESIAN_POINT('NONE',(-6.521485006643,10.726692325804,3.75852549));
#3042 = SURFACE_STYLE_FILL_AREA(#5396) ;
#3043=CARTESIAN_POINT('NONE',(-8.454589271874,10.528019142508,3.757609));
#3044=DIRECTION('NONE',(0.,-1.,0.));
#3045=DIRECTION('NONE',(0.,1.,0.));
#3046 = VERTEX_POINT('NONE',#7835) ;
#3047=AXIS2_PLACEMENT_3D('NONE',#4411,#2082,#4502);
#3048 = MECHANICAL_DESIGN_GEOMETRIC_PRESENTATION_REPRESENTATION('',(#5819),#12854) ;
#3049=UNCERTAINTY_MEASURE_WITH_UNIT(LENGTH_MEASURE(9.164900000000001E-6),#3183,'distance_accuracy_value','NONE');
#3050 = ADVANCED_FACE('NONE',(#4412),#7906,.T.) ;
#3051=CARTESIAN_POINT('NONE',(-7.381150693211,11.41062409504,3.757609));
#3052 = STYLED_ITEM('NONE',(#3334),#16162) ;
#3053=CARTESIAN_POINT('NONE',(-7.866185871186,11.423876422859,3.75852549));
#3054=DIRECTION('NONE',(-1.,0.,0.));
#3055 = ORIENTED_EDGE('NONE',*,*,#15084,.F.) ;
#3056 = FACE_OUTER_BOUND('NONE',#15704,.T.) ;
#3057=CARTESIAN_POINT('NONE',(-6.268101522511,11.282439779529,3.75852549));
#3058=CARTESIAN_POINT('NONE',(-7.993408248587,10.379592909157,3.757609));
#3059 = PRESENTATION_LAYER_ASSIGNMENT('','',(#9879)) ;
#3060 =(LENGTH_UNIT() NAMED_UNIT(*) SI_UNIT(.MILLI.,.METRE.));
#3061 = SURFACE_STYLE_FILL_AREA(#4459) ;
#3062 = LINE('NONE',#13705,#3993) ;
#3063 =(NAMED_UNIT(*) SI_UNIT($,.STERADIAN.) SOLID_ANGLE_UNIT());
#3064 = MECHANICAL_DESIGN_GEOMETRIC_PRESENTATION_REPRESENTATION('',(#8849),#13649) ;
#3065 = EDGE_CURVE('NONE',#1542,#7399,#2611,.T.) ;
#3066 = ORIENTED_EDGE('NONE',*,*,#6392,.T.) ;
#3067 = ADVANCED_FACE('NONE',(#12706),#14593,.F.) ;
#3068=CARTESIAN_POINT('NONE',(-7.844982166897,10.220565177537,3.757609));
#3069 =(NAMED_UNIT(*) PLANE_ANGLE_UNIT() SI_UNIT($,.RADIAN.));
#3070=CARTESIAN_POINT('NONE',(-7.844982166897,10.220565177537,3.757609));
#3071 = PLANE('NONE',#13079) ;
#3072 = PLANE('NONE',#6472) ;
#3073 = ORIENTED_EDGE('NONE',*,*,#3518,.F.) ;
#3074 = SURFACE_STYLE_USAGE(.BOTH.,#11278) ;
#3075=CARTESIAN_POINT('NONE',(-6.388170416835,10.56469461124,3.75852549));
#3076 = PRESENTATION_STYLE_ASSIGNMENT((#3224)) ;
#3078 = SURFACE_STYLE_FILL_AREA(#15286) ;
#3077 = FACE_OUTER_BOUND('NONE',#3189,.T.) ;
#3079 = ORIENTED_EDGE('NONE',*,*,#10536,.T.) ;
#3080 = SURFACE_SIDE_STYLE('',(#7438)) ;
#3081 = ORIENTED_EDGE('NONE',*,*,#2345,.F.) ;
#3082 = ORIENTED_EDGE('NONE',*,*,#3318,.T.) ;
#3083 = ORIENTED_EDGE('NONE',*,*,#9172,.T.) ;
#3084 = EDGE_CURVE('NONE',#14171,#9153,#13350,.T.) ;
#3085 =(NAMED_UNIT(*) PLANE_ANGLE_UNIT() SI_UNIT($,.RADIAN.));
#3086=DIRECTION('NONE',(0.,1.,0.));
#3087 = LINE('NONE',#6686,#16547) ;
#3088=UNCERTAINTY_MEASURE_WITH_UNIT(LENGTH_MEASURE(9.164900000000001E-6),#9041,'distance_accuracy_value','NONE');
#3089 = FILL_AREA_STYLE_COLOUR('',#2639) ;
#3090 =(LENGTH_UNIT() NAMED_UNIT(*) SI_UNIT(.MILLI.,.METRE.));
#3091=CARTESIAN_POINT('NONE',(-6.294211742388,11.254614289732,3.757609));
#3092 = ORIENTED_EDGE('NONE',*,*,#3320,.F.) ;
#3093=CARTESIAN_POINT('NONE',(-6.16699589007,11.367250347742,3.757609));
#3094=VECTOR('NONE',#1259,916.49);
#3095 = FILL_AREA_STYLE('',(#1618)) ;
#3096 = FILL_AREA_STYLE_COLOUR('',#1693) ;
#3098=DIRECTION('NONE',(-1.,0.,0.));
#3097 = FILL_AREA_STYLE('',(#9318)) ;
#3099 = SURFACE_SIDE_STYLE('',(#10435)) ;
#3100 = ORIENTED_EDGE('NONE',*,*,#6643,.F.) ;
#3101 = ORIENTED_EDGE('NONE',*,*,#6642,.T.) ;
#3102 = ORIENTED_EDGE('NONE',*,*,#11137,.F.) ;
#3103=DIRECTION('NONE',(0.,1.,0.));
#3104 = ORIENTED_EDGE('NONE',*,*,#6920,.T.) ;
#3105 = ADVANCED_FACE('NONE',(#6088),#9391,.T.) ;
#3106=CARTESIAN_POINT('NONE',(-1.832979999999,-12.131201418462,4.067036689331));
#3107 = FILL_AREA_STYLE('',(#6711)) ;
#3108=CARTESIAN_POINT('NONE',(-5.630592869317,10.988175695663,3.75852549));
#3109=CARTESIAN_POINT('NONE',(-4.3166679,10.906231,2.2454005));
#3110=CARTESIAN_POINT('NONE',(0.,0.,3.757609));
#3111 = FACE_OUTER_BOUND('NONE',#4073,.T.) ;
#3112 = EDGE_CURVE('NONE',#13584,#2943,#7024,.T.) ;
#3113=CARTESIAN_POINT('NONE',(-5.587520535799,10.663036753257,3.757609));
#3114=VECTOR('NONE',#12911,916.49);
#3115=CARTESIAN_POINT('NONE',(6.415429999999,-12.739211,2.291225));
#3116=UNCERTAINTY_MEASURE_WITH_UNIT(LENGTH_MEASURE(9.164900000000001E-6),#6430,'distance_accuracy_value','NONE');
#3117 = SURFACE_STYLE_USAGE(.BOTH.,#12804) ;
#3118 = FILL_AREA_STYLE_COLOUR('',#5821) ;
#3119 = ORIENTED_EDGE('NONE',*,*,#15687,.F.) ;
#3120 =(GEOMETRIC_REPRESENTATION_CONTEXT(3) GLOBAL_UNCERTAINTY_ASSIGNED_CONTEXT((#3240)) GLOBAL_UNIT_ASSIGNED_CONTEXT((#9331,#8082,#16500)) REPRESENTATION_CONTEXT('NONE','WORKASPACE'));
#3121=CARTESIAN_POINT('NONE',(-7.280433022003,11.323158723214,3.75852549));
#3122=CARTESIAN_POINT('NONE',(-5.943248458425,10.390499421698,3.75852549));
#3123 = FILL_AREA_STYLE_COLOUR('',#16030) ;
#3124 = VERTEX_POINT('NONE',#7174) ;
#3125 = FILL_AREA_STYLE('',(#8024)) ;
#3126 = FACE_OUTER_BOUND('NONE',#15692,.T.) ;
#3127 = FILL_AREA_STYLE('',(#4068)) ;
#3128 = EDGE_CURVE('NONE',#6511,#5539,#11919,.T.) ;
#3129 = B_SPLINE_SURFACE_WITH_KNOTS('NONE',3,3,((#5629,#7692,#9027,#11398,#15101,#6501,#16138,#5330,#10154,#5397,#14949,#4125,#11702,#11870,#8239,#13041,#12951,#14086,#3412),(#14233,#4686,#15414,#12885,#3494,#15335,#3331,#8091,#16603,#2101,#9494,#16508,#7045,#6875,#16687,#5711,#10687,#6963,#4436),(#10534,#9255,#4528,#9341,#9412,#2257,#5871,#4606,#5794,#14163,#14320,#3264,#15485,#15248,#8161,#10614,#2177,#11795,#13762),(#6570,#1864,#4204,#5389,#5326,#13928,#4356,#10216,#7851,#1942,#16273,#11393,#9165,#5473,#12571,#2958,#6493,#9020,#6714)),.UNSPECIFIED.,.F.,.F.,.F.,(4,4),(4,1,1,1,1,1,1,1,1,1,1,1,1,1,1,1,4),(0.504132231404,1.),(0.,0.079394588438,0.151958790294,0.218848064049,0.281050642909,0.339424412065,0.394771809651,0.447951040604,0.499999999999,0.552048959395,0.605228190348,0.660575587934,0.718949357090,0.781151935950,0.848041209705,0.920605411561,1.),.UNSPECIFIED.) ;
#3130 = ORIENTED_EDGE('NONE',*,*,#13219,.F.) ;
#3131 = STYLED_ITEM('NONE',(#6000),#4940) ;
#3132=CARTESIAN_POINT('NONE',(-5.733127893359,11.360961024704,3.75852549));
#3133=CARTESIAN_POINT('NONE',(-6.166519426202,11.323796843128,3.757609));
#3134 = PRESENTATION_STYLE_ASSIGNMENT((#9199)) ;
#3135 = ORIENTED_EDGE('NONE',*,*,#16349,.T.) ;
#3136 = SURFACE_STYLE_FILL_AREA(#4316) ;
#3137=DIRECTION('NONE',(0.,0.,-1.));
#3138=CARTESIAN_POINT('NONE',(-12.372614999999,-4.674098999999,3.757609));
#3139 =(NAMED_UNIT(*) SI_UNIT($,.STERADIAN.) SOLID_ANGLE_UNIT());
#3140 = PLANE('NONE',#13785) ;
#3141 =(NAMED_UNIT(*) PLANE_ANGLE_UNIT() SI_UNIT($,.RADIAN.));
#3142 = ORIENTED_EDGE('NONE',*,*,#2345,.T.) ;
#3143 = ORIENTED_EDGE('NONE',*,*,#11817,.T.) ;
#3144 = ORIENTED_EDGE('NONE',*,*,#5071,.F.) ;
#3145 = B_SPLINE_CURVE_WITH_KNOTS('NONE',3,(#8271,#13401,#2524,#13151),.UNSPECIFIED.,.F.,.F.,(4,4),(14.000000000000,15.000000000000),.UNSPECIFIED.) ;
#3146 = ORIENTED_EDGE('NONE',*,*,#9057,.F.) ;
#3147=AXIS2_PLACEMENT_3D('NONE',#7611,#12348,#10067);
#3148=CYLINDRICAL_SURFACE('NONE',#15029,0.824841);
#3149=CARTESIAN_POINT('NONE',(-6.219502208143,10.522003448814,3.75852549));
#3150 =(NAMED_UNIT(*) PLANE_ANGLE_UNIT() SI_UNIT($,.RADIAN.));
#3151=VECTOR('NONE',#9021,916.49);
#3152 = EDGE_CURVE('NONE',#11771,#2634,#1207,.T.) ;
#3153=CARTESIAN_POINT('NONE',(3.4918269,10.906231,3.8034335));
#3154 = FILL_AREA_STYLE('',(#12855)) ;
#3155 = SURFACE_STYLE_USAGE(.BOTH.,#4333) ;
#3156 = EDGE_LOOP('NONE',(#4810,#3030,#16262,#4415)) ;
#3157=CARTESIAN_POINT('NONE',(-5.498939999999,-11.091166380297,2.2728952));
#3158 = SURFACE_STYLE_USAGE(.BOTH.,#13744) ;
#3159=DIRECTION('NONE',(-1.,0.,0.));
#3160=DIRECTION('NONE',(-1.,0.,0.));
#3161 = ORIENTED_EDGE('NONE',*,*,#14672,.T.) ;
#3162 = ORIENTED_EDGE('NONE',*,*,#5822,.F.) ;
#3163 = EDGE_CURVE('NONE',#10417,#7990,#9642,.T.) ;
#3164=VECTOR('NONE',#8783,916.49);
#3165 = VERTEX_POINT('NONE',#2470) ;
#3166 = LINE('NONE',#11856,#6081) ;
#3167 = VERTEX_POINT('NONE',#13580) ;
#3168=VECTOR('NONE',#3137,916.49);
#3169 = FILL_AREA_STYLE('',(#6295)) ;
#3170=CARTESIAN_POINT('NONE',(-5.498939999999,-12.296305529988,2.681759674099));
#3171=CARTESIAN_POINT('NONE',(-6.177192216809,10.45053386886,3.75852549));
#3172=DIRECTION('NONE',(0.,0.,1.));
#3173=CARTESIAN_POINT('NONE',(0.,0.,3.75852549));
#3174 = STYLED_ITEM('NONE',(#9316),#11606) ;
#3175 = MECHANICAL_DESIGN_GEOMETRIC_PRESENTATION_REPRESENTATION('',(#14777),#4430) ;
#3176 = MECHANICAL_DESIGN_GEOMETRIC_PRESENTATION_REPRESENTATION('',(#1941),#4431) ;
#3177=CARTESIAN_POINT('NONE',(3.4918269,10.906231,3.8034335));
#3178 = SURFACE_SIDE_STYLE('',(#9166)) ;
#3180 = PLANE('NONE',#7757) ;
#3179 = PRESENTATION_STYLE_ASSIGNMENT((#12883)) ;
#3181=VECTOR('NONE',#14914,916.49);
#3182 = ADVANCED_FACE('NONE',(#3934,#4086,#8683,#12454,#3797,#2704,#6462,#3870,#13724,#11281,#16008,#6162,#1669,#7586,#10986,#12395,#8898,#12159,#1539,#4988,#1603,#5284,#7660),#13422,.F.) ;
#3183 =(LENGTH_UNIT() NAMED_UNIT(*) SI_UNIT(.MILLI.,.METRE.));
#3184 = STYLED_ITEM('NONE',(#1649),#11946) ;
#3185 = PRESENTATION_STYLE_ASSIGNMENT((#15173)) ;
#3186=CARTESIAN_POINT('NONE',(-5.019003850454,10.720212417221,3.75852549));
#3187=CARTESIAN_POINT('NONE',(-8.075572640625,11.240994293262,3.757609));
#3188 = FILL_AREA_STYLE_COLOUR('',#4558) ;
#3189 = EDGE_LOOP('NONE',(#16141,#11439,#15894,#13456)) ;
#3190=VECTOR('NONE',#14607,916.49);
#3191 = STYLED_ITEM('NONE',(#2144),#10211) ;
#3192 = COLOUR_RGB('',1.,1.,1.) ;
#3193=VECTOR('NONE',#3493,916.49);
#3194 = EDGE_CURVE('NONE',#13442,#8539,#8827,.T.) ;
#3195 = COLOUR_RGB('',0.949019607843,0.760784313725,0.180392156862) ;
#3196 = ADVANCED_FACE('NONE',(#14755),#9944,.F.) ;
#3197 = FILL_AREA_STYLE_COLOUR('',#6195) ;
#3198=UNCERTAINTY_MEASURE_WITH_UNIT(LENGTH_MEASURE(9.164900000000001E-6),#8388,'distance_accuracy_value','NONE');
#3199 = PRESENTATION_STYLE_ASSIGNMENT((#1876)) ;
#3200 = LINE('NONE',#13129,#3395) ;
#3201 = ORIENTED_EDGE('NONE',*,*,#1996,.T.) ;
#3202=DIRECTION('NONE',(1.,0.,0.));
#3203 = FILL_AREA_STYLE('',(#4300)) ;
#3204 =(GEOMETRIC_REPRESENTATION_CONTEXT(3) GLOBAL_UNCERTAINTY_ASSIGNED_CONTEXT((#6407)) GLOBAL_UNIT_ASSIGNED_CONTEXT((#7238,#9370,#16552)) REPRESENTATION_CONTEXT('NONE','WORKASPACE'));
#3205=VECTOR('NONE',#13407,916.49);
#3206 = B_SPLINE_CURVE_WITH_KNOTS('NONE',3,(#2986,#10243,#11418,#16226),.UNSPECIFIED.,.F.,.F.,(4,4),(21.,22.000000000000),.UNSPECIFIED.) ;
#3207 = FILL_AREA_STYLE_COLOUR('',#13777) ;
#3208 = PRESENTATION_STYLE_ASSIGNMENT((#16529)) ;
#3209 = PRESENTATION_LAYER_ASSIGNMENT('','',(#2953)) ;
#3210 = FACE_OUTER_BOUND('NONE',#1608,.T.) ;
#3211 = SURFACE_SIDE_STYLE('',(#4462)) ;
#3212=CARTESIAN_POINT('NONE',(5.49894,-11.878504670639,2.453084392149));
#3213 = LINE('NONE',#11723,#3748) ;
#3214 =(NAMED_UNIT(*) SI_UNIT($,.STERADIAN.) SOLID_ANGLE_UNIT());
#3215 = ORIENTED_EDGE('NONE',*,*,#9884,.F.) ;
#3216 = ADVANCED_FACE('NONE',(#13895,#12841),#9298,.T.) ;
#3217 = EDGE_CURVE('NONE',#5098,#5755,#5216,.T.) ;
#3218=VECTOR('NONE',#15165,916.49);
#3219=UNCERTAINTY_MEASURE_WITH_UNIT(LENGTH_MEASURE(9.164900000000001E-6),#11909,'distance_accuracy_value','NONE');
#3220=CARTESIAN_POINT('NONE',(-6.521485006643,10.439289321614,3.75852549));
#3221=CARTESIAN_POINT('NONE',(-6.235320808505,10.981886372627,3.75852549));
#3222 = ORIENTED_EDGE('NONE',*,*,#7535,.F.) ;
#3223=CARTESIAN_POINT('NONE',(-6.157180734423,10.504850749624,3.75852549));
#3224 = SURFACE_STYLE_USAGE(.BOTH.,#9128) ;
#3225=CARTESIAN_POINT('NONE',(8.9357775,10.906231,3.8034335));
#3226 = ADVANCED_FACE('NONE',(#4320),#7804,.F.) ;
#3227 = EDGE_CURVE('NONE',#16690,#10895,#15603,.T.) ;
#3228 =(NAMED_UNIT(*) PLANE_ANGLE_UNIT() SI_UNIT($,.RADIAN.));
#3229 = PRESENTATION_LAYER_ASSIGNMENT('','',(#9805)) ;
#3230=VECTOR('NONE',#13322,916.49);
#3231 = ORIENTED_EDGE('NONE',*,*,#16053,.F.) ;
#3232=CARTESIAN_POINT('NONE',(-5.537205951509,10.769574073776,3.757609));
#3233 = ORIENTED_EDGE('NONE',*,*,#2049,.F.) ;
#3234 = ORIENTED_EDGE('NONE',*,*,#2479,.F.) ;
#3235 = ORIENTED_EDGE('NONE',*,*,#13920,.T.) ;
#3236 = COLOUR_RGB('',0.949019607843,0.760784313725,0.180392156862) ;
#3237 = SURFACE_STYLE_USAGE(.BOTH.,#3375) ;
#3238=VECTOR('NONE',#4797,916.49);
#3239 = SURFACE_SIDE_STYLE('',(#14057)) ;
#3240=UNCERTAINTY_MEASURE_WITH_UNIT(LENGTH_MEASURE(9.164900000000001E-6),#9331,'distance_accuracy_value','NONE');
#3241 = PLANE('NONE',#1889) ;
#3242 = EDGE_LOOP('NONE',(#2901,#13641,#12583,#6280)) ;
#3243=DIRECTION('NONE',(-1.,0.,0.));
#3244 = SURFACE_STYLE_USAGE(.BOTH.,#14066) ;
#3245 = LINE('NONE',#12861,#13904) ;
#3247 =(LENGTH_UNIT() NAMED_UNIT(*) SI_UNIT(.MILLI.,.METRE.));
#3246 = FILL_AREA_STYLE_COLOUR('',#11864) ;
#3248 = FACE_OUTER_BOUND('NONE',#4668,.T.) ;
#3249 = ORIENTED_EDGE('NONE',*,*,#8498,.T.) ;
#3250 = EDGE_LOOP('NONE',(#13473,#14153,#7762,#12091,#8758,#13903,#9008,#16372)) ;
#3251 = ORIENTED_EDGE('NONE',*,*,#4488,.F.) ;
#3252=VECTOR('NONE',#11888,916.49);
#3253=CARTESIAN_POINT('NONE',(-8.136533328375,11.246295219333,3.75852549));
#3254 = VERTEX_POINT('NONE',#13157) ;
#3255=AXIS2_PLACEMENT_3D('NONE',#5787,#3038,#11545);
#3256 =(NAMED_UNIT(*) SI_UNIT($,.STERADIAN.) SOLID_ANGLE_UNIT());
#3257=CARTESIAN_POINT('NONE',(-5.498939999999,-12.13007241769,2.513361510668));
#3258=CARTESIAN_POINT('NONE',(-4.7821060161,10.695817467263,3.75852549));
#3259=DIRECTION('NONE',(0.,0.,-1.));
#3260 = STYLED_ITEM('NONE',(#1575),#15341) ;
#3261=CARTESIAN_POINT('NONE',(-7.370548790513,10.395495864311,3.75852549));
#3262=CARTESIAN_POINT('NONE',(10.631284,10.906231,3.8034335));
#3263 = COLOUR_RGB('',1.,1.,1.) ;
#3264=CARTESIAN_POINT('NONE',(1.83298,-12.336287924149,2.913149434625));
#3265=DIRECTION('NONE',(0.,-1.,0.));
#3266=UNCERTAINTY_MEASURE_WITH_UNIT(LENGTH_MEASURE(9.164900000000001E-6),#8176,'distance_accuracy_value','NONE');
#3267 = PRESENTATION_STYLE_ASSIGNMENT((#3117)) ;
#3268 = ORIENTED_EDGE('NONE',*,*,#3020,.F.) ;
#3269=AXIS2_PLACEMENT_3D('NONE',#1263,#7237,#4877);
#3270 =(NAMED_UNIT(*) PLANE_ANGLE_UNIT() SI_UNIT($,.RADIAN.));
#3271 =(NAMED_UNIT(*) SI_UNIT($,.STERADIAN.) SOLID_ANGLE_UNIT());
#3272 = EDGE_CURVE('NONE',#9943,#11538,#7083,.T.) ;
#3273=CARTESIAN_POINT('NONE',(-5.897412634482,10.411654417363,3.757609));
#3274 = EDGE_CURVE('NONE',#14629,#5466,#10648,.T.) ;
#3275 = ORIENTED_EDGE('NONE',*,*,#4216,.F.) ;
#3276 = COLOUR_RGB('',0.196078431372,0.368627450980,0.560784313725) ;
#3277=CARTESIAN_POINT('NONE',(-6.157180734423,10.437955222787,3.75852549));
#3278=CARTESIAN_POINT('NONE',(-4.800116350248,10.769574073776,3.75852549));
#3279=CARTESIAN_POINT('NONE',(-8.096776344915,11.243644768935,3.757609));
#3280=CARTESIAN_POINT('NONE',(-4.3166679,10.906231,2.291225));
#3281 = FILL_AREA_STYLE('',(#4547)) ;
#3282=CARTESIAN_POINT('NONE',(-6.521485006643,10.56469461124,3.75852549));
#3283=CARTESIAN_POINT('NONE',(-6.163851228551,10.46482778485,3.75852549));
#3284=CARTESIAN_POINT('NONE',(5.49894,-12.071354926798,3.995915440821));
#3285 = SURFACE_STYLE_USAGE(.BOTH.,#15192) ;
#3286=VECTOR('NONE',#13367,916.49);
#3287 = EDGE_CURVE('NONE',#3937,#11458,#1855,.T.) ;
#3288 = EDGE_CURVE('NONE',#3452,#4569,#2211,.T.) ;
#3289 = STYLED_ITEM('NONE',(#7905),#9759) ;
#3290 = FILL_AREA_STYLE('',(#16636)) ;
#3291 =(NAMED_UNIT(*) SI_UNIT($,.STERADIAN.) SOLID_ANGLE_UNIT());
#3292 =(NAMED_UNIT(*) SI_UNIT($,.STERADIAN.) SOLID_ANGLE_UNIT());
#3293=CARTESIAN_POINT('NONE',(-8.9357775,-10.906231,3.757609));
#3294 = ORIENTED_EDGE('NONE',*,*,#14723,.T.) ;
#3295=DIRECTION('NONE',(0.,0.,-1.));
#3296 = MECHANICAL_DESIGN_GEOMETRIC_PRESENTATION_REPRESENTATION('',(#14902),#2581) ;
#3297=CARTESIAN_POINT('NONE',(-7.036590169901,10.44585475047,3.757609));
#3298 = FACE_BOUND('NONE',#11591,.T.) ;
#3299=DIRECTION('NONE',(0.,0.,-1.));
#3300=CARTESIAN_POINT('NONE',(-12.372614999999,9.073251,5.040695));
#3301 = EDGE_CURVE('NONE',#8375,#15804,#11902,.T.) ;
#3302=CARTESIAN_POINT('NONE',(-5.628687013854,11.318079276733,3.75852549));
#3303 = ORIENTED_EDGE('NONE',*,*,#6337,.T.) ;
#3304 = EDGE_LOOP('NONE',(#9627,#9625)) ;
#3305 = ORIENTED_EDGE('NONE',*,*,#14235,.T.) ;
#3306 = ORIENTED_EDGE('NONE',*,*,#9007,.F.) ;
#3307 = LINE('NONE',#13905,#6682) ;
#3308=DIRECTION('NONE',(0.138741688482,-0.990328603988,0.));
#3309 = SURFACE_SIDE_STYLE('',(#5595)) ;
#3310 =(LENGTH_UNIT() NAMED_UNIT(*) SI_UNIT(.MILLI.,.METRE.));
#3311 = ORIENTED_EDGE('NONE',*,*,#8409,.T.) ;
#3312=CARTESIAN_POINT('NONE',(-4.712732877155,10.540871417921,3.75852549));
#3313=DIRECTION('NONE',(-1.,0.,0.));
#3314 = FILL_AREA_STYLE('',(#8067)) ;
#3315 = ORIENTED_EDGE('NONE',*,*,#13991,.T.) ;
#3316 = ORIENTED_EDGE('NONE',*,*,#2620,.F.) ;
#3317 = VERTEX_POINT('NONE',#12988) ;
#3318 = EDGE_CURVE('NONE',#4934,#8424,#9954,.T.) ;
#3319 = SURFACE_STYLE_USAGE(.BOTH.,#8076) ;
#3320 = EDGE_CURVE('NONE',#4972,#9930,#8276,.T.) ;
#3321 = ORIENTED_EDGE('NONE',*,*,#13067,.T.) ;
#3322 = FACE_OUTER_BOUND('NONE',#12494,.T.) ;
#3323=DIRECTION('NONE',(-1.,0.,0.));
#3324=CARTESIAN_POINT('NONE',(-6.211116444094,10.631208966985,3.75852549));
#3325 = SURFACE_SIDE_STYLE('',(#10447)) ;
#3326 = SURFACE_SIDE_STYLE('',(#4224)) ;
#3327 = EDGE_CURVE('NONE',#11704,#5209,#2806,.T.) ;
#3329=DIRECTION('NONE',(0.,0.,1.));
#3328 =(LENGTH_UNIT() NAMED_UNIT(*) SI_UNIT(.MILLI.,.METRE.));
#3330=CARTESIAN_POINT('NONE',(-1.163942299999,10.906231,3.8034335));
#3331=CARTESIAN_POINT('NONE',(-1.832979999999,-12.224854072297,3.840558939134));
#3332=CARTESIAN_POINT('NONE',(-5.82432307738,10.3131216898,3.757609));
#3333 =(NAMED_UNIT(*) SI_UNIT($,.STERADIAN.) SOLID_ANGLE_UNIT());
#3334 = PRESENTATION_STYLE_ASSIGNMENT((#2179)) ;
#3335 = STYLED_ITEM('NONE',(#7001),#3879) ;
#3336 = ORIENTED_EDGE('NONE',*,*,#7495,.T.) ;
#3337 = EDGE_CURVE('NONE',#8902,#10597,#2441,.T.) ;
#3338 = EDGE_CURVE('NONE',#5380,#10205,#7486,.T.) ;
#3339=DIRECTION('NONE',(1.,0.,0.));
#3340=CARTESIAN_POINT('NONE',(-3.491826899999,10.906231,3.8034335));
#3341 =(NAMED_UNIT(*) PLANE_ANGLE_UNIT() SI_UNIT($,.RADIAN.));
#3342 = VERTEX_POINT('NONE',#10890) ;
#3343 =(GEOMETRIC_REPRESENTATION_CONTEXT(3) GLOBAL_UNCERTAINTY_ASSIGNED_CONTEXT((#2107)) GLOBAL_UNIT_ASSIGNED_CONTEXT((#16395,#5583,#3139)) REPRESENTATION_CONTEXT('NONE','WORKASPACE'));
#3344=AXIS2_PLACEMENT_3D('NONE',#1510,#7470,#2373);
#3345=DIRECTION('NONE',(0.,0.,-1.));
#3346=DIRECTION('NONE',(0.,0.,-1.));
#3347=CARTESIAN_POINT('NONE',(-5.947822511542,10.631208966985,3.757609));
#3348 = SURFACE_STYLE_USAGE(.BOTH.,#10702) ;
#3349=CARTESIAN_POINT('NONE',(10.631284,-10.906231,2.2454005));
#3350 = VERTEX_POINT('NONE',#5981) ;
#3351 = ORIENTED_EDGE('NONE',*,*,#9253,.F.) ;
#3352=CARTESIAN_POINT('NONE',(-5.3557685112,10.607385773666,3.757609));
#3353=CIRCLE('NONE',#11173,0.824841);
#3354=VECTOR('NONE',#6408,916.49);
#3355 = FACE_OUTER_BOUND('NONE',#1109,.T.) ;
#3356 = B_SPLINE_CURVE_WITH_KNOTS('NONE',3,(#14517,#13494,#10829,#8371),.UNSPECIFIED.,.F.,.F.,(4,4),(7.000000000000,8.000000000000),.UNSPECIFIED.) ;
#3357=UNCERTAINTY_MEASURE_WITH_UNIT(LENGTH_MEASURE(9.164900000000001E-6),#15840,'distance_accuracy_value','NONE');
#3358 =(NAMED_UNIT(*) SI_UNIT($,.STERADIAN.) SOLID_ANGLE_UNIT());
#3359 = FACE_OUTER_BOUND('NONE',#13605,.T.) ;
#3360=DIRECTION('NONE',(0.,0.,1.));
#3361=DIRECTION('NONE',(0.,0.,1.));
#3362 = LINE('NONE',#16466,#3693) ;
#3363=CARTESIAN_POINT('NONE',(-7.036590169901,10.44585475047,3.75852549));
#3364 = LINE('NONE',#14190,#6687) ;
#3366=DIRECTION('NONE',(1.,0.,0.));
#3365 = COLOUR_RGB('',1.,1.,1.) ;
#3367=DIRECTION('NONE',(1.284980352575000E-16,-1.,0.));
#3368 = EDGE_CURVE('NONE',#9154,#7301,#13523,.T.) ;
#3369 = VERTEX_POINT('NONE',#8123) ;
#3370 = SURFACE_SIDE_STYLE('',(#8358)) ;
#3371 = EDGE_LOOP('NONE',(#13820,#7009,#1524,#11744)) ;
#3372 = EDGE_LOOP('NONE',(#1301,#5723,#8147,#8873)) ;
#3373 = ORIENTED_EDGE('NONE',*,*,#11387,.F.) ;
#3374 = EDGE_CURVE('NONE',#12459,#13658,#10807,.T.) ;
#3376 = EDGE_CURVE('NONE',#16160,#7136,#13232,.T.) ;
#3375 = SURFACE_SIDE_STYLE('',(#6917)) ;
#3377=CARTESIAN_POINT('NONE',(-5.3557685112,10.988175695663,3.75852549));
#3378 = FILL_AREA_STYLE_COLOUR('',#1703) ;
#3379=UNCERTAINTY_MEASURE_WITH_UNIT(LENGTH_MEASURE(9.164900000000001E-6),#13664,'distance_accuracy_value','NONE');
#3380 = B_SPLINE_SURFACE_WITH_KNOTS('NONE',3,1,((#15105,#2103),(#14165,#4289),(#9343,#2178),(#6965,#11796)),.UNSPECIFIED.,.F.,.F.,.F.,(4,4),(2,2),(28.000000000000,29.000000000000),(0.,1.),.UNSPECIFIED.) ;
#3381 = FACE_OUTER_BOUND('NONE',#14438,.T.) ;
#3382 = SURFACE_STYLE_FILL_AREA(#4581) ;
#3383=DIRECTION('NONE',(0.,0.,-1.));
#3384 = PRESENTATION_LAYER_ASSIGNMENT('','',(#13725)) ;
#3385 = ORIENTED_EDGE('NONE',*,*,#7842,.T.) ;
#3386=CARTESIAN_POINT('NONE',(10.631284,10.906231,3.8034335));
#3387 = FILL_AREA_STYLE_COLOUR('',#6725) ;
#3388 =(NAMED_UNIT(*) PLANE_ANGLE_UNIT() SI_UNIT($,.RADIAN.));
#3389 = FACE_OUTER_BOUND('NONE',#12070,.T.) ;
#3390 =(LENGTH_UNIT() NAMED_UNIT(*) SI_UNIT(.MILLI.,.METRE.));
#3391=CARTESIAN_POINT('NONE',(-7.280433022003,11.323158723214,3.75852549));
#3392 = ORIENTED_EDGE('NONE',*,*,#2655,.F.) ;
#3393 = ORIENTED_EDGE('NONE',*,*,#5122,.F.) ;
#3394 = ORIENTED_EDGE('NONE',*,*,#11020,.F.) ;
#3395=VECTOR('NONE',#12033,916.49);
#3396 = VERTEX_POINT('NONE',#1270) ;
#3397 =(GEOMETRIC_REPRESENTATION_CONTEXT(3) GLOBAL_UNCERTAINTY_ASSIGNED_CONTEXT((#6356)) GLOBAL_UNIT_ASSIGNED_CONTEXT((#4537,#6974,#11944)) REPRESENTATION_CONTEXT('NONE','WORKASPACE'));
#3398 = PRESENTATION_LAYER_ASSIGNMENT('','',(#12235)) ;
#3399 = SURFACE_STYLE_USAGE(.BOTH.,#6706) ;
#3400 = PRESENTATION_STYLE_ASSIGNMENT((#15406)) ;
#3401 = EDGE_CURVE('NONE',#2807,#14377,#3353,.T.) ;
#3402=CARTESIAN_POINT('NONE',(-5.498939999999,-11.395129752005,2.195922585729));
#3403 =(NAMED_UNIT(*) SI_UNIT($,.STERADIAN.) SOLID_ANGLE_UNIT());
#3404 = SURFACE_STYLE_FILL_AREA(#14313) ;
#3405 = EDGE_CURVE('NONE',#5838,#9885,#5751,.T.) ;
#3406=CARTESIAN_POINT('NONE',(-5.974980951924,10.390499421698,3.75852549));
#3407=DIRECTION('NONE',(1.,0.,0.));
#3408=CARTESIAN_POINT('NONE',(-6.166519426202,11.323796843128,3.757609));
#3410=DIRECTION('NONE',(-0.967617272386,-0.252421897187,0.));
#3409=DIRECTION('NONE',(0.,1.,0.));
#3411=CARTESIAN_POINT('NONE',(-5.218165746594,10.726692325804,3.757609));
#3412=CARTESIAN_POINT('NONE',(-5.498939999999,-11.091166380297,2.2728952));
#3413 = SURFACE_STYLE_FILL_AREA(#11873) ;
#3414=DIRECTION('NONE',(0.,0.,-1.));
#3415 = ORIENTED_EDGE('NONE',*,*,#10157,.F.) ;
#3416 = PRESENTATION_STYLE_ASSIGNMENT((#9265)) ;
#3417=AXIS2_PLACEMENT_3D('NONE',#5957,#2269,#3425);
#3418=AXIS2_PLACEMENT_3D('NONE',#8763,#1838,#14993);
#3419 = FILL_AREA_STYLE_COLOUR('',#5135) ;
#3420 = MECHANICAL_DESIGN_GEOMETRIC_PRESENTATION_REPRESENTATION('',(#13521),#12497) ;
#3421 = ORIENTED_EDGE('NONE',*,*,#1412,.F.) ;
#3422 = COLOUR_RGB('',1.,1.,1.) ;
#3423=CARTESIAN_POINT('NONE',(-8.520850904654,11.039558925569,3.75852549));
#3424=CARTESIAN_POINT('NONE',(-5.103433247574,10.769574073776,3.75852549));
#3425=DIRECTION('NONE',(0.,0.,1.));
#3426=CARTESIAN_POINT('NONE',(-7.349345187329,10.557174223269,3.75852549));
#3427 = ORIENTED_EDGE('NONE',*,*,#13797,.F.) ;
#3428 =(GEOMETRIC_REPRESENTATION_CONTEXT(3) GLOBAL_UNCERTAINTY_ASSIGNED_CONTEXT((#7184)) GLOBAL_UNIT_ASSIGNED_CONTEXT((#2344,#16527,#15502)) REPRESENTATION_CONTEXT('NONE','WORKASPACE'));
#3429 = VERTEX_POINT('NONE',#4567) ;
#3431=VECTOR('NONE',#14243,916.49);
#3430=CARTESIAN_POINT('NONE',(5.49894,-11.091166380297,4.307503));
#3432 = COLOUR_RGB('',1.,1.,1.) ;
#3433 = STYLED_ITEM('NONE',(#12640),#2539) ;
#3434=CARTESIAN_POINT('NONE',(-6.110487275519,10.568125151077,3.757609));
#3435=VECTOR('NONE',#12073,916.49);
#3436 = SURFACE_SIDE_STYLE('',(#14261)) ;
#3437 = LINE('NONE',#14029,#12289) ;
#3438 = STYLED_ITEM('NONE',(#4002),#10295) ;
#3439=VECTOR('NONE',#2055,916.49);
#3440=UNCERTAINTY_MEASURE_WITH_UNIT(LENGTH_MEASURE(9.164900000000001E-6),#13892,'distance_accuracy_value','NONE');
#3441 = MECHANICAL_DESIGN_GEOMETRIC_PRESENTATION_REPRESENTATION('',(#6235),#13021) ;
#3442 = SURFACE_SIDE_STYLE('',(#1098)) ;
#3443 =(NAMED_UNIT(*) PLANE_ANGLE_UNIT() SI_UNIT($,.RADIAN.));
#3444 = STYLED_ITEM('NONE',(#5009),#13334) ;
#3445=CARTESIAN_POINT('NONE',(-8.242552026762,10.400796815662,3.75852549));
#3446=CARTESIAN_POINT('NONE',(-6.190437912294,10.436049367321,3.757609));
#3447=CARTESIAN_POINT('NONE',(-1.163942299999,10.906231,3.8034335));
#3448=CARTESIAN_POINT('NONE',(-6.078659489245,11.049734827198,3.75852549));
#3449=DIRECTION('NONE',(1.,0.,0.));
#3450 = ORIENTED_EDGE('NONE',*,*,#8320,.T.) ;
#3451 = FILL_AREA_STYLE_COLOUR('',#13812) ;
#3452 = VERTEX_POINT('NONE',#9373) ;
#3453 = COLOUR_RGB('',1.,1.,1.) ;
#3454 = ORIENTED_EDGE('NONE',*,*,#5123,.F.) ;
#3455=VECTOR('NONE',#9196,916.49);
#3456 = COLOUR_RGB('',0.949019607843,0.760784313725,0.180392156862) ;
#3457 = STYLED_ITEM('NONE',(#5680),#7116) ;
#3458=CIRCLE('NONE',#3723,1.6955065);
#3459 = VERTEX_POINT('NONE',#14497) ;
#3460=CARTESIAN_POINT('NONE',(-5.897412634482,10.411654417363,3.757609));
#3461 = PLANE('NONE',#5716) ;
#3462=DIRECTION('NONE',(0.934510438742,-0.355935724369,0.));
#3463 = EDGE_CURVE('NONE',#3893,#9193,#12749,.T.) ;
#3464=CARTESIAN_POINT('NONE',(-7.990757722358,10.753308765996,3.75852549));
#3465 =(GEOMETRIC_REPRESENTATION_CONTEXT(3) GLOBAL_UNCERTAINTY_ASSIGNED_CONTEXT((#13158)) GLOBAL_UNIT_ASSIGNED_CONTEXT((#7858,#8094,#14006)) REPRESENTATION_CONTEXT('NONE','WORKASPACE'));
#3466 = ORIENTED_EDGE('NONE',*,*,#1655,.F.) ;
#3467 = PRESENTATION_LAYER_ASSIGNMENT('','',(#2485)) ;
#3468 = STYLED_ITEM('NONE',(#3866),#7169) ;
#3469 = ADVANCED_FACE('NONE',(#1520),#1640,.F.) ;
#3470=CARTESIAN_POINT('NONE',(-5.498939999999,-12.071354926798,3.995915440821));
#3471 =(LENGTH_UNIT() NAMED_UNIT(*) SI_UNIT(.MILLI.,.METRE.));
#3472=DIRECTION('NONE',(-1.,0.,0.));
#3473 = LINE('NONE',#10741,#10134) ;
#3474=CARTESIAN_POINT('NONE',(-6.874911810945,10.673794748524,3.757609));
#3475 = EDGE_LOOP('NONE',(#7840,#9479,#5854,#14655,#2337,#3385)) ;
#3476 = VERTEX_POINT('NONE',#6141) ;
#3477 = EDGE_LOOP('NONE',(#14397,#8357,#13755,#12643)) ;
#3478=DIRECTION('NONE',(0.9400931104,-0.340917796218,0.));
#3479 = VERTEX_POINT('NONE',#13406) ;
#3480 = MECHANICAL_DESIGN_GEOMETRIC_PRESENTATION_REPRESENTATION('',(#14585),#5022) ;
#3481=VECTOR('NONE',#4982,916.49);
#3482=CIRCLE('NONE',#2990,0.824841);
#3483 = PLANE('NONE',#13054) ;
#3484 = EDGE_CURVE('NONE',#14016,#1985,#15991,.T.) ;
#3485=CARTESIAN_POINT('NONE',(-7.791972805064,10.663192946932,3.757609));
#3486=CARTESIAN_POINT('NONE',(-5.485843146716,11.31159936815,3.75852549));
#3487=CARTESIAN_POINT('NONE',(-5.345191013366,10.726692325804,3.75852549));
#3488=DIRECTION('NONE',(0.349395479497,-0.936975345944,0.));
#3489 = FILL_AREA_STYLE_COLOUR('',#14124) ;
#3491 = SURFACE_STYLE_USAGE(.BOTH.,#4681) ;
#3490=CARTESIAN_POINT('NONE',(-5.3557685112,10.988175695663,3.757609));
#3492 = SURFACE_STYLE_USAGE(.BOTH.,#1140) ;
#3493=DIRECTION('NONE',(0.,0.,-1.));
#3494=CARTESIAN_POINT('NONE',(-1.832979999999,-11.883143693273,4.12731380785));
#3495 = EDGE_CURVE('NONE',#6438,#8072,#15923,.T.) ;
#3496=CARTESIAN_POINT('NONE',(-5.013381576833,10.586611949093,3.757609));
#3497 = PRESENTATION_LAYER_ASSIGNMENT('','',(#11822)) ;
#3498=DIRECTION('NONE',(0.,0.,-1.));
#3499 = ORIENTED_EDGE('NONE',*,*,#1654,.T.) ;
#3500=AXIS2_PLACEMENT_3D('NONE',#3834,#10948,#5102);
#3501 = LINE('NONE',#9418,#4148) ;
#3502=UNCERTAINTY_MEASURE_WITH_UNIT(LENGTH_MEASURE(9.164900000000001E-6),#13030,'distance_accuracy_value','NONE');
#3503 = LINE('NONE',#9503,#7491) ;
#3504 = SURFACE_STYLE_FILL_AREA(#6037) ;
#3505=VECTOR('NONE',#3600,916.49);
#3506 = VERTEX_POINT('NONE',#15845) ;
#3507=CARTESIAN_POINT('NONE',(-5.498939999999,-11.922747486017,4.208164082668));
#3508 = LINE('NONE',#10873,#6437) ;
#3509=CARTESIAN_POINT('NONE',(-5.521101472827,11.283011536168,3.757609));
#3511=CARTESIAN_POINT('NONE',(-7.349345187329,10.557174223269,3.75852549));
#3510 =(GEOMETRIC_REPRESENTATION_CONTEXT(3) GLOBAL_UNCERTAINTY_ASSIGNED_CONTEXT((#8435)) GLOBAL_UNIT_ASSIGNED_CONTEXT((#4035,#13845,#15005)) REPRESENTATION_CONTEXT('NONE','WORKASPACE'));
#3512=VECTOR('NONE',#6331,916.49);
#3513=CARTESIAN_POINT('NONE',(-5.970406898808,10.428616531006,3.757609));
#3514 = VERTEX_POINT('NONE',#10965) ;
#3515=CARTESIAN_POINT('NONE',(5.49894,-12.427658333564,3.2901991));
#3516 = ORIENTED_EDGE('NONE',*,*,#12202,.F.) ;
#3517 =(GEOMETRIC_REPRESENTATION_CONTEXT(3) GLOBAL_UNCERTAINTY_ASSIGNED_CONTEXT((#3357)) GLOBAL_UNIT_ASSIGNED_CONTEXT((#15840,#5042,#3681)) REPRESENTATION_CONTEXT('NONE','WORKASPACE'));
#3518 = EDGE_CURVE('NONE',#16178,#6563,#4965,.T.) ;
#3519=CARTESIAN_POINT('NONE',(-4.7821060161,10.695817467263,3.757609));
#3520=UNCERTAINTY_MEASURE_WITH_UNIT(LENGTH_MEASURE(9.164900000000001E-6),#9576,'distance_accuracy_value','NONE');
#3521 = B_SPLINE_CURVE_WITH_KNOTS('NONE',3,(#10183,#14983,#5433,#10263),.UNSPECIFIED.,.F.,.F.,(4,4),(10.,11.),.UNSPECIFIED.) ;
#3522 = MECHANICAL_DESIGN_GEOMETRIC_PRESENTATION_REPRESENTATION('',(#1801),#7573) ;
#3523 =(NAMED_UNIT(*) SI_UNIT($,.STERADIAN.) SOLID_ANGLE_UNIT());
#3524=DIRECTION('NONE',(1.,0.,0.));
#3525=CARTESIAN_POINT('NONE',(-5.485843146716,11.040396135416,3.75852549));
#3526 =(LENGTH_UNIT() NAMED_UNIT(*) SI_UNIT(.MILLI.,.METRE.));
#3527 = EDGE_CURVE('NONE',#9943,#6239,#1588,.T.) ;
#3528=DIRECTION('NONE',(-1.,0.,0.));
#3529=UNCERTAINTY_MEASURE_WITH_UNIT(LENGTH_MEASURE(9.164900000000001E-6),#6143,'distance_accuracy_value','NONE');
#3530=CARTESIAN_POINT('NONE',(-5.762478067527,10.271383455106,3.757609));
#3531=CARTESIAN_POINT('NONE',(-6.521485006643,11.030676272542,3.757609));
#3532 = ORIENTED_EDGE('NONE',*,*,#9284,.F.) ;
#3533 = ORIENTED_EDGE('NONE',*,*,#11875,.T.) ;
#3534 = ORIENTED_EDGE('NONE',*,*,#15339,.T.) ;
#3535 = PRESENTATION_LAYER_ASSIGNMENT('','',(#10360)) ;
#3536 = ADVANCED_FACE('NONE',(#11044),#7636,.T.) ;
#3537 = ORIENTED_EDGE('NONE',*,*,#4507,.T.) ;
#3538 = PRESENTATION_LAYER_ASSIGNMENT('','',(#2576)) ;
#3539=CARTESIAN_POINT('NONE',(-5.759142820463,10.348951772551,3.75852549));
#3540=DIRECTION('NONE',(0.331528418357,0.94344523308,0.));
#3541=CARTESIAN_POINT('NONE',(-6.295069377348,11.090329548612,3.75852549));
#3542=UNCERTAINTY_MEASURE_WITH_UNIT(LENGTH_MEASURE(9.164900000000001E-6),#14225,'distance_accuracy_value','NONE');
#3543=VECTOR('NONE',#7528,916.49);
#3544=CARTESIAN_POINT('NONE',(-8.441336868224,11.11907286721,3.75852549));
#3545=CARTESIAN_POINT('NONE',(-5.897412634482,10.411654417363,3.75852549));
#3546 = ORIENTED_EDGE('NONE',*,*,#1302,.T.) ;
#3547 =(NAMED_UNIT(*) PLANE_ANGLE_UNIT() SI_UNIT($,.RADIAN.));
#3548=DIRECTION('NONE',(-1.,0.,0.));
#3549=CARTESIAN_POINT('NONE',(-7.993408248587,10.586329304028,3.757609));
#3550 = FACE_OUTER_BOUND('NONE',#4149,.T.) ;
#3551 =(NAMED_UNIT(*) PLANE_ANGLE_UNIT() SI_UNIT($,.RADIAN.));
#3552 = ORIENTED_EDGE('NONE',*,*,#9903,.F.) ;
#3553 = ORIENTED_EDGE('NONE',*,*,#11007,.T.) ;
#3554 = VERTEX_POINT('NONE',#13878) ;
#3555=CARTESIAN_POINT('NONE',(-7.447412332308,10.435252847772,3.757609));
#3556=AXIS2_PLACEMENT_3D('NONE',#4825,#9956,#12081);
#3557 = EDGE_CURVE('NONE',#10256,#4483,#13328,.T.) ;
#3558 = ORIENTED_EDGE('NONE',*,*,#16493,.T.) ;
#3559 = B_SPLINE_CURVE_WITH_KNOTS('NONE',3,(#14100,#11717,#4460,#16452),.UNSPECIFIED.,.F.,.F.,(4,4),(18.000000000000,19.000000000000),.UNSPECIFIED.) ;
#3560=CARTESIAN_POINT('NONE',(10.631284,-10.906231,3.8034335));
#3561=UNCERTAINTY_MEASURE_WITH_UNIT(LENGTH_MEASURE(9.164900000000001E-6),#12446,'distance_accuracy_value','NONE');
#3562=CARTESIAN_POINT('NONE',(-12.372615,9.073251,4.399152));
#3563=CARTESIAN_POINT('NONE',(-6.277059043198,10.471879450071,3.75852549));
#3564=CARTESIAN_POINT('NONE',(-5.733127893359,10.988175695663,3.75852549));
#3565 = LINE('NONE',#13436,#10737) ;
#3566 = FILL_AREA_STYLE('',(#14389)) ;
#3567=CARTESIAN_POINT('NONE',(-7.993408248587,10.379592909157,3.75852549));
#3568=CARTESIAN_POINT('NONE',(-6.16699589007,11.367250347742,3.75852549));
#3569=CARTESIAN_POINT('NONE',(-5.880164642518,10.65731918686,3.75852549));
#3570=DIRECTION('NONE',(0.,0.,1.));
#3571=CARTESIAN_POINT('NONE',(-0.339101299999,10.906231,3.757609));
#3572=DIRECTION('NONE',(0.,-1.,0.));
#3573 = ADVANCED_FACE('NONE',(#3210),#4891,.F.) ;
#3574 = ORIENTED_EDGE('NONE',*,*,#4575,.T.) ;
#3575 =(NAMED_UNIT(*) PLANE_ANGLE_UNIT() SI_UNIT($,.RADIAN.));
#3576=DIRECTION('NONE',(1.,0.,0.));
#3577 = PRESENTATION_STYLE_ASSIGNMENT((#1150)) ;
#3578 = EDGE_CURVE('NONE',#6416,#15471,#6819,.T.) ;
#3579 = FACE_OUTER_BOUND('NONE',#15200,.T.) ;
#3580 = ADVANCED_FACE('NONE',(#7942),#13792,.F.) ;
#3581 = ORIENTED_EDGE('NONE',*,*,#11977,.F.) ;
#3582 = EDGE_CURVE('NONE',#16241,#6789,#2274,.T.) ;
#3583 = SURFACE_SIDE_STYLE('',(#5955)) ;
#3584=DIRECTION('NONE',(0.940953787676,-0.338535034314,0.));
#3585=CARTESIAN_POINT('NONE',(-7.993408248587,10.586329304028,3.75852549));
#3586 = SURFACE_STYLE_USAGE(.BOTH.,#1989) ;
#3587 = MECHANICAL_DESIGN_GEOMETRIC_PRESENTATION_REPRESENTATION('',(#6592),#1356) ;
#3588 = LINE('NONE',#3426,#16279) ;
#3589=CARTESIAN_POINT('NONE',(-5.056453910348,10.414132029468,3.75852549));
#3590 = LINE('NONE',#1086,#3843) ;
#3591=DIRECTION('NONE',(0.,1.,0.));
#3592 = ORIENTED_EDGE('NONE',*,*,#14537,.T.) ;
#3593 = ORIENTED_EDGE('NONE',*,*,#12730,.T.) ;
#3594=CARTESIAN_POINT('NONE',(-6.303931605262,11.312361710336,3.757609));
#3595 = PRESENTATION_LAYER_ASSIGNMENT('','',(#4871)) ;
#3596=AXIS2_PLACEMENT_3D('NONE',#3340,#13128,#3576);
#3597 = EDGE_CURVE('NONE',#7664,#10897,#14705,.T.) ;
#3598 = ORIENTED_EDGE('NONE',*,*,#4557,.F.) ;
#3599=CARTESIAN_POINT('NONE',(-6.242658352048,10.428807116553,3.757609));
#3600=DIRECTION('NONE',(0.,0.,-1.));
#3601=DIRECTION('NONE',(0.,0.,1.));
#3602 = PLANE('NONE',#6120) ;
#3603 = ADVANCED_FACE('NONE',(#7217),#4548,.T.) ;
#3604=CARTESIAN_POINT('NONE',(9.3940225,-10.906231,2.2454005));
#3605 =(NAMED_UNIT(*) SI_UNIT($,.STERADIAN.) SOLID_ANGLE_UNIT());
#3606 = FACE_OUTER_BOUND('NONE',#10418,.T.) ;
#3607=CARTESIAN_POINT('NONE',(-8.104727771939,10.753308765996,3.757609));
#3608 = SURFACE_STYLE_FILL_AREA(#9206) ;
#3609=CYLINDRICAL_SURFACE('NONE',#15106,0.458245);
#3610=VECTOR('NONE',#12058,916.49);
#3611 = ORIENTED_EDGE('NONE',*,*,#2731,.F.) ;
#3612=CARTESIAN_POINT('NONE',(-6.986231384852,11.066063581208,3.757609));
#3613 = ORIENTED_EDGE('NONE',*,*,#12914,.T.) ;
#3614 = ORIENTED_EDGE('NONE',*,*,#16411,.T.) ;
#3615 = ORIENTED_EDGE('NONE',*,*,#16108,.F.) ;
#3616 = FILL_AREA_STYLE_COLOUR('',#14549) ;
#3617=CARTESIAN_POINT('NONE',(-6.236083150692,10.554974748367,3.75852549));
#3618 = COLOUR_RGB('',1.,1.,1.) ;
#3619 = SURFACE_SIDE_STYLE('',(#11912)) ;
#3620=DIRECTION('NONE',(-1.,0.,0.));
#3621 = ORIENTED_EDGE('NONE',*,*,#12914,.F.) ;
#3622 = LINE('NONE',#15540,#7467) ;
#3623 =(LENGTH_UNIT() NAMED_UNIT(*) SI_UNIT(.MILLI.,.METRE.));
#3624=CARTESIAN_POINT('NONE',(-6.324419551515,10.51781056679,3.757609));
#3626 = FILL_AREA_STYLE_COLOUR('',#10413) ;
#3625=DIRECTION('NONE',(0.,0.,-1.));
#3627 = PRESENTATION_STYLE_ASSIGNMENT((#14444)) ;
#3628 = FACE_OUTER_BOUND('NONE',#3156,.T.) ;
#3629=CARTESIAN_POINT('NONE',(-4.769050906161,10.695817467263,3.757609));
#3630 = VERTEX_POINT('NONE',#5734) ;
#3631 = ORIENTED_EDGE('NONE',*,*,#16499,.T.) ;
#3632 = VERTEX_POINT('NONE',#14176) ;
#3633 = STYLED_ITEM('NONE',(#4152),#6574) ;
#3634 = ORIENTED_EDGE('NONE',*,*,#9374,.T.) ;
#3635=VECTOR('NONE',#9883,916.49);
#3636=CARTESIAN_POINT('NONE',(-5.893505630776,10.525052817558,3.75852549));
#3637=CARTESIAN_POINT('NONE',(-5.104767346399,10.396788744734,3.75852549));
#3638 = SURFACE_SIDE_STYLE('',(#7110)) ;
#3639 = SURFACE_SIDE_STYLE('',(#14388)) ;
#3640 =(LENGTH_UNIT() NAMED_UNIT(*) SI_UNIT(.MILLI.,.METRE.));
#3642=CARTESIAN_POINT('NONE',(-7.359947090028,10.55982464839,3.75852549));
#3641=CARTESIAN_POINT('NONE',(-5.237700765115,11.292350227948,3.75852549));
#3643 = EDGE_CURVE('NONE',#11538,#8737,#15354,.T.) ;
#3644=DIRECTION('NONE',(-1.,0.,0.));
#3645 = FACE_OUTER_BOUND('NONE',#8603,.T.) ;
#3646 = B_SPLINE_SURFACE_WITH_KNOTS('NONE',3,1,((#14278,#9790),(#10813,#6227),(#2613,#3612),(#15682,#13330)),.UNSPECIFIED.,.F.,.F.,.F.,(4,4),(2,2),(35.000000000000,36.000000000000),(0.,1.),.UNSPECIFIED.) ;
#3647=VECTOR('NONE',#8870,916.49);
#3648=CARTESIAN_POINT('NONE',(-5.587520535799,10.663036753257,3.75852549));
#3649 = SURFACE_SIDE_STYLE('',(#13445)) ;
#3650 = ORIENTED_EDGE('NONE',*,*,#3863,.F.) ;
#3651 = FILL_AREA_STYLE('',(#4776)) ;
#3652=UNCERTAINTY_MEASURE_WITH_UNIT(LENGTH_MEASURE(9.164900000000001E-6),#9689,'distance_accuracy_value','NONE');
#3653=CARTESIAN_POINT('NONE',(-5.972408047046,10.669135490747,3.75852549));
#3654 =(GEOMETRIC_REPRESENTATION_CONTEXT(3) GLOBAL_UNCERTAINTY_ASSIGNED_CONTEXT((#2264)) GLOBAL_UNIT_ASSIGNED_CONTEXT((#2955,#7920,#10214)) REPRESENTATION_CONTEXT('NONE','WORKASPACE'));
#3655=CARTESIAN_POINT('NONE',(-6.36911186218,10.439289321614,3.75852549));
#3656=CARTESIAN_POINT('NONE',(-5.994039506579,10.61481860998,3.75852549));
#3657=DIRECTION('NONE',(1.156482317317000E-16,-1.,0.));
#3658 = EDGE_CURVE('NONE',#13918,#11304,#9358,.T.) ;
#3659 = ORIENTED_EDGE('NONE',*,*,#15620,.T.) ;
#3660=VECTOR('NONE',#5164,916.49);
#3661=CARTESIAN_POINT('NONE',(-5.498939999999,-12.13007241769,4.067036689331));
#3662 = PRESENTATION_STYLE_ASSIGNMENT((#13386)) ;
#3663 = EDGE_CURVE('NONE',#8072,#2160,#1160,.T.) ;
#3664=DIRECTION('NONE',(1.,0.,0.));
#3665 = SURFACE_STYLE_FILL_AREA(#5958) ;
#3666=DIRECTION('NONE',(0.,0.,-1.));
#3667=CARTESIAN_POINT('NONE',(-6.033681300261,10.549066596423,3.75852549));
#3668=CARTESIAN_POINT('NONE',(-4.888929214939,10.396788744734,3.75852549));
#3669 = VERTEX_POINT('NONE',#8108) ;
#3670 = ORIENTED_EDGE('NONE',*,*,#10108,.F.) ;
#3671 = EDGE_CURVE('NONE',#1194,#7894,#1874,.T.) ;
#3672 = PRESENTATION_STYLE_ASSIGNMENT((#14486)) ;
#3673 = B_SPLINE_CURVE_WITH_KNOTS('NONE',3,(#5426,#13887,#4238,#3133),.UNSPECIFIED.,.F.,.F.,(4,4),(8.000000000000,9.000000000000),.UNSPECIFIED.) ;
#3674 = PRESENTATION_LAYER_ASSIGNMENT('','',(#4952)) ;
#3675=UNCERTAINTY_MEASURE_WITH_UNIT(LENGTH_MEASURE(9.164900000000001E-6),#10007,'distance_accuracy_value','NONE');
#3676=CARTESIAN_POINT('NONE',(-6.078659489245,11.049734827198,3.75852549));
#3677 = SURFACE_STYLE_FILL_AREA(#9613) ;
#3678 = EDGE_CURVE('NONE',#16533,#2691,#4461,.T.) ;
#3679 = VERTEX_POINT('NONE',#2189) ;
#3680 = FACE_OUTER_BOUND('NONE',#13923,.T.) ;
#3681 =(NAMED_UNIT(*) SI_UNIT($,.STERADIAN.) SOLID_ANGLE_UNIT());
#3682 = FILL_AREA_STYLE_COLOUR('',#5259) ;
#3683=AXIS2_PLACEMENT_3D('NONE',#5165,#9994,#4182);
#3684 = STYLED_ITEM('NONE',(#2037),#8419) ;
#3685 = PLANE('NONE',#7992) ;
#3686 = LINE('NONE',#13155,#12794) ;
#3687=CARTESIAN_POINT('NONE',(-6.41543,-12.739211,3.757609));
#3688=DIRECTION('NONE',(-0.355935724369,-0.934510438742,0.));
#3689 =(GEOMETRIC_REPRESENTATION_CONTEXT(3) GLOBAL_UNCERTAINTY_ASSIGNED_CONTEXT((#3983)) GLOBAL_UNIT_ASSIGNED_CONTEXT((#5870,#14232,#9579)) REPRESENTATION_CONTEXT('NONE','WORKASPACE'));
#3690=CARTESIAN_POINT('NONE',(-4.77600727861,10.721927687138,3.75852549));
#3691=PRODUCT_DEFINITION_CONTEXT('detailed design',#2,'design');
#3692=CARTESIAN_POINT('NONE',(-5.485843146716,11.040396135416,3.757609));
#3693=VECTOR('NONE',#8044,916.49);
#3694 = PRESENTATION_STYLE_ASSIGNMENT((#4968)) ;
#3695 = PRESENTATION_LAYER_ASSIGNMENT('','',(#15522)) ;
#3696 = ORIENTED_EDGE('NONE',*,*,#5219,.F.) ;
#3697=CARTESIAN_POINT('NONE',(-12.372615,-8.340058999999,4.399152));
#3698 = ORIENTED_EDGE('NONE',*,*,#7930,.T.) ;
#3699 = ORIENTED_EDGE('NONE',*,*,#16586,.F.) ;
#3700 = EDGE_CURVE('NONE',#3897,#14504,#10789,.T.) ;
#3701 = EDGE_CURVE('NONE',#12837,#2299,#13088,.T.) ;
#3702 = EDGE_LOOP('NONE',(#13818,#3614,#13023,#15213)) ;
#3703=VECTOR('NONE',#9526,916.49);
#3704 = MECHANICAL_DESIGN_GEOMETRIC_PRESENTATION_REPRESENTATION('',(#6709),#3956) ;
#3705 = LINE('NONE',#15929,#12519) ;
#3706=CARTESIAN_POINT('NONE',(-6.268101522511,11.282439779529,3.75852549));
#3707 = B_SPLINE_CURVE_WITH_KNOTS('NONE',3,(#12368,#10086,#14657,#2973),.UNSPECIFIED.,.F.,.F.,(4,4),(5.000000000000,6.000000000000),.UNSPECIFIED.) ;
#3708=CARTESIAN_POINT('NONE',(-5.019003850454,10.449009184487,3.757609));
#3709=CARTESIAN_POINT('NONE',(-6.277059043198,10.459110218454,3.757609));
#3710=DIRECTION('NONE',(-1.,0.,0.));
#3711 = EDGE_CURVE('NONE',#9306,#10479,#3590,.T.) ;
#3712 = EDGE_LOOP('NONE',(#3082,#11437,#3066,#6611,#2372,#6045,#6862)) ;
#3713 = FILL_AREA_STYLE_COLOUR('',#8222) ;
#3714 =(NAMED_UNIT(*) PLANE_ANGLE_UNIT() SI_UNIT($,.RADIAN.));
#3715 = FACE_OUTER_BOUND('NONE',#16492,.T.) ;
#3717=CARTESIAN_POINT('NONE',(-6.239990154395,10.390499421698,3.75852549));
#3716=DIRECTION('NONE',(0.,0.,-1.));
#3718=CIRCLE('NONE',#4989,0.824841);
#3719 = MECHANICAL_DESIGN_GEOMETRIC_PRESENTATION_REPRESENTATION('',(#10530),#13032) ;
#3720=VECTOR('NONE',#6619,916.49);
#3721 = LINE('NONE',#4013,#6781) ;
#3722 = VERTEX_POINT('NONE',#8414) ;
#3723=AXIS2_PLACEMENT_3D('NONE',#3890,#5085,#6344);
#3724 = VERTEX_POINT('NONE',#3511) ;
#3725 = ORIENTED_EDGE('NONE',*,*,#8164,.F.) ;
#3726 = EDGE_LOOP('NONE',(#1664,#15946,#15380,#1562)) ;
#3727 = EDGE_CURVE('NONE',#1957,#13426,#10922,.T.) ;
#3728=AXIS2_PLACEMENT_3D('NONE',#4624,#10634,#12743);
#3729 = PRESENTATION_STYLE_ASSIGNMENT((#11930)) ;
#3730 = STYLED_ITEM('NONE',(#14059),#10899) ;
#3731=AXIS2_PLACEMENT_3D('NONE',#14211,#6776,#9389);
#3732 = SURFACE_STYLE_USAGE(.BOTH.,#13433) ;
#3733 = FILL_AREA_STYLE_COLOUR('',#11530) ;
#3734 = FILL_AREA_STYLE_COLOUR('',#4165) ;
#3735=CARTESIAN_POINT('NONE',(-6.569607857146,10.396788744734,3.757609));
#3737 =(NAMED_UNIT(*) SI_UNIT($,.STERADIAN.) SOLID_ANGLE_UNIT());
#3736 =(NAMED_UNIT(*) PLANE_ANGLE_UNIT() SI_UNIT($,.RADIAN.));
#3738 = FACE_OUTER_BOUND('NONE',#7550,.T.) ;
#3739=CARTESIAN_POINT('NONE',(-5.013381576833,10.540109075735,3.757609));
#3740 = ORIENTED_EDGE('NONE',*,*,#5708,.T.) ;
#3741=VECTOR('NONE',#10416,916.49);
#3742=CARTESIAN_POINT('NONE',(-7.993408248587,10.379592909157,3.75852549));
#3744=VECTOR('NONE',#7824,916.49);
#3743 = FILL_AREA_STYLE_COLOUR('',#6074) ;
#3745 = ORIENTED_EDGE('NONE',*,*,#6312,.F.) ;
#3746=CARTESIAN_POINT('NONE',(-5.685005042854,11.318079276733,3.75852549));
#3747=CARTESIAN_POINT('NONE',(-8.041116608516,11.286052202793,3.75852549));
#3748=VECTOR('NONE',#8111,916.49);
#3749 = FILL_AREA_STYLE_COLOUR('',#1258) ;
#3750 = ORIENTED_EDGE('NONE',*,*,#13134,.F.) ;
#3751=CARTESIAN_POINT('NONE',(-5.248945312361,11.287204418192,3.75852549));
#3752=CARTESIAN_POINT('NONE',(12.464263999999,-12.739211,3.757609));
#3753=VECTOR('NONE',#3657,916.49);
#3754 = PLANE('NONE',#10760) ;
#3755 = FILL_AREA_STYLE('',(#14566)) ;
#3756 = B_SPLINE_SURFACE_WITH_KNOTS('NONE',3,1,((#2002,#3708),(#12075,#10733),(#12224,#8365),(#2619,#2549)),.UNSPECIFIED.,.F.,.F.,.F.,(4,4),(2,2),(4.000000000000,5.000000000000),(0.,1.),.UNSPECIFIED.) ;
#3757=DIRECTION('NONE',(0.,0.,1.));
#3758 = ORIENTED_EDGE('NONE',*,*,#1911,.T.) ;
#3759=DIRECTION('NONE',(0.,0.,-1.));
#3760 = STYLED_ITEM('NONE',(#3208),#15011) ;
#3761 = ORIENTED_EDGE('NONE',*,*,#8446,.F.) ;
#3762 = ADVANCED_FACE('NONE',(#15976),#3883,.F.) ;
#3763 = STYLED_ITEM('NONE',(#7497),#8779) ;
#3764 = ADVANCED_FACE('NONE',(#2670),#2818,.F.) ;
#3765 = FILL_AREA_STYLE_COLOUR('',#16196) ;
#3766=DIRECTION('NONE',(-1.,0.,0.));
#3767 = ORIENTED_EDGE('NONE',*,*,#2032,.T.) ;
#3768=CARTESIAN_POINT('NONE',(-6.22788797219,10.428807116553,3.757609));
#3769=CARTESIAN_POINT('NONE',(-6.046926995746,10.59118600221,3.75852549));
#3770 =(NAMED_UNIT(*) PLANE_ANGLE_UNIT() SI_UNIT($,.RADIAN.));
#3771=AXIS2_PLACEMENT_3D('NONE',#2963,#3044,#4828);
#3772=DIRECTION('NONE',(1.,0.,0.));
#3773 = SURFACE_STYLE_FILL_AREA(#14898) ;
#3774 = SURFACE_SIDE_STYLE('',(#3850)) ;
#3775=CARTESIAN_POINT('NONE',(-6.042543528175,10.560692314762,3.75852549));
#3776 = LINE('NONE',#4805,#7231) ;
#3777 = MECHANICAL_DESIGN_GEOMETRIC_PRESENTATION_REPRESENTATION('',(#8564),#16373) ;
#3778 = PLANE('NONE',#15123) ;
#3779 = EDGE_LOOP('NONE',(#8900,#1930,#4249,#7178)) ;
#3780 = SURFACE_STYLE_USAGE(.BOTH.,#5053) ;
#3781 = VERTEX_POINT('NONE',#13619) ;
#3782 = EDGE_CURVE('NONE',#6511,#3506,#11973,.T.) ;
#3783 = ORIENTED_EDGE('NONE',*,*,#5419,.F.) ;
#3784 = EDGE_CURVE('NONE',#4088,#11006,#4608,.T.) ;
#3785 = ORIENTED_EDGE('NONE',*,*,#3578,.F.) ;
#3786 = COLOUR_RGB('',1.,1.,1.) ;
#3787 = PRESENTATION_LAYER_ASSIGNMENT('','',(#12851)) ;
#3788 = FILL_AREA_STYLE('',(#12146)) ;
#3789=CARTESIAN_POINT('NONE',(-7.436810429611,10.848725536406,3.75852549));
#3790=CARTESIAN_POINT('NONE',(-5.943248458425,10.547732497597,3.75852549));
#3791 = ADVANCED_FACE('NONE',(#10949),#15733,.F.) ;
#3792 = ORIENTED_EDGE('NONE',*,*,#14106,.F.) ;
#3793=CARTESIAN_POINT('NONE',(-6.324419551515,10.444244545824,3.75852549));
#3794=VECTOR('NONE',#4627,916.49);
#3795=DIRECTION('NONE',(-1.,0.,0.));
#3796 = FILL_AREA_STYLE_COLOUR('',#2059) ;
#3797 = FACE_BOUND('NONE',#14730,.T.) ;
#3798=CARTESIAN_POINT('NONE',(-6.286302442207,10.39755108692,3.757609));
#3799 = ORIENTED_EDGE('NONE',*,*,#2449,.F.) ;
#3800 = VERTEX_POINT('NONE',#3293) ;
#3801 = ORIENTED_EDGE('NONE',*,*,#15313,.T.) ;
#3802 = COLOUR_RGB('',1.,1.,1.) ;
#3803 = ORIENTED_EDGE('NONE',*,*,#14198,.F.) ;
#3804 = COLOUR_RGB('',1.,1.,1.) ;
#3805 = COLOUR_RGB('',0.949019607843,0.760784313725,0.180392156862) ;
#3806 =(LENGTH_UNIT() NAMED_UNIT(*) SI_UNIT(.MILLI.,.METRE.));
#3807 = PRESENTATION_STYLE_ASSIGNMENT((#3732)) ;
#3808=CARTESIAN_POINT('NONE',(-5.248945312361,11.287204418192,3.758525489999));
#3809=CARTESIAN_POINT('NONE',(-5.984605522025,10.621298518563,3.75852549));
#3810=VECTOR('NONE',#9957,916.489999999999);
#3811=DIRECTION('NONE',(-1.,0.,0.));
#3812=CARTESIAN_POINT('NONE',(-6.241419545994,10.669135490747,3.757609));
#3813 = SURFACE_SIDE_STYLE('',(#14624)) ;
#3814 = FILL_AREA_STYLE_COLOUR('',#7592) ;
#3815=CARTESIAN_POINT('NONE',(-5.336709956544,10.439289321614,3.75852549));
#3816 = EDGE_CURVE('NONE',#3165,#3630,#6870,.T.) ;
#3817=DIRECTION('NONE',(1.,0.,0.));
#3818 = ORIENTED_EDGE('NONE',*,*,#7426,.F.) ;
#3819 = ORIENTED_EDGE('NONE',*,*,#14782,.F.) ;
#3820 =(LENGTH_UNIT() NAMED_UNIT(*) SI_UNIT(.MILLI.,.METRE.));
#3821=CARTESIAN_POINT('NONE',(11.8685455,-10.906231,3.8034335));
#3822 = ORIENTED_EDGE('NONE',*,*,#4282,.F.) ;
#3823=CARTESIAN_POINT('NONE',(-8.1338828527,11.087267437159,3.757609));
#3824=UNCERTAINTY_MEASURE_WITH_UNIT(LENGTH_MEASURE(9.164900000000001E-6),#16268,'distance_accuracy_value','NONE');

#3826 =(NAMED_UNIT(*) PLANE_ANGLE_UNIT() SI_UNIT($,.RADIAN.));
#3827=CARTESIAN_POINT('NONE',(-8.242552026762,10.400796815662,3.75852549));
#3828=CARTESIAN_POINT('NONE',(-6.972979057033,10.514766814689,3.75852549));
#3829 = ORIENTED_EDGE('NONE',*,*,#9877,.T.) ;
#3830=DIRECTION('NONE',(0.,0.,-1.));
#3831=DIRECTION('NONE',(0.,0.,1.));
#3832 = SURFACE_SIDE_STYLE('',(#2665)) ;
#3833=DIRECTION('NONE',(0.,-1.,0.));
#3834=CARTESIAN_POINT('NONE',(-10.631284,10.906231,2.2454005));
#3835=CARTESIAN_POINT('NONE',(-5.584280581509,11.318079276733,3.75852549));
#3836 = VERTEX_POINT('NONE',#5897) ;
#3837=CARTESIAN_POINT('NONE',(12.372615,-4.674098999999,4.399152));
#3838 = ADVANCED_FACE('NONE',(#10644),#9292,.T.) ;
#3839 = ORIENTED_EDGE('NONE',*,*,#11778,.T.) ;
#3840=UNCERTAINTY_MEASURE_WITH_UNIT(LENGTH_MEASURE(9.164900000000001E-6),#14329,'distance_accuracy_value','NONE');
#3841=CARTESIAN_POINT('NONE',(-5.571606642663,10.988175695663,3.757609));
#3842=CARTESIAN_POINT('NONE',(-8.239901475256,10.578378028667,3.75852549));
#3843=VECTOR('NONE',#5886,916.49);
#3844 = ORIENTED_EDGE('NONE',*,*,#12086,.T.) ;
#3845 = LINE('NONE',#15746,#2279) ;
#3846 = PRESENTATION_STYLE_ASSIGNMENT((#14819)) ;
#3847 =(NAMED_UNIT(*) SI_UNIT($,.STERADIAN.) SOLID_ANGLE_UNIT());
#3848=CARTESIAN_POINT('NONE',(-5.16184771759,10.726692325804,3.75852549));
#3849 = SURFACE_STYLE_USAGE(.BOTH.,#15750) ;
#3850 = SURFACE_STYLE_FILL_AREA(#2762) ;
#3851=CARTESIAN_POINT('NONE',(-6.046926995746,10.59118600221,3.757609));
#3852=CARTESIAN_POINT('NONE',(-5.429620410486,11.121585578246,3.757609));
#3853 = ORIENTED_EDGE('NONE',*,*,#6337,.F.) ;
#3854 = ORIENTED_EDGE('NONE',*,*,#12449,.F.) ;
#3855=VECTOR('NONE',#13256,916.49);
#3856 = ORIENTED_EDGE('NONE',*,*,#15501,.T.) ;
#3857 = SURFACE_STYLE_FILL_AREA(#7576) ;
#3858 =(NAMED_UNIT(*) PLANE_ANGLE_UNIT() SI_UNIT($,.RADIAN.));
#3859=CARTESIAN_POINT('NONE',(-5.833471183615,10.316742815185,3.757609));
#3860=CARTESIAN_POINT('NONE',(-12.464263999999,-12.739211,3.757609));
#3861=DIRECTION('NONE',(-1.,0.,0.));
#3862 = VERTEX_POINT('NONE',#9371) ;
#3863 = EDGE_CURVE('NONE',#13658,#4156,#8273,.T.) ;
#3864=CARTESIAN_POINT('NONE',(-6.316796129653,10.425376576714,3.757609));
#3865 = PRESENTATION_LAYER_ASSIGNMENT('','',(#6626)) ;
#3866 = PRESENTATION_STYLE_ASSIGNMENT((#6240)) ;
#3867 = FILL_AREA_STYLE('',(#5065)) ;
#3868 = PLANE('NONE',#3556) ;
#3870 = FACE_BOUND('NONE',#7955,.T.) ;
#3869=CARTESIAN_POINT('NONE',(-6.078659489245,11.301688919731,3.75852549));
#3871 = SURFACE_SIDE_STYLE('',(#11998)) ;
#3872 = LINE('NONE',#8610,#5057) ;
#3873 = ORIENTED_EDGE('NONE',*,*,#11263,.T.) ;
#3874 = ORIENTED_EDGE('NONE',*,*,#11979,.T.) ;
#3875 = ORIENTED_EDGE('NONE',*,*,#15333,.T.) ;
#3876=CARTESIAN_POINT('NONE',(-7.03924069613,10.87788051606,3.75852549));
#3877 = ORIENTED_EDGE('NONE',*,*,#16229,.T.) ;
#3878 = EDGE_CURVE('NONE',#15398,#16160,#2128,.T.) ;
#3879 = ADVANCED_FACE('NONE',(#16640),#3602,.F.) ;
#3880 = COLOUR_RGB('',1.,1.,1.) ;
#3881 =(NAMED_UNIT(*) SI_UNIT($,.STERADIAN.) SOLID_ANGLE_UNIT());
#3882 = FILL_AREA_STYLE('',(#2642)) ;
#3883 = B_SPLINE_SURFACE_WITH_KNOTS('NONE',3,1,((#3667,#11024),(#1336,#9849),(#6204,#7382),(#13462,#6364)),.UNSPECIFIED.,.F.,.F.,.F.,(4,4),(2,2),(4.000000000000,5.000000000000),(0.,1.),.UNSPECIFIED.) ;
#3884 = FACE_OUTER_BOUND('NONE',#5351,.T.) ;
#3885=CARTESIAN_POINT('NONE',(12.372615,9.073251,5.040695));
#3886=DIRECTION('NONE',(0.,0.,-1.));
#3887 =(NAMED_UNIT(*) SI_UNIT($,.STERADIAN.) SOLID_ANGLE_UNIT());
#3888=DIRECTION('NONE',(0.,0.,1.));
#3890=CARTESIAN_POINT('NONE',(-10.631284,-10.906231,3.8034335));
#3889=DIRECTION('NONE',(-1.,0.,0.));
#3891 = SURFACE_STYLE_USAGE(.BOTH.,#13600) ;
#3892=CARTESIAN_POINT('NONE',(-5.3557685112,10.607385773666,3.75852549));
#3893 = VERTEX_POINT('NONE',#13258) ;
#3894 = COLOUR_RGB('',1.,1.,1.) ;
#3895 = ORIENTED_EDGE('NONE',*,*,#13309,.F.) ;
#3896 = FILL_AREA_STYLE('',(#6272)) ;
#3897 = VERTEX_POINT('NONE',#10957) ;
#3898 = EDGE_CURVE('NONE',#3429,#8250,#7648,.T.) ;
#3899 = EDGE_CURVE('NONE',#12710,#4395,#15740,.T.) ;
#3900=DIRECTION('NONE',(0.,0.,-1.));
#3901 =(LENGTH_UNIT() NAMED_UNIT(*) SI_UNIT(.MILLI.,.METRE.));
#3902=CARTESIAN_POINT('NONE',(-6.307266852326,11.170375478161,3.757609));
#3903 =(LENGTH_UNIT() NAMED_UNIT(*) SI_UNIT(.MILLI.,.METRE.));
#3904 = ADVANCED_FACE('NONE',(#7387),#15513,.F.) ;
#3905=CARTESIAN_POINT('NONE',(-6.110487275519,10.568125151077,3.75852549));
#3906=CARTESIAN_POINT('NONE',(-6.272103818988,10.620345590831,3.75852549));
#3907 = PRESENTATION_STYLE_ASSIGNMENT((#12277)) ;
#3908 = SURFACE_SIDE_STYLE('',(#1716)) ;
#3909 = SURFACE_SIDE_STYLE('',(#15735)) ;
#3910 = ORIENTED_EDGE('NONE',*,*,#1324,.F.) ;
#3911 =(LENGTH_UNIT() NAMED_UNIT(*) SI_UNIT(.MILLI.,.METRE.));
#3912 =(GEOMETRIC_REPRESENTATION_CONTEXT(3) GLOBAL_UNCERTAINTY_ASSIGNED_CONTEXT((#16182)) GLOBAL_UNIT_ASSIGNED_CONTEXT((#12899,#4863,#16622)) REPRESENTATION_CONTEXT('NONE','WORKASPACE'));
#3913 = ORIENTED_EDGE('NONE',*,*,#4145,.F.) ;
#3914=DIRECTION('NONE',(0.,-1.,0.));
#3915=CARTESIAN_POINT('NONE',(-5.630592869317,10.988175695663,3.757609));
#3916=CARTESIAN_POINT('NONE',(-5.3557685112,10.607385773666,3.75852549));
#3917 = SURFACE_SIDE_STYLE('',(#13788)) ;
#3918 =(NAMED_UNIT(*) SI_UNIT($,.STERADIAN.) SOLID_ANGLE_UNIT());
#3919 = SURFACE_STYLE_USAGE(.BOTH.,#14737) ;
#3920 =(GEOMETRIC_REPRESENTATION_CONTEXT(3) GLOBAL_UNCERTAINTY_ASSIGNED_CONTEXT((#5385)) GLOBAL_UNIT_ASSIGNED_CONTEXT((#9654,#2169,#15325)) REPRESENTATION_CONTEXT('NONE','WORKASPACE'));
#3921=CARTESIAN_POINT('NONE',(-8.9357775,-10.906231,2.2454005));
#3922=DIRECTION('NONE',(0.,0.,-1.));
#3923 = ORIENTED_EDGE('NONE',*,*,#12064,.T.) ;
#3924=CIRCLE('NONE',#5678,0.824841);
#3925 = STYLED_ITEM('NONE',(#13653),#11705) ;
#3926 = VERTEX_POINT('NONE',#6055) ;
#3927 = FILL_AREA_STYLE('',(#3616)) ;
#3928=CARTESIAN_POINT('NONE',(-5.630592869317,10.988175695663,3.75852549));
#3929 =(NAMED_UNIT(*) PLANE_ANGLE_UNIT() SI_UNIT($,.RADIAN.));
#3930=DIRECTION('NONE',(-1.,0.,0.));
#3931 = VERTEX_POINT('NONE',#4873) ;
#3932=CARTESIAN_POINT('NONE',(-6.033681300261,10.549066596423,3.75852549));
#3934 = FACE_BOUND('NONE',#11687,.T.) ;
#3933 = LINE('NONE',#8826,#3810) ;
#3935=CARTESIAN_POINT('NONE',(-6.158419540475,10.437955222787,3.757609));
#3936 = ORIENTED_EDGE('NONE',*,*,#3678,.F.) ;
#3937 = VERTEX_POINT('NONE',#13223) ;
#3938 = EDGE_LOOP('NONE',(#11327,#7449,#3306,#6466)) ;
#3939 = MECHANICAL_DESIGN_GEOMETRIC_PRESENTATION_REPRESENTATION('',(#9746),#13773) ;
#3940 =(GEOMETRIC_REPRESENTATION_CONTEXT(3) GLOBAL_UNCERTAINTY_ASSIGNED_CONTEXT((#13469)) GLOBAL_UNIT_ASSIGNED_CONTEXT((#11052,#3069,#12522)) REPRESENTATION_CONTEXT('NONE','WORKASPACE'));
#3941 = MECHANICAL_DESIGN_GEOMETRIC_PRESENTATION_REPRESENTATION('',(#16548),#7986) ;
#3942=AXIS2_PLACEMENT_3D('NONE',#14162,#10765,#7044);
#3943 = EDGE_LOOP('NONE',(#14053,#3962,#8377,#10204)) ;
#3944 = STYLED_ITEM('NONE',(#8630),#13313) ;
#3945 = EDGE_CURVE('NONE',#11800,#2238,#15593,.T.) ;
#3946 = SURFACE_STYLE_FILL_AREA(#15073) ;
#3947 = FILL_AREA_STYLE('',(#6170)) ;
#3948 = EDGE_CURVE('NONE',#4972,#15086,#12719,.T.) ;
#3949 = B_SPLINE_CURVE_WITH_KNOTS('NONE',3,(#7778,#10380,#1711,#9022),.UNSPECIFIED.,.F.,.F.,(4,4),(8.000000000000,9.000000000000),.UNSPECIFIED.) ;
#3950=CARTESIAN_POINT('NONE',(-6.157180734423,10.396788744734,3.75852549));
#3951=AXIS2_PLACEMENT_3D('NONE',#15856,#5126,#1440);
#3952 = MECHANICAL_DESIGN_GEOMETRIC_PRESENTATION_REPRESENTATION('',(#8740),#5238) ;
#3953 = MECHANICAL_DESIGN_GEOMETRIC_PRESENTATION_REPRESENTATION('',(#11039),#14804) ;
#3954 = LINE('NONE',#13595,#8206) ;
#3955=CARTESIAN_POINT('NONE',(-6.298404624412,10.644359369696,3.757609));
#3956 =(GEOMETRIC_REPRESENTATION_CONTEXT(3) GLOBAL_UNCERTAINTY_ASSIGNED_CONTEXT((#8868)) GLOBAL_UNIT_ASSIGNED_CONTEXT((#9934,#6060,#14733)) REPRESENTATION_CONTEXT('NONE','WORKASPACE'));
#3957=DIRECTION('NONE',(0.,-1.,0.));
#3959 = SURFACE_STYLE_USAGE(.BOTH.,#13669) ;
#3958=CARTESIAN_POINT('NONE',(-10.631284,10.906231,3.8034335));
#3960=CARTESIAN_POINT('NONE',(-5.790875313962,10.663036753257,3.757609));
#3961 = ORIENTED_EDGE('NONE',*,*,#15555,.T.) ;
#3962 = ORIENTED_EDGE('NONE',*,*,#14390,.F.) ;
#3963 = PRESENTATION_STYLE_ASSIGNMENT((#15964)) ;
#3964 = EDGE_CURVE('NONE',#11959,#4972,#15441,.T.) ;
#3965 = ORIENTED_EDGE('NONE',*,*,#1764,.T.) ;
#3966=VECTOR('NONE',#14884,916.49);
#3967 = ADVANCED_FACE('NONE',(#2521),#9437,.F.) ;
#3968 =(NAMED_UNIT(*) SI_UNIT($,.STERADIAN.) SOLID_ANGLE_UNIT());
#3969=UNCERTAINTY_MEASURE_WITH_UNIT(LENGTH_MEASURE(9.164900000000001E-6),#8014,'distance_accuracy_value','NONE');
#3970=DIRECTION('NONE',(-0.355935724364,-0.934510438744,0.));
#3971 = LINE('NONE',#6190,#4401) ;
#3972=CARTESIAN_POINT('NONE',(-5.498939999999,-12.520198771572,3.2901991));
#3973 = SURFACE_STYLE_USAGE(.BOTH.,#4207) ;
#3974 = B_SPLINE_CURVE_WITH_KNOTS('NONE',3,(#2671,#12281,#11098,#15909),.UNSPECIFIED.,.F.,.F.,(4,4),(3.000000000000,4.000000000000),.UNSPECIFIED.) ;
#3975=AXIS2_PLACEMENT_3D('NONE',#9133,#5289,#16650);
#3976 = EDGE_CURVE('NONE',#16186,#11836,#5110,.T.) ;
#3977 = STYLED_ITEM('NONE',(#6665),#11146) ;
#3978 = FACE_BOUND('NONE',#11986,.T.) ;
#3979=DIRECTION('NONE',(-1.,0.,0.));
#3980 = ORIENTED_EDGE('NONE',*,*,#11681,.T.) ;
#3981 = PRESENTATION_LAYER_ASSIGNMENT('','',(#15579)) ;
#3982 =(NAMED_UNIT(*) SI_UNIT($,.STERADIAN.) SOLID_ANGLE_UNIT());
#3983=UNCERTAINTY_MEASURE_WITH_UNIT(LENGTH_MEASURE(9.164900000000001E-6),#5870,'distance_accuracy_value','NONE');
#3984 =(NAMED_UNIT(*) PLANE_ANGLE_UNIT() SI_UNIT($,.RADIAN.));
#3985=DIRECTION('NONE',(1.,0.,0.));
#3986 = LINE('NONE',#7864,#12004) ;
#3987 = ORIENTED_EDGE('NONE',*,*,#16213,.T.) ;
#3988 = FILL_AREA_STYLE('',(#13947)) ;
#3989 = LINE('NONE',#5791,#14542) ;
#3990=CARTESIAN_POINT('NONE',(-6.243039523141,10.631208966985,3.757609));
#3991 = PLANE('NONE',#14341) ;
#3992=CARTESIAN_POINT('NONE',(-4.888929214939,10.396788744734,3.75852549));
#3993=VECTOR('NONE',#4303,916.49);
#3994=CARTESIAN_POINT('NONE',(-5.899604368266,10.665323779815,3.757609));
#3995 = EDGE_CURVE('NONE',#4868,#7916,#11176,.T.) ;
#3996 = SURFACE_SIDE_STYLE('',(#16080)) ;
#3997 = ORIENTED_EDGE('NONE',*,*,#10944,.F.) ;
#3998 = B_SPLINE_SURFACE_WITH_KNOTS('NONE',3,1,((#5811,#15429),(#7062,#11886),(#6600,#1083),(#1828,#10260)),.UNSPECIFIED.,.F.,.F.,.F.,(4,4),(2,2),(3.000000000000,4.000000000000),(0.,1.),.UNSPECIFIED.) ;
#3999 = EDGE_LOOP('NONE',(#1543,#8986,#9906,#10543)) ;
#4000 = STYLED_ITEM('NONE',(#15336),#15521) ;
#4001 = SURFACE_STYLE_USAGE(.BOTH.,#2772) ;
#4002 = PRESENTATION_STYLE_ASSIGNMENT((#2618)) ;
#4003 = EDGE_CURVE('NONE',#13823,#12837,#14807,.T.) ;
#4004=DIRECTION('NONE',(0.,0.,-1.));
#4005=CARTESIAN_POINT('NONE',(-5.626781158386,11.360961024704,3.75852549));
#4006 = VERTEX_POINT('NONE',#2824) ;
#4007 = COLOUR_RGB('',1.,1.,1.) ;
#4008=CARTESIAN_POINT('NONE',(-0.705697299999,10.906231,2.2454005));
#4009=DIRECTION('NONE',(0.,0.,-1.));
#4010 = SURFACE_SIDE_STYLE('',(#9055)) ;
#4011=CARTESIAN_POINT('NONE',(-5.570272543836,11.360961024704,3.757609));
#4012 = PRESENTATION_STYLE_ASSIGNMENT((#13897)) ;
#4013=CARTESIAN_POINT('NONE',(-5.218165746594,10.439289321614,3.75852549));
#4014 = ORIENTED_EDGE('NONE',*,*,#6659,.F.) ;
#4015=AXIS2_PLACEMENT_3D('NONE',#11066,#13262,#14615);
#4016 = ORIENTED_EDGE('NONE',*,*,#12893,.T.) ;
#4017 = ORIENTED_EDGE('NONE',*,*,#10043,.F.) ;
#4018=CIRCLE('NONE',#12591,1.6955065);
#4019 = EDGE_CURVE('NONE',#14428,#14742,#3707,.T.) ;
#4020 = ORIENTED_EDGE('NONE',*,*,#4314,.F.) ;
#4021 = MECHANICAL_DESIGN_GEOMETRIC_PRESENTATION_REPRESENTATION('',(#4526),#13357) ;
#4022=DIRECTION('NONE',(0.,-1.,0.));
#4023=AXIS2_PLACEMENT_3D('NONE',#11697,#7039,#15482);
#4024 =(LENGTH_UNIT() NAMED_UNIT(*) SI_UNIT(.MILLI.,.METRE.));
#4025=CARTESIAN_POINT('NONE',(-5.246658285802,11.293303155682,3.75852549));
#4026=VECTOR('NONE',#3759,916.49);
#4027=CARTESIAN_POINT('NONE',(-6.046926995746,10.61481860998,3.757609));
#4028=DIRECTION('NONE',(1.,0.,0.));
#4029=CARTESIAN_POINT('NONE',(-5.99785121751,10.428616531006,3.75852549));
#4031=AXIS2_PLACEMENT_3D('NONE',#1331,#3831,#7452);
#4030 = LINE('NONE',#11535,#8492) ;
#4032 = PLANE('NONE',#16044) ;
#4033 = ORIENTED_EDGE('NONE',*,*,#8053,.F.) ;
#4034 = ORIENTED_EDGE('NONE',*,*,#15337,.T.) ;
#4035 =(LENGTH_UNIT() NAMED_UNIT(*) SI_UNIT(.MILLI.,.METRE.));
#4036=AXIS2_PLACEMENT_3D('NONE',#9827,#13276,#13597);
#4037 = ORIENTED_EDGE('NONE',*,*,#7139,.F.) ;
#4038 = COLOUR_RGB('',0.949019607843,0.760784313725,0.180392156862) ;
#4039=CARTESIAN_POINT('NONE',(-5.803549252808,10.988175695663,3.75852549));
#4040=CARTESIAN_POINT('NONE',(-5.498939999999,-11.676922941879,4.31599782308));
#4041 = FILL_AREA_STYLE('',(#7539)) ;
#4042 = PRESENTATION_STYLE_ASSIGNMENT((#2878)) ;
#4043 = PRESENTATION_STYLE_ASSIGNMENT((#6422)) ;
#4044 = FILL_AREA_STYLE_COLOUR('',#14997) ;
#4045 = PRESENTATION_LAYER_ASSIGNMENT('','',(#11128)) ;
#4046 = SURFACE_STYLE_USAGE(.BOTH.,#14794) ;
#4047 = FILL_AREA_STYLE_COLOUR('',#5309) ;
#4048 = ADVANCED_FACE('NONE',(#7557),#8800,.F.) ;
#4049 = SURFACE_STYLE_FILL_AREA(#8790) ;
#4050 =(LENGTH_UNIT() NAMED_UNIT(*) SI_UNIT(.MILLI.,.METRE.));
#4051=UNCERTAINTY_MEASURE_WITH_UNIT(LENGTH_MEASURE(9.164900000000001E-6),#3820,'distance_accuracy_value','NONE');
#4052=CARTESIAN_POINT('NONE',(-6.521485006643,11.360961024704,3.75852549));
#4053 = COLOUR_RGB('',1.,1.,1.) ;
#4054 = EDGE_LOOP('NONE',(#5610,#9393,#13096,#3574)) ;
#4055 = EDGE_CURVE('NONE',#11195,#16160,#8726,.T.) ;
#4056 = EDGE_CURVE('NONE',#15230,#5814,#12290,.T.) ;
#4057 = EDGE_CURVE('NONE',#4731,#13823,#11108,.T.) ;
#4058=CARTESIAN_POINT('NONE',(-6.286302442207,10.39755108692,3.757609));
#4059=CARTESIAN_POINT('NONE',(-7.805225183439,11.301955006286,3.75852549));
#4060=CARTESIAN_POINT('NONE',(5.49894,-8.799941380297,2.2728952));
#4061 = PRESENTATION_STYLE_ASSIGNMENT((#11177)) ;
#4062 = VERTEX_POINT('NONE',#8656) ;
#4063 = FILL_AREA_STYLE_COLOUR('',#3192) ;
#4064 = FILL_AREA_STYLE_COLOUR('',#1548) ;
#4065=CARTESIAN_POINT('NONE',(-6.388170416835,10.56469461124,3.757609));
#4066=CARTESIAN_POINT('NONE',(-5.081515909722,10.715066607463,3.757609));
#4067 = PRESENTATION_STYLE_ASSIGNMENT((#14735)) ;
#4068 = FILL_AREA_STYLE_COLOUR('',#11314) ;
#4069=DIRECTION('NONE',(-1.,0.,0.));
#4070 = FACE_OUTER_BOUND('NONE',#1755,.T.) ;
#4071 =(LENGTH_UNIT() NAMED_UNIT(*) SI_UNIT(.MILLI.,.METRE.));
#4072 = ORIENTED_EDGE('NONE',*,*,#12093,.F.) ;
#4073 = EDGE_LOOP('NONE',(#11159,#11666,#2240,#4591)) ;
#4074 = EDGE_CURVE('NONE',#2505,#8775,#16683,.T.) ;
#4075=CARTESIAN_POINT('NONE',(-5.164039451376,10.439289321614,3.757609));
#4076 = EDGE_CURVE('NONE',#8441,#13317,#13471,.T.) ;
#4077 = SURFACE_SIDE_STYLE('',(#11349)) ;
#4078=CARTESIAN_POINT('NONE',(-6.239990154395,10.390499421698,3.75852549));
#4079 = LINE('NONE',#9051,#9309) ;
#4080 = PLANE('NONE',#1508) ;
#4081 = EDGE_LOOP('NONE',(#7027,#14208,#9745,#9862)) ;
#4082 = FACE_OUTER_BOUND('NONE',#13805,.T.) ;
#4083 = PRESENTATION_STYLE_ASSIGNMENT((#6527)) ;
#4084=DIRECTION('NONE',(-1.,0.,0.));
#4085 = SURFACE_STYLE_FILL_AREA(#6528) ;
#4086 = FACE_BOUND('NONE',#5836,.T.) ;
#4087=CARTESIAN_POINT('NONE',(-5.998804145243,10.595378884234,3.75852549));
#4088 = VERTEX_POINT('NONE',#13628) ;
#4089 = FACE_OUTER_BOUND('NONE',#11126,.T.) ;
#4090 = ORIENTED_EDGE('NONE',*,*,#8221,.F.) ;
#4091 = VERTEX_POINT('NONE',#12502) ;
#4092 = B_SPLINE_CURVE_WITH_KNOTS('NONE',3,(#2489,#7527,#7284,#9733),.UNSPECIFIED.,.F.,.F.,(4,4),(3.000000000000,4.000000000000),.UNSPECIFIED.) ;
#4093 = VERTEX_POINT('NONE',#1725) ;
#4094 = FACE_OUTER_BOUND('NONE',#4441,.T.) ;
#4095 = SURFACE_STYLE_USAGE(.BOTH.,#14926) ;
#4096 = COLOUR_RGB('',0.196078431372,0.368627450980,0.560784313725) ;
#4097 =(GEOMETRIC_REPRESENTATION_CONTEXT(3) GLOBAL_UNCERTAINTY_ASSIGNED_CONTEXT((#7122)) GLOBAL_UNIT_ASSIGNED_CONTEXT((#11106,#6372,#9858)) REPRESENTATION_CONTEXT('NONE','WORKASPACE'));
#4098 = LINE('NONE',#9222,#6898) ;
#4099 = ORIENTED_EDGE('NONE',*,*,#10918,.F.) ;
#4100 = PRESENTATION_STYLE_ASSIGNMENT((#11218)) ;
#4101=CARTESIAN_POINT('NONE',(12.3267905,-10.906231,2.291225));
#4102=CARTESIAN_POINT('NONE',(-6.303931605262,11.312361710336,3.75852549));
#4103 = B_SPLINE_CURVE_WITH_KNOTS('NONE',3,(#1205,#6005,#15624,#13254),.UNSPECIFIED.,.F.,.F.,(4,4),(6.000000000000,7.000000000000),.UNSPECIFIED.) ;
#4104=CARTESIAN_POINT('NONE',(-6.277059043198,10.471879450071,3.75852549));
#4105 = SURFACE_STYLE_FILL_AREA(#10203) ;
#4106 = VERTEX_POINT('NONE',#2678) ;
#4107 = ORIENTED_EDGE('NONE',*,*,#1709,.F.) ;
#4108 = EDGE_LOOP('NONE',(#9387,#5275,#9451,#11881)) ;
#4109=VECTOR('NONE',#8808,916.49);
#4110 = MECHANICAL_DESIGN_GEOMETRIC_PRESENTATION_REPRESENTATION('',(#7141),#1379) ;
#4111 = VERTEX_POINT('NONE',#7471) ;
#4112 = B_SPLINE_CURVE_WITH_KNOTS('NONE',3,(#3391,#7098,#11921,#11999),.UNSPECIFIED.,.F.,.F.,(4,4),(1.,2.000000000000),.UNSPECIFIED.) ;
#4113 = FILL_AREA_STYLE('',(#16042)) ;
#4114=UNCERTAINTY_MEASURE_WITH_UNIT(LENGTH_MEASURE(9.164900000000001E-6),#11899,'distance_accuracy_value','NONE');
#4115 = EDGE_CURVE('NONE',#7032,#7369,#2403,.T.) ;
#4116 = ADVANCED_FACE('NONE',(#9267),#8671,.F.) ;
#4117=CARTESIAN_POINT('NONE',(1.83298,-11.312884986508,4.38447561427));
#4118=DIRECTION('NONE',(0.,0.,1.));
#4119 = SURFACE_SIDE_STYLE('',(#16355)) ;
#4120=CARTESIAN_POINT('NONE',(12.3267905,10.906231,3.757609));
#4121 = SURFACE_STYLE_USAGE(.BOTH.,#14943) ;
#4122=CARTESIAN_POINT('NONE',(-4.606672020505,10.396788744734,3.757609));
#4123 =(NAMED_UNIT(*) SI_UNIT($,.STERADIAN.) SOLID_ANGLE_UNIT());
#4124=DIRECTION('NONE',(0.819152044289,0.573576436351,0.));
#4125=CARTESIAN_POINT('NONE',(-5.498939999999,-12.336322777172,2.913149434625));
#4126 = B_SPLINE_SURFACE_WITH_KNOTS('NONE',3,1,((#4359,#6873),(#4604,#2099),(#9096,#11700),(#10611,#16505)),.UNSPECIFIED.,.F.,.F.,.F.,(4,4),(2,2),(0.,1.),(0.,1.),.UNSPECIFIED.) ;
#4127=DIRECTION('NONE',(-1.,0.,0.));
#4128 = LINE('NONE',#11477,#8093) ;
#4129 = ORIENTED_EDGE('NONE',*,*,#4724,.T.) ;
#4130 = EDGE_CURVE('NONE',#16533,#13182,#6884,.T.) ;
#4131=UNCERTAINTY_MEASURE_WITH_UNIT(LENGTH_MEASURE(9.164900000000001E-6),#12612,'distance_accuracy_value','NONE');
#4132 = ADVANCED_FACE('NONE',(#9350),#10079,.F.) ;
#4133 = PRESENTATION_LAYER_ASSIGNMENT('','',(#10972)) ;
#4134=DIRECTION('NONE',(0.,0.,-1.));
#4135 = FILL_AREA_STYLE_COLOUR('',#10004) ;
#4136 = EDGE_CURVE('NONE',#12322,#16350,#15180,.T.) ;
#4137 = VERTEX_POINT('NONE',#9179) ;
#4138=DIRECTION('NONE',(1.,0.,0.));
#4139=CARTESIAN_POINT('NONE',(-7.447412332308,10.477660256352,3.75852549));
#4140=DIRECTION('NONE',(1.,0.,0.));
#4141=CARTESIAN_POINT('NONE',(-8.398929409091,10.822220880767,3.75852549));
#4142=DIRECTION('NONE',(0.,1.,0.));
#4143 =(NAMED_UNIT(*) PLANE_ANGLE_UNIT() SI_UNIT($,.RADIAN.));
#4144 = PRESENTATION_STYLE_ASSIGNMENT((#6445)) ;
#4145 = EDGE_CURVE('NONE',#1407,#16178,#3200,.T.) ;
#4146=CARTESIAN_POINT('NONE',(-5.99699358255,10.662083825525,3.757609));
#4147=AXIS2_PLACEMENT_3D('NONE',#15915,#2036,#16216);
#4148=VECTOR('NONE',#1145,916.49);
#4149 = EDGE_LOOP('NONE',(#13846,#15549,#7127,#11268)) ;
#4150 = ADVANCED_FACE('NONE',(#2502),#4614,.F.) ;
#4151=CARTESIAN_POINT('NONE',(-6.298404624412,10.644359369696,3.75852549));
#4152 = PRESENTATION_STYLE_ASSIGNMENT((#11275)) ;
#4153 = FACE_OUTER_BOUND('NONE',#9117,.T.) ;
#4154 =(LENGTH_UNIT() NAMED_UNIT(*) SI_UNIT(.MILLI.,.METRE.));
#4155 = PRESENTATION_LAYER_ASSIGNMENT('','',(#2412)) ;
#4156 = VERTEX_POINT('NONE',#4857) ;
#4157=DIRECTION('NONE',(0.,0.,-1.));
#4158 = LINE('NONE',#11279,#9015) ;
#4159=CARTESIAN_POINT('NONE',(-7.993408248587,10.379592909157,3.75852549));
#4160 = FILL_AREA_STYLE_COLOUR('',#9399) ;
#4161 = B_SPLINE_CURVE_WITH_KNOTS('NONE',3,(#2495,#2404,#9414,#10932),.UNSPECIFIED.,.F.,.F.,(4,4),(2.000000000000,3.000000000000),.UNSPECIFIED.) ;
#4162 = EDGE_CURVE('NONE',#13448,#5521,#16303,.T.) ;
#4163 = EDGE_CURVE('NONE',#14036,#3514,#14402,.T.) ;
#4164=CARTESIAN_POINT('NONE',(-6.002615856173,10.390499421698,3.75852549));
#4165 = COLOUR_RGB('',1.,1.,1.) ;
#4166 = ORIENTED_EDGE('NONE',*,*,#4130,.F.) ;
#4167=CARTESIAN_POINT('NONE',(5.49894,-11.922747486017,4.208164082668));
#4168 = ORIENTED_EDGE('NONE',*,*,#2655,.T.) ;
#4169 = ORIENTED_EDGE('NONE',*,*,#9158,.F.) ;
#4170=CARTESIAN_POINT('NONE',(-7.638245873132,11.301955006286,3.75852549));
#4171 = ORIENTED_EDGE('NONE',*,*,#15889,.T.) ;
#4172 = COLOUR_RGB('',1.,1.,1.) ;
#4173=VECTOR('NONE',#3295,916.49);
#4174=CARTESIAN_POINT('NONE',(-6.106103807948,10.989128623395,3.75852549));
#4175=CARTESIAN_POINT('NONE',(-5.880164642518,10.65731918686,3.75852549));
#4176=CIRCLE('NONE',#1437,1.6955065);
#4177=CARTESIAN_POINT('NONE',(-6.047212874065,10.406127436515,3.75852549));
#4178=CARTESIAN_POINT('NONE',(-5.054262176566,10.691624585239,3.75852549));
#4179 = ORIENTED_EDGE('NONE',*,*,#1203,.T.) ;
#4180=CARTESIAN_POINT('NONE',(-5.073511316766,10.988175695663,3.75852549));
#4181=DIRECTION('NONE',(1.,0.,0.));
#4182=DIRECTION('NONE',(0.,0.,-1.));
#4183=DIRECTION('NONE',(0.,0.,1.));
#4185=CARTESIAN_POINT('NONE',(-5.630592869317,10.988175695663,3.757609));
#4184=CARTESIAN_POINT('NONE',(-10.631284,-10.906231,2.291225));
#4186 = FILL_AREA_STYLE('',(#4341)) ;
#4187 = STYLED_ITEM('NONE',(#14406),#11499) ;
#4188 =(LENGTH_UNIT() NAMED_UNIT(*) SI_UNIT(.MILLI.,.METRE.));
#4189 = PRESENTATION_LAYER_ASSIGNMENT('','',(#12264)) ;
#4190 = ORIENTED_EDGE('NONE',*,*,#11468,.F.) ;
#4191=AXIS2_PLACEMENT_3D('NONE',#11633,#15100,#16204);
#4192 = ORIENTED_EDGE('NONE',*,*,#6193,.T.) ;
#4193 = ORIENTED_EDGE('NONE',*,*,#11927,.F.) ;
#4194 = EDGE_CURVE('NONE',#4752,#12562,#1077,.T.) ;
#4195 = ORIENTED_EDGE('NONE',*,*,#4836,.F.) ;
#4196 = PRESENTATION_LAYER_ASSIGNMENT('','',(#11025)) ;
#4197=CARTESIAN_POINT('NONE',(12.372615,-8.340058999999,4.399152));
#4198 =(GEOMETRIC_REPRESENTATION_CONTEXT(3) GLOBAL_UNCERTAINTY_ASSIGNED_CONTEXT((#4953)) GLOBAL_UNIT_ASSIGNED_CONTEXT((#2302,#5997,#15534)) REPRESENTATION_CONTEXT('NONE','WORKASPACE'));
#4199 = STYLED_ITEM('NONE',(#5342),#6845) ;
#4200 = COLOUR_RGB('',0.949019607843,0.760784313725,0.180392156862) ;
#4201=CARTESIAN_POINT('NONE',(1.83298,-12.520208232815,3.2901991));
#4202=CARTESIAN_POINT('NONE',(-5.897412634482,10.411654417363,3.757609));
#4203 = PRESENTATION_LAYER_ASSIGNMENT('','',(#8987)) ;
#4204=CARTESIAN_POINT('NONE',(5.49894,-11.381475988787,4.293451990308));
#4205=CARTESIAN_POINT('NONE',(-6.157180734423,10.396788744734,3.75852549));
#4206 = LINE('NONE',#1796,#16384) ;
#4208 = FACE_OUTER_BOUND('NONE',#9234,.T.) ;
#4207 = SURFACE_SIDE_STYLE('',(#7779)) ;
#4209=CARTESIAN_POINT('NONE',(-5.266288597095,10.769574073776,3.75852549));
#4210 =(NAMED_UNIT(*) SI_UNIT($,.STERADIAN.) SOLID_ANGLE_UNIT());
#4211=UNCERTAINTY_MEASURE_WITH_UNIT(LENGTH_MEASURE(9.164900000000001E-6),#13408,'distance_accuracy_value','NONE');
#4212=AXIS2_PLACEMENT_3D('NONE',#2115,#9426,#14248);
#4213 = PRESENTATION_LAYER_ASSIGNMENT('','',(#11528)) ;
#4214 = FILL_AREA_STYLE_COLOUR('',#1497) ;
#4215 = STYLED_ITEM('NONE',(#2993),#10345) ;
#4216 = EDGE_CURVE('NONE',#1910,#10953,#11223,.T.) ;
#4217=AXIS2_PLACEMENT_3D('NONE',#13931,#1944,#15171);
#4218 = ORIENTED_EDGE('NONE',*,*,#14711,.F.) ;
#4219 = FILL_AREA_STYLE_COLOUR('',#4362) ;
#4220 = PRESENTATION_STYLE_ASSIGNMENT((#15258)) ;
#4221 = MECHANICAL_DESIGN_GEOMETRIC_PRESENTATION_REPRESENTATION('',(#9521),#11049) ;
#4222 = PRESENTATION_LAYER_ASSIGNMENT('','',(#16070)) ;
#4223 = ORIENTED_EDGE('NONE',*,*,#7055,.T.) ;
#4224 = SURFACE_STYLE_FILL_AREA(#3566) ;
#4225=CARTESIAN_POINT('NONE',(-6.166519426202,11.323796843128,3.757609));
#4226 = FACE_OUTER_BOUND('NONE',#12659,.T.) ;
#4227 = SURFACE_SIDE_STYLE('',(#12741)) ;
#4228 = FILL_AREA_STYLE_COLOUR('',#15965) ;
#4229 =(NAMED_UNIT(*) SI_UNIT($,.STERADIAN.) SOLID_ANGLE_UNIT());
#4230=DIRECTION('NONE',(0.,1.,0.));
#4231 = EDGE_CURVE('NONE',#1438,#7100,#4932,.T.) ;
#4232 = PRESENTATION_LAYER_ASSIGNMENT('','',(#16083)) ;
#4233 = ADVANCED_FACE('NONE',(#12959),#9504,.F.) ;
#4234 = EDGE_LOOP('NONE',(#8013,#9144,#16496,#11584)) ;
#4235=CARTESIAN_POINT('NONE',(-7.72571121652,10.485611733927,3.757609));
#4236=CARTESIAN_POINT('NONE',(-4.981553790559,10.687241117669,3.75852549));
#4237=CARTESIAN_POINT('NONE',(5.49894,-4.674098999999,4.307503));
#4238=CARTESIAN_POINT('NONE',(-6.208067075349,11.323796843128,3.757609));
#4239 = SURFACE_STYLE_USAGE(.BOTH.,#15059) ;
#4240 =(GEOMETRIC_REPRESENTATION_CONTEXT(3) GLOBAL_UNCERTAINTY_ASSIGNED_CONTEXT((#10386)) GLOBAL_UNIT_ASSIGNED_CONTEXT((#13324,#12303,#3918)) REPRESENTATION_CONTEXT('NONE','WORKASPACE'));
#4241 = ORIENTED_EDGE('NONE',*,*,#5360,.F.) ;
#4242 = SURFACE_STYLE_FILL_AREA(#11739) ;
#4244 = FILL_AREA_STYLE('',(#4160)) ;
#4243 = SURFACE_SIDE_STYLE('',(#5514)) ;
#4245 = EDGE_CURVE('NONE',#10953,#1478,#11014,.T.) ;
#4246 = PLANE('NONE',#7752) ;
#4247=CARTESIAN_POINT('NONE',(-5.711496433825,10.453202066511,3.757609));
#4248 = EDGE_CURVE('NONE',#14609,#4934,#6138,.T.) ;
#4249 = ORIENTED_EDGE('NONE',*,*,#2427,.F.) ;
#4250=CARTESIAN_POINT('NONE',(-5.759142820463,10.348951772551,3.757609));
#4251 = VERTEX_POINT('NONE',#11087) ;
#4252 = ORIENTED_EDGE('NONE',*,*,#5587,.F.) ;
#4253 = EDGE_LOOP('NONE',(#4787,#3009,#9124,#13333)) ;
#4254 = COLOUR_RGB('',1.,1.,1.) ;
#4255 = EDGE_CURVE('NONE',#7765,#5483,#3971,.T.) ;
#4256 =(GEOMETRIC_REPRESENTATION_CONTEXT(3) GLOBAL_UNCERTAINTY_ASSIGNED_CONTEXT((#4466)) GLOBAL_UNIT_ASSIGNED_CONTEXT((#8040,#4384,#3291)) REPRESENTATION_CONTEXT('NONE','WORKASPACE'));
#4257 = SURFACE_STYLE_USAGE(.BOTH.,#7746) ;
#4258 = LINE('NONE',#5218,#4711) ;
#4259=CARTESIAN_POINT('NONE',(-7.214171382905,10.395495864311,3.75852549));
#4260 = B_SPLINE_SURFACE_WITH_KNOTS('NONE',3,1,((#7124,#13294),(#11947,#16459),(#3747,#1149),(#12189,#1404)),.UNSPECIFIED.,.F.,.F.,.F.,(4,4),(2,2),(3.000000000000,4.000000000000),(0.,1.),.UNSPECIFIED.) ;
#4261=CARTESIAN_POINT('NONE',(-7.132006990866,10.970646810797,3.75852549));
#4262=CARTESIAN_POINT('NONE',(-6.239990154395,10.390499421698,3.757609));
#4263 = ORIENTED_EDGE('NONE',*,*,#8420,.F.) ;
#4264 = B_SPLINE_CURVE_WITH_KNOTS('NONE',3,(#14424,#14496,#1181,#15517),.UNSPECIFIED.,.F.,.F.,(4,4),(4.000000000000,5.000000000000),.UNSPECIFIED.) ;
#4265=CARTESIAN_POINT('NONE',(-6.046926995746,10.59118600221,3.757609));
#4266 = FILL_AREA_STYLE_COLOUR('',#1213) ;
#4267 = SURFACE_STYLE_FILL_AREA(#3023) ;
#4268=CARTESIAN_POINT('NONE',(-6.521485006643,10.439289321614,3.75852549));
#4269 = PRESENTATION_LAYER_ASSIGNMENT('','',(#3260)) ;
#4270 = PRESENTATION_STYLE_ASSIGNMENT((#13746)) ;
#4271 =(LENGTH_UNIT() NAMED_UNIT(*) SI_UNIT(.MILLI.,.METRE.));
#4272 = EDGE_LOOP('NONE',(#6861,#13622,#1696,#9832)) ;
#4273 = ORIENTED_EDGE('NONE',*,*,#6610,.F.) ;
#4274 = ORIENTED_EDGE('NONE',*,*,#13645,.T.) ;
#4275 = LINE('NONE',#10207,#12590) ;
#4276 = ORIENTED_EDGE('NONE',*,*,#5509,.F.) ;
#4277 = MECHANICAL_DESIGN_GEOMETRIC_PRESENTATION_REPRESENTATION('',(#3035),#14869) ;
#4278=CARTESIAN_POINT('NONE',(-1.832979999999,-12.418841571099,3.708937885747));
#4279=CARTESIAN_POINT('NONE',(-6.22788797219,10.428807116553,3.75852549));
#4280=CARTESIAN_POINT('NONE',(-0.339101299999,10.906231,3.8034335));
#4281=AXIS2_PLACEMENT_3D('NONE',#3751,#3584,#2417);
#4282 = EDGE_CURVE('NONE',#8282,#7839,#14639,.T.) ;
#4283 =(NAMED_UNIT(*) PLANE_ANGLE_UNIT() SI_UNIT($,.RADIAN.));
#4284=CARTESIAN_POINT('NONE',(1.1639423,10.906231,3.757609));
#4285 =(NAMED_UNIT(*) SI_UNIT($,.STERADIAN.) SOLID_ANGLE_UNIT());
#4286 = FILL_AREA_STYLE('',(#2962)) ;
#4287 = SURFACE_STYLE_FILL_AREA(#5476) ;
#4288=AXIS2_PLACEMENT_3D('NONE',#15590,#7066,#4626);
#4289=CARTESIAN_POINT('NONE',(-7.447412332308,10.435252847772,3.757609));
#4290 = LINE('NONE',#2820,#1564) ;
#4291 = EDGE_LOOP('NONE',(#7911,#7593,#12690,#11346)) ;
#4292=VECTOR('NONE',#8387,916.49);
#4293=VECTOR('NONE',#11153,916.49);
#4294=DIRECTION('NONE',(0.,0.,-1.));
#4295=VECTOR('NONE',#1321,916.49);
#4296=CARTESIAN_POINT('NONE',(-5.241703061593,11.31331463807,3.75852549));
#4297 = PLANE('NONE',#7791) ;
#4298 = ORIENTED_EDGE('NONE',*,*,#6079,.T.) ;
#4299=DIRECTION('NONE',(0.,0.,-1.));
#4300 = FILL_AREA_STYLE_COLOUR('',#6245) ;
#4301 = LINE('NONE',#14391,#2459) ;
#4302 = FACE_OUTER_BOUND('NONE',#1804,.T.) ;
#4303=DIRECTION('NONE',(0.,0.,-1.));
#4304 =(NAMED_UNIT(*) SI_UNIT($,.STERADIAN.) SOLID_ANGLE_UNIT());
#4305 = LINE('NONE',#16300,#1220) ;
#4306 = PLANE('NONE',#9859) ;
#4307 =(GEOMETRIC_REPRESENTATION_CONTEXT(3) GLOBAL_UNCERTAINTY_ASSIGNED_CONTEXT((#4447)) GLOBAL_UNIT_ASSIGNED_CONTEXT((#16318,#1667,#13893)) REPRESENTATION_CONTEXT('NONE','WORKASPACE'));
#4308 = LINE('NONE',#8956,#15846) ;
#4309 = EDGE_CURVE('NONE',#2654,#7136,#13454,.T.) ;
#4310 = ORIENTED_EDGE('NONE',*,*,#14957,.T.) ;
#4311=UNCERTAINTY_MEASURE_WITH_UNIT(LENGTH_MEASURE(9.164900000000001E-6),#8229,'distance_accuracy_value','NONE');
#4312 =(LENGTH_UNIT() NAMED_UNIT(*) SI_UNIT(.MILLI.,.METRE.));
#4313=CARTESIAN_POINT('NONE',(-9.3940225,-10.906231,3.8034335));
#4314 = EDGE_CURVE('NONE',#12915,#15298,#16001,.T.) ;
#4315 = VERTEX_POINT('NONE',#12417) ;
#4316 = FILL_AREA_STYLE('',(#13961)) ;
#4317=CARTESIAN_POINT('NONE',(-8.441336868224,11.11907286721,3.75852549));
#4318 = LINE('NONE',#13301,#16681) ;
#4320 = FACE_OUTER_BOUND('NONE',#13919,.T.) ;
#4319 = FILL_AREA_STYLE('',(#7887)) ;
#4321 = FILL_AREA_STYLE_COLOUR('',#16059) ;
#4322 = FILL_AREA_STYLE_COLOUR('',#11097) ;
#4323 = EDGE_LOOP('NONE',(#1216,#10596)) ;
#4324 = ORIENTED_EDGE('NONE',*,*,#8957,.T.) ;
#4325 = ORIENTED_EDGE('NONE',*,*,#14327,.F.) ;
#4326 = ORIENTED_EDGE('NONE',*,*,#15177,.F.) ;
#4327 = FILL_AREA_STYLE('',(#2221)) ;
#4328=CARTESIAN_POINT('NONE',(-7.993408248587,10.586329304028,3.757609));
#4329 = SURFACE_STYLE_FILL_AREA(#5449) ;
#4330 = ADVANCED_FACE('NONE',(#13383),#11322,.F.) ;
#4331 = SURFACE_SIDE_STYLE('',(#13977)) ;
#4332 = PRESENTATION_STYLE_ASSIGNMENT((#1917)) ;
#4333 = SURFACE_SIDE_STYLE('',(#6616)) ;
#4334 = ORIENTED_EDGE('NONE',*,*,#4473,.F.) ;
#4335=CARTESIAN_POINT('NONE',(-6.254569948706,10.432809413031,3.757609));
#4336 = STYLED_ITEM('NONE',(#13304),#3762) ;
#4337 = LINE('NONE',#7756,#1719) ;
#4338 = PRESENTATION_STYLE_ASSIGNMENT((#12860)) ;
#4340 = FILL_AREA_STYLE_COLOUR('',#14693) ;
#4339 =(LENGTH_UNIT() NAMED_UNIT(*) SI_UNIT(.MILLI.,.METRE.));
#4341 = FILL_AREA_STYLE_COLOUR('',#15801) ;
#4342 = FACE_OUTER_BOUND('NONE',#8179,.T.) ;
#4343 = ORIENTED_EDGE('NONE',*,*,#12149,.T.) ;
#4344 = ORIENTED_EDGE('NONE',*,*,#12094,.F.) ;
#4345 = ORIENTED_EDGE('NONE',*,*,#12648,.T.) ;
#4346 = ADVANCED_FACE('NONE',(#9990,#2739),#16047,.T.) ;
#4347 = EDGE_CURVE('NONE',#5341,#14197,#11696,.T.) ;
#4348=CARTESIAN_POINT('NONE',(-6.242658352048,10.428807116553,3.75852549));
#4349 = ORIENTED_EDGE('NONE',*,*,#2090,.T.) ;
#4350=CARTESIAN_POINT('NONE',(-8.332667769993,10.620785487798,3.757609));
#4351=VECTOR('NONE',#9363,916.49);
#4352=CARTESIAN_POINT('NONE',(1.83298,-12.131196810296,2.513361510668));
#4353 = LINE('NONE',#7848,#15052) ;
#4354=CARTESIAN_POINT('NONE',(-2.666985899999,10.906231,2.2454005));
#4355=DIRECTION('NONE',(0.,0.,1.));
#4356=CARTESIAN_POINT('NONE',(5.49894,-12.224577336448,3.840558939134));
#4357 = FILL_AREA_STYLE('',(#7923)) ;
#4359=CARTESIAN_POINT('NONE',(-6.1818615627,10.981886372627,3.75852549));
#4358 = FACE_OUTER_BOUND('NONE',#12827,.T.) ;
#4360=DIRECTION('NONE',(0.36679767895,0.930300737781,0.));
#4361=CARTESIAN_POINT('NONE',(-6.157180734423,10.396788744734,3.757609));
#4362 = COLOUR_RGB('',1.,1.,1.) ;
#4363=UNCERTAINTY_MEASURE_WITH_UNIT(LENGTH_MEASURE(9.164900000000001E-6),#15120,'distance_accuracy_value','NONE');
#4364 = EDGE_CURVE('NONE',#5012,#14568,#2684,.T.) ;
#4365 = FILL_AREA_STYLE('',(#3188)) ;
#4366 = ORIENTED_EDGE('NONE',*,*,#15177,.T.) ;
#4367 = FILL_AREA_STYLE('',(#10775)) ;
#4368 = PRESENTATION_LAYER_ASSIGNMENT('','',(#7141)) ;
#4369=CARTESIAN_POINT('NONE',(-8.454589271874,10.528019142508,3.75852549));
#4370 = EDGE_CURVE('NONE',#4892,#12191,#11417,.T.) ;
#4371 = FILL_AREA_STYLE('',(#12894)) ;
#4372 = FILL_AREA_STYLE_COLOUR('',#7202) ;
#4373 = ORIENTED_EDGE('NONE',*,*,#6079,.F.) ;
#4374 =(NAMED_UNIT(*) SI_UNIT($,.STERADIAN.) SOLID_ANGLE_UNIT());
#4375 = SURFACE_SIDE_STYLE('',(#10470)) ;
#4376=CARTESIAN_POINT('NONE',(-7.990757772912,10.220565177537,3.75852549));
#4377=DIRECTION('NONE',(0.,0.,-1.));
#4378=CARTESIAN_POINT('NONE',(-5.548355205985,11.306453558394,3.75852549));
#4379 = SURFACE_STYLE_USAGE(.BOTH.,#2897) ;
#4380 = PRESENTATION_LAYER_ASSIGNMENT('','',(#8908)) ;
#4381 =(LENGTH_UNIT() NAMED_UNIT(*) SI_UNIT(.MILLI.,.METRE.));
#4382 = ORIENTED_EDGE('NONE',*,*,#12628,.T.) ;
#4383=CIRCLE('NONE',#8691,1.6955065);
#4384 =(NAMED_UNIT(*) PLANE_ANGLE_UNIT() SI_UNIT($,.RADIAN.));
#4385 = FILL_AREA_STYLE_COLOUR('',#14047) ;
#4386 = ORIENTED_EDGE('NONE',*,*,#9606,.F.) ;
#4387 = B_SPLINE_CURVE_WITH_KNOTS('NONE',3,(#8106,#7060,#5808,#10629),.UNSPECIFIED.,.F.,.F.,(4,4),(1.,2.000000000000),.UNSPECIFIED.) ;
#4388 =(NAMED_UNIT(*) PLANE_ANGLE_UNIT() SI_UNIT($,.RADIAN.));
#4389 = LINE('NONE',#13807,#14768) ;
#4390 =(NAMED_UNIT(*) PLANE_ANGLE_UNIT() SI_UNIT($,.RADIAN.));
#4391 = SURFACE_STYLE_USAGE(.BOTH.,#12614) ;
#4392 =(GEOMETRIC_REPRESENTATION_CONTEXT(3) GLOBAL_UNCERTAINTY_ASSIGNED_CONTEXT((#16128)) GLOBAL_UNIT_ASSIGNED_CONTEXT((#11561,#11404,#10545)) REPRESENTATION_CONTEXT('NONE','WORKASPACE'));
#4393 = FILL_AREA_STYLE_COLOUR('',#1715) ;
#4394=DIRECTION('NONE',(-1.,0.,0.));
#4395 = VERTEX_POINT('NONE',#4354) ;
#4396 = SURFACE_STYLE_FILL_AREA(#13082) ;
#4397 = ORIENTED_EDGE('NONE',*,*,#6643,.T.) ;
#4398 = ORIENTED_EDGE('NONE',*,*,#1290,.F.) ;
#4399 =(GEOMETRIC_REPRESENTATION_CONTEXT(3) GLOBAL_UNCERTAINTY_ASSIGNED_CONTEXT((#2358)) GLOBAL_UNIT_ASSIGNED_CONTEXT((#10016,#15843,#6377)) REPRESENTATION_CONTEXT('NONE','WORKASPACE'));
#4400 = ORIENTED_EDGE('NONE',*,*,#11681,.F.) ;
#4401=VECTOR('NONE',#6357,916.49);
#4402=DIRECTION('NONE',(-1.,0.,0.));
#4403 = LINE('NONE',#7897,#12633) ;
#4404=VECTOR('NONE',#13385,916.49);
#4405 =(LENGTH_UNIT() NAMED_UNIT(*) SI_UNIT(.MILLI.,.METRE.));
#4406=DIRECTION('NONE',(0.,1.,0.));
#4407 = VERTEX_POINT('NONE',#10376) ;
#4408=CARTESIAN_POINT('NONE',(-6.877562236067,10.925588875989,3.757609));
#4409 =(NAMED_UNIT(*) PLANE_ANGLE_UNIT() SI_UNIT($,.RADIAN.));
#4410 = FILL_AREA_STYLE('',(#8143)) ;
#4412 = FACE_OUTER_BOUND('NONE',#1527,.T.) ;
#4411=CARTESIAN_POINT('NONE',(-6.004045247773,11.360961024704,3.75852549));
#4413 = B_SPLINE_CURVE_WITH_KNOTS('NONE',3,(#11604,#14929,#3091,#6689),.UNSPECIFIED.,.F.,.F.,(4,4),(9.000000000000,10.),.UNSPECIFIED.) ;
#4414 = EDGE_LOOP('NONE',(#1280,#14522)) ;
#4415 = ORIENTED_EDGE('NONE',*,*,#4422,.T.) ;
#4416=VECTOR('NONE',#2647,916.49);
#4417 = ORIENTED_EDGE('NONE',*,*,#12153,.F.) ;
#4418=DIRECTION('NONE',(-1.,0.,0.));
#4419 = EDGE_CURVE('NONE',#12562,#11617,#14080,.T.) ;
#4420 = VERTEX_POINT('NONE',#4280) ;
#4421 = B_SPLINE_CURVE_WITH_KNOTS('NONE',3,(#11504,#12676,#7646,#16085),.UNSPECIFIED.,.F.,.F.,(4,4),(12.000000000000,13.000000000000),.UNSPECIFIED.) ;
#4422 = EDGE_CURVE('NONE',#7100,#2523,#5388,.T.) ;
#4423 = COLOUR_RGB('',0.949019607843,0.760784313725,0.180392156862) ;
#4424 = SURFACE_STYLE_USAGE(.BOTH.,#16352) ;
#4425=CARTESIAN_POINT('NONE',(0.,-6.369605499999,5.040695));
#4426=CARTESIAN_POINT('NONE',(-8.565908820504,10.816919828312,3.757609));
#4427 = PRESENTATION_STYLE_ASSIGNMENT((#12799)) ;
#4428 =(NAMED_UNIT(*) SI_UNIT($,.STERADIAN.) SOLID_ANGLE_UNIT());
#4429 = MECHANICAL_DESIGN_GEOMETRIC_PRESENTATION_REPRESENTATION('',(#5444),#6218) ;
#4430 =(GEOMETRIC_REPRESENTATION_CONTEXT(3) GLOBAL_UNCERTAINTY_ASSIGNED_CONTEXT((#4793)) GLOBAL_UNIT_ASSIGNED_CONTEXT((#16147,#13868,#15034)) REPRESENTATION_CONTEXT('NONE','WORKASPACE'));
#4431 =(GEOMETRIC_REPRESENTATION_CONTEXT(3) GLOBAL_UNCERTAINTY_ASSIGNED_CONTEXT((#1788)) GLOBAL_UNIT_ASSIGNED_CONTEXT((#4490,#3085,#11524)) REPRESENTATION_CONTEXT('NONE','WORKASPACE'));
#4432=VECTOR('NONE',#6716,916.49);
#4434 = SURFACE_STYLE_FILL_AREA(#15241) ;
#4433 = LINE('NONE',#6958,#11102) ;
#4435 = STYLED_ITEM('NONE',(#14516),#12811) ;
#4436=CARTESIAN_POINT('NONE',(-1.832979999999,-11.091166380297,2.2728952));
#4437 = LINE('NONE',#14087,#14613) ;
#4438 = EDGE_CURVE('NONE',#5460,#9629,#9091,.T.) ;
#4439 = SURFACE_SIDE_STYLE('',(#15338)) ;
#4440 = ADVANCED_FACE('NONE',(#6632),#6288,.T.) ;
#4441 = EDGE_LOOP('NONE',(#6290,#10861,#1289,#15381)) ;
#4442 = MECHANICAL_DESIGN_GEOMETRIC_PRESENTATION_REPRESENTATION('',(#13272),#13528) ;
#4443 = COLOUR_RGB('',0.776470588235,0.458823529411,0.) ;
#4444 = PRESENTATION_LAYER_ASSIGNMENT('','',(#11262)) ;
#4445=AXIS2_PLACEMENT_3D('NONE',#9411,#11867,#13040);
#4446 = LINE('NONE',#2106,#11713) ;
#4447=UNCERTAINTY_MEASURE_WITH_UNIT(LENGTH_MEASURE(9.164900000000001E-6),#16318,'distance_accuracy_value','NONE');
#4448 = ADVANCED_FACE('NONE',(#11544),#7671,.F.) ;
#4449=CARTESIAN_POINT('NONE',(-5.970406898808,10.428616531006,3.75852549));
#4450 = ORIENTED_EDGE('NONE',*,*,#15875,.T.) ;
#4451 =(LENGTH_UNIT() NAMED_UNIT(*) SI_UNIT(.MILLI.,.METRE.));
#4452 =(LENGTH_UNIT() NAMED_UNIT(*) SI_UNIT(.MILLI.,.METRE.));
#4453 =(NAMED_UNIT(*) PLANE_ANGLE_UNIT() SI_UNIT($,.RADIAN.));
#4454=AXIS2_PLACEMENT_3D('NONE',#1175,#3360,#15672);
#4455 = COLOUR_RGB('',0.776470588235,0.458823529411,0.) ;
#4456 = STYLED_ITEM('NONE',(#1651),#13988) ;
#4457 = STYLED_ITEM('NONE',(#8856),#10466) ;
#4458=AXIS2_PLACEMENT_3D('NONE',#1771,#9146,#4181);
#4459 = FILL_AREA_STYLE('',(#3207)) ;
#4460=CARTESIAN_POINT('NONE',(-5.917328824096,10.39755108692,3.757609));
#4461 = LINE('NONE',#3282,#7913) ;
#4462 = SURFACE_STYLE_FILL_AREA(#13951) ;
#4463 = PRESENTATION_STYLE_ASSIGNMENT((#3285)) ;
#4464 = VERTEX_POINT('NONE',#3563) ;
#4465 = MECHANICAL_DESIGN_GEOMETRIC_PRESENTATION_REPRESENTATION('',(#3457),#6259) ;
#4467 =(GEOMETRIC_REPRESENTATION_CONTEXT(3) GLOBAL_UNCERTAINTY_ASSIGNED_CONTEXT((#16286)) GLOBAL_UNIT_ASSIGNED_CONTEXT((#11378,#7530,#2935)) REPRESENTATION_CONTEXT('NONE','WORKASPACE'));
#4466=UNCERTAINTY_MEASURE_WITH_UNIT(LENGTH_MEASURE(9.164900000000001E-6),#8040,'distance_accuracy_value','NONE');
#4468=DIRECTION('NONE',(0.,0.,-1.));
#4469=CARTESIAN_POINT('NONE',(-1.163942299999,10.906231,2.291225));
#4470=CARTESIAN_POINT('NONE',(3.4918269,10.906231,3.8034335));
#4471=CARTESIAN_POINT('NONE',(-5.880164642518,10.611959826782,3.75852549));
#4472 = ORIENTED_EDGE('NONE',*,*,#6128,.T.) ;
#4473 = EDGE_CURVE('NONE',#7099,#5373,#5671,.T.) ;
#4474 = EDGE_CURVE('NONE',#15607,#11949,#13115,.T.) ;
#4475=CARTESIAN_POINT('NONE',(-5.408941878684,10.988175695663,3.75852549));
#4476=DIRECTION('NONE',(0.,1.,0.));
#4477=CARTESIAN_POINT('NONE',(-6.309935049978,11.032772713554,3.75852549));
#4478 =(NAMED_UNIT(*) SI_UNIT($,.STERADIAN.) SOLID_ANGLE_UNIT());
#4479 = MECHANICAL_DESIGN_GEOMETRIC_PRESENTATION_REPRESENTATION('',(#9268),#10795) ;
#4480 = SURFACE_STYLE_USAGE(.BOTH.,#14192) ;
#4481=AXIS2_PLACEMENT_3D('NONE',#4895,#11843,#14436);
#4482=DIRECTION('NONE',(-1.,0.,0.));
#4483 = VERTEX_POINT('NONE',#8470) ;
#4484 = LINE('NONE',#16562,#6255) ;
#4485 = VERTEX_POINT('NONE',#5937) ;
#4486 = ORIENTED_EDGE('NONE',*,*,#13108,.F.) ;
#4487 = VERTEX_POINT('NONE',#2326) ;
#4488 = EDGE_CURVE('NONE',#13126,#14126,#9914,.T.) ;
#4489 = MECHANICAL_DESIGN_GEOMETRIC_PRESENTATION_REPRESENTATION('',(#16588),#12059) ;
#4490 =(LENGTH_UNIT() NAMED_UNIT(*) SI_UNIT(.MILLI.,.METRE.));
#4491=DIRECTION('NONE',(0.,0.,-1.));
#4492=VECTOR('NONE',#11335,916.49);
#4493=DIRECTION('NONE',(0.,0.,-1.));
#4494=UNCERTAINTY_MEASURE_WITH_UNIT(LENGTH_MEASURE(9.164900000000001E-6),#14676,'distance_accuracy_value','NONE');
#4495=CARTESIAN_POINT('NONE',(-6.377592919002,10.769574073776,3.75852549));
#4496=CARTESIAN_POINT('NONE',(-6.277059043198,10.471879450071,3.75852549));
#4497=CARTESIAN_POINT('NONE',(-7.137307841109,11.113771941138,3.757609));
#4498 = ORIENTED_EDGE('NONE',*,*,#3578,.T.) ;
#4499 = PRESENTATION_LAYER_ASSIGNMENT('','',(#2509)) ;
#4500=CARTESIAN_POINT('NONE',(-6.972979057033,10.514766814689,3.757609));
#4501 =(NAMED_UNIT(*) SI_UNIT($,.STERADIAN.) SOLID_ANGLE_UNIT());
#4503 = FILL_AREA_STYLE_COLOUR('',#15183) ;
#4502=DIRECTION('NONE',(0.,0.,-1.));
#4504=CARTESIAN_POINT('NONE',(-7.349345187329,10.557174223269,3.757609));
#4505 = ADVANCED_FACE('NONE',(#13193),#7187,.F.) ;
#4506 = ORIENTED_EDGE('NONE',*,*,#14991,.T.) ;
#4507 = EDGE_CURVE('NONE',#10834,#15087,#14226,.T.) ;
#4508 = VERTEX_POINT('NONE',#11150) ;
#4509 = ORIENTED_EDGE('NONE',*,*,#6991,.T.) ;
#4510 =(GEOMETRIC_REPRESENTATION_CONTEXT(3) GLOBAL_UNCERTAINTY_ASSIGNED_CONTEXT((#3266)) GLOBAL_UNIT_ASSIGNED_CONTEXT((#8176,#11812,#9186)) REPRESENTATION_CONTEXT('NONE','WORKASPACE'));
#4511=CARTESIAN_POINT('NONE',(-6.263527469394,10.440814005985,3.75852549));
#4512 = ORIENTED_EDGE('NONE',*,*,#6728,.F.) ;
#4513=VECTOR('NONE',#3930,916.49);
#4514 = FILL_AREA_STYLE_COLOUR('',#7712) ;
#4515=DIRECTION('NONE',(-0.504883048649,0.863187758942,0.));
#4516=UNCERTAINTY_MEASURE_WITH_UNIT(LENGTH_MEASURE(9.164900000000001E-6),#5267,'distance_accuracy_value','NONE');
#4517=CARTESIAN_POINT('NONE',(-5.498939999999,-11.19542767047,2.1812462));
#4518 =(LENGTH_UNIT() NAMED_UNIT(*) SI_UNIT(.MILLI.,.METRE.));
#4519=DIRECTION('NONE',(0.,0.,-1.));
#4520 =(GEOMETRIC_REPRESENTATION_CONTEXT(3) GLOBAL_UNCERTAINTY_ASSIGNED_CONTEXT((#12725)) GLOBAL_UNIT_ASSIGNED_CONTEXT((#5252,#13683,#12492)) REPRESENTATION_CONTEXT('NONE','WORKASPACE'));
#4521=CARTESIAN_POINT('NONE',(-1.9887833,10.906231,3.8034335));
#4522 = FACE_OUTER_BOUND('NONE',#5757,.T.) ;
#4523=CARTESIAN_POINT('NONE',(-5.970406898808,10.428616531006,3.757609));
#4524=CARTESIAN_POINT('NONE',(10.631284,10.906231,2.291225));
#4525 = PRESENTATION_STYLE_ASSIGNMENT((#10533)) ;
#4526 = STYLED_ITEM('NONE',(#14962),#9138) ;
#4527=CARTESIAN_POINT('NONE',(-6.219502208143,10.522003448814,3.75852549));
#4528=CARTESIAN_POINT('NONE',(1.83298,-11.422598371537,4.293451990308));
#4529 = SURFACE_STYLE_FILL_AREA(#5557) ;
#4530=DIRECTION('NONE',(1.,0.,0.));
#4531 =(GEOMETRIC_REPRESENTATION_CONTEXT(3) GLOBAL_UNCERTAINTY_ASSIGNED_CONTEXT((#5108)) GLOBAL_UNIT_ASSIGNED_CONTEXT((#13387,#6200,#8864)) REPRESENTATION_CONTEXT('NONE','WORKASPACE'));
#4532=AXIS2_PLACEMENT_3D('NONE',#7993,#10523,#15158);
#4533=VECTOR('NONE',#7154,916.49);
#4534 = ORIENTED_EDGE('NONE',*,*,#7034,.F.) ;

#4536=VECTOR('NONE',#6135,916.49);
#4537 =(LENGTH_UNIT() NAMED_UNIT(*) SI_UNIT(.MILLI.,.METRE.));
#4538 =(NAMED_UNIT(*) PLANE_ANGLE_UNIT() SI_UNIT($,.RADIAN.));
#4539=CARTESIAN_POINT('NONE',(-7.757516772955,11.460982940121,3.75852549));
#4540 = EDGE_CURVE('NONE',#9452,#15870,#5944,.T.) ;
#4541 = EDGE_LOOP('NONE',(#16426,#9344,#4107,#12995)) ;
#4542 = MECHANICAL_DESIGN_GEOMETRIC_PRESENTATION_REPRESENTATION('',(#2554),#4818) ;
#4543=CARTESIAN_POINT('NONE',(-6.157180734423,10.530389212863,3.757609));
#4544=CARTESIAN_POINT('NONE',(-5.237700765115,11.292350227948,3.75852549));
#4545=CIRCLE('NONE',#10601,1.2372615);
#4546=DIRECTION('NONE',(-1.,0.,0.));
#4547 = FILL_AREA_STYLE_COLOUR('',#8285) ;
#4548=CYLINDRICAL_SURFACE('NONE',#14712,0.824841);
#4549 = VERTEX_POINT('NONE',#12405) ;
#4550=CARTESIAN_POINT('NONE',(-5.52005325232,11.069555724037,3.75852549));
#4551 =(GEOMETRIC_REPRESENTATION_CONTEXT(3) GLOBAL_UNCERTAINTY_ASSIGNED_CONTEXT((#13956)) GLOBAL_UNIT_ASSIGNED_CONTEXT((#6360,#14880,#12574)) REPRESENTATION_CONTEXT('NONE','WORKASPACE'));
#4552 = ORIENTED_EDGE('NONE',*,*,#10898,.F.) ;
#4553=CARTESIAN_POINT('NONE',(5.49894,-12.40474933837,3.09854172149));
#4554=CARTESIAN_POINT('NONE',(-5.708637650627,10.462540758292,3.757609));
#4555=CARTESIAN_POINT('NONE',(-5.976219757977,10.513808270312,3.757609));
#4556 = EDGE_CURVE('NONE',#15357,#3836,#1616,.T.) ;
#4557 = EDGE_CURVE('NONE',#11906,#9010,#13594,.T.) ;
#4558 = COLOUR_RGB('',1.,1.,1.) ;
#4559=VECTOR('NONE',#13838,916.49);
#4560 = SURFACE_STYLE_USAGE(.BOTH.,#9438) ;
#4561 = FILL_AREA_STYLE_COLOUR('',#11030) ;
#4562 =(NAMED_UNIT(*) PLANE_ANGLE_UNIT() SI_UNIT($,.RADIAN.));
#4563 = FILL_AREA_STYLE('',(#8351)) ;
#4564=DIRECTION('NONE',(1.,-5.421010862427000E-16,0.));
#4565=AXIS2_PLACEMENT_3D('NONE',#2420,#10786,#3299);
#4566 = FACE_OUTER_BOUND('NONE',#11028,.T.) ;
#4567=CARTESIAN_POINT('NONE',(-8.1338828527,11.087267437159,3.75852549));
#4568 =(LENGTH_UNIT() NAMED_UNIT(*) SI_UNIT(.MILLI.,.METRE.));
#4569 = VERTEX_POINT('NONE',#3885) ;
#4570 = ORIENTED_EDGE('NONE',*,*,#9483,.F.) ;
#4571 = ORIENTED_EDGE('NONE',*,*,#1945,.T.) ;
#4572 = PRESENTATION_LAYER_ASSIGNMENT('','',(#12874)) ;
#4573 = EDGE_CURVE('NONE',#10584,#16101,#10998,.T.) ;
#4574 = ORIENTED_EDGE('NONE',*,*,#12525,.T.) ;
#4575 = EDGE_CURVE('NONE',#7419,#8703,#13435,.T.) ;
#4576 = B_SPLINE_CURVE_WITH_KNOTS('NONE',3,(#13547,#4350,#11330,#16143),.UNSPECIFIED.,.F.,.F.,(4,4),(17.000000000000,18.000000000000),.UNSPECIFIED.) ;
#4577=DIRECTION('NONE',(0.,1.,0.));
#4578 = LINE('NONE',#13000,#2200) ;
#4579 = SURFACE_STYLE_FILL_AREA(#16656) ;
#4580 =(NAMED_UNIT(*) SI_UNIT($,.STERADIAN.) SOLID_ANGLE_UNIT());
#4581 = FILL_AREA_STYLE('',(#15690)) ;
#4582=DIRECTION('NONE',(-1.,0.,0.));
#4583 = ORIENTED_EDGE('NONE',*,*,#15062,.F.) ;
#4584=CARTESIAN_POINT('NONE',(-6.242658352048,10.428807116553,3.757609));
#4585 = FACE_OUTER_BOUND('NONE',#2853,.T.) ;
#4586 = PRESENTATION_STYLE_ASSIGNMENT((#12786)) ;
#4588 = PRESENTATION_STYLE_ASSIGNMENT((#8535)) ;
#4587 = SURFACE_SIDE_STYLE('',(#11611)) ;
#4589 = PRESENTATION_STYLE_ASSIGNMENT((#15228)) ;
#4590 =(NAMED_UNIT(*) SI_UNIT($,.STERADIAN.) SOLID_ANGLE_UNIT());
#4591 = ORIENTED_EDGE('NONE',*,*,#3597,.F.) ;
#4592 = ORIENTED_EDGE('NONE',*,*,#6507,.T.) ;
#4593 = ORIENTED_EDGE('NONE',*,*,#13008,.T.) ;
#4594 =(NAMED_UNIT(*) PLANE_ANGLE_UNIT() SI_UNIT($,.RADIAN.));
#4595 = EDGE_LOOP('NONE',(#10951,#16348,#6641,#9645)) ;
#4596 = FACE_OUTER_BOUND('NONE',#6988,.T.) ;
#4597 = MECHANICAL_DESIGN_GEOMETRIC_PRESENTATION_REPRESENTATION('',(#15943),#5860) ;
#4598=DIRECTION('NONE',(0.,0.,-1.));
#4599 = FACE_OUTER_BOUND('NONE',#8304,.T.) ;
#4600=DIRECTION('NONE',(1.,0.,0.));
#4601=CARTESIAN_POINT('NONE',(-5.82432307738,10.3131216898,3.75852549));
#4602 =(LENGTH_UNIT() NAMED_UNIT(*) SI_UNIT(.MILLI.,.METRE.));
#4604=CARTESIAN_POINT('NONE',(-6.140504499099,10.981886372627,3.75852549));
#4603=DIRECTION('NONE',(0.,0.,-1.));
#4605 = B_SPLINE_CURVE_WITH_KNOTS('NONE',3,(#10236,#1731,#6650,#12371),.UNSPECIFIED.,.F.,.F.,(4,4),(3.000000000000,4.000000000000),.UNSPECIFIED.) ;
#4606=CARTESIAN_POINT('NONE',(1.83298,-12.336287924149,3.667248765375));
#4607 =(LENGTH_UNIT() NAMED_UNIT(*) SI_UNIT(.MILLI.,.METRE.));
#4608=CIRCLE('NONE',#9118,0.824841);
#4609 = ORIENTED_EDGE('NONE',*,*,#7554,.F.) ;
#4610 = EDGE_CURVE('NONE',#1344,#6853,#14622,.T.) ;
#4611 = EDGE_CURVE('NONE',#10497,#4487,#1439,.T.) ;
#4612=DIRECTION('NONE',(0.,0.,1.));
#4613=UNCERTAINTY_MEASURE_WITH_UNIT(LENGTH_MEASURE(9.164900000000001E-6),#9515,'distance_accuracy_value','NONE');
#4614 = PLANE('NONE',#6907) ;
#4615=DIRECTION('NONE',(0.,0.,1.));
#4616 = ORIENTED_EDGE('NONE',*,*,#13207,.F.) ;
#4617=VECTOR('NONE',#9958,916.49);
#4618=CARTESIAN_POINT('NONE',(9.163813426757,-3.301001380297,21.407686738066));
#4619=DIRECTION('NONE',(0.,0.,-1.));
#4620 =(LENGTH_UNIT() NAMED_UNIT(*) SI_UNIT(.MILLI.,.METRE.));
#4621=DIRECTION('NONE',(0.,0.,-1.));
#4622=CARTESIAN_POINT('NONE',(3.4918269,10.906231,3.8034335));
#4623 = ORIENTED_EDGE('NONE',*,*,#14005,.F.) ;
#4624=CARTESIAN_POINT('NONE',(-10.631284,-10.906231,3.8034335));
#4625 = ORIENTED_EDGE('NONE',*,*,#2375,.T.) ;
#4626=DIRECTION('NONE',(1.,0.,0.));
#4627=DIRECTION('NONE',(0.,0.,-1.));
#4628 =(GEOMETRIC_REPRESENTATION_CONTEXT(3) GLOBAL_UNCERTAINTY_ASSIGNED_CONTEXT((#5720)) GLOBAL_UNIT_ASSIGNED_CONTEXT((#2763,#12435,#4304)) REPRESENTATION_CONTEXT('NONE','WORKASPACE'));
#4629 = MECHANICAL_DESIGN_GEOMETRIC_PRESENTATION_REPRESENTATION('',(#8406),#5638) ;
#4630 = EDGE_CURVE('NONE',#14760,#13823,#10851,.T.) ;
#4631 = EDGE_CURVE('NONE',#13133,#2662,#11072,.T.) ;
#4632=UNCERTAINTY_MEASURE_WITH_UNIT(LENGTH_MEASURE(9.164900000000001E-6),#8846,'distance_accuracy_value','NONE');
#4633=CARTESIAN_POINT('NONE',(-5.485843146716,11.31159936815,3.75852549));
#4634=DIRECTION('NONE',(-5.421010862427000E-16,-1.,0.));
#4635=DIRECTION('NONE',(0.,-1.,0.));
#4636=CARTESIAN_POINT('NONE',(-5.880164642518,10.611959826782,3.75852549));
#4637=CARTESIAN_POINT('NONE',(-3.491826899999,10.906231,2.2454005));
#4638 =(NAMED_UNIT(*) SI_UNIT($,.STERADIAN.) SOLID_ANGLE_UNIT());
#4639 = FACE_OUTER_BOUND('NONE',#9833,.T.) ;
#4640 = PLANE('NONE',#2745) ;
#4641 = PLANE('NONE',#1187) ;
#4643=CARTESIAN_POINT('NONE',(-8.202794967471,10.679095750428,3.757609));
#4642=VECTOR('NONE',#6454,916.49);
#4644 = FILL_AREA_STYLE('',(#15288)) ;
#4645 = ORIENTED_EDGE('NONE',*,*,#1394,.F.) ;
#4646=CARTESIAN_POINT('NONE',(-5.803549252808,10.988175695663,3.75852549));
#4647 = ORIENTED_EDGE('NONE',*,*,#7513,.T.) ;
#4648 = ORIENTED_EDGE('NONE',*,*,#6865,.F.) ;
#4649 = EDGE_CURVE('NONE',#14502,#6584,#1464,.T.) ;
#4650 = VERTEX_POINT('NONE',#2860) ;
#4651=DIRECTION('NONE',(-1.,0.,0.));
#4652=UNCERTAINTY_MEASURE_WITH_UNIT(LENGTH_MEASURE(9.164900000000001E-6),#5064,'distance_accuracy_value','NONE');
#4653 = SURFACE_STYLE_FILL_AREA(#15460) ;
#4654=CARTESIAN_POINT('NONE',(-7.993408248587,10.586329304028,3.75852549));
#4655=DIRECTION('NONE',(1.,0.,0.));
#4656 = EDGE_CURVE('NONE',#9647,#15303,#14010,.T.) ;
#4657 = ORIENTED_EDGE('NONE',*,*,#5597,.T.) ;
#4658=CARTESIAN_POINT('NONE',(-5.587520535799,10.663036753257,3.75852549));
#4659 = SURFACE_STYLE_USAGE(.BOTH.,#7982) ;
#4660=CARTESIAN_POINT('NONE',(-7.890040101705,10.54127136922,3.757609));
#4661 =(NAMED_UNIT(*) SI_UNIT($,.STERADIAN.) SOLID_ANGLE_UNIT());
#4663=DIRECTION('NONE',(0.,0.,-1.));
#4662 = FILL_AREA_STYLE_COLOUR('',#11127) ;
#4664 = SURFACE_SIDE_STYLE('',(#10592)) ;
#4665 = B_SPLINE_CURVE_WITH_KNOTS('NONE',3,(#15057,#1660,#5127,#8742),.UNSPECIFIED.,.F.,.F.,(4,4),(9.000000000000,10.),.UNSPECIFIED.) ;
#4666 =(LENGTH_UNIT() NAMED_UNIT(*) SI_UNIT(.MILLI.,.METRE.));
#4667 = VERTEX_POINT('NONE',#8547) ;
#4668 = EDGE_LOOP('NONE',(#2220,#14196)) ;
#4669 = VERTEX_POINT('NONE',#1310) ;
#4670=CARTESIAN_POINT('NONE',(0.,7.698516,5.040695));
#4671 = ORIENTED_EDGE('NONE',*,*,#7261,.F.) ;
#4672 =(GEOMETRIC_REPRESENTATION_CONTEXT(3) GLOBAL_UNCERTAINTY_ASSIGNED_CONTEXT((#15812)) GLOBAL_UNIT_ASSIGNED_CONTEXT((#15904,#6359,#9992)) REPRESENTATION_CONTEXT('NONE','WORKASPACE'));
#4673 = COLOUR_RGB('',1.,1.,1.) ;
#4674=CARTESIAN_POINT('NONE',(-6.142600940111,10.669135490747,3.75852549));
#4675=UNCERTAINTY_MEASURE_WITH_UNIT(LENGTH_MEASURE(9.164900000000001E-6),#11391,'distance_accuracy_value','NONE');
#4676 = LINE('NONE',#14311,#2376) ;
#4677 = B_SPLINE_CURVE_WITH_KNOTS('NONE',3,(#10585,#12928,#9388,#2079),.UNSPECIFIED.,.F.,.F.,(4,4),(3.000000000000,4.000000000000),.UNSPECIFIED.) ;
#4678 = LINE('NONE',#14312,#2735) ;
#4679=CARTESIAN_POINT('NONE',(1.9887833,10.906231,3.8034335));
#4680=DIRECTION('NONE',(0.,0.,1.));
#4681 = SURFACE_SIDE_STYLE('',(#10854)) ;
#4682 =(GEOMETRIC_REPRESENTATION_CONTEXT(3) GLOBAL_UNCERTAINTY_ASSIGNED_CONTEXT((#2737)) GLOBAL_UNIT_ASSIGNED_CONTEXT((#5864,#8313,#13270)) REPRESENTATION_CONTEXT('NONE','WORKASPACE'));
#4683 = SURFACE_STYLE_FILL_AREA(#9040) ;
#4684 = EDGE_CURVE('NONE',#5521,#16292,#2719,.T.) ;
#4685 = PRESENTATION_LAYER_ASSIGNMENT('','',(#11479)) ;
#4686=CARTESIAN_POINT('NONE',(-1.832979999999,-10.996616061486,4.307503));
#4687=DIRECTION('NONE',(0.,0.,-1.));
#4688=CARTESIAN_POINT('NONE',(1.9887833,10.906231,3.757609));
#4689 = STYLED_ITEM('NONE',(#7172),#11678) ;
#4690 = VERTEX_POINT('NONE',#1387) ;
#4691 = PRESENTATION_STYLE_ASSIGNMENT((#10620)) ;
#4692 = STYLED_ITEM('NONE',(#4338),#11586) ;
#4693 =(GEOMETRIC_REPRESENTATION_CONTEXT(3) GLOBAL_UNCERTAINTY_ASSIGNED_CONTEXT((#5893)) GLOBAL_UNIT_ASSIGNED_CONTEXT((#4955,#2522,#11038)) REPRESENTATION_CONTEXT('NONE','WORKASPACE'));
#4694 = ADVANCED_FACE('NONE',(#15710),#2575,.F.) ;
#4695 = SURFACE_STYLE_FILL_AREA(#1076) ;
#4696 =(NAMED_UNIT(*) PLANE_ANGLE_UNIT() SI_UNIT($,.RADIAN.));
#4697 = SURFACE_STYLE_USAGE(.BOTH.,#8402) ;
#4698 = ORIENTED_EDGE('NONE',*,*,#5235,.F.) ;
#4699 = EDGE_CURVE('NONE',#14589,#10723,#4098,.T.) ;
#4700=CARTESIAN_POINT('NONE',(-5.628687013854,11.318079276733,3.757609));
#4701 = STYLED_ITEM('NONE',(#4012),#13647) ;
#4702=CARTESIAN_POINT('NONE',(-5.628687013854,11.318079276733,3.75852549));
#4703 = MECHANICAL_DESIGN_GEOMETRIC_PRESENTATION_REPRESENTATION('',(#1470),#7218) ;
#4704 = ORIENTED_EDGE('NONE',*,*,#16483,.F.) ;
#4706 = STYLED_ITEM('NONE',(#5827),#6661) ;
#4705=CARTESIAN_POINT('NONE',(-5.738654874208,10.397360501373,3.75852549));
#4707 = VERTEX_POINT('NONE',#15079) ;
#4708 =(GEOMETRIC_REPRESENTATION_CONTEXT(3) GLOBAL_UNCERTAINTY_ASSIGNED_CONTEXT((#14689)) GLOBAL_UNIT_ASSIGNED_CONTEXT((#9785,#7394,#9617)) REPRESENTATION_CONTEXT('NONE','WORKASPACE'));
#4709 = FILL_AREA_STYLE_COLOUR('',#1358) ;
#4710 = B_SPLINE_CURVE_WITH_KNOTS('NONE',3,(#2724,#11000,#6343,#11075),.UNSPECIFIED.,.F.,.F.,(4,4),(11.,12.000000000000),.UNSPECIFIED.) ;
#4711=VECTOR('NONE',#4022,916.49);
#4712 =(GEOMETRIC_REPRESENTATION_CONTEXT(3) GLOBAL_UNCERTAINTY_ASSIGNED_CONTEXT((#7857)) GLOBAL_UNIT_ASSIGNED_CONTEXT((#4725,#6067,#15847)) REPRESENTATION_CONTEXT('NONE','WORKASPACE'));
#4713 = B_SPLINE_CURVE_WITH_KNOTS('NONE',3,(#14410,#8413,#13214,#12041),.UNSPECIFIED.,.F.,.F.,(4,4),(11.,12.000000000000),.UNSPECIFIED.) ;
#4714=DIRECTION('NONE',(0.,0.,-1.));
#4715 = COLOUR_RGB('',1.,1.,1.) ;
#4716=UNCERTAINTY_MEASURE_WITH_UNIT(LENGTH_MEASURE(9.164900000000001E-6),#15542,'distance_accuracy_value','NONE');
#4717 = MECHANICAL_DESIGN_GEOMETRIC_PRESENTATION_REPRESENTATION('',(#2953),#12512) ;
#4718=CARTESIAN_POINT('NONE',(-6.254569948706,10.432809413031,3.75852549));
#4719 = FACE_OUTER_BOUND('NONE',#9892,.T.) ;
#4720=DIRECTION('NONE',(0.,0.,-1.));
#4721 = SURFACE_STYLE_FILL_AREA(#12983) ;
#4722 = LINE('NONE',#9866,#12270) ;
#4723=CARTESIAN_POINT('NONE',(-6.27067442739,11.064028743188,3.75852549));
#4724 = EDGE_CURVE('NONE',#6699,#13182,#8992,.T.) ;
#4725 =(LENGTH_UNIT() NAMED_UNIT(*) SI_UNIT(.MILLI.,.METRE.));
#4726 = FACE_OUTER_BOUND('NONE',#2226,.T.) ;
#4727 = ORIENTED_EDGE('NONE',*,*,#15081,.T.) ;
#4728 = SURFACE_SIDE_STYLE('',(#4396)) ;
#4729 = ORIENTED_EDGE('NONE',*,*,#16542,.F.) ;
#4730 =(GEOMETRIC_REPRESENTATION_CONTEXT(3) GLOBAL_UNCERTAINTY_ASSIGNED_CONTEXT((#14156)) GLOBAL_UNIT_ASSIGNED_CONTEXT((#1732,#9039,#5344)) REPRESENTATION_CONTEXT('NONE','WORKASPACE'));
#4731 = VERTEX_POINT('NONE',#16251) ;
#4732 =(GEOMETRIC_REPRESENTATION_CONTEXT(3) GLOBAL_UNCERTAINTY_ASSIGNED_CONTEXT((#10481)) GLOBAL_UNIT_ASSIGNED_CONTEXT((#4312,#6593,#5193)) REPRESENTATION_CONTEXT('NONE','WORKASPACE'));
#4733=CIRCLE('NONE',#3728,1.2372615);
#4734 =(GEOMETRIC_REPRESENTATION_CONTEXT(3) GLOBAL_UNCERTAINTY_ASSIGNED_CONTEXT((#12403)) GLOBAL_UNIT_ASSIGNED_CONTEXT((#2646,#2928,#16023)) REPRESENTATION_CONTEXT('NONE','WORKASPACE'));
#4735 = MECHANICAL_DESIGN_GEOMETRIC_PRESENTATION_REPRESENTATION('',(#14067),#4467) ;
#4736 = ORIENTED_EDGE('NONE',*,*,#13240,.T.) ;
#4737 = SURFACE_SIDE_STYLE('',(#14809)) ;
#4738 = SURFACE_STYLE_FILL_AREA(#8287) ;
#4739=CARTESIAN_POINT('NONE',(-5.815079678374,10.271383455106,3.757609));
#4740=CARTESIAN_POINT('NONE',(-8.104727771939,10.753308765996,3.75852549));
#4741 =(NAMED_UNIT(*) SI_UNIT($,.STERADIAN.) SOLID_ANGLE_UNIT());
#4742 = STYLED_ITEM('NONE',(#1756),#14475) ;
#4743 = ORIENTED_EDGE('NONE',*,*,#7745,.F.) ;
#4744=AXIS2_PLACEMENT_3D('NONE',#4880,#12056,#1268);
#4745 = ADVANCED_FACE('NONE',(#6474),#9073,.F.) ;
#4746=CARTESIAN_POINT('NONE',(-7.958952165924,11.3576147806,3.75852549));
#4747 =(NAMED_UNIT(*) PLANE_ANGLE_UNIT() SI_UNIT($,.RADIAN.));
#4748 =(LENGTH_UNIT() NAMED_UNIT(*) SI_UNIT(.MILLI.,.METRE.));
#4750 = SURFACE_STYLE_USAGE(.BOTH.,#8300) ;
#4749=CARTESIAN_POINT('NONE',(-8.9357775,-10.906231,2.291225));
#4751 = PLANE('NONE',#5210) ;
#4752 = VERTEX_POINT('NONE',#5598) ;
#4753 = ORIENTED_EDGE('NONE',*,*,#6487,.T.) ;
#4754 = ORIENTED_EDGE('NONE',*,*,#8151,.T.) ;
#4755 = SURFACE_STYLE_USAGE(.BOTH.,#14524) ;
#4756 = ORIENTED_EDGE('NONE',*,*,#7956,.T.) ;
#4757 = MECHANICAL_DESIGN_GEOMETRIC_PRESENTATION_REPRESENTATION('',(#1506),#13573) ;
#4758 = EDGE_CURVE('NONE',#12180,#4934,#14060,.T.) ;
#4759 = EDGE_CURVE('NONE',#7969,#12588,#13910,.T.) ;
#4760 = MECHANICAL_DESIGN_GEOMETRIC_PRESENTATION_REPRESENTATION('',(#2471),#11779) ;
#4761 = EDGE_CURVE('NONE',#8580,#5318,#4413,.T.) ;
#4762=CARTESIAN_POINT('NONE',(-7.447412332308,11.301955006286,3.757609));
#4763 = LINE('NONE',#4425,#13829) ;
#4764 = PRESENTATION_STYLE_ASSIGNMENT((#8311)) ;
#4765=CARTESIAN_POINT('NONE',(-5.998804145243,10.584706093627,3.75852549));
#4766 = PRESENTATION_STYLE_ASSIGNMENT((#10606)) ;
#4767 = FACE_OUTER_BOUND('NONE',#13659,.T.) ;
#4768 = FILL_AREA_STYLE_COLOUR('',#14765) ;
#4769 = SURFACE_SIDE_STYLE('',(#8318)) ;
#4770=CARTESIAN_POINT('NONE',(-6.158419540475,10.437955222787,3.75852549));
#4771 = SURFACE_STYLE_FILL_AREA(#13123) ;
#4772=CARTESIAN_POINT('NONE',(-5.013381576833,10.586611949093,3.75852549));
#4773 = ORIENTED_EDGE('NONE',*,*,#16511,.F.) ;
#4774=VECTOR('NONE',#11023,916.49);
#4775 = EDGE_CURVE('NONE',#15026,#15091,#5940,.T.) ;
#4776 = FILL_AREA_STYLE_COLOUR('',#13753) ;
#4777=UNCERTAINTY_MEASURE_WITH_UNIT(LENGTH_MEASURE(9.164900000000001E-6),#7123,'distance_accuracy_value','NONE');
#4778 =(NAMED_UNIT(*) PLANE_ANGLE_UNIT() SI_UNIT($,.RADIAN.));
#4779 = VERTEX_POINT('NONE',#7751) ;
#4780 =(NAMED_UNIT(*) SI_UNIT($,.STERADIAN.) SOLID_ANGLE_UNIT());
#4781 = SURFACE_SIDE_STYLE('',(#13138)) ;
#4782=CARTESIAN_POINT('NONE',(-8.454589271874,10.528019142508,3.757609));
#4783 = FACE_BOUND('NONE',#7256,.T.) ;
#4785 =(NAMED_UNIT(*) SI_UNIT($,.STERADIAN.) SOLID_ANGLE_UNIT());
#4784=VECTOR('NONE',#12869,916.49);
#4786=DIRECTION('NONE',(0.,0.,1.));
#4787 = ORIENTED_EDGE('NONE',*,*,#2937,.T.) ;
#4788=CARTESIAN_POINT('NONE',(5.49894,-11.878504670639,4.12731380785));
#4789 = EDGE_LOOP('NONE',(#2342,#1837)) ;
#4790=PRODUCT('OLED-TH_L27-W24.7-P2.54~OLED-TH_L27.8-W27.2-P2.54_C9900033791~HfBv','OLED-TH_L27-W24.7-P2.54~OLED-TH_L27.8-W27.2-P2.54_C9900033791~HfBv','',(#2788));
#4791=DIRECTION('NONE',(0.,0.,1.));
#4792=CIRCLE('NONE',#9070,1.6955065);
#4793=UNCERTAINTY_MEASURE_WITH_UNIT(LENGTH_MEASURE(9.164900000000001E-6),#16147,'distance_accuracy_value','NONE');
#4794=DIRECTION('NONE',(0.,1.,0.));
#4795 = VERTEX_POINT('NONE',#11373) ;
#4796=DIRECTION('NONE',(-0.355935724364,0.934510438744,0.));
#4797=DIRECTION('NONE',(0.365858921669,-0.930670322636,0.));
#4798 = MECHANICAL_DESIGN_GEOMETRIC_PRESENTATION_REPRESENTATION('',(#1793),#13378) ;
#4799=CARTESIAN_POINT('NONE',(-6.004045247773,11.360961024704,3.75852549));
#4800=CARTESIAN_POINT('NONE',(-5.489083101006,10.56469461124,3.757609));
#4801=CARTESIAN_POINT('NONE',(-5.246658285802,11.293303155682,3.75852549));
#4802 = FILL_AREA_STYLE('',(#6378)) ;
#4803=CARTESIAN_POINT('NONE',(-7.447412332308,10.477660256352,3.75852549));
#4804=UNCERTAINTY_MEASURE_WITH_UNIT(LENGTH_MEASURE(9.164900000000001E-6),#14547,'distance_accuracy_value','NONE');
#4805=CARTESIAN_POINT('NONE',(-5.95592239727,11.318079276733,3.75852549));
#4806=DIRECTION('NONE',(-1.,0.,0.));
#4807 = ORIENTED_EDGE('NONE',*,*,#14167,.T.) ;
#4808=CARTESIAN_POINT('NONE',(-6.206732976523,10.669135490747,3.75852549));
#4809 = ORIENTED_EDGE('NONE',*,*,#1499,.T.) ;
#4810 = ORIENTED_EDGE('NONE',*,*,#10918,.T.) ;
#4811 = STYLED_ITEM('NONE',(#9836),#16231) ;
#4812 = ORIENTED_EDGE('NONE',*,*,#13623,.T.) ;
#4813 = ADVANCED_FACE('NONE',(#13832),#16227,.F.) ;
#4814 =(LENGTH_UNIT() NAMED_UNIT(*) SI_UNIT(.MILLI.,.METRE.));
#4815=CYLINDRICAL_SURFACE('NONE',#13786,1.6955065);
#4816 = B_SPLINE_CURVE_WITH_KNOTS('NONE',3,(#16201,#1795,#3040,#10217),.UNSPECIFIED.,.F.,.F.,(4,4),(7.000000000000,8.000000000000),.UNSPECIFIED.) ;
#4817=UNCERTAINTY_MEASURE_WITH_UNIT(LENGTH_MEASURE(9.164900000000001E-6),#9439,'distance_accuracy_value','NONE');
#4818 =(GEOMETRIC_REPRESENTATION_CONTEXT(3) GLOBAL_UNCERTAINTY_ASSIGNED_CONTEXT((#14725)) GLOBAL_UNIT_ASSIGNED_CONTEXT((#4602,#11937,#10761)) REPRESENTATION_CONTEXT('NONE','WORKASPACE'));
#4819 = LINE('NONE',#9711,#12204) ;
#4820=CARTESIAN_POINT('NONE',(-8.239901475256,10.578378028667,3.75852549));
#4821=VECTOR('NONE',#11775,916.49);
#4822 = ORIENTED_EDGE('NONE',*,*,#10460,.F.) ;
#4823 = FACE_OUTER_BOUND('NONE',#3372,.T.) ;
#4824 = FILL_AREA_STYLE_COLOUR('',#2690) ;
#4825=CARTESIAN_POINT('NONE',(-5.266288597095,10.769574073776,3.75852549));
#4826=DIRECTION('NONE',(0.,0.,-1.));
#4827=VECTOR('NONE',#3716,916.49);
#4828=DIRECTION('NONE',(0.,0.,-1.));
#4829 = FILL_AREA_STYLE_COLOUR('',#11772) ;
#4830 = EDGE_LOOP('NONE',(#7418,#11225,#6519,#6431)) ;
#4831 = ORIENTED_EDGE('NONE',*,*,#11707,.T.) ;
#4832 = EDGE_LOOP('NONE',(#2827,#12539,#3142,#14827,#9472,#14291,#5771,#9707,#13843,#14380,#9497,#6082,#8148,#4298,#13063)) ;
#4833 = FILL_AREA_STYLE('',(#7102)) ;
#4834 = PRESENTATION_LAYER_ASSIGNMENT('','',(#14902)) ;
#4835 = ORIENTED_EDGE('NONE',*,*,#12534,.F.) ;
#4836 = EDGE_CURVE('NONE',#10729,#16259,#7928,.T.) ;
#4837=CARTESIAN_POINT('NONE',(1.1639423,10.906231,3.8034335));
#4838=DIRECTION('NONE',(-1.,3.035766082959000E-15,0.));
#4839 = EDGE_CURVE('NONE',#15962,#13296,#7051,.T.) ;
#4840=UNCERTAINTY_MEASURE_WITH_UNIT(LENGTH_MEASURE(9.164900000000001E-6),#2019,'distance_accuracy_value','NONE');
#4841 = LINE('NONE',#2573,#13965) ;
#4842 = PRESENTATION_STYLE_ASSIGNMENT((#2574)) ;
#4843 = PRESENTATION_STYLE_ASSIGNMENT((#1225)) ;
#4844=DIRECTION('NONE',(-1.,0.,0.));
#4845 = LINE('NONE',#3735,#2568) ;
#4846 =(NAMED_UNIT(*) PLANE_ANGLE_UNIT() SI_UNIT($,.RADIAN.));
#4847=DIRECTION('NONE',(0.,0.,-1.));
#4848 = EDGE_CURVE('NONE',#11441,#8558,#8137,.T.) ;
#4849 = LINE('NONE',#5946,#3193) ;
#4850=DIRECTION('NONE',(0.36679767895,0.930300737781,0.));
#4851 = SURFACE_STYLE_USAGE(.BOTH.,#3649) ;
#4852 = ORIENTED_EDGE('NONE',*,*,#16460,.F.) ;
#4853 = EDGE_CURVE('NONE',#9213,#6535,#15301,.T.) ;
#4854=CARTESIAN_POINT('NONE',(-8.398929409091,10.967996486784,3.75852549));
#4855 =(LENGTH_UNIT() NAMED_UNIT(*) SI_UNIT(.MILLI.,.METRE.));
#4856 = LINE('NONE',#3655,#14552) ;
#4857=CARTESIAN_POINT('NONE',(-5.345191013366,10.726692325804,3.75852549));
#4858=CARTESIAN_POINT('NONE',(8.9357775,10.906231,3.8034335));
#4859 = ORIENTED_EDGE('NONE',*,*,#14723,.F.) ;
#4860 =(NAMED_UNIT(*) SI_UNIT($,.STERADIAN.) SOLID_ANGLE_UNIT());
#4861 = EDGE_CURVE('NONE',#5296,#13918,#15462,.T.) ;
#4862 = PRESENTATION_LAYER_ASSIGNMENT('','',(#15943)) ;
#4863 =(NAMED_UNIT(*) PLANE_ANGLE_UNIT() SI_UNIT($,.RADIAN.));
#4864 = PLANE('NONE',#7806) ;
#4865=CARTESIAN_POINT('NONE',(-6.176811045716,10.406318022061,3.75852549));
#4866 = ORIENTED_EDGE('NONE',*,*,#12981,.T.) ;
#4867 = MECHANICAL_DESIGN_GEOMETRIC_PRESENTATION_REPRESENTATION('',(#10670),#10103) ;
#4868 = VERTEX_POINT('NONE',#10734) ;
#4869=CARTESIAN_POINT('NONE',(-5.721311589473,10.462921929384,3.757609));
#4870 = EDGE_CURVE('NONE',#12641,#4091,#14982,.T.) ;
#4871 = STYLED_ITEM('NONE',(#9554),#3105) ;
#4872 =(GEOMETRIC_REPRESENTATION_CONTEXT(3) GLOBAL_UNCERTAINTY_ASSIGNED_CONTEXT((#8854)) GLOBAL_UNIT_ASSIGNED_CONTEXT((#11672,#3984,#11254)) REPRESENTATION_CONTEXT('NONE','WORKASPACE'));
#4873=CARTESIAN_POINT('NONE',(-5.685005042854,11.318079276733,3.757609));
#4874=UNCERTAINTY_MEASURE_WITH_UNIT(LENGTH_MEASURE(9.164900000000001E-6),#6220,'distance_accuracy_value','NONE');
#4875 = VERTEX_POINT('NONE',#2225) ;
#4876 = LINE('NONE',#2432,#12508) ;
#4877=DIRECTION('NONE',(-1.,0.,0.));
#4878=CARTESIAN_POINT('NONE',(-8.398929409091,10.822220880767,3.75852549));
#4879=DIRECTION('NONE',(0.,1.,0.));
#4880=CARTESIAN_POINT('NONE',(5.49894,-11.091166380297,2.2728952));
#4881=DIRECTION('NONE',(0.,0.,1.));
#4882=DIRECTION('NONE',(-1.,0.,0.));
#4883=CARTESIAN_POINT('NONE',(-7.447412332308,10.435252847772,3.75852549));
#4884=CARTESIAN_POINT('NONE',(-8.239901475256,10.578378028667,3.75852549));
#4885 = PRESENTATION_LAYER_ASSIGNMENT('','',(#7128)) ;
#4886 = ORIENTED_EDGE('NONE',*,*,#3128,.T.) ;
#4887 = STYLED_ITEM('NONE',(#3807),#6283) ;
#4888 =(NAMED_UNIT(*) PLANE_ANGLE_UNIT() SI_UNIT($,.RADIAN.));
#4889 = VERTEX_POINT('NONE',#11844) ;
#4890 = VERTEX_POINT('NONE',#8366) ;
#4891 = B_SPLINE_SURFACE_WITH_KNOTS('NONE',3,1,((#1736,#6588),(#15188,#16153),(#1887,#5347),(#10324,#5414)),.UNSPECIFIED.,.F.,.F.,.F.,(4,4),(2,2),(17.000000000000,18.000000000000),(0.,1.),.UNSPECIFIED.) ;
#4892 = VERTEX_POINT('NONE',#11679) ;
#4893=CARTESIAN_POINT('NONE',(-7.990757722358,10.753308765996,3.75852549));
#4894 =(GEOMETRIC_REPRESENTATION_CONTEXT(3) GLOBAL_UNCERTAINTY_ASSIGNED_CONTEXT((#3379)) GLOBAL_UNIT_ASSIGNED_CONTEXT((#13664,#11215,#12465)) REPRESENTATION_CONTEXT('NONE','WORKASPACE'));
#4895=CARTESIAN_POINT('NONE',(5.49894,-11.091166380297,4.307503));
#4896=CARTESIAN_POINT('NONE',(12.464263999999,12.739211,3.757609));
#4897 = ORIENTED_EDGE('NONE',*,*,#1120,.T.) ;
#4898=DIRECTION('NONE',(-1.,0.,0.));
#4899 = FILL_AREA_STYLE('',(#3796)) ;
#4900 = SURFACE_SIDE_STYLE('',(#8534)) ;
#4901 = FACE_OUTER_BOUND('NONE',#3477,.T.) ;
#4902 = SURFACE_STYLE_USAGE(.BOTH.,#6249) ;
#4903 = EDGE_LOOP('NONE',(#8612,#9951)) ;
#4904 = ORIENTED_EDGE('NONE',*,*,#15246,.T.) ;
#4905 = ORIENTED_EDGE('NONE',*,*,#3272,.T.) ;
#4906 = FILL_AREA_STYLE('',(#15873)) ;
#4907 = STYLED_ITEM('NONE',(#2904),#6636) ;
#4908 = ORIENTED_EDGE('NONE',*,*,#4194,.T.) ;
#4909 = FILL_AREA_STYLE_COLOUR('',#5631) ;
#4910=CARTESIAN_POINT('NONE',(-12.3267905,10.906231,3.757609));
#4911=CARTESIAN_POINT('NONE',(-7.447412332308,11.301955006286,3.757609));
#4912=DIRECTION('NONE',(0.,0.,-1.));
#4913=CARTESIAN_POINT('NONE',(12.3267905,10.906231,2.291225));
#4915=CARTESIAN_POINT('NONE',(-7.349345187329,10.557174223269,3.757609));
#4914=CARTESIAN_POINT('NONE',(-5.237700765115,11.292350227948,3.757609));
#4916 = LINE('NONE',#9740,#6222) ;
#4917 = ORIENTED_EDGE('NONE',*,*,#8694,.F.) ;
#4918 = B_SPLINE_SURFACE_WITH_KNOTS('NONE',3,1,((#16337,#16112),(#14854,#6551),(#6691,#7755),(#16187,#3093)),.UNSPECIFIED.,.F.,.F.,.F.,(4,4),(2,2),(5.000000000000,6.000000000000),(0.,1.),.UNSPECIFIED.) ;
#4919 = EDGE_CURVE('NONE',#2294,#4868,#9518,.T.) ;
#4920 =(GEOMETRIC_REPRESENTATION_CONTEXT(3) GLOBAL_UNCERTAINTY_ASSIGNED_CONTEXT((#14556)) GLOBAL_UNIT_ASSIGNED_CONTEXT((#1342,#14345,#9611)) REPRESENTATION_CONTEXT('NONE','WORKASPACE'));
#4921 = FACE_BOUND('NONE',#1456,.T.) ;
#4922=CARTESIAN_POINT('NONE',(-8.107378298168,10.220565177537,3.75852549));
#4923 = EDGE_CURVE('NONE',#13955,#14954,#13095,.T.) ;
#4924 = COLOUR_RGB('',1.,1.,1.) ;
#4925 = EDGE_LOOP('NONE',(#14430,#4852,#15874,#15734)) ;
#4926 = PRESENTATION_LAYER_ASSIGNMENT('','',(#10727)) ;
#4927 = FILL_AREA_STYLE_COLOUR('',#12732) ;
#4928=UNCERTAINTY_MEASURE_WITH_UNIT(LENGTH_MEASURE(9.164900000000001E-6),#4050,'distance_accuracy_value','NONE');
#4929=CARTESIAN_POINT('NONE',(-4.800116350248,10.769574073776,3.75852549));
#4930 = COLOUR_RGB('',1.,1.,1.) ;
#4931=CARTESIAN_POINT('NONE',(-10.631284,10.906231,3.757609));
#4932 = LINE('NONE',#9752,#8193) ;
#4933=DIRECTION('NONE',(0.,0.,1.));
#4934 = VERTEX_POINT('NONE',#12926) ;
#4935=VECTOR('NONE',#6572,916.49);
#4936=CARTESIAN_POINT('NONE',(-5.498939999999,-11.395129752005,4.38447561427));
#4937=CYLINDRICAL_SURFACE('NONE',#10003,1.2372615);
#4938 = EDGE_CURVE('NONE',#3369,#7419,#16480,.T.) ;
#4939=VECTOR('NONE',#2648,916.49);
#4940 = ADVANCED_FACE('NONE',(#11759),#9386,.F.) ;
#4941=DIRECTION('NONE',(0.,-1.,0.));
#4942 = PLANE('NONE',#5932) ;
#4943=CARTESIAN_POINT('NONE',(-9.163813426757,-6.233769380297,21.407686738066));
#4944=DIRECTION('NONE',(0.,0.,1.));
#4945=CARTESIAN_POINT('NONE',(-7.72571121652,10.485611733927,3.75852549));
#4946 = ORIENTED_EDGE('NONE',*,*,#3065,.F.) ;
#4947 =(LENGTH_UNIT() NAMED_UNIT(*) SI_UNIT(.MILLI.,.METRE.));
#4948 = ORIENTED_EDGE('NONE',*,*,#7661,.F.) ;
#4949 = PRESENTATION_LAYER_ASSIGNMENT('','',(#14512)) ;
#4950 = EDGE_CURVE('NONE',#1778,#1298,#2622,.T.) ;
#4951 = STYLED_ITEM('NONE',(#14423),#13044) ;
#4952 = STYLED_ITEM('NONE',(#1826),#11871) ;
#4953=UNCERTAINTY_MEASURE_WITH_UNIT(LENGTH_MEASURE(9.164900000000001E-6),#2302,'distance_accuracy_value','NONE');
#4954 =(NAMED_UNIT(*) SI_UNIT($,.STERADIAN.) SOLID_ANGLE_UNIT());
#4955 =(LENGTH_UNIT() NAMED_UNIT(*) SI_UNIT(.MILLI.,.METRE.));
#4956 = ORIENTED_EDGE('NONE',*,*,#11368,.T.) ;
#4957=CARTESIAN_POINT('NONE',(-7.990757722358,10.753308765996,3.75852549));
#4959=CARTESIAN_POINT('NONE',(-6.16699589007,11.367250347742,3.757609));
#4958 = MECHANICAL_DESIGN_GEOMETRIC_PRESENTATION_REPRESENTATION('',(#1702),#16284) ;
#4960 =(GEOMETRIC_REPRESENTATION_CONTEXT(3) GLOBAL_UNCERTAINTY_ASSIGNED_CONTEXT((#14927)) GLOBAL_UNIT_ASSIGNED_CONTEXT((#9078,#1846,#16578)) REPRESENTATION_CONTEXT('NONE','WORKASPACE'));
#4961=VECTOR('NONE',#13629,916.49);
#4962=DIRECTION('NONE',(0.,0.,1.));
#4963=AXIS2_PLACEMENT_3D('NONE',#3560,#7106,#6169);
#4964 = COLOUR_RGB('',1.,1.,1.) ;
#4965 = LINE('NONE',#12216,#14955) ;
#4966=UNCERTAINTY_MEASURE_WITH_UNIT(LENGTH_MEASURE(9.164900000000001E-6),#14304,'distance_accuracy_value','NONE');
#4967 =(NAMED_UNIT(*) PLANE_ANGLE_UNIT() SI_UNIT($,.RADIAN.));
#4968 = SURFACE_STYLE_USAGE(.BOTH.,#9870) ;
#4969 =(GEOMETRIC_REPRESENTATION_CONTEXT(3) GLOBAL_UNCERTAINTY_ASSIGNED_CONTEXT((#4874)) GLOBAL_UNIT_ASSIGNED_CONTEXT((#6220,#13704,#2761)) REPRESENTATION_CONTEXT('NONE','WORKASPACE'));
#4970 = ORIENTED_EDGE('NONE',*,*,#4761,.F.) ;
#4971 = ORIENTED_EDGE('NONE',*,*,#7915,.T.) ;
#4972 = VERTEX_POINT('NONE',#13342) ;
#4973 = ORIENTED_EDGE('NONE',*,*,#8020,.T.) ;
#4974=AXIS2_PLACEMENT_3D('NONE',#4469,#12678,#2206);
#4975 = PRESENTATION_LAYER_ASSIGNMENT('','',(#8246)) ;
#4976 = SURFACE_STYLE_USAGE(.BOTH.,#15763) ;
#4977 = EDGE_CURVE('NONE',#2067,#6300,#4383,.T.) ;
#4978 = B_SPLINE_CURVE_WITH_KNOTS('NONE',3,(#1246,#14645,#11092,#12118),.UNSPECIFIED.,.F.,.F.,(4,4),(17.000000000000,18.000000000000),.UNSPECIFIED.) ;
#4979=CARTESIAN_POINT('NONE',(-8.104727771939,10.753308765996,3.757609));
#4980 = EDGE_CURVE('NONE',#15230,#1131,#1445,.T.) ;
#4981=DIRECTION('NONE',(1.,0.,0.));
#4982=DIRECTION('NONE',(-1.,0.,0.));
#4983=CARTESIAN_POINT('NONE',(10.631284,-10.906231,3.8034335));
#4984 = EDGE_LOOP('NONE',(#7681,#12427,#9755,#12558,#12680,#2836,#10746,#16118,#7931,#10264,#15551,#15141,#11624,#12051)) ;
#4985=CARTESIAN_POINT('NONE',(-6.272103818988,10.620345590831,3.757609));
#4986=CYLINDRICAL_SURFACE('NONE',#8715,0.458245);
#4987=CARTESIAN_POINT('NONE',(-7.72571121652,10.493563110399,3.757609));
#4988 = FACE_BOUND('NONE',#15552,.T.) ;
#4989=AXIS2_PLACEMENT_3D('NONE',#9459,#2222,#5843);
#4990=VECTOR('NONE',#13621,916.49);
#4991 = LINE('NONE',#9811,#8730) ;
#4992 =(NAMED_UNIT(*) PLANE_ANGLE_UNIT() SI_UNIT($,.RADIAN.));
#4993 = ORIENTED_EDGE('NONE',*,*,#7423,.F.) ;
#4994 = PRESENTATION_LAYER_ASSIGNMENT('','',(#2736)) ;
#4995 = ORIENTED_EDGE('NONE',*,*,#9995,.T.) ;
#4996 = ORIENTED_EDGE('NONE',*,*,#6083,.F.) ;
#4997 = ADVANCED_FACE('NONE',(#1364),#7409,.F.) ;
#4998 = ORIENTED_EDGE('NONE',*,*,#14527,.T.) ;
#4999 = MECHANICAL_DESIGN_GEOMETRIC_PRESENTATION_REPRESENTATION('',(#5013),#6730) ;
#5000 = SURFACE_STYLE_USAGE(.BOTH.,#2571) ;
#5001=CIRCLE('NONE',#9796,1.6955065);
#5002 = COLOUR_RGB('',1.,1.,1.) ;
#5003=UNCERTAINTY_MEASURE_WITH_UNIT(LENGTH_MEASURE(9.164900000000001E-6),#4405,'distance_accuracy_value','NONE');
#5004=CARTESIAN_POINT('NONE',(-5.116678943059,10.439289321614,3.757609));
#5005=CARTESIAN_POINT('NONE',(-5.056453910348,10.414132029468,3.75852549));
#5006 =(NAMED_UNIT(*) SI_UNIT($,.STERADIAN.) SOLID_ANGLE_UNIT());
#5007 = EDGE_CURVE('NONE',#6252,#12044,#2696,.T.) ;
#5008 =(LENGTH_UNIT() NAMED_UNIT(*) SI_UNIT(.MILLI.,.METRE.));
#5009 = PRESENTATION_STYLE_ASSIGNMENT((#3891)) ;
#5010=DIRECTION('NONE',(0.,1.,0.));
#5011 = ORIENTED_EDGE('NONE',*,*,#12514,.T.) ;
#5012 = VERTEX_POINT('NONE',#7259) ;
#5013 = STYLED_ITEM('NONE',(#13162),#14511) ;
#5014 =(NAMED_UNIT(*) SI_UNIT($,.STERADIAN.) SOLID_ANGLE_UNIT());
#5015 = STYLED_ITEM('NONE',(#15219),#10929) ;
#5017=VECTOR('NONE',#1763,916.49);
#5016=CARTESIAN_POINT('NONE',(-5.984605522025,10.621298518563,3.757609));
#5018 = ORIENTED_EDGE('NONE',*,*,#16357,.F.) ;
#5019 = SURFACE_SIDE_STYLE('',(#2738)) ;
#5020=CARTESIAN_POINT('NONE',(-5.345191013366,10.726692325804,3.75852549));
#5021 =(NAMED_UNIT(*) SI_UNIT($,.STERADIAN.) SOLID_ANGLE_UNIT());
#5022 =(GEOMETRIC_REPRESENTATION_CONTEXT(3) GLOBAL_UNCERTAINTY_ASSIGNED_CONTEXT((#4363)) GLOBAL_UNIT_ASSIGNED_CONTEXT((#15120,#7713,#5271)) REPRESENTATION_CONTEXT('NONE','WORKASPACE'));
#5023 = B_SPLINE_CURVE_WITH_KNOTS('NONE',3,(#8171,#7939,#6814,#12897),.UNSPECIFIED.,.F.,.F.,(4,4),(5.000000000000,6.000000000000),.UNSPECIFIED.) ;
#5024 = ORIENTED_EDGE('NONE',*,*,#12981,.F.) ;
#5025=DIRECTION('NONE',(0.,0.,-1.));
#5026 = LINE('NONE',#8407,#16630) ;
#5027=CARTESIAN_POINT('NONE',(-8.049068035539,10.586329304028,3.75852549));
#5028=DIRECTION('NONE',(0.,1.,0.));
#5029=CARTESIAN_POINT('NONE',(-5.248945312361,11.287204418192,3.758525489999));
#5030=CARTESIAN_POINT('NONE',(-8.1338828527,11.087267437159,3.757609));
#5031 = B_SPLINE_SURFACE_WITH_KNOTS('NONE',3,1,((#13202,#11084),(#4854,#2409),(#9668,#15576),(#1402,#3823)),.UNSPECIFIED.,.F.,.F.,.F.,(4,4),(2,2),(18.000000000000,19.000000000000),(0.,1.),.UNSPECIFIED.) ;
#5032 = SURFACE_STYLE_FILL_AREA(#14650) ;
#5033 = VERTEX_POINT('NONE',#15768) ;
#5034 = FACE_OUTER_BOUND('NONE',#10291,.T.) ;
#5035 = ORIENTED_EDGE('NONE',*,*,#8336,.T.) ;
#5036=AXIS2_PLACEMENT_3D('NONE',#9527,#2285,#16638);
#5037 = ADVANCED_FACE('NONE',(#11054),#14961,.F.) ;
#5038 = PRESENTATION_STYLE_ASSIGNMENT((#15835)) ;
#5039=CARTESIAN_POINT('NONE',(-7.121405088169,10.565125599741,3.75852549));
#5040=DIRECTION('NONE',(0.,0.,1.));
#5041 = EDGE_LOOP('NONE',(#9377,#11908,#15702,#3761)) ;
#5042 =(NAMED_UNIT(*) PLANE_ANGLE_UNIT() SI_UNIT($,.RADIAN.));
#5043=DIRECTION('NONE',(0.,0.,-1.));
#5044 = PRESENTATION_LAYER_ASSIGNMENT('','',(#4000)) ;
#5045=CARTESIAN_POINT('NONE',(-5.3557685112,10.56469461124,3.757609));
#5046=DIRECTION('NONE',(0.,0.,-1.));
#5047 = PLANE('NONE',#13588) ;
#5048 = EDGE_CURVE('NONE',#12701,#13900,#6736,.T.) ;
#5049 =(LENGTH_UNIT() NAMED_UNIT(*) SI_UNIT(.MILLI.,.METRE.));
#5050 =(GEOMETRIC_REPRESENTATION_CONTEXT(3) GLOBAL_UNCERTAINTY_ASSIGNED_CONTEXT((#11894)) GLOBAL_UNIT_ASSIGNED_CONTEXT((#13874,#1883,#7707)) REPRESENTATION_CONTEXT('NONE','WORKASPACE'));
#5051 = EDGE_CURVE('NONE',#7605,#16346,#15036,.T.) ;
#5052 = ORIENTED_EDGE('NONE',*,*,#16177,.T.) ;
#5053 = SURFACE_SIDE_STYLE('',(#7401)) ;
#5054 = ORIENTED_EDGE('NONE',*,*,#11813,.F.) ;
#5055 = MECHANICAL_DESIGN_GEOMETRIC_PRESENTATION_REPRESENTATION('',(#1278),#4531) ;
#5056 = VERTEX_POINT('NONE',#16293) ;
#5057=VECTOR('NONE',#5137,916.49);
#5058 = SURFACE_SIDE_STYLE('',(#7493)) ;
#5059=CARTESIAN_POINT('NONE',(-5.82518071234,10.272717553933,3.757609));
#5060 = FILL_AREA_STYLE_COLOUR('',#2150) ;
#5061 = VERTEX_POINT('NONE',#12816) ;
#5062 = FILL_AREA_STYLE('',(#11995)) ;
#5063=CIRCLE('NONE',#15121,0.824841);
#5064 =(LENGTH_UNIT() NAMED_UNIT(*) SI_UNIT(.MILLI.,.METRE.));
#5065 = FILL_AREA_STYLE_COLOUR('',#2428) ;
#5066 = FILL_AREA_STYLE_COLOUR('',#6090) ;
#5067 = STYLED_ITEM('NONE',(#2534),#15895) ;
#5068 = SURFACE_STYLE_FILL_AREA(#7175) ;
#5069 = SURFACE_STYLE_FILL_AREA(#11062) ;
#5071 = EDGE_CURVE('NONE',#4106,#9306,#6649,.T.) ;
#5070 = ORIENTED_EDGE('NONE',*,*,#9675,.F.) ;
#5072 = ORIENTED_EDGE('NONE',*,*,#15440,.T.) ;
#5073 = ORIENTED_EDGE('NONE',*,*,#11295,.F.) ;
#5074 = ADVANCED_FACE('NONE',(#3056),#5724,.F.) ;
#5075 =(NAMED_UNIT(*) SI_UNIT($,.STERADIAN.) SOLID_ANGLE_UNIT());
#5076 = ORIENTED_EDGE('NONE',*,*,#4631,.T.) ;
#5077 =(NAMED_UNIT(*) PLANE_ANGLE_UNIT() SI_UNIT($,.RADIAN.));
#5078=CARTESIAN_POINT('NONE',(-5.345191013366,10.769574073776,3.757609));
#5079=CARTESIAN_POINT('NONE',(-6.078659489245,11.352003504017,3.75852549));
#5080=CARTESIAN_POINT('NONE',(3.033581899999,10.906231,2.2454005));
#5081=CARTESIAN_POINT('NONE',(-6.569607857146,10.396788744734,3.75852549));
#5082=DIRECTION('NONE',(0.,0.,1.));
#5083=CARTESIAN_POINT('NONE',(-8.136533328375,11.246295219333,3.75852549));
#5085=DIRECTION('NONE',(0.,0.,1.));
#5084=DIRECTION('NONE',(0.,0.,1.));
#5086=DIRECTION('NONE',(-0.328346164812,0.94455746043,0.));
#5087 = MECHANICAL_DESIGN_GEOMETRIC_PRESENTATION_REPRESENTATION('',(#12871),#2320) ;
#5088 = ORIENTED_EDGE('NONE',*,*,#3484,.F.) ;
#5089 = ORIENTED_EDGE('NONE',*,*,#3784,.T.) ;
#5090=CARTESIAN_POINT('NONE',(-7.72571121652,10.512116389569,3.757609));
#5091 = ORIENTED_EDGE('NONE',*,*,#10626,.T.) ;
#5092 = B_SPLINE_CURVE_WITH_KNOTS('NONE',3,(#8882,#5188,#7802,#12672),.UNSPECIFIED.,.F.,.F.,(4,4),(11.,12.000000000000),.UNSPECIFIED.) ;
#5093=VECTOR('NONE',#16066,916.49);
#5094=UNCERTAINTY_MEASURE_WITH_UNIT(LENGTH_MEASURE(9.164900000000001E-6),#14246,'distance_accuracy_value','NONE');
#5095 = FILL_AREA_STYLE_COLOUR('',#1717) ;
#5096=CARTESIAN_POINT('NONE',(-6.972979057033,10.514766814689,3.757609));
#5097=CARTESIAN_POINT('NONE',(-5.345191013366,10.769574073776,3.75852549));
#5098 = VERTEX_POINT('NONE',#8022) ;
#5099=CARTESIAN_POINT('NONE',(-5.498939999999,-12.13007241769,2.513361510668));
#5100 = LINE('NONE',#3905,#14108) ;
#5101=CARTESIAN_POINT('NONE',(-8.565908820504,10.710901205753,3.75852549));
#5102=DIRECTION('NONE',(1.,0.,0.));
#5103 = FILL_AREA_STYLE('',(#6366)) ;
#5104 = ORIENTED_EDGE('NONE',*,*,#10458,.T.) ;
#5105=CARTESIAN_POINT('NONE',(-5.408941878684,10.988175695663,3.75852549));
#5106 = ORIENTED_EDGE('NONE',*,*,#15048,.F.) ;
#5107=DIRECTION('NONE',(0.,0.,-1.));
#5108=UNCERTAINTY_MEASURE_WITH_UNIT(LENGTH_MEASURE(9.164900000000001E-6),#13387,'distance_accuracy_value','NONE');
#5109 = FILL_AREA_STYLE('',(#9457)) ;
#5110 = LINE('NONE',#1511,#2675) ;
#5111 = SURFACE_STYLE_FILL_AREA(#6647) ;
#5112 =(GEOMETRIC_REPRESENTATION_CONTEXT(3) GLOBAL_UNCERTAINTY_ASSIGNED_CONTEXT((#1629)) GLOBAL_UNIT_ASSIGNED_CONTEXT((#8428,#1176,#4638)) REPRESENTATION_CONTEXT('NONE','WORKASPACE'));
#5113 = EDGE_LOOP('NONE',(#10414,#6762,#1907,#9104)) ;
#5114 = FILL_AREA_STYLE('',(#1425)) ;
#5115 = FILL_AREA_STYLE_COLOUR('',#1472) ;
#5116=CARTESIAN_POINT('NONE',(-6.521485006643,10.439289321614,3.757609));
#5117=CARTESIAN_POINT('NONE',(-6.243039523141,10.631208966985,3.75852549));
#5118=DIRECTION('NONE',(0.,0.,-1.));
#5119=CARTESIAN_POINT('NONE',(-5.880164642518,10.65731918686,3.75852549));
#5120 =(NAMED_UNIT(*) SI_UNIT($,.STERADIAN.) SOLID_ANGLE_UNIT());
#5121 = ORIENTED_EDGE('NONE',*,*,#16288,.F.) ;
#5122 = EDGE_CURVE('NONE',#14759,#7534,#9273,.T.) ;
#5123 = EDGE_CURVE('NONE',#9153,#11836,#9181,.T.) ;
#5124 = ORIENTED_EDGE('NONE',*,*,#10638,.T.) ;
#5125 = STYLED_ITEM('NONE',(#10879),#1112) ;
#5126=DIRECTION('NONE',(0.,0.,-1.));
#5127=CARTESIAN_POINT('NONE',(-6.294211742388,11.254614289732,3.75852549));
#5128 = FILL_AREA_STYLE('',(#9655)) ;
#5129=CARTESIAN_POINT('NONE',(-5.336709956544,10.439289321614,3.757609));
#5130 = ORIENTED_EDGE('NONE',*,*,#8035,.F.) ;
#5131 = LINE('NONE',#6459,#2698) ;
#5132 = PRESENTATION_STYLE_ASSIGNMENT((#11134)) ;
#5133 = FILL_AREA_STYLE_COLOUR('',#8479) ;
#5135 = COLOUR_RGB('',1.,1.,1.) ;
#5134 = SURFACE_STYLE_FILL_AREA(#1751) ;
#5136 =(LENGTH_UNIT() NAMED_UNIT(*) SI_UNIT(.MILLI.,.METRE.));
#5137=DIRECTION('NONE',(1.,0.,0.));
#5138 = EDGE_CURVE('NONE',#5755,#9361,#11943,.T.) ;
#5139 = ORIENTED_EDGE('NONE',*,*,#10158,.F.) ;
#5140 = ORIENTED_EDGE('NONE',*,*,#16053,.T.) ;
#5141 = ORIENTED_EDGE('NONE',*,*,#11885,.T.) ;
#5142 = EDGE_LOOP('NONE',(#9614,#1844,#11438,#4905)) ;
#5143=VECTOR('NONE',#11814,916.49);
#5144 = EDGE_CURVE('NONE',#2140,#3862,#5023,.T.) ;
#5145 = FILL_AREA_STYLE('',(#12463)) ;
#5146 = SURFACE_SIDE_STYLE('',(#6339)) ;
#5147 = B_SPLINE_SURFACE_WITH_KNOTS('NONE',3,1,((#5247,#1866),(#16275,#1635),(#6634,#10219),(#12488,#13765)),.UNSPECIFIED.,.F.,.F.,.F.,(4,4),(2,2),(1.,2.000000000000),(0.,1.),.UNSPECIFIED.) ;
#5148=CARTESIAN_POINT('NONE',(12.464263999999,12.739211,3.757609));
#5149=CARTESIAN_POINT('NONE',(-7.267180694184,10.970646810797,3.757609));
#5150=CARTESIAN_POINT('NONE',(-7.216821808026,11.264848473226,3.757609));
#5151=CARTESIAN_POINT('NONE',(12.372615,-8.340058999999,5.040695));
#5153=CARTESIAN_POINT('NONE',(-6.236083150692,10.554974748367,3.75852549));
#5152=CARTESIAN_POINT('NONE',(-6.377592919002,10.726692325804,3.75852549));
#5154 = FILL_AREA_STYLE('',(#6025)) ;
#5155=DIRECTION('NONE',(0.,0.,-1.));
#5156 = VERTEX_POINT('NONE',#15348) ;
#5157 = VERTEX_POINT('NONE',#6887) ;
#5158 = VERTEX_POINT('NONE',#4543) ;
#5159=CARTESIAN_POINT('NONE',(-5.80335866726,10.271383455106,3.757609));
#5160 = SURFACE_STYLE_USAGE(.BOTH.,#1403) ;
#5161=CARTESIAN_POINT('NONE',(-8.033165181491,11.071364633665,3.757609));
#5162 = SURFACE_STYLE_FILL_AREA(#12349) ;
#5163 = ADVANCED_FACE('NONE',(#9354),#15977,.F.) ;
#5164=DIRECTION('NONE',(0.,0.,-1.));
#5165=CARTESIAN_POINT('NONE',(-5.26695564651,11.360961024704,3.75852549));
#5166 = STYLED_ITEM('NONE',(#13695),#4048) ;
#5167 = SURFACE_STYLE_USAGE(.BOTH.,#8571) ;
#5168 =(LENGTH_UNIT() NAMED_UNIT(*) SI_UNIT(.MILLI.,.METRE.));
#5169 =(LENGTH_UNIT() NAMED_UNIT(*) SI_UNIT(.MILLI.,.METRE.));
#5170=UNCERTAINTY_MEASURE_WITH_UNIT(LENGTH_MEASURE(9.164900000000001E-6),#3390,'distance_accuracy_value','NONE');
#5171 =(NAMED_UNIT(*) SI_UNIT($,.STERADIAN.) SOLID_ANGLE_UNIT());
#5172 = ORIENTED_EDGE('NONE',*,*,#14072,.F.) ;
#5173 = ADVANCED_FACE('NONE',(#10697),#13209,.T.) ;
#5174=VECTOR('NONE',#8857,916.49);
#5175 =(NAMED_UNIT(*) SI_UNIT($,.STERADIAN.) SOLID_ANGLE_UNIT());
#5176=CARTESIAN_POINT('NONE',(-7.03924069613,10.763910517033,3.75852549));
#5177=CARTESIAN_POINT('NONE',(-7.410305875078,10.55982464839,3.75852549));
#5178 = SURFACE_SIDE_STYLE('',(#13474)) ;
#5179 = SURFACE_STYLE_FILL_AREA(#1584) ;
#5180 = FACE_OUTER_BOUND('NONE',#2371,.T.) ;
#5181=CARTESIAN_POINT('NONE',(-8.1338828527,11.087267437159,3.75852549));
#5182=CARTESIAN_POINT('NONE',(-5.549165194556,11.348644433759,3.75852549));
#5183=CARTESIAN_POINT('NONE',(-6.569607857146,10.396788744734,3.75852549));
#5184 =(NAMED_UNIT(*) PLANE_ANGLE_UNIT() SI_UNIT($,.RADIAN.));
#5185=VECTOR('NONE',#9898,916.49);
#5186 =(NAMED_UNIT(*) PLANE_ANGLE_UNIT() SI_UNIT($,.RADIAN.));
#5187=DIRECTION('NONE',(-1.,0.,0.));
#5188=CARTESIAN_POINT('NONE',(-5.975171537472,10.627969012692,3.75852549));
#5189 = ORIENTED_EDGE('NONE',*,*,#15992,.F.) ;
#5190=AXIS2_PLACEMENT_3D('NONE',#12172,#6174,#3811);
#5191=AXIS2_PLACEMENT_3D('NONE',#11280,#8681,#4084);
#5192 = ORIENTED_EDGE('NONE',*,*,#15424,.F.) ;
#5193 =(NAMED_UNIT(*) SI_UNIT($,.STERADIAN.) SOLID_ANGLE_UNIT());
#5194 = PRESENTATION_STYLE_ASSIGNMENT((#2692)) ;
#5195 = PRESENTATION_LAYER_ASSIGNMENT('','',(#6219)) ;
#5196=AXIS2_PLACEMENT_3D('NONE',#3330,#14319,#7117);
#5197 = FILL_AREA_STYLE_COLOUR('',#12443) ;
#5198 = LINE('NONE',#2906,#10548) ;
#5199 = ORIENTED_EDGE('NONE',*,*,#12149,.F.) ;
#5200=AXIS2_PLACEMENT_3D('NONE',#5182,#11260,#16076);
#5201 = FACE_OUTER_BOUND('NONE',#14339,.T.) ;
#5202 = SURFACE_SIDE_STYLE('',(#13577)) ;
#5203=CARTESIAN_POINT('NONE',(-5.883023425717,10.513236513673,3.75852549));
#5204 = SURFACE_SIDE_STYLE('',(#10117)) ;
#5205=CARTESIAN_POINT('NONE',(-5.485843146716,11.31159936815,3.75852549));
#5206=CARTESIAN_POINT('NONE',(-5.163753573053,10.396788744734,3.75852549));
#5207 = ORIENTED_EDGE('NONE',*,*,#4003,.F.) ;
#5208 = EDGE_LOOP('NONE',(#2599,#7988,#13020,#6011)) ;
#5209 = VERTEX_POINT('NONE',#2416) ;
#5210=AXIS2_PLACEMENT_3D('NONE',#11768,#11920,#5922);
#5211=CARTESIAN_POINT('NONE',(-7.03924069613,10.763910517033,3.757609));
#5212 = MECHANICAL_DESIGN_GEOMETRIC_PRESENTATION_REPRESENTATION('',(#9229),#12754) ;
#5213 = MECHANICAL_DESIGN_GEOMETRIC_PRESENTATION_REPRESENTATION('',(#11752),#16034) ;
#5214 = VERTEX_POINT('NONE',#14473) ;
#5215=VECTOR('NONE',#14318,916.49);
#5216 = B_SPLINE_CURVE_WITH_KNOTS('NONE',3,(#11511,#12764,#1752,#6530),.UNSPECIFIED.,.F.,.F.,(4,4),(3.000000000000,4.000000000000),.UNSPECIFIED.) ;
#5217 =(NAMED_UNIT(*) SI_UNIT($,.STERADIAN.) SOLID_ANGLE_UNIT());
#5218=CARTESIAN_POINT('NONE',(-12.464263999999,12.739211,2.291225));
#5219 = EDGE_CURVE('NONE',#1985,#13944,#7212,.T.) ;
#5220=CARTESIAN_POINT('NONE',(-7.03924069613,10.763910517033,3.75852549));
#5222=DIRECTION('NONE',(0.,1.,0.));
#5221 =(GEOMETRIC_REPRESENTATION_CONTEXT(3) GLOBAL_UNCERTAINTY_ASSIGNED_CONTEXT((#12247)) GLOBAL_UNIT_ASSIGNED_CONTEXT((#1896,#14976,#7810)) REPRESENTATION_CONTEXT('NONE','WORKASPACE'));
#5223=DIRECTION('NONE',(-1.,0.,0.));
#5224 =(GEOMETRIC_REPRESENTATION_CONTEXT(3) GLOBAL_UNCERTAINTY_ASSIGNED_CONTEXT((#3840)) GLOBAL_UNIT_ASSIGNED_CONTEXT((#14329,#4696,#2659)) REPRESENTATION_CONTEXT('NONE','WORKASPACE'));
#5225 = STYLED_ITEM('NONE',(#12948),#6923) ;
#5226=CARTESIAN_POINT('NONE',(-6.046926995746,10.59118600221,3.75852549));
#5227 = MECHANICAL_DESIGN_GEOMETRIC_PRESENTATION_REPRESENTATION('',(#8246),#15044) ;
#5228=CARTESIAN_POINT('NONE',(-10.631284,-10.906231,3.757609));
#5229 = SURFACE_STYLE_USAGE(.BOTH.,#11377) ;
#5230 = EDGE_LOOP('NONE',(#2317,#4698,#6913,#9799)) ;
#5231 = VERTEX_POINT('NONE',#9507) ;
#5232 = EDGE_CURVE('NONE',#9454,#6315,#12892,.T.) ;
#5233 = EDGE_CURVE('NONE',#12239,#13133,#16269,.T.) ;
#5234=CARTESIAN_POINT('NONE',(-6.235320808505,10.981886372627,3.75852549));
#5235 = EDGE_CURVE('NONE',#4111,#15539,#11016,.T.) ;
#5236=UNCERTAINTY_MEASURE_WITH_UNIT(LENGTH_MEASURE(9.164900000000001E-6),#5136,'distance_accuracy_value','NONE');
#5237 = ORIENTED_EDGE('NONE',*,*,#12550,.T.) ;
#5238 =(GEOMETRIC_REPRESENTATION_CONTEXT(3) GLOBAL_UNCERTAINTY_ASSIGNED_CONTEXT((#4840)) GLOBAL_UNIT_ASSIGNED_CONTEXT((#2019,#5620,#8001)) REPRESENTATION_CONTEXT('NONE','WORKASPACE'));
#5239=VECTOR('NONE',#7677,916.49);
#5240 = B_SPLINE_CURVE_WITH_KNOTS('NONE',3,(#8140,#15223,#9224,#15305),.UNSPECIFIED.,.F.,.F.,(4,4),(2.000000000000,3.000000000000),.UNSPECIFIED.) ;
#5241=UNCERTAINTY_MEASURE_WITH_UNIT(LENGTH_MEASURE(9.164900000000001E-6),#14925,'distance_accuracy_value','NONE');
#5242=CARTESIAN_POINT('NONE',(-1.832979999999,-12.494576897954,3.076571557153));
#5243=CARTESIAN_POINT('NONE',(-5.053213956059,10.478168773108,3.75852549));
#5244 = FILL_AREA_STYLE_COLOUR('',#6188) ;
#5245=CARTESIAN_POINT('NONE',(-8.1338828527,11.087267437159,3.757609));
#5246=CARTESIAN_POINT('NONE',(-6.373018865883,11.030676272542,3.757609));
#5247=CARTESIAN_POINT('NONE',(-4.769050906161,10.695817467263,3.75852549));
#5248 =(GEOMETRIC_REPRESENTATION_CONTEXT(3) GLOBAL_UNCERTAINTY_ASSIGNED_CONTEXT((#12887)) GLOBAL_UNIT_ASSIGNED_CONTEXT((#2918,#5519,#8634)) REPRESENTATION_CONTEXT('NONE','WORKASPACE'));
#5249 = PRESENTATION_LAYER_ASSIGNMENT('','',(#12314)) ;
#5250 =(NAMED_UNIT(*) PLANE_ANGLE_UNIT() SI_UNIT($,.RADIAN.));
#5251=CARTESIAN_POINT('NONE',(-6.298404624412,10.599000009617,3.75852549));
#5252 =(LENGTH_UNIT() NAMED_UNIT(*) SI_UNIT(.MILLI.,.METRE.));
#5253=CARTESIAN_POINT('NONE',(-5.95592239727,11.030676272542,3.757609));
#5254 = LINE('NONE',#13937,#2052) ;
#5255 = ADVANCED_FACE('NONE',(#16051),#13335,.T.) ;
#5256 = ORIENTED_EDGE('NONE',*,*,#15472,.T.) ;
#5257 = EDGE_CURVE('NONE',#15086,#11145,#14644,.T.) ;
#5258 = STYLED_ITEM('NONE',(#4463),#14786) ;
#5259 = COLOUR_RGB('',0.949019607843,0.760784313725,0.180392156862) ;
#5260=UNCERTAINTY_MEASURE_WITH_UNIT(LENGTH_MEASURE(9.164900000000001E-6),#8374,'distance_accuracy_value','NONE');
#5261=CARTESIAN_POINT('NONE',(-4.942102582425,10.396788744734,3.75852549));
#5262=CARTESIAN_POINT('NONE',(-7.253928366365,10.970646810797,3.757609));
#5263 = LINE('NONE',#7703,#4961) ;
#5264 = ORIENTED_EDGE('NONE',*,*,#8130,.T.) ;
#5265 =(LENGTH_UNIT() NAMED_UNIT(*) SI_UNIT(.MILLI.,.METRE.));
#5266 = SURFACE_SIDE_STYLE('',(#7633)) ;
#5267 =(LENGTH_UNIT() NAMED_UNIT(*) SI_UNIT(.MILLI.,.METRE.));
#5268=CYLINDRICAL_SURFACE('NONE',#12260,0.824841);
#5269=DIRECTION('NONE',(-1.,0.,0.));
#5270 = SURFACE_STYLE_FILL_AREA(#6741) ;
#5271 =(NAMED_UNIT(*) SI_UNIT($,.STERADIAN.) SOLID_ANGLE_UNIT());
#5272 = ORIENTED_EDGE('NONE',*,*,#10536,.F.) ;
#5273=AXIS2_PLACEMENT_3D('NONE',#3173,#16432,#2095);
#5274 = B_SPLINE_SURFACE_WITH_KNOTS('NONE',3,1,((#1306,#14531),(#1381,#4762),(#2322,#15640),(#9565,#6098)),.UNSPECIFIED.,.F.,.F.,.F.,(4,4),(2,2),(21.,22.000000000000),(0.,1.),.UNSPECIFIED.) ;
#5275 = ORIENTED_EDGE('NONE',*,*,#8138,.F.) ;
#5276 = COLOUR_RGB('',1.,1.,1.) ;
#5277=DIRECTION('NONE',(0.,0.,-1.));
#5278=CARTESIAN_POINT('NONE',(-5.019003850454,10.720212417221,3.757609));
#5279=DIRECTION('NONE',(0.,0.,-1.));
#5280 = ORIENTED_EDGE('NONE',*,*,#8862,.F.) ;
#5281 =(NAMED_UNIT(*) SI_UNIT($,.STERADIAN.) SOLID_ANGLE_UNIT());
#5282=CARTESIAN_POINT('NONE',(-5.883023425717,10.513236513673,3.75852549));
#5283 =(LENGTH_UNIT() NAMED_UNIT(*) SI_UNIT(.MILLI.,.METRE.));
#5284 = FACE_BOUND('NONE',#3250,.T.) ;
#5285=CARTESIAN_POINT('NONE',(-6.277059043198,10.471879450071,3.75852549));
#5286=CARTESIAN_POINT('NONE',(-5.708637650627,10.462540758292,3.757609));
#5287 = ORIENTED_EDGE('NONE',*,*,#12942,.F.) ;
#5288=CIRCLE('NONE',#14110,1.6955065);
#5289=DIRECTION('NONE',(1.,0.,0.));
#5290 = ORIENTED_EDGE('NONE',*,*,#13754,.T.) ;
#5291 = ORIENTED_EDGE('NONE',*,*,#2148,.F.) ;
#5292 = STYLED_ITEM('NONE',(#8356),#15749) ;
#5293 =(LENGTH_UNIT() NAMED_UNIT(*) SI_UNIT(.MILLI.,.METRE.));
#5294 = EDGE_CURVE('NONE',#7262,#7093,#11389,.T.) ;
#5295 = EDGE_CURVE('NONE',#3669,#5158,#12572,.T.) ;
#5296 = VERTEX_POINT('NONE',#4122) ;
#5297 = PRESENTATION_LAYER_ASSIGNMENT('','',(#11838)) ;
#5298 = SURFACE_STYLE_USAGE(.BOTH.,#11371) ;
#5299=CARTESIAN_POINT('NONE',(-7.280433022003,11.323158723214,3.75852549));
#5300=AXIS2_PLACEMENT_3D('NONE',#4524,#4680,#5941);
#5301 = FILL_AREA_STYLE('',(#2792)) ;
#5302=CARTESIAN_POINT('NONE',(-5.215497548943,11.360961024704,3.75852549));
#5303=DIRECTION('NONE',(-1.,0.,0.));
#5304 = STYLED_ITEM('NONE',(#11819),#15960) ;
#5305 =(NAMED_UNIT(*) PLANE_ANGLE_UNIT() SI_UNIT($,.RADIAN.));
#5306 = SURFACE_STYLE_FILL_AREA(#2931) ;
#5308 = FILL_AREA_STYLE_COLOUR('',#14816) ;
#5307 = LINE('NONE',#5152,#4559) ;
#5309 = COLOUR_RGB('',1.,1.,1.) ;
#5310 = LINE('NONE',#10138,#9772) ;
#5311 = ORIENTED_EDGE('NONE',*,*,#1836,.T.) ;
#5312 = ORIENTED_EDGE('NONE',*,*,#12830,.F.) ;
#5313=CARTESIAN_POINT('NONE',(3.9500719,10.906231,3.757609));
#5314 = EDGE_CURVE('NONE',#9361,#11382,#12273,.T.) ;
#5315=AXIS2_PLACEMENT_3D('NONE',#12334,#2579,#8771);
#5316 = EDGE_CURVE('NONE',#6335,#7262,#11211,.T.) ;
#5317=AXIS2_PLACEMENT_3D('NONE',#13688,#6640,#14803);
#5318 = VERTEX_POINT('NONE',#1493) ;
#5319 = EDGE_CURVE('NONE',#7093,#14073,#5327,.T.) ;
#5320 = MECHANICAL_DESIGN_GEOMETRIC_PRESENTATION_REPRESENTATION('',(#3289),#7836) ;
#5321 =(NAMED_UNIT(*) SI_UNIT($,.STERADIAN.) SOLID_ANGLE_UNIT());
#5322=CARTESIAN_POINT('NONE',(5.49894,-11.395129752005,4.38447561427));
#5323=DIRECTION('NONE',(-1.,0.,0.));
#5324=CARTESIAN_POINT('NONE',(-5.027008443411,10.668182563013,3.757609));
#5325 = EDGE_CURVE('NONE',#4669,#13900,#4816,.T.) ;
#5326=CARTESIAN_POINT('NONE',(5.49894,-11.878504670639,4.12731380785));
#5327 = LINE('NONE',#14944,#12229) ;
#5328=DIRECTION('NONE',(0.,0.,-1.));
#5329 = FILL_AREA_STYLE('',(#12722)) ;
#5330=CARTESIAN_POINT('NONE',(-5.498939999999,-12.336322777172,3.667248765375));
#5331=DIRECTION('NONE',(0.,-1.,0.));
#5332=UNCERTAINTY_MEASURE_WITH_UNIT(LENGTH_MEASURE(9.164900000000001E-6),#10387,'distance_accuracy_value','NONE');
#5333=CARTESIAN_POINT('NONE',(-8.250503352678,11.246295219333,3.75852549));
#5334=CYLINDRICAL_SURFACE('NONE',#5317,1.2372615);
#5335 = EDGE_CURVE('NONE',#2691,#6115,#13763,.T.) ;
#5336 = ORIENTED_EDGE('NONE',*,*,#1239,.T.) ;
#5337 = SURFACE_STYLE_USAGE(.BOTH.,#8653) ;
#5338=DIRECTION('NONE',(0.,0.,-1.));
#5339 = EDGE_CURVE('NONE',#14044,#3926,#7853,.T.) ;
#5340 =(NAMED_UNIT(*) PLANE_ANGLE_UNIT() SI_UNIT($,.RADIAN.));
#5341 = VERTEX_POINT('NONE',#5390) ;
#5342 = PRESENTATION_STYLE_ASSIGNMENT((#7632)) ;
#5343 = SURFACE_SIDE_STYLE('',(#5179)) ;
#5344 =(NAMED_UNIT(*) SI_UNIT($,.STERADIAN.) SOLID_ANGLE_UNIT());
#5345 = PRESENTATION_STYLE_ASSIGNMENT((#13478)) ;
#5346=CARTESIAN_POINT('NONE',(-10.259926524697,7.1027975,5.040695));
#5347=CARTESIAN_POINT('NONE',(-5.8673954109,10.444816302462,3.757609));
#5348=CARTESIAN_POINT('NONE',(-5.972408047046,10.669135490747,3.75852549));
#5349 = LINE('NONE',#11266,#9281) ;
#5350 = EDGE_CURVE('NONE',#14759,#10878,#13853,.T.) ;
#5351 = EDGE_LOOP('NONE',(#16516,#8417,#8196,#15312)) ;
#5352 = LINE('NONE',#2992,#8993) ;
#5353 = FILL_AREA_STYLE_COLOUR('',#10773) ;
#5354=CARTESIAN_POINT('NONE',(-6.27067442739,11.064028743188,3.75852549));
#5355 = PRESENTATION_STYLE_ASSIGNMENT((#5656)) ;
#5356 = ORIENTED_EDGE('NONE',*,*,#13938,.F.) ;
#5357 = FILL_AREA_STYLE('',(#8894)) ;
#5358=DIRECTION('NONE',(0.,0.,-1.));
#5359=CARTESIAN_POINT('NONE',(-5.897412634482,10.411654417363,3.75852549));
#5360 = EDGE_CURVE('NONE',#10834,#4690,#4446,.T.) ;
#5361 = FILL_AREA_STYLE_COLOUR('',#1963) ;
#5362 = ORIENTED_EDGE('NONE',*,*,#5123,.T.) ;
#5363=DIRECTION('NONE',(0.,0.,1.));
#5364 = EDGE_LOOP('NONE',(#9844,#16035,#2091,#5973)) ;
#5365 = ORIENTED_EDGE('NONE',*,*,#14168,.T.) ;
#5366 = SURFACE_STYLE_USAGE(.BOTH.,#6609) ;
#5367 = ORIENTED_EDGE('NONE',*,*,#12449,.T.) ;
#5368=CARTESIAN_POINT('NONE',(-7.937748461634,10.586329304028,3.757609));
#5369 = COLOUR_RGB('',0.196078431372,0.368627450980,0.560784313725) ;
#5370=CARTESIAN_POINT('NONE',(-7.245976989894,10.970646810797,3.75852549));
#5371 = SURFACE_STYLE_FILL_AREA(#9072) ;
#5372=DIRECTION('NONE',(0.,0.,-1.));
#5373 = VERTEX_POINT('NONE',#12956) ;
#5374=DIRECTION('NONE',(0.,1.,0.));
#5375 = LINE('NONE',#15082,#15903) ;
#5377=CARTESIAN_POINT('NONE',(8.9357775,10.906231,3.8034335));
#5376 = SURFACE_SIDE_STYLE('',(#2863)) ;
#5378 = ORIENTED_EDGE('NONE',*,*,#14477,.T.) ;
#5379 = ORIENTED_EDGE('NONE',*,*,#12870,.T.) ;
#5380 = VERTEX_POINT('NONE',#14328) ;
#5381 = COLOUR_RGB('',1.,1.,1.) ;
#5382 = ORIENTED_EDGE('NONE',*,*,#8411,.F.) ;
#5383 = B_SPLINE_CURVE_WITH_KNOTS('NONE',3,(#2466,#4985,#13493,#15863),.UNSPECIFIED.,.F.,.F.,(4,4),(12.000000000000,13.000000000000),.UNSPECIFIED.) ;
#5384=CARTESIAN_POINT('NONE',(-5.80335866726,10.271383455106,3.75852549));
#5385=UNCERTAINTY_MEASURE_WITH_UNIT(LENGTH_MEASURE(9.164900000000001E-6),#9654,'distance_accuracy_value','NONE');
#5386=CARTESIAN_POINT('NONE',(1.83298,-11.918108463385,4.208164082668));
#5387=CARTESIAN_POINT('NONE',(10.631284,-10.906231,2.291225));
#5388 = LINE('NONE',#15095,#12973) ;
#5389=CARTESIAN_POINT('NONE',(5.49894,-11.647826370794,4.228584138747));
#5390=CARTESIAN_POINT('NONE',(-5.164039451376,10.439289321614,3.75852549));
#5391 = STYLED_ITEM('NONE',(#8135),#6415) ;
#5393=CARTESIAN_POINT('NONE',(-8.279658458715,11.087267437159,3.75852549));
#5392 =(NAMED_UNIT(*) SI_UNIT($,.STERADIAN.) SOLID_ANGLE_UNIT());
#5394 = EDGE_CURVE('NONE',#13970,#13145,#15499,.T.) ;
#5395 = EDGE_CURVE('NONE',#1675,#14833,#3501,.T.) ;
#5396 = FILL_AREA_STYLE('',(#1798)) ;
#5397=CARTESIAN_POINT('NONE',(-5.498939999999,-12.427658333564,3.2901991));
#5398 = PLANE('NONE',#7296) ;
#5399 = B_SPLINE_SURFACE_WITH_KNOTS('NONE',3,1,((#11936,#1228),(#15796,#14458),(#10850,#1313),(#15882,#15647)),.UNSPECIFIED.,.F.,.F.,.F.,(4,4),(2,2),(4.000000000000,5.000000000000),(0.,1.),.UNSPECIFIED.) ;
#5400 = B_SPLINE_CURVE_WITH_KNOTS('NONE',3,(#5834,#12843,#9300,#15134),.UNSPECIFIED.,.F.,.F.,(4,4),(7.000000000000,8.000000000000),.UNSPECIFIED.) ;
#5401 = EDGE_LOOP('NONE',(#6391,#15523,#10521,#9379)) ;
#5402 = ADVANCED_FACE('NONE',(#15255),#8545,.F.) ;
#5403=VECTOR('NONE',#2149,916.49);
#5404=CARTESIAN_POINT('NONE',(-6.521485006643,10.439289321614,3.75852549));
#5405=CARTESIAN_POINT('NONE',(-5.812030309628,11.318079276733,3.757609));
#5406 = EDGE_CURVE('NONE',#1374,#13241,#6808,.T.) ;
#5407 = EDGE_LOOP('NONE',(#8915,#16090,#12399,#14805)) ;
#5408 = FILL_AREA_STYLE_COLOUR('',#6418) ;
#5409=CARTESIAN_POINT('NONE',(-6.307266852326,11.217259522611,3.75852549));
#5410 =(NAMED_UNIT(*) PLANE_ANGLE_UNIT() SI_UNIT($,.RADIAN.));
#5411 = SURFACE_SIDE_STYLE('',(#2893)) ;
#5412 = PRESENTATION_STYLE_ASSIGNMENT((#6818)) ;
#5413=DIRECTION('NONE',(0.,0.,-1.));
#5414=CARTESIAN_POINT('NONE',(-5.8673954109,10.46921125242,3.757609));
#5415=CARTESIAN_POINT('NONE',(-5.943248458425,10.669135490747,3.75852549));
#5416 =(NAMED_UNIT(*) PLANE_ANGLE_UNIT() SI_UNIT($,.RADIAN.));
#5417 = FACE_OUTER_BOUND('NONE',#15596,.T.) ;
#5418=AXIS2_PLACEMENT_3D('NONE',#2754,#12428,#5338);
#5419 = EDGE_CURVE('NONE',#9538,#14641,#14038,.T.) ;
#5420 = MECHANICAL_DESIGN_GEOMETRIC_PRESENTATION_REPRESENTATION('',(#10478),#6657) ;
#5421 = EDGE_LOOP('NONE',(#11101,#2158,#3650,#9209)) ;
#5422 = MECHANICAL_DESIGN_GEOMETRIC_PRESENTATION_REPRESENTATION('',(#1672),#10494) ;
#5423 = PLANE('NONE',#11036) ;
#5424=CARTESIAN_POINT('NONE',(-6.303931605262,11.312361710336,3.75852549));
#5425 = LINE('NONE',#12444,#5647) ;
#5426=CARTESIAN_POINT('NONE',(-6.268101522511,11.282439779529,3.757609));
#5427 = EDGE_LOOP('NONE',(#9926,#4218,#13235,#15581)) ;
#5428 =(NAMED_UNIT(*) SI_UNIT($,.STERADIAN.) SOLID_ANGLE_UNIT());
#5429=VECTOR('NONE',#15093,916.49);
#5430=DIRECTION('NONE',(0.,0.,1.));
#5432=CARTESIAN_POINT('NONE',(-3.491826899999,10.906231,3.8034335));
#5431 = SURFACE_STYLE_USAGE(.BOTH.,#4243) ;
#5433=CARTESIAN_POINT('NONE',(-5.900080832133,10.624729058402,3.757609));
#5434=VECTOR('NONE',#11761,916.49);
#5435 = LINE('NONE',#11513,#16371) ;
#5436=CIRCLE('NONE',#14259,0.824841);
#5437 = VERTEX_POINT('NONE',#2034) ;
#5438=CARTESIAN_POINT('NONE',(5.49894,-12.520198771572,3.2901991));
#5439 = ORIENTED_EDGE('NONE',*,*,#2077,.F.) ;
#5440 = ORIENTED_EDGE('NONE',*,*,#15992,.T.) ;
#5441 = LINE('NONE',#10706,#13376) ;
#5442 = ORIENTED_EDGE('NONE',*,*,#14767,.T.) ;
#5443 = ADVANCED_FACE('NONE',(#14090),#15491,.T.) ;
#5444 = STYLED_ITEM('NONE',(#14561),#11554) ;
#5445 =(GEOMETRIC_REPRESENTATION_CONTEXT(3) GLOBAL_UNCERTAINTY_ASSIGNED_CONTEXT((#7950)) GLOBAL_UNIT_ASSIGNED_CONTEXT((#5722,#5804,#15259)) REPRESENTATION_CONTEXT('NONE','WORKASPACE'));
#5446 = STYLED_ITEM('NONE',(#2790),#5797) ;
#5447 = FACE_OUTER_BOUND('NONE',#6765,.T.) ;
#5448 = LINE('NONE',#6685,#8739) ;
#5449 = FILL_AREA_STYLE('',(#15299)) ;
#5450 = PLANE('NONE',#7150) ;
#5451 =(NAMED_UNIT(*) PLANE_ANGLE_UNIT() SI_UNIT($,.RADIAN.));
#5452 = ORIENTED_EDGE('NONE',*,*,#2674,.F.) ;
#5453=CARTESIAN_POINT('NONE',(-6.415429999999,-10.906231,3.757609));
#5454=CARTESIAN_POINT('NONE',(-6.174905190251,11.024768120599,3.75852549));
#5455=CARTESIAN_POINT('NONE',(9.163813426757,-3.301001380297,2.1812462));
#5456=VECTOR('NONE',#7985,916.49);
#5457 = FILL_AREA_STYLE_COLOUR('',#12285) ;
#5458 = PRESENTATION_LAYER_ASSIGNMENT('','',(#13272)) ;
#5459 = FILL_AREA_STYLE('',(#16258)) ;
#5460 = VERTEX_POINT('NONE',#1238) ;
#5461 = PRESENTATION_LAYER_ASSIGNMENT('','',(#3433)) ;
#5462 = VERTEX_POINT('NONE',#7200) ;
#5463 = ORIENTED_EDGE('NONE',*,*,#5122,.T.) ;
#5464 = STYLED_ITEM('NONE',(#5345),#13125) ;
#5465 = LINE('NONE',#7682,#4784) ;
#5466 = VERTEX_POINT('NONE',#8709) ;
#5467=DIRECTION('NONE',(-0.9910683663,-0.133354764893,0.));
#5468=AXIS2_PLACEMENT_3D('NONE',#15986,#3914,#8874);
#5469=CARTESIAN_POINT('NONE',(1.83298,-11.091166380297,2.1812462));
#5470=CARTESIAN_POINT('NONE',(-8.454589271874,10.528019142508,3.757609));
#5471 =(NAMED_UNIT(*) SI_UNIT($,.STERADIAN.) SOLID_ANGLE_UNIT());
#5472 = STYLED_ITEM('NONE',(#4270),#13343) ;
#5473=CARTESIAN_POINT('NONE',(5.49894,-12.071354926798,2.584482759178));
#5474=DIRECTION('NONE',(-0.884094950248,-0.467307306754,0.));
#5475 = SURFACE_SIDE_STYLE('',(#3042)) ;
#5476 = FILL_AREA_STYLE('',(#11321)) ;
#5477=UNCERTAINTY_MEASURE_WITH_UNIT(LENGTH_MEASURE(9.164900000000001E-6),#12043,'distance_accuracy_value','NONE');
#5478 = PRESENTATION_LAYER_ASSIGNMENT('','',(#15050)) ;
#5479 =(GEOMETRIC_REPRESENTATION_CONTEXT(3) GLOBAL_UNCERTAINTY_ASSIGNED_CONTEXT((#7694)) GLOBAL_UNIT_ASSIGNED_CONTEXT((#6307,#7637,#14738)) REPRESENTATION_CONTEXT('NONE','WORKASPACE'));
#5480 =(NAMED_UNIT(*) PLANE_ANGLE_UNIT() SI_UNIT($,.RADIAN.));
#5481=AXIS2_PLACEMENT_3D('NONE',#4931,#6112,#8562);
#5482 = STYLED_ITEM('NONE',(#6023),#2837) ;
#5483 = VERTEX_POINT('NONE',#3746) ;
#5484=CARTESIAN_POINT('NONE',(-7.508373020058,11.460982940121,3.757609));
#5485 =(LENGTH_UNIT() NAMED_UNIT(*) SI_UNIT(.MILLI.,.METRE.));
#5486=CARTESIAN_POINT('NONE',(-6.236083150692,10.554974748367,3.75852549));
#5487 = MECHANICAL_DESIGN_GEOMETRIC_PRESENTATION_REPRESENTATION('',(#3730),#8009) ;
#5488 = PRESENTATION_LAYER_ASSIGNMENT('','',(#3468)) ;
#5489 = ORIENTED_EDGE('NONE',*,*,#16369,.T.) ;
#5490=DIRECTION('NONE',(0.33152841835,0.943445233083,0.));
#5491=CARTESIAN_POINT('NONE',(1.1639423,10.906231,3.8034335));
#5492=CARTESIAN_POINT('NONE',(-6.241896009861,11.310074683777,3.757609));
#5493=DIRECTION('NONE',(0.,-1.,0.));
#5494=CARTESIAN_POINT('NONE',(-3.033581899999,10.906231,3.757609));
#5495=DIRECTION('NONE',(0.,0.,-1.));
#5496 = FACE_BOUND('NONE',#9548,.T.) ;
#5497=CARTESIAN_POINT('NONE',(-12.372615,-8.340058999999,5.040695));
#5498=DIRECTION('NONE',(0.,0.,-1.));
#5499 = PRESENTATION_LAYER_ASSIGNMENT('','',(#16588)) ;
#5500 =(GEOMETRIC_REPRESENTATION_CONTEXT(3) GLOBAL_UNCERTAINTY_ASSIGNED_CONTEXT((#16634)) GLOBAL_UNIT_ASSIGNED_CONTEXT((#15950,#13505,#1382)) REPRESENTATION_CONTEXT('NONE','WORKASPACE'));
#5501 = EDGE_CURVE('NONE',#11680,#7338,#13527,.T.) ;
#5502 = ORIENTED_EDGE('NONE',*,*,#10567,.F.) ;
#5503=CARTESIAN_POINT('NONE',(-7.72571121652,10.339836127912,3.75852549));
#5504 = LINE('NONE',#5424,#11519) ;
#5505 =(NAMED_UNIT(*) PLANE_ANGLE_UNIT() SI_UNIT($,.RADIAN.));
#5506 = PRESENTATION_STYLE_ASSIGNMENT((#10177)) ;
#5507 = SURFACE_SIDE_STYLE('',(#7881)) ;
#5508=VECTOR('NONE',#5413,916.49);
#5509 = EDGE_CURVE('NONE',#7420,#14502,#7639,.T.) ;
#5510 = ORIENTED_EDGE('NONE',*,*,#6948,.T.) ;
#5511 = EDGE_CURVE('NONE',#16038,#13970,#7443,.T.) ;
#5512=CARTESIAN_POINT('NONE',(-5.933719181097,10.428616531006,3.75852549));
#5513=CARTESIAN_POINT('NONE',(-6.357772022161,11.167516694961,3.75852549));
#5515 =(NAMED_UNIT(*) SI_UNIT($,.STERADIAN.) SOLID_ANGLE_UNIT());
#5514 = SURFACE_STYLE_FILL_AREA(#11431) ;
#5516=DIRECTION('NONE',(0.,0.,1.));
#5517 = COLOUR_RGB('',1.,1.,1.) ;
#5518 = ORIENTED_EDGE('NONE',*,*,#14867,.T.) ;
#5519 =(NAMED_UNIT(*) PLANE_ANGLE_UNIT() SI_UNIT($,.RADIAN.));
#5520 = ORIENTED_EDGE('NONE',*,*,#1856,.T.) ;
#5521 = VERTEX_POINT('NONE',#13379) ;
#5522 = EDGE_LOOP('NONE',(#13287,#2839,#10969,#8103)) ;
#5523 = MECHANICAL_DESIGN_GEOMETRIC_PRESENTATION_REPRESENTATION('',(#15096),#2283) ;
#5524 = B_SPLINE_CURVE_WITH_KNOTS('NONE',3,(#11755,#13567,#8674,#6452),.UNSPECIFIED.,.F.,.F.,(4,4),(12.000000000000,13.000000000000),.UNSPECIFIED.) ;
#5525 = PRESENTATION_LAYER_ASSIGNMENT('','',(#15861)) ;
#5526 = PRESENTATION_STYLE_ASSIGNMENT((#3237)) ;
#5527 = LINE('NONE',#11293,#15040) ;
#5528 = FILL_AREA_STYLE('',(#3015)) ;
#5529 = ADVANCED_FACE('NONE',(#12346),#5031,.F.) ;
#5530 = ORIENTED_EDGE('NONE',*,*,#11367,.T.) ;
#5531=CARTESIAN_POINT('NONE',(-5.498939999999,-11.381475988787,2.286946209691));
#5532=CARTESIAN_POINT('NONE',(-6.206732976523,10.669135490747,3.757609));
#5533 = ADVANCED_FACE('NONE',(#14468),#10193,.F.) ;
#5534=CARTESIAN_POINT('NONE',(-5.708637650627,10.462540758292,3.75852549));
#5535=CARTESIAN_POINT('NONE',(-6.078659489245,11.003613124933,3.757609));
#5536=VECTOR('NONE',#6463,916.49);
#5537=CARTESIAN_POINT('NONE',(-5.218165746594,10.726692325804,3.75852549));
#5538 = VERTEX_POINT('NONE',#4197) ;
#5539 = VERTEX_POINT('NONE',#6420) ;
#5540 = ORIENTED_EDGE('NONE',*,*,#14183,.T.) ;
#5541=VECTOR('NONE',#4619,916.49);
#5542 =(NAMED_UNIT(*) SI_UNIT($,.STERADIAN.) SOLID_ANGLE_UNIT());
#5543 = EDGE_CURVE('NONE',#16583,#2139,#15256,.T.) ;
#5544 = EDGE_LOOP('NONE',(#13630,#15633,#11876,#13698)) ;
#5545=AXIS2_PLACEMENT_3D('NONE',#1636,#4941,#13537);
#5546=CARTESIAN_POINT('NONE',(5.49894,-12.49459610429,3.503826642846));
#5547=DIRECTION('NONE',(1.,0.,0.));
#5548 = FILL_AREA_STYLE('',(#1938)) ;
#5549 = PRESENTATION_LAYER_ASSIGNMENT('','',(#9854)) ;
#5550 = FACE_OUTER_BOUND('NONE',#3999,.T.) ;
#5552=CARTESIAN_POINT('NONE',(-5.95592239727,11.198772724595,3.75852549));
#5551 = LINE('NONE',#15170,#12596) ;
#5553 = PRESENTATION_STYLE_ASSIGNMENT((#9254)) ;
#5554=VECTOR('NONE',#15328,916.49);
#5555 = FILL_AREA_STYLE('',(#16206)) ;
#5556=DIRECTION('NONE',(0.,1.,0.));
#5557 = FILL_AREA_STYLE('',(#4214)) ;
#5558 = ORIENTED_EDGE('NONE',*,*,#10735,.T.) ;
#5559=CIRCLE('NONE',#15382,1.6955065);
#5560 =(GEOMETRIC_REPRESENTATION_CONTEXT(3) GLOBAL_UNCERTAINTY_ASSIGNED_CONTEXT((#11560)) GLOBAL_UNIT_ASSIGNED_CONTEXT((#1390,#8627,#15957)) REPRESENTATION_CONTEXT('NONE','WORKASPACE'));
#5561=UNCERTAINTY_MEASURE_WITH_UNIT(LENGTH_MEASURE(9.164900000000001E-6),#3247,'distance_accuracy_value','NONE');
#5562 = FILL_AREA_STYLE_COLOUR('',#13447) ;
#5563 = MECHANICAL_DESIGN_GEOMETRIC_PRESENTATION_REPRESENTATION('',(#8573),#9609) ;
#5564 = SURFACE_STYLE_USAGE(.BOTH.,#11562) ;
#5565 = EDGE_LOOP('NONE',(#7764,#7050)) ;
#5566 =(NAMED_UNIT(*) SI_UNIT($,.STERADIAN.) SOLID_ANGLE_UNIT());
#5567=CARTESIAN_POINT('NONE',(-5.235890202422,11.287204418192,3.75852549));
#5568 = LINE('NONE',#14897,#8738) ;
#5569 =(GEOMETRIC_REPRESENTATION_CONTEXT(3) GLOBAL_UNCERTAINTY_ASSIGNED_CONTEXT((#1171)) GLOBAL_UNIT_ASSIGNED_CONTEXT((#7729,#14917,#8896)) REPRESENTATION_CONTEXT('NONE','WORKASPACE'));
#5570=DIRECTION('NONE',(1.,0.,0.));
#5571 = FILL_AREA_STYLE_COLOUR('',#10068) ;
#5572 = SURFACE_SIDE_STYLE('',(#7640)) ;
#5573=CARTESIAN_POINT('NONE',(-7.03924069613,10.87788051606,3.757609));
#5574 = ORIENTED_EDGE('NONE',*,*,#9606,.T.) ;
#5575=UNCERTAINTY_MEASURE_WITH_UNIT(LENGTH_MEASURE(9.164900000000001E-6),#15466,'distance_accuracy_value','NONE');
#5576 = FILL_AREA_STYLE('',(#5826)) ;
#5577=DIRECTION('NONE',(0.,1.,0.));
#5578=CARTESIAN_POINT('NONE',(-5.922569926625,10.631208966985,3.75852549));
#5579 = ORIENTED_EDGE('NONE',*,*,#6470,.F.) ;
#5580 = SURFACE_STYLE_FILL_AREA(#1986) ;
#5581 = FACE_OUTER_BOUND('NONE',#10173,.T.) ;
#5582=CARTESIAN_POINT('NONE',(-5.019003850454,10.720212417221,3.75852549));
#5583 =(NAMED_UNIT(*) PLANE_ANGLE_UNIT() SI_UNIT($,.RADIAN.));
#5584 = ADVANCED_FACE('NONE',(#10209),#6149,.F.) ;
#5585=DIRECTION('NONE',(0.,0.,-1.));
#5586=CARTESIAN_POINT('NONE',(-5.480220873091,11.177998900022,3.757609));
#5587 = EDGE_CURVE('NONE',#14504,#16171,#1787,.T.) ;
#5588 = ORIENTED_EDGE('NONE',*,*,#4163,.T.) ;
#5589=CARTESIAN_POINT('NONE',(-12.464263999999,-12.739211,3.757609));
#5590 = ORIENTED_EDGE('NONE',*,*,#8872,.T.) ;
#5591 = VERTEX_POINT('NONE',#13924) ;
#5592 = ORIENTED_EDGE('NONE',*,*,#6901,.F.) ;
#5593 =(NAMED_UNIT(*) PLANE_ANGLE_UNIT() SI_UNIT($,.RADIAN.));
#5594=UNCERTAINTY_MEASURE_WITH_UNIT(LENGTH_MEASURE(9.164900000000001E-6),#1637,'distance_accuracy_value','NONE');
#5595 = SURFACE_STYLE_FILL_AREA(#16412) ;
#5597 = EDGE_CURVE('NONE',#14422,#16211,#14764,.T.) ;
#5596=DIRECTION('NONE',(0.,0.,-1.));
#5598=CARTESIAN_POINT('NONE',(-6.41543,-12.739211,2.291225));
#5599 = VERTEX_POINT('NONE',#2874) ;
#5600 = EDGE_CURVE('NONE',#16329,#5917,#7685,.T.) ;
#5601=CARTESIAN_POINT('NONE',(-5.498939999999,-11.091166380297,4.307503));
#5602 = STYLED_ITEM('NONE',(#7147),#3838) ;
#5603 = SURFACE_STYLE_FILL_AREA(#8209) ;
#5604=DIRECTION('NONE',(-1.,-1.284980352575000E-16,0.));
#5606 = PRESENTATION_STYLE_ASSIGNMENT((#1849)) ;
#5605 = FACE_OUTER_BOUND('NONE',#6194,.T.) ;
#5607 = PLANE('NONE',#15528) ;
#5608 = B_SPLINE_CURVE_WITH_KNOTS('NONE',3,(#4523,#12016,#10682,#9490),.UNSPECIFIED.,.F.,.F.,(4,4),(0.,1.),.UNSPECIFIED.) ;
#5609 = EDGE_LOOP('NONE',(#7303,#12689,#14922,#16283)) ;
#5610 = ORIENTED_EDGE('NONE',*,*,#1507,.T.) ;
#5611 = ORIENTED_EDGE('NONE',*,*,#11485,.T.) ;
#5612=CARTESIAN_POINT('NONE',(1.6221873,10.906231,3.8034335));
#5613 = ORIENTED_EDGE('NONE',*,*,#15837,.T.) ;
#5614 = EDGE_CURVE('NONE',#4093,#13083,#13280,.T.) ;
#5615=VECTOR('NONE',#8101,916.49);
#5616 = FILL_AREA_STYLE_COLOUR('',#2686) ;
#5617 = LINE('NONE',#7624,#1583) ;
#5618=CARTESIAN_POINT('NONE',(-6.277059043198,10.471879450071,3.75852549));
#5619 = B_SPLINE_CURVE_WITH_KNOTS('NONE',3,(#5251,#3906,#9999,#6202),.UNSPECIFIED.,.F.,.F.,(4,4),(12.000000000000,13.000000000000),.UNSPECIFIED.) ;
#5620 =(NAMED_UNIT(*) PLANE_ANGLE_UNIT() SI_UNIT($,.RADIAN.));
#5621=CARTESIAN_POINT('NONE',(-6.264670982673,10.505613091809,3.757609));
#5622 = SURFACE_SIDE_STYLE('',(#12800)) ;
#5623 = FILL_AREA_STYLE('',(#7111)) ;
#5624=DIRECTION('NONE',(0.,0.,-1.));
#5626=CARTESIAN_POINT('NONE',(1.1639423,10.906231,3.8034335));
#5625=CARTESIAN_POINT('NONE',(-6.158419540475,10.437955222787,3.757609));
#5627=CARTESIAN_POINT('NONE',(-5.95592239727,11.198772724595,3.757609));
#5628 =(GEOMETRIC_REPRESENTATION_CONTEXT(3) GLOBAL_UNCERTAINTY_ASSIGNED_CONTEXT((#6975)) GLOBAL_UNIT_ASSIGNED_CONTEXT((#11647,#11415,#3063)) REPRESENTATION_CONTEXT('NONE','WORKASPACE'));
#5629=CARTESIAN_POINT('NONE',(-5.498939999999,-11.091166380297,4.307503));
#5630 = SURFACE_STYLE_FILL_AREA(#15415) ;
#5631 = COLOUR_RGB('',1.,1.,1.) ;
#5632=UNCERTAINTY_MEASURE_WITH_UNIT(LENGTH_MEASURE(9.164900000000001E-6),#14739,'distance_accuracy_value','NONE');
#5633 = PRESENTATION_STYLE_ASSIGNMENT((#8324)) ;
#5634 = EDGE_LOOP('NONE',(#13259,#15700)) ;
#5635 = EDGE_CURVE('NONE',#3669,#2294,#14939,.T.) ;
#5636 = FILL_AREA_STYLE('',(#3197)) ;
#5637 = ADVANCED_FACE('NONE',(#13756),#12565,.F.) ;
#5638 =(GEOMETRIC_REPRESENTATION_CONTEXT(3) GLOBAL_UNCERTAINTY_ASSIGNED_CONTEXT((#2145)) GLOBAL_UNIT_ASSIGNED_CONTEXT((#4024,#16110,#7899)) REPRESENTATION_CONTEXT('NONE','WORKASPACE'));
#5639 = ORIENTED_EDGE('NONE',*,*,#7645,.T.) ;
#5640=CARTESIAN_POINT('NONE',(-6.569607857146,10.988175695663,3.75852549));
#5641=CARTESIAN_POINT('NONE',(5.49894,-11.091166380297,4.307503));
#5642=CARTESIAN_POINT('NONE',(-5.304691584726,11.132258368852,3.757609));
#5643 =(NAMED_UNIT(*) PLANE_ANGLE_UNIT() SI_UNIT($,.RADIAN.));
#5644 = FILL_AREA_STYLE_COLOUR('',#13457) ;
#5645=CARTESIAN_POINT('NONE',(-5.897412634482,10.411654417363,3.75852549));
#5646 = ADVANCED_FACE('NONE',(#3322),#2644,.F.) ;
#5647=VECTOR('NONE',#11350,916.49);
#5648 =(NAMED_UNIT(*) PLANE_ANGLE_UNIT() SI_UNIT($,.RADIAN.));
#5649 = B_SPLINE_CURVE_WITH_KNOTS('NONE',3,(#13204,#7299,#7206,#12032),.UNSPECIFIED.,.F.,.F.,(4,4),(3.000000000000,4.000000000000),.UNSPECIFIED.) ;
#5650 = B_SPLINE_SURFACE_WITH_KNOTS('NONE',3,1,((#12723,#10222),(#6637,#13769),(#13859,#7783),(#6717,#11552)),.UNSPECIFIED.,.F.,.F.,.F.,(4,4),(2,2),(27.000000000000,28.000000000000),(0.,1.),.UNSPECIFIED.) ;
#5651 = ORIENTED_EDGE('NONE',*,*,#3272,.F.) ;
#5652 =(GEOMETRIC_REPRESENTATION_CONTEXT(3) GLOBAL_UNCERTAINTY_ASSIGNED_CONTEXT((#9501)) GLOBAL_UNIT_ASSIGNED_CONTEXT((#13415,#2464,#12225)) REPRESENTATION_CONTEXT('NONE','WORKASPACE'));
#5653=CARTESIAN_POINT('NONE',(-6.277059043198,10.471879450071,3.757609));
#5654 = ADVANCED_FACE('NONE',(#13992),#12795,.F.) ;
#5655 = FILL_AREA_STYLE_COLOUR('',#13857) ;
#5656 = SURFACE_STYLE_USAGE(.BOTH.,#16463) ;
#5657 = ORIENTED_EDGE('NONE',*,*,#4573,.F.) ;
#5658=CARTESIAN_POINT('NONE',(-7.990757772912,10.220565177537,3.75852549));
#5659 =(NAMED_UNIT(*) PLANE_ANGLE_UNIT() SI_UNIT($,.RADIAN.));
#5660=DIRECTION('NONE',(0.,0.,-1.));
#5661=DIRECTION('NONE',(1.,0.,0.));
#5662 = COLOUR_RGB('',1.,1.,1.) ;
#5663=DIRECTION('NONE',(0.,1.,0.));
#5664 = FILL_AREA_STYLE('',(#16469)) ;
#5665 = EDGE_LOOP('NONE',(#8686,#12241,#1106,#8198)) ;
#5666=CARTESIAN_POINT('NONE',(-5.833471183615,10.275195166038,3.75852549));
#5667 = VERTEX_POINT('NONE',#13359) ;
#5668 = ORIENTED_EDGE('NONE',*,*,#11622,.T.) ;
#5669=VECTOR('NONE',#15585,916.49);
#5670 = ORIENTED_EDGE('NONE',*,*,#7575,.F.) ;
#5671=CIRCLE('NONE',#12240,1.6955065);
#5672 = SURFACE_STYLE_USAGE(.BOTH.,#3239) ;
#5673=VECTOR('NONE',#14018,916.49);
#5674 = FACE_OUTER_BOUND('NONE',#8596,.T.) ;
#5675=CARTESIAN_POINT('NONE',(-6.158419540475,10.437955222787,3.75852549));
#5676=CARTESIAN_POINT('NONE',(-6.569607857146,10.396788744734,3.75852549));
#5677 = ORIENTED_EDGE('NONE',*,*,#8611,.F.) ;
#5678=AXIS2_PLACEMENT_3D('NONE',#15881,#5082,#8697);
#5679=CARTESIAN_POINT('NONE',(-5.019003850454,10.449009184487,3.757609));
#5680 = PRESENTATION_STYLE_ASSIGNMENT((#4659)) ;
#5681 = PRESENTATION_STYLE_ASSIGNMENT((#3244)) ;
#5682=CARTESIAN_POINT('NONE',(-6.357772022161,11.227551142123,3.757609));
#5684=CARTESIAN_POINT('NONE',(-4.606672020505,10.396788744734,3.75852549));
#5683 = SURFACE_STYLE_USAGE(.BOTH.,#16486) ;
#5685 = LINE('NONE',#2084,#9228) ;
#5686 = ORIENTED_EDGE('NONE',*,*,#4419,.F.) ;
#5687 = EDGE_LOOP('NONE',(#9307,#14842,#15944,#5139,#8977,#8796,#12867,#6165)) ;
#5688 = EDGE_LOOP('NONE',(#4625,#12209,#8220,#6892)) ;
#5689=CARTESIAN_POINT('NONE',(1.9887833,10.906231,3.8034335));
#5690 =(GEOMETRIC_REPRESENTATION_CONTEXT(3) GLOBAL_UNCERTAINTY_ASSIGNED_CONTEXT((#3824)) GLOBAL_UNIT_ASSIGNED_CONTEXT((#16268,#14789,#3968)) REPRESENTATION_CONTEXT('NONE','WORKASPACE'));
#5691 = ORIENTED_EDGE('NONE',*,*,#2273,.T.) ;
#5692 = ADVANCED_FACE('NONE',(#15707),#5274,.F.) ;
#5693 = STYLED_ITEM('NONE',(#11199),#11722) ;
#5694=CARTESIAN_POINT('NONE',(0.,0.,3.757609));
#5695 = SURFACE_SIDE_STYLE('',(#14078)) ;
#5696 = FACE_OUTER_BOUND('NONE',#13720,.T.) ;
#5697 = SURFACE_SIDE_STYLE('',(#16501)) ;
#5698=CARTESIAN_POINT('NONE',(-5.915327675856,10.440623420438,3.757609));
#5699 = LINE('NONE',#3261,#13847) ;
#5700 = PRESENTATION_LAYER_ASSIGNMENT('','',(#3174)) ;
#5701 = COLOUR_RGB('',1.,1.,1.) ;
#5702 = PRESENTATION_LAYER_ASSIGNMENT('','',(#7972)) ;
#5703=CARTESIAN_POINT('NONE',(1.6221873,10.906231,3.757609));
#5704 = PRESENTATION_LAYER_ASSIGNMENT('','',(#13776)) ;
#5705=CARTESIAN_POINT('NONE',(-8.096776395469,10.424650843965,3.75852549));
#5707 = FILL_AREA_STYLE('',(#14161)) ;
#5706=CARTESIAN_POINT('NONE',(-7.72571121652,10.512116389569,3.75852549));
#5708 = EDGE_CURVE('NONE',#16259,#10729,#13264,.T.) ;
#5709=VECTOR('NONE',#7002,916.49);
#5710 = EDGE_CURVE('NONE',#9036,#15298,#2641,.T.) ;
#5711=CARTESIAN_POINT('NONE',(-1.832979999999,-11.628422639831,2.351814061252));
#5712=DIRECTION('NONE',(1.,0.,0.));
#5713 = SURFACE_STYLE_USAGE(.BOTH.,#16367) ;
#5714 = VERTEX_POINT('NONE',#9821) ;
#5715 = COLOUR_RGB('',0.949019607843,0.760784313725,0.180392156862) ;
#5716=AXIS2_PLACEMENT_3D('NONE',#3617,#3308,#7013);
#5717 = COLOUR_RGB('',1.,1.,1.) ;
#5718 = MECHANICAL_DESIGN_GEOMETRIC_PRESENTATION_REPRESENTATION('',(#11521),#7222) ;
#5719=DIRECTION('NONE',(0.,-1.,0.));
#5720=UNCERTAINTY_MEASURE_WITH_UNIT(LENGTH_MEASURE(9.164900000000001E-6),#2763,'distance_accuracy_value','NONE');
#5721 = SURFACE_STYLE_USAGE(.BOTH.,#15257) ;
#5722 =(LENGTH_UNIT() NAMED_UNIT(*) SI_UNIT(.MILLI.,.METRE.));
#5723 = ORIENTED_EDGE('NONE',*,*,#3288,.F.) ;
#5724 = PLANE('NONE',#8707) ;
#5725 = LINE('NONE',#16449,#8075) ;
#5726 = LINE('NONE',#7131,#10502) ;
#5727 = PRESENTATION_LAYER_ASSIGNMENT('','',(#12279)) ;
#5728 = MECHANICAL_DESIGN_GEOMETRIC_PRESENTATION_REPRESENTATION('',(#10529),#14801) ;
#5729 = STYLED_ITEM('NONE',(#2229),#7105) ;
#5730=CARTESIAN_POINT('NONE',(0.,0.,3.758525489999));
#5731=CARTESIAN_POINT('NONE',(0.,0.,3.75852549));
#5732 = ADVANCED_FACE('NONE',(#9728),#7425,.T.) ;
#5733 = MECHANICAL_DESIGN_GEOMETRIC_PRESENTATION_REPRESENTATION('',(#6726),#13554) ;
#5734=CARTESIAN_POINT('NONE',(-6.303931605262,11.312361710336,3.75852549));
#5735=CARTESIAN_POINT('NONE',(10.631284,-10.906231,2.2454005));
#5736 = EDGE_CURVE('NONE',#6557,#11680,#1549,.T.) ;
#5737 = ORIENTED_EDGE('NONE',*,*,#9262,.T.) ;
#5738=CARTESIAN_POINT('NONE',(-6.278011970931,10.99884848627,3.757609));
#5739 = FILL_AREA_STYLE('',(#12823)) ;
#5740=DIRECTION('NONE',(0.,0.,1.));
#5741 = LINE('NONE',#3519,#6385) ;
#5742 = COLOUR_RGB('',1.,1.,1.) ;
#5743 = STYLED_ITEM('NONE',(#16392),#7313) ;
#5744=UNCERTAINTY_MEASURE_WITH_UNIT(LENGTH_MEASURE(9.164900000000001E-6),#2126,'distance_accuracy_value','NONE');
#5745 = FILL_AREA_STYLE('',(#11733)) ;
#5746=CARTESIAN_POINT('NONE',(-5.900080832133,10.624729058402,3.75852549));
#5747=CARTESIAN_POINT('NONE',(-5.738654874208,10.397360501373,3.757609));
#5748=CARTESIAN_POINT('NONE',(-5.915327675856,10.440623420438,3.757609));
#5749 = PRESENTATION_STYLE_ASSIGNMENT((#2130)) ;
#5750=DIRECTION('NONE',(-1.,0.,0.));
#5751 = LINE('NONE',#10572,#15193) ;
#5752=VECTOR('NONE',#2028,916.49);
#5753=AXIS2_PLACEMENT_3D('NONE',#6257,#4838,#8620);
#5754 = PRESENTATION_STYLE_ASSIGNMENT((#6532)) ;
#5755 = VERTEX_POINT('NONE',#16179) ;
#5756=DIRECTION('NONE',(0.,0.,-1.));
#5757 = EDGE_LOOP('NONE',(#8529,#5758)) ;
#5758 = ORIENTED_EDGE('NONE',*,*,#1782,.F.) ;
#5759 = ORIENTED_EDGE('NONE',*,*,#9105,.F.) ;
#5760 = COLOUR_RGB('',1.,1.,1.) ;
#5761=CARTESIAN_POINT('NONE',(-4.777817841302,10.710683139892,3.757609));
#5762 = FILL_AREA_STYLE('',(#3378)) ;
#5763=UNCERTAINTY_MEASURE_WITH_UNIT(LENGTH_MEASURE(9.164900000000001E-6),#6692,'distance_accuracy_value','NONE');
#5764=DIRECTION('NONE',(0.,0.,1.));
#5765=CARTESIAN_POINT('NONE',(-6.264670982673,10.505613091809,3.75852549));
#5766 = ORIENTED_EDGE('NONE',*,*,#6497,.T.) ;
#5767=CARTESIAN_POINT('NONE',(-2.666985899999,10.906231,2.291225));
#5768 = FILL_AREA_STYLE_COLOUR('',#11122) ;
#5769=CARTESIAN_POINT('NONE',(10.631284,10.906231,3.8034335));
#5770=CARTESIAN_POINT('NONE',(-6.972979057033,10.514766814689,3.757609));
#5771 = ORIENTED_EDGE('NONE',*,*,#2983,.T.) ;
#5772 = ADVANCED_FACE('NONE',(#5447),#14766,.T.) ;
#5773 = ORIENTED_EDGE('NONE',*,*,#15315,.T.) ;
#5774 = ADVANCED_FACE('NONE',(#12329),#12626,.F.) ;
#5775 = ORIENTED_EDGE('NONE',*,*,#15362,.F.) ;
#5776 =(GEOMETRIC_REPRESENTATION_CONTEXT(3) GLOBAL_UNCERTAINTY_ASSIGNED_CONTEXT((#8941)) GLOBAL_UNIT_ASSIGNED_CONTEXT((#9699,#10323,#16152)) REPRESENTATION_CONTEXT('NONE','WORKASPACE'));
#5777 = PLANE('NONE',#4532) ;
#5778 = EDGE_LOOP('NONE',(#7272,#6268,#12227,#4593)) ;
#5779 =(GEOMETRIC_REPRESENTATION_CONTEXT(3) GLOBAL_UNCERTAINTY_ASSIGNED_CONTEXT((#14260)) GLOBAL_UNIT_ASSIGNED_CONTEXT((#15126,#16232,#14831)) REPRESENTATION_CONTEXT('NONE','WORKASPACE'));
#5780 =(NAMED_UNIT(*) PLANE_ANGLE_UNIT() SI_UNIT($,.RADIAN.));
#5781=CARTESIAN_POINT('NONE',(-5.489083101006,10.56469461124,3.75852549));
#5782=UNCERTAINTY_MEASURE_WITH_UNIT(LENGTH_MEASURE(9.164900000000001E-6),#3090,'distance_accuracy_value','NONE');
#5783 = PLANE('NONE',#10425) ;
#5784 =(NAMED_UNIT(*) SI_UNIT($,.STERADIAN.) SOLID_ANGLE_UNIT());
#5785 = FILL_AREA_STYLE_COLOUR('',#6432) ;
#5786=CIRCLE('NONE',#10836,0.824841);
#5787=CARTESIAN_POINT('NONE',(-5.833471183615,10.275195166038,3.75852549));
#5788 = LINE('NONE',#12666,#9771) ;
#5789 =(NAMED_UNIT(*) SI_UNIT($,.STERADIAN.) SOLID_ANGLE_UNIT());
#5790=CARTESIAN_POINT('NONE',(-12.372615,9.073251,4.399152));
#5792=VECTOR('NONE',#16073,916.49);
#5791=CARTESIAN_POINT('NONE',(-5.241703061593,11.31331463807,3.75852549));
#5793 = SURFACE_STYLE_FILL_AREA(#13198) ;
#5794=CARTESIAN_POINT('NONE',(1.83298,-12.404758902342,3.481856478509));
#5795=CARTESIAN_POINT('NONE',(-5.218165746594,10.726692325804,3.75852549));
#5796 = B_SPLINE_SURFACE_WITH_KNOTS('NONE',3,1,((#10587,#9147),(#8532,#9640),(#2556,#14367),(#13100,#9716),(#12156,#4660),(#8210,#1125),(#1369,#3549)),.UNSPECIFIED.,.F.,.F.,.F.,(4,3,4),(2,2),(0.,1.,2.000000000000),(0.,1.),.UNSPECIFIED.) ;
#5797 = ADVANCED_FACE('NONE',(#4094),#13590,.F.) ;
#5798 = EDGE_CURVE('NONE',#10128,#8441,#3307,.T.) ;
#5799 = EDGE_LOOP('NONE',(#1565,#14244,#3552,#1853)) ;
#5800 = COLOUR_RGB('',1.,1.,1.) ;
#5801 = SURFACE_SIDE_STYLE('',(#16611)) ;
#5802 = FACE_OUTER_BOUND('NONE',#15002,.T.) ;
#5803=DIRECTION('NONE',(-1.,0.,0.));
#5804 =(NAMED_UNIT(*) PLANE_ANGLE_UNIT() SI_UNIT($,.RADIAN.));
#5805 = VERTEX_POINT('NONE',#2142) ;
#5806=VECTOR('NONE',#2197,916.49);
#5807=DIRECTION('NONE',(0.,0.,-1.));
#5808=CARTESIAN_POINT('NONE',(-6.277059043198,10.48636395161,3.757609));
#5809 = PRESENTATION_LAYER_ASSIGNMENT('','',(#5304)) ;
#5810 = ADVANCED_FACE('NONE',(#14133),#3148,.T.) ;
#5811=CARTESIAN_POINT('NONE',(-5.976219757977,10.513808270312,3.75852549));
#5812=CARTESIAN_POINT('NONE',(-5.790875313962,10.663036753257,3.75852549));
#5813=DIRECTION('NONE',(1.,0.,0.));
#5814 = VERTEX_POINT('NONE',#12999) ;
#5815 =(NAMED_UNIT(*) SI_UNIT($,.STERADIAN.) SOLID_ANGLE_UNIT());
#5816=AXIS2_PLACEMENT_3D('NONE',#3958,#5084,#12553);
#5817 = ORIENTED_EDGE('NONE',*,*,#11664,.F.) ;
#5818 = FACE_OUTER_BOUND('NONE',#1819,.T.) ;
#5819 = STYLED_ITEM('NONE',(#1772),#1670) ;
#5820=CARTESIAN_POINT('NONE',(1.1639423,10.906231,2.291225));
#5821 = COLOUR_RGB('',1.,1.,1.) ;
#5822 = EDGE_CURVE('NONE',#4889,#15357,#12852,.T.) ;
#5823 = EDGE_CURVE('NONE',#16101,#13396,#10420,.T.) ;
#5824=CARTESIAN_POINT('NONE',(-8.083524017095,11.087267437159,3.75852549));
#5825=AXIS2_PLACEMENT_3D('NONE',#6161,#9809,#3625);
#5826 = FILL_AREA_STYLE_COLOUR('',#1482) ;
#5827 = PRESENTATION_STYLE_ASSIGNMENT((#7951)) ;
#5828=DIRECTION('NONE',(0.,0.,1.));
#5829=DIRECTION('NONE',(0.,-3.469446951953000E-16,1.));
#5830=CARTESIAN_POINT('NONE',(-6.298404624412,10.599000009617,3.75852549));
#5831=CARTESIAN_POINT('NONE',(-5.164706500787,11.090138963065,3.757609));
#5832 = FILL_AREA_STYLE_COLOUR('',#16267) ;
#5833=CARTESIAN_POINT('NONE',(-7.640896298254,11.460982940121,3.75852549));
#5834=CARTESIAN_POINT('NONE',(-6.166519426202,11.323796843128,3.757609));
#5835=CARTESIAN_POINT('NONE',(-5.833471183615,10.275195166038,3.75852549));
#5836 = EDGE_LOOP('NONE',(#6843,#9742,#1276,#10869,#15770,#6449,#9637,#12849,#10062,#7177,#1642,#11210,#4037,#4623)) ;
#5837 = FILL_AREA_STYLE_COLOUR('',#8265) ;
#5838 = VERTEX_POINT('NONE',#9381) ;
#5839 = ORIENTED_EDGE('NONE',*,*,#11793,.F.) ;
#5840 = MECHANICAL_DESIGN_GEOMETRIC_PRESENTATION_REPRESENTATION('',(#6353),#12507) ;
#5841 = ORIENTED_EDGE('NONE',*,*,#11557,.F.) ;
#5842=CARTESIAN_POINT('NONE',(-6.256380511399,10.513617684765,3.757609));
#5843=DIRECTION('NONE',(1.,0.,0.));
#5844=DIRECTION('NONE',(0.,0.,-1.));
#5845 = EDGE_CURVE('NONE',#6859,#7916,#9125,.T.) ;
#5846 = FILL_AREA_STYLE_COLOUR('',#2132) ;
#5847 = ORIENTED_EDGE('NONE',*,*,#2570,.F.) ;
#5848=CARTESIAN_POINT('NONE',(-9.163813426757,-6.233769380297,21.407686738066));
#5849 = SURFACE_STYLE_FILL_AREA(#6086) ;
#5850 = SURFACE_SIDE_STYLE('',(#1126)) ;
#5852 =(LENGTH_UNIT() NAMED_UNIT(*) SI_UNIT(.MILLI.,.METRE.));
#5851=CYLINDRICAL_SURFACE('NONE',#15140,1.6955065);
#5853 = SURFACE_STYLE_FILL_AREA(#7026) ;
#5854 = ORIENTED_EDGE('NONE',*,*,#14289,.T.) ;
#5855 = EDGE_LOOP('NONE',(#9108,#14843)) ;
#5856 = ORIENTED_EDGE('NONE',*,*,#10305,.F.) ;
#5857=DIRECTION('NONE',(-1.,0.,0.));
#5858 = ORIENTED_EDGE('NONE',*,*,#10658,.F.) ;
#5859=CARTESIAN_POINT('NONE',(12.464263999999,-12.739211,3.757609));
#5860 =(GEOMETRIC_REPRESENTATION_CONTEXT(3) GLOBAL_UNCERTAINTY_ASSIGNED_CONTEXT((#4928)) GLOBAL_UNIT_ASSIGNED_CONTEXT((#4050,#6427,#13684)) REPRESENTATION_CONTEXT('NONE','WORKASPACE'));
#5861 = EDGE_CURVE('NONE',#3476,#16033,#6770,.T.) ;
#5862 = SURFACE_SIDE_STYLE('',(#12943)) ;
#5863=CARTESIAN_POINT('NONE',(-4.769050906161,10.695817467263,3.757609));
#5864 =(LENGTH_UNIT() NAMED_UNIT(*) SI_UNIT(.MILLI.,.METRE.));
#5865=CARTESIAN_POINT('NONE',(-5.054262176566,10.691624585239,3.75852549));
#5866 = SURFACE_STYLE_USAGE(.BOTH.,#10758) ;
#5867=DIRECTION('NONE',(0.,0.,-1.));
#5868=CARTESIAN_POINT('NONE',(-7.993408248587,10.586329304028,3.75852549));
#5869 =(NAMED_UNIT(*) SI_UNIT($,.STERADIAN.) SOLID_ANGLE_UNIT());
#5870 =(LENGTH_UNIT() NAMED_UNIT(*) SI_UNIT(.MILLI.,.METRE.));
#5871=CARTESIAN_POINT('NONE',(1.83298,-12.224715704372,3.840558939134));
#5872=CARTESIAN_POINT('NONE',(5.49894,-11.091166380297,2.2728952));
#5873 = ORIENTED_EDGE('NONE',*,*,#4231,.F.) ;
#5874=AXIS2_PLACEMENT_3D('NONE',#5820,#4791,#1257);
#5875=CARTESIAN_POINT('NONE',(-6.309935049978,11.032772713554,3.75852549));
#5876=CARTESIAN_POINT('NONE',(-5.429620410486,11.234602807345,3.75852549));
#5877 = ADVANCED_FACE('NONE',(#16407),#2513,.F.) ;
#5878=CARTESIAN_POINT('NONE',(-5.998804145243,10.606051674839,3.75852549));
#5879 = EDGE_LOOP('NONE',(#6179,#7876)) ;
#5880 = MECHANICAL_DESIGN_GEOMETRIC_PRESENTATION_REPRESENTATION('',(#6626),#11939) ;
#5881=CARTESIAN_POINT('NONE',(-5.833471183615,10.316742815185,3.75852549));
#5882 =(NAMED_UNIT(*) SI_UNIT($,.STERADIAN.) SOLID_ANGLE_UNIT());
#5883=CARTESIAN_POINT('NONE',(-7.791972805064,10.663192946932,3.75852549));
#5884 = SURFACE_STYLE_USAGE(.BOTH.,#7063) ;
#5885 = FACE_OUTER_BOUND('NONE',#3242,.T.) ;
#5886=DIRECTION('NONE',(1.,0.,0.));
#5887 =(NAMED_UNIT(*) SI_UNIT($,.STERADIAN.) SOLID_ANGLE_UNIT());
#5888 = EDGE_LOOP('NONE',(#6524,#8049,#16148,#8326)) ;
#5889 = PRESENTATION_STYLE_ASSIGNMENT((#1089)) ;
#5890=VECTOR('NONE',#5935,916.49);
#5891 = ORIENTED_EDGE('NONE',*,*,#12525,.F.) ;
#5892 = ADVANCED_FACE('NONE',(#7626),#11175,.F.) ;
#5893=UNCERTAINTY_MEASURE_WITH_UNIT(LENGTH_MEASURE(9.164900000000001E-6),#4955,'distance_accuracy_value','NONE');
#5894=CARTESIAN_POINT('NONE',(-5.408941878684,10.988175695663,3.75852549));
#5895=CARTESIAN_POINT('NONE',(-8.454589271874,10.528019142508,3.75852549));
#5896=DIRECTION('NONE',(0.,0.,-1.));
#5897=CARTESIAN_POINT('NONE',(-12.372614999999,-4.674098999999,3.757609));
#5898=CARTESIAN_POINT('NONE',(-5.8673954109,10.486745122703,3.757609));
#5899=DIRECTION('NONE',(0.,1.,0.));
#5901=CARTESIAN_POINT('NONE',(-5.880164642518,10.65731918686,3.75852549));
#5900 = MECHANICAL_DESIGN_GEOMETRIC_PRESENTATION_REPRESENTATION('',(#3633),#11698) ;
#5902 = ADVANCED_FACE('NONE',(#1421),#10950,.F.) ;
#5903 = LINE('NONE',#15287,#16567) ;
#5904 =(NAMED_UNIT(*) SI_UNIT($,.STERADIAN.) SOLID_ANGLE_UNIT());
#5905 = ORIENTED_EDGE('NONE',*,*,#14671,.F.) ;
#5906=CARTESIAN_POINT('NONE',(-5.82518071234,10.272717553933,3.75852549));
#5907 = ORIENTED_EDGE('NONE',*,*,#5845,.T.) ;
#5908 = ORIENTED_EDGE('NONE',*,*,#14806,.T.) ;
#5909 = ORIENTED_EDGE('NONE',*,*,#10541,.F.) ;
#5910 = PRESENTATION_STYLE_ASSIGNMENT((#1582)) ;
#5911 = SURFACE_STYLE_USAGE(.BOTH.,#13090) ;
#5912 = B_SPLINE_CURVE_WITH_KNOTS('NONE',3,(#5567,#4544,#10394,#12964),.UNSPECIFIED.,.F.,.F.,(4,4),(1.,2.000000000000),.UNSPECIFIED.) ;
#5913=UNCERTAINTY_MEASURE_WITH_UNIT(LENGTH_MEASURE(9.164900000000001E-6),#1123,'distance_accuracy_value','NONE');
#5914 = B_SPLINE_SURFACE_WITH_KNOTS('NONE',3,1,((#1291,#6084),(#3793,#15862),(#14680,#3864),(#11354,#6526)),.UNSPECIFIED.,.F.,.F.,.F.,(4,4),(2,2),(8.000000000000,9.000000000000),(0.,1.),.UNSPECIFIED.) ;
#5915 =(NAMED_UNIT(*) PLANE_ANGLE_UNIT() SI_UNIT($,.RADIAN.));
#5916 =(GEOMETRIC_REPRESENTATION_CONTEXT(3) GLOBAL_UNCERTAINTY_ASSIGNED_CONTEXT((#15493)) GLOBAL_UNIT_ASSIGNED_CONTEXT((#16024,#14853,#5006)) REPRESENTATION_CONTEXT('NONE','WORKASPACE'));
#5917 = VERTEX_POINT('NONE',#10390) ;
#5918=CARTESIAN_POINT('NONE',(0.,0.,5.040695));
#5919 = SURFACE_SIDE_STYLE('',(#8297)) ;
#5920=CARTESIAN_POINT('NONE',(-6.339856980786,11.275769285399,3.757609));
#5921=CARTESIAN_POINT('NONE',(-5.927334565289,10.489985076993,3.757609));
#5922=DIRECTION('NONE',(-1.,0.,0.));
#5923 = FACE_BOUND('NONE',#9872,.T.) ;
#5924 = ORIENTED_EDGE('NONE',*,*,#7797,.T.) ;
#5925 = ORIENTED_EDGE('NONE',*,*,#4115,.F.) ;
#5926 = ORIENTED_EDGE('NONE',*,*,#9060,.T.) ;
#5927 = EDGE_CURVE('NONE',#5056,#5157,#11776,.T.) ;
#5928=CARTESIAN_POINT('NONE',(-4.942102582425,10.396788744734,3.757609));
#5929 = MECHANICAL_DESIGN_GEOMETRIC_PRESENTATION_REPRESENTATION('',(#1419),#6666) ;
#5930 = VERTEX_POINT('NONE',#9106) ;
#5931 = STYLED_ITEM('NONE',(#2506),#5163) ;
#5932=AXIS2_PLACEMENT_3D('NONE',#9762,#1413,#14716);
#5933 = FILL_AREA_STYLE_COLOUR('',#16590) ;
#5934=UNCERTAINTY_MEASURE_WITH_UNIT(LENGTH_MEASURE(9.164900000000001E-6),#9730,'distance_accuracy_value','NONE');
#5935=DIRECTION('NONE',(-0.340917796218,-0.9400931104,0.));
#5936=CARTESIAN_POINT('NONE',(-5.998804145243,10.595378884234,3.75852549));
#5937=CARTESIAN_POINT('NONE',(-6.211116444094,10.631208966985,3.757609));
#5938 =(LENGTH_UNIT() NAMED_UNIT(*) SI_UNIT(.MILLI.,.METRE.));
#5939=CARTESIAN_POINT('NONE',(-6.268101522511,11.282439779529,3.757609));
#5940 = B_SPLINE_CURVE_WITH_KNOTS('NONE',3,(#11527,#7901,#16185,#16335),.UNSPECIFIED.,.F.,.F.,(4,4),(13.000000000000,14.000000000000),.UNSPECIFIED.) ;
#5941=DIRECTION('NONE',(-1.,0.,0.));
#5943 = PRESENTATION_STYLE_ASSIGNMENT((#2330)) ;
#5942=DIRECTION('NONE',(-3.035766082959000E-15,-1.,0.));
#5944=CIRCLE('NONE',#7954,1.6955065);
#5945=DIRECTION('NONE',(0.,0.,-1.));
#5946=CARTESIAN_POINT('NONE',(-0.339101299999,10.906231,3.8034335));
#5947 = VERTEX_POINT('NONE',#8015) ;
#5948=CARTESIAN_POINT('NONE',(-8.107378298168,10.220565177537,3.757609));
#5949 =(GEOMETRIC_REPRESENTATION_CONTEXT(3) GLOBAL_UNCERTAINTY_ASSIGNED_CONTEXT((#12978)) GLOBAL_UNIT_ASSIGNED_CONTEXT((#14094,#13943,#11641)) REPRESENTATION_CONTEXT('NONE','WORKASPACE'));
#5950=CARTESIAN_POINT('NONE',(-7.993408248587,10.586329304028,3.75852549));
#5951=CARTESIAN_POINT('NONE',(-5.16184771759,10.726692325804,3.75852549));
#5952 =(GEOMETRIC_REPRESENTATION_CONTEXT(3) GLOBAL_UNCERTAINTY_ASSIGNED_CONTEXT((#13734)) GLOBAL_UNIT_ASSIGNED_CONTEXT((#1825,#9953,#5428)) REPRESENTATION_CONTEXT('NONE','WORKASPACE'));
#5953 = ORIENTED_EDGE('NONE',*,*,#8020,.F.) ;
#5954 = COLOUR_RGB('',0.949019607843,0.760784313725,0.180392156862) ;
#5955 = SURFACE_STYLE_FILL_AREA(#1958) ;
#5956=DIRECTION('NONE',(0.328346164812,-0.94455746043,0.));
#5957=CARTESIAN_POINT('NONE',(-5.630592869317,10.988175695663,3.75852549));
#5958 = FILL_AREA_STYLE('',(#13059)) ;
#5959=DIRECTION('NONE',(0.819152044289,-0.573576436351,0.));
#5960 =(NAMED_UNIT(*) PLANE_ANGLE_UNIT() SI_UNIT($,.RADIAN.));
#5961 = MECHANICAL_DESIGN_GEOMETRIC_PRESENTATION_REPRESENTATION('',(#8987),#14788) ;
#5962=CARTESIAN_POINT('NONE',(-5.537205951509,10.769574073776,3.75852549));
#5963=VECTOR('NONE',#5844,916.49);
#5964 = VERTEX_POINT('NONE',#5261) ;
#5965 = EDGE_CURVE('NONE',#8250,#13498,#2408,.T.) ;
#5966 = ORIENTED_EDGE('NONE',*,*,#16511,.T.) ;
#5967 = MECHANICAL_DESIGN_GEOMETRIC_PRESENTATION_REPRESENTATION('',(#12020),#14037) ;
#5968=CARTESIAN_POINT('NONE',(-6.206732976523,10.669135490747,3.75852549));
#5969 = LINE('NONE',#7322,#16272) ;
#5970=AXIS2_PLACEMENT_3D('NONE',#8038,#12603,#6751);
#5971 = STYLED_ITEM('NONE',(#8316),#6899) ;
#5972=UNCERTAINTY_MEASURE_WITH_UNIT(LENGTH_MEASURE(9.164900000000001E-6),#1495,'distance_accuracy_value','NONE');
#5973 = ORIENTED_EDGE('NONE',*,*,#11213,.F.) ;
#5974 =(LENGTH_UNIT() NAMED_UNIT(*) SI_UNIT(.MILLI.,.METRE.));
#5975 = SURFACE_SIDE_STYLE('',(#13319)) ;
#5976=DIRECTION('NONE',(1.,0.,0.));
#5977=CARTESIAN_POINT('NONE',(-5.803549252808,11.030676272542,3.75852549));
#5978 = FILL_AREA_STYLE_COLOUR('',#10763) ;
#5979=CARTESIAN_POINT('NONE',(-7.214171382905,10.395495864311,3.75852549));
#5980=DIRECTION('NONE',(0.,0.,-1.));
#5981=CARTESIAN_POINT('NONE',(10.259926524697,-6.369605499999,5.040695));
#5982=CARTESIAN_POINT('NONE',(-5.448393086819,11.278628068597,3.757609));
#5983=DIRECTION('NONE',(1.,0.,0.));
#5984 = EDGE_CURVE('NONE',#9175,#10897,#7933,.T.) ;
#5985 = ORIENTED_EDGE('NONE',*,*,#12064,.F.) ;
#5986=CARTESIAN_POINT('NONE',(-6.157180734423,10.504850749624,3.757609));
#5987 = EDGE_LOOP('NONE',(#2803,#8167,#4512,#3592)) ;
#5988 = ORIENTED_EDGE('NONE',*,*,#1604,.T.) ;
#5989 = PRESENTATION_LAYER_ASSIGNMENT('','',(#2974)) ;
#5990=VECTOR('NONE',#6473,916.49);
#5991 = MECHANICAL_DESIGN_GEOMETRIC_PRESENTATION_REPRESENTATION('',(#5482),#15559) ;
#5992 = B_SPLINE_CURVE_WITH_KNOTS('NONE',3,(#9830,#14626,#6266,#9660),.UNSPECIFIED.,.F.,.F.,(4,4),(14.000000000000,15.000000000000),.UNSPECIFIED.) ;
#5993 = VERTEX_POINT('NONE',#6581) ;
#5994 = ADVANCED_FACE('NONE',(#12810),#14850,.F.) ;
#5995 = EDGE_CURVE('NONE',#3010,#4889,#12733,.T.) ;
#5996 =(NAMED_UNIT(*) SI_UNIT($,.STERADIAN.) SOLID_ANGLE_UNIT());
#5997 =(NAMED_UNIT(*) PLANE_ANGLE_UNIT() SI_UNIT($,.RADIAN.));
#5998=CARTESIAN_POINT('NONE',(-8.565908820504,10.930889827337,3.75852549));
#5999 = LINE('NONE',#6080,#15832) ;
#6000 = PRESENTATION_STYLE_ASSIGNMENT((#1200)) ;
#6001=VECTOR('NONE',#9582,916.49);
#6002 = VERTEX_POINT('NONE',#4369) ;
#6003=VECTOR('NONE',#8353,916.49);
#6004=CARTESIAN_POINT('NONE',(3.9500719,10.906231,3.8034335));
#6005=CARTESIAN_POINT('NONE',(-8.520850904654,11.039558925569,3.757609));
#6006 = PLANE('NONE',#6571) ;
#6007=CARTESIAN_POINT('NONE',(-5.915327675856,10.474928818818,3.75852549));
#6008=CARTESIAN_POINT('NONE',(-6.521485006643,11.030676272542,3.75852549));
#6009=CARTESIAN_POINT('NONE',(-5.489083101006,10.726692325804,3.757609));
#6010 = ORIENTED_EDGE('NONE',*,*,#11575,.F.) ;
#6011 = ORIENTED_EDGE('NONE',*,*,#11481,.T.) ;
#6012 = ORIENTED_EDGE('NONE',*,*,#6920,.F.) ;
#6013=DIRECTION('NONE',(0.340917796218,0.9400931104,0.));
#6014 = ORIENTED_EDGE('NONE',*,*,#1764,.F.) ;
#6015 =(GEOMETRIC_REPRESENTATION_CONTEXT(3) GLOBAL_UNCERTAINTY_ASSIGNED_CONTEXT((#16022)) GLOBAL_UNIT_ASSIGNED_CONTEXT((#12134,#6136,#7392)) REPRESENTATION_CONTEXT('NONE','WORKASPACE'));
#6016 = EDGE_CURVE('NONE',#12903,#5947,#16374,.T.) ;
#6017=CARTESIAN_POINT('NONE',(-5.715594023076,10.441004591531,3.757609));
#6018 = SURFACE_STYLE_FILL_AREA(#9729) ;
#6019=CARTESIAN_POINT('NONE',(12.464263999999,12.739211,2.291225));
#6020 = LINE('NONE',#14227,#10573) ;
#6021=CARTESIAN_POINT('NONE',(-8.115329624084,11.246295219333,3.75852549));
#6023 = PRESENTATION_STYLE_ASSIGNMENT((#2399)) ;
#6022 = FILL_AREA_STYLE('',(#9659)) ;
#6024 = STYLED_ITEM('NONE',(#1886),#14990) ;
#6025 = FILL_AREA_STYLE_COLOUR('',#10273) ;
#6026 = SURFACE_STYLE_USAGE(.BOTH.,#10612) ;
#6027 = ADVANCED_FACE('NONE',(#10085),#1765,.F.) ;
#6028 = EDGE_CURVE('NONE',#10128,#14062,#9348,.T.) ;
#6029=CARTESIAN_POINT('NONE',(-6.131356392866,11.367250347742,3.75852549));
#6030 = COLOUR_RGB('',1.,1.,1.) ;
#6031 = ORIENTED_EDGE('NONE',*,*,#5736,.F.) ;
#6032 = B_SPLINE_CURVE_WITH_KNOTS('NONE',3,(#13636,#2831,#7635,#12434),.UNSPECIFIED.,.F.,.F.,(4,4),(11.,12.000000000000),.UNSPECIFIED.) ;
#6033=CIRCLE('NONE',#3500,1.6955065);
#6034=UNCERTAINTY_MEASURE_WITH_UNIT(LENGTH_MEASURE(9.164900000000001E-6),#8909,'distance_accuracy_value','NONE');
#6035=DIRECTION('NONE',(-1.,0.,0.));
#6036=CARTESIAN_POINT('NONE',(-8.396279034525,10.46440792853,3.75852549));
#6037 = FILL_AREA_STYLE('',(#10939)) ;
#6038 = ORIENTED_EDGE('NONE',*,*,#11575,.T.) ;
#6039=CARTESIAN_POINT('NONE',(-5.498939999999,-11.091166380297,4.399152));
#6040 = LINE('NONE',#9679,#9748) ;
#6041 = LINE('NONE',#13140,#9618) ;
#6042=CARTESIAN_POINT('NONE',(-5.843095753715,10.663036753257,3.757609));
#6043 =(NAMED_UNIT(*) SI_UNIT($,.STERADIAN.) SOLID_ANGLE_UNIT());
#6044=CARTESIAN_POINT('NONE',(-5.976219757977,10.513808270312,3.757609));
#6045 = ORIENTED_EDGE('NONE',*,*,#2449,.T.) ;
#6046=CARTESIAN_POINT('NONE',(-6.175191068571,10.631208966985,3.75852549));
#6047 = ORIENTED_EDGE('NONE',*,*,#7842,.F.) ;
#6048 = COLOUR_RGB('',0.949019607843,0.760784313725,0.180392156862) ;
#6049 = B_SPLINE_SURFACE_WITH_KNOTS('NONE',3,1,((#13144,#7549),(#5333,#8866),(#2884,#12360),(#16210,#7619)),.UNSPECIFIED.,.F.,.F.,.F.,(4,4),(2,2),(5.000000000000,6.000000000000),(0.,1.),.UNSPECIFIED.) ;
#6050 = LINE('NONE',#4869,#15186) ;
#6051 = COLOUR_RGB('',1.,1.,1.) ;
#6052=UNCERTAINTY_MEASURE_WITH_UNIT(LENGTH_MEASURE(9.164900000000001E-6),#15970,'distance_accuracy_value','NONE');
#6053 = PRESENTATION_LAYER_ASSIGNMENT('','',(#15626)) ;
#6054 = MECHANICAL_DESIGN_GEOMETRIC_PRESENTATION_REPRESENTATION('',(#5067),#16379) ;
#6055=CARTESIAN_POINT('NONE',(-4.962781114222,10.587946047917,3.757609));
#6056=CARTESIAN_POINT('NONE',(-5.988607818503,10.570602763183,3.757609));
#6057 = ORIENTED_EDGE('NONE',*,*,#1120,.F.) ;
#6058=CARTESIAN_POINT('NONE',(-6.521485006643,11.360961024704,3.757609));
#6059=CARTESIAN_POINT('NONE',(-6.415429999999,-10.906231,3.757609));
#6060 =(NAMED_UNIT(*) PLANE_ANGLE_UNIT() SI_UNIT($,.RADIAN.));
#6061 = MECHANICAL_DESIGN_GEOMETRIC_PRESENTATION_REPRESENTATION('',(#12851),#15118) ;
#6062=CARTESIAN_POINT('NONE',(-5.3557685112,10.988175695663,3.75852549));
#6063=CARTESIAN_POINT('NONE',(10.631284,10.906231,2.291225));
#6064=DIRECTION('NONE',(-1.,0.,0.));
#6065=CARTESIAN_POINT('NONE',(-5.920568778386,10.669135490747,3.75852549));
#6066=UNCERTAINTY_MEASURE_WITH_UNIT(LENGTH_MEASURE(9.164900000000001E-6),#2295,'distance_accuracy_value','NONE');
#6067 =(NAMED_UNIT(*) PLANE_ANGLE_UNIT() SI_UNIT($,.RADIAN.));
#6068 = FILL_AREA_STYLE('',(#7246)) ;
#6069 = MECHANICAL_DESIGN_GEOMETRIC_PRESENTATION_REPRESENTATION('',(#1572),#5560) ;
#6070 = ORIENTED_EDGE('NONE',*,*,#4649,.T.) ;
#6071 = LINE('NONE',#10894,#8277) ;
#6072 = EDGE_LOOP('NONE',(#16425,#10974,#7176,#7519)) ;
#6073 = ORIENTED_EDGE('NONE',*,*,#11557,.T.) ;
#6074 = COLOUR_RGB('',1.,1.,1.) ;
#6075 = ORIENTED_EDGE('NONE',*,*,#8813,.T.) ;
#6076=CARTESIAN_POINT('NONE',(-7.805225183439,11.301955006286,3.75852549));
#6077=CARTESIAN_POINT('NONE',(5.49894,-11.091166380297,2.2728952));
#6078 = COLOUR_RGB('',0.949019607843,0.760784313725,0.180392156862) ;
#6079 = EDGE_CURVE('NONE',#5061,#10499,#9965,.T.) ;
#6080=CARTESIAN_POINT('NONE',(-5.95592239727,11.318079276733,3.75852549));
#6081=VECTOR('NONE',#1931,916.49);
#6082 = ORIENTED_EDGE('NONE',*,*,#9856,.T.) ;
#6083 = EDGE_CURVE('NONE',#4137,#2180,#13049,.T.) ;
#6084=CARTESIAN_POINT('NONE',(-6.324419551515,10.468067739143,3.757609));
#6085 =(NAMED_UNIT(*) SI_UNIT($,.STERADIAN.) SOLID_ANGLE_UNIT());
#6086 = FILL_AREA_STYLE('',(#4824)) ;
#6088 = FACE_OUTER_BOUND('NONE',#12165,.T.) ;
#6087 =(NAMED_UNIT(*) SI_UNIT($,.STERADIAN.) SOLID_ANGLE_UNIT());
#6090 = COLOUR_RGB('',1.,1.,1.) ;
#6089=DIRECTION('NONE',(0.,1.,3.469446951953000E-16));
#6091=CARTESIAN_POINT('NONE',(-5.218165746594,10.439289321614,3.757609));
#6092 = EDGE_LOOP('NONE',(#15888,#6038,#12919,#13519)) ;
#6093 = VERTEX_POINT('NONE',#15494) ;
#6094 = ORIENTED_EDGE('NONE',*,*,#10127,.F.) ;
#6095=CARTESIAN_POINT('NONE',(-7.370548790513,10.395495864311,3.757609));
#6096 = ORIENTED_EDGE('NONE',*,*,#1481,.F.) ;
#6097 = EDGE_CURVE('NONE',#7210,#10417,#8396,.T.) ;
#6098=CARTESIAN_POINT('NONE',(-7.267180694184,10.970646810797,3.757609));
#6099 = ADVANCED_FACE('NONE',(#5802),#2108,.F.) ;
#6100 =(NAMED_UNIT(*) SI_UNIT($,.STERADIAN.) SOLID_ANGLE_UNIT());
#6101 = FILL_AREA_STYLE('',(#3733)) ;
#6102=CARTESIAN_POINT('NONE',(-5.80335866726,10.271383455106,3.757609));
#6103 = PRESENTATION_STYLE_ASSIGNMENT((#15955)) ;
#6104=CARTESIAN_POINT('NONE',(-5.8673954109,10.46921125242,3.75852549));
#6105 = PLANE('NONE',#16301) ;
#6106 = LINE('NONE',#3960,#12756) ;
#6107 = ORIENTED_EDGE('NONE',*,*,#2755,.T.) ;
#6108 = ADVANCED_FACE('NONE',(#6883),#14241,.T.) ;
#6109=CARTESIAN_POINT('NONE',(-6.16699589007,11.367250347742,3.75852549));
#6110 = ORIENTED_EDGE('NONE',*,*,#1411,.T.) ;
#6111 = FACE_OUTER_BOUND('NONE',#5401,.T.) ;
#6112=DIRECTION('NONE',(0.,0.,-1.));
#6113 =(NAMED_UNIT(*) SI_UNIT($,.STERADIAN.) SOLID_ANGLE_UNIT());
#6114=CARTESIAN_POINT('NONE',(-6.521485006643,10.726692325804,3.75852549));
#6115 = VERTEX_POINT('NONE',#14790) ;
#6116 = SURFACE_STYLE_USAGE(.BOTH.,#3583) ;
#6117 = SURFACE_STYLE_USAGE(.BOTH.,#9678) ;
#6118=DIRECTION('NONE',(-1.,0.,0.));
#6119 = PRESENTATION_STYLE_ASSIGNMENT((#9761)) ;
#6120=AXIS2_PLACEMENT_3D('NONE',#13229,#6831,#3361);
#6121=CARTESIAN_POINT('NONE',(-5.241703061593,11.31331463807,3.757609));
#6122=CARTESIAN_POINT('NONE',(-8.398929409091,10.967996486784,3.757609));
#6123 = SURFACE_STYLE_FILL_AREA(#15826) ;
#6124 = SURFACE_SIDE_STYLE('',(#2350)) ;
#6125 = ORIENTED_EDGE('NONE',*,*,#2333,.T.) ;
#6126=CARTESIAN_POINT('NONE',(-9.3940225,10.906231,3.8034335));
#6127 = ORIENTED_EDGE('NONE',*,*,#6749,.T.) ;
#6128 = EDGE_CURVE('NONE',#10393,#11304,#1240,.T.) ;
#6129 = EDGE_CURVE('NONE',#5214,#15469,#11174,.T.) ;
#6130 = MECHANICAL_DESIGN_GEOMETRIC_PRESENTATION_REPRESENTATION('',(#6614),#8153) ;
#6131=VECTOR('NONE',#6508,916.49);
#6132=CARTESIAN_POINT('NONE',(-7.993408198034,11.047510453699,3.75852549));
#6133 = ORIENTED_EDGE('NONE',*,*,#5710,.T.) ;
#6134 = SURFACE_STYLE_USAGE(.BOTH.,#14263) ;
#6135=DIRECTION('NONE',(0.,0.,-1.));
#6136 =(NAMED_UNIT(*) PLANE_ANGLE_UNIT() SI_UNIT($,.RADIAN.));
#6137=CARTESIAN_POINT('NONE',(-5.013381576833,10.540109075735,3.75852549));
#6138 = B_SPLINE_CURVE_WITH_KNOTS('NONE',3,(#14792,#12268,#5324,#6277),.UNSPECIFIED.,.F.,.F.,(4,4),(4.000000000000,5.000000000000),.UNSPECIFIED.) ;
#6139 = PLANE('NONE',#9031) ;
#6140 = EDGE_CURVE('NONE',#5209,#12701,#16344,.T.) ;
#6141=CARTESIAN_POINT('NONE',(5.49894,-4.674098999999,4.399152));
#6142=CARTESIAN_POINT('NONE',(-5.7308408668,10.299780701542,3.75852549));
#6143 =(LENGTH_UNIT() NAMED_UNIT(*) SI_UNIT(.MILLI.,.METRE.));
#6144 = MECHANICAL_DESIGN_GEOMETRIC_PRESENTATION_REPRESENTATION('',(#13954),#4628) ;
#6145 = ORIENTED_EDGE('NONE',*,*,#1805,.F.) ;
#6146 = LINE('NONE',#16159,#11055) ;
#6147 = ORIENTED_EDGE('NONE',*,*,#2243,.F.) ;
#6148 = EDGE_LOOP('NONE',(#3581,#4743,#13882,#1698)) ;
#6149 = B_SPLINE_SURFACE_WITH_KNOTS('NONE',3,1,((#8929,#7606),(#13607,#10064),(#12415,#1628),(#15010,#14870)),.UNSPECIFIED.,.F.,.F.,.F.,(4,4),(2,2),(8.000000000000,9.000000000000),(0.,1.),.UNSPECIFIED.) ;
#6150 = ORIENTED_EDGE('NONE',*,*,#9567,.T.) ;
#6151 = ADVANCED_FACE('NONE',(#13452),#9670,.F.) ;
#6152 = ADVANCED_FACE('NONE',(#6111),#2769,.T.) ;
#6153 = FACE_OUTER_BOUND('NONE',#11834,.T.) ;
#6154 = PRESENTATION_LAYER_ASSIGNMENT('','',(#13203)) ;
#6155=CARTESIAN_POINT('NONE',(-5.079705347029,10.452249138777,3.75852549));
#6156 = SURFACE_STYLE_USAGE(.BOTH.,#1288) ;
#6157 = VERTEX_POINT('NONE',#3324) ;
#6158 = LINE('NONE',#14603,#11500) ;
#6159 = FACE_OUTER_BOUND('NONE',#16563,.T.) ;
#6160=CARTESIAN_POINT('NONE',(-7.72571121652,10.50151448687,3.757609));
#6162 = FACE_BOUND('NONE',#2078,.T.) ;
#6161=CARTESIAN_POINT('NONE',(-6.047212874065,10.406127436515,3.75852549));
#6163=CARTESIAN_POINT('NONE',(-5.159941862124,10.769574073776,3.75852549));
#6164 = ORIENTED_EDGE('NONE',*,*,#15191,.F.) ;
#6165 = ORIENTED_EDGE('NONE',*,*,#1191,.F.) ;
#6166 = ORIENTED_EDGE('NONE',*,*,#13690,.T.) ;
#6167 = ORIENTED_EDGE('NONE',*,*,#3964,.F.) ;
#6168 = B_SPLINE_CURVE_WITH_KNOTS('NONE',3,(#2527,#7563,#6137,#2759),.UNSPECIFIED.,.F.,.F.,(4,4),(3.000000000000,4.000000000000),.UNSPECIFIED.) ;
#6169=DIRECTION('NONE',(1.,0.,0.));
#6170 = FILL_AREA_STYLE_COLOUR('',#7265) ;
#6171=DIRECTION('NONE',(0.,-1.,0.));
#6172 = LINE('NONE',#15644,#15557) ;
#6173=DIRECTION('NONE',(-1.,0.,0.));
#6174=DIRECTION('NONE',(0.,0.,-1.));
#6175 = LINE('NONE',#9826,#14553) ;
#6176=DIRECTION('NONE',(0.,-1.,0.));
#6177 = FILL_AREA_STYLE('',(#1393)) ;
#6178=CARTESIAN_POINT('NONE',(-5.3557685112,10.607385773666,3.75852549));
#6179 = ORIENTED_EDGE('NONE',*,*,#13991,.F.) ;
#6180=CARTESIAN_POINT('NONE',(-5.345191013366,10.769574073776,3.757609));
#6181 = ADVANCED_FACE('NONE',(#13034),#2883,.T.) ;
#6182 = PRESENTATION_LAYER_ASSIGNMENT('','',(#8939)) ;
#6183 = EDGE_LOOP('NONE',(#6047,#3516,#7865,#3613)) ;
#6184 = B_SPLINE_CURVE_WITH_KNOTS('NONE',3,(#6668,#15201,#9126,#1899),.UNSPECIFIED.,.F.,.F.,(4,4),(2.000000000000,3.000000000000),.UNSPECIFIED.) ;
#6185=CARTESIAN_POINT('NONE',(-4.837852288461,10.540871417921,3.757609));
#6186=UNCERTAINTY_MEASURE_WITH_UNIT(LENGTH_MEASURE(9.164900000000001E-6),#14471,'distance_accuracy_value','NONE');
#6187 =(NAMED_UNIT(*) SI_UNIT($,.STERADIAN.) SOLID_ANGLE_UNIT());
#6188 = COLOUR_RGB('',0.949019607843,0.760784313725,0.180392156862) ;
#6189=CARTESIAN_POINT('NONE',(-4.800116350248,10.769574073776,3.75852549));
#6190=CARTESIAN_POINT('NONE',(-5.628687013854,11.318079276733,3.75852549));
#6191 = EDGE_CURVE('NONE',#12792,#14833,#11784,.T.) ;
#6192 = LINE('NONE',#9505,#7278) ;
#6193 = EDGE_CURVE('NONE',#11374,#5538,#4676,.T.) ;
#6194 = EDGE_LOOP('NONE',(#15860,#12401,#12781,#1454)) ;
#6195 = COLOUR_RGB('',0.949019607843,0.760784313725,0.180392156862) ;
#6196=CARTESIAN_POINT('NONE',(-5.521101472827,11.283011536168,3.75852549));
#6197 =(LENGTH_UNIT() NAMED_UNIT(*) SI_UNIT(.MILLI.,.METRE.));
#6198 =(NAMED_UNIT(*) PLANE_ANGLE_UNIT() SI_UNIT($,.RADIAN.));
#6199=VECTOR('NONE',#8998,916.49);
#6200 =(NAMED_UNIT(*) PLANE_ANGLE_UNIT() SI_UNIT($,.RADIAN.));
#6201 = MECHANICAL_DESIGN_GEOMETRIC_PRESENTATION_REPRESENTATION('',(#4952),#12246) ;
#6202=CARTESIAN_POINT('NONE',(-6.211116444094,10.631208966985,3.75852549));
#6203 =(NAMED_UNIT(*) SI_UNIT($,.STERADIAN.) SOLID_ANGLE_UNIT());
#6204=CARTESIAN_POINT('NONE',(-6.005665224919,10.525624574197,3.75852549));
#6205 = LINE('NONE',#5962,#13800) ;
#6206 = ORIENTED_EDGE('NONE',*,*,#12202,.T.) ;
#6207 = SURFACE_STYLE_USAGE(.BOTH.,#3909) ;
#6208 = VERTEX_POINT('NONE',#3485) ;
#6209 = MECHANICAL_DESIGN_GEOMETRIC_PRESENTATION_REPRESENTATION('',(#12985),#16032) ;
#6210 =(GEOMETRIC_REPRESENTATION_CONTEXT(3) GLOBAL_UNCERTAINTY_ASSIGNED_CONTEXT((#10714)) GLOBAL_UNIT_ASSIGNED_CONTEXT((#12228,#3547,#1366)) REPRESENTATION_CONTEXT('NONE','WORKASPACE'));
#6211=CIRCLE('NONE',#1170,1.2372615);
#6212=UNCERTAINTY_MEASURE_WITH_UNIT(LENGTH_MEASURE(9.164900000000001E-6),#13958,'distance_accuracy_value','NONE');
#6213 = ADVANCED_FACE('NONE',(#5696),#5783,.T.) ;
#6214 = ORIENTED_EDGE('NONE',*,*,#16157,.T.) ;
#6215 = LINE('NONE',#8425,#3703) ;
#6216=CARTESIAN_POINT('NONE',(-6.307266852326,11.12577846027,3.757609));
#6217 = EDGE_CURVE('NONE',#5814,#7161,#15709,.T.) ;
#6218 =(GEOMETRIC_REPRESENTATION_CONTEXT(3) GLOBAL_UNCERTAINTY_ASSIGNED_CONTEXT((#6547)) GLOBAL_UNIT_ASSIGNED_CONTEXT((#3903,#12275,#4860)) REPRESENTATION_CONTEXT('NONE','WORKASPACE'));
#6219 = STYLED_ITEM('NONE',(#2110),#8394) ;
#6220 =(LENGTH_UNIT() NAMED_UNIT(*) SI_UNIT(.MILLI.,.METRE.));
#6221=DIRECTION('NONE',(-1.,0.,0.));
#6222=VECTOR('NONE',#14544,916.49);
#6223=CARTESIAN_POINT('NONE',(-6.078659489245,11.352003504017,3.75852549));
#6224=CARTESIAN_POINT('NONE',(-6.017005064938,10.647980495079,3.757609));
#6225 = COLOUR_RGB('',1.,1.,1.) ;
#6226 = ORIENTED_EDGE('NONE',*,*,#16483,.T.) ;
#6227=CARTESIAN_POINT('NONE',(-6.877562236067,10.925588875989,3.757609));
#6228 = ORIENTED_EDGE('NONE',*,*,#8705,.T.) ;
#6229 = ORIENTED_EDGE('NONE',*,*,#1091,.T.) ;
#6230 = ORIENTED_EDGE('NONE',*,*,#10526,.T.) ;
#6231=VECTOR('NONE',#13339,916.49);
#6232 = PRESENTATION_LAYER_ASSIGNMENT('','',(#12027)) ;
#6233 = COLOUR_RGB('',0.949019607843,0.760784313725,0.180392156862) ;
#6234 =(GEOMETRIC_REPRESENTATION_CONTEXT(3) GLOBAL_UNCERTAINTY_ASSIGNED_CONTEXT((#11756)) GLOBAL_UNIT_ASSIGNED_CONTEXT((#5974,#1097,#10801)) REPRESENTATION_CONTEXT('NONE','WORKASPACE'));
#6235 = STYLED_ITEM('NONE',(#9556),#2624) ;
#6236 = PRESENTATION_LAYER_ASSIGNMENT('','',(#5472)) ;
#6237=CARTESIAN_POINT('NONE',(-6.388170416835,10.607385773666,3.75852549));
#6238 = FILL_AREA_STYLE('',(#10902)) ;
#6239 = VERTEX_POINT('NONE',#5079) ;
#6240 = SURFACE_STYLE_USAGE(.BOTH.,#14604) ;
#6241 =(NAMED_UNIT(*) PLANE_ANGLE_UNIT() SI_UNIT($,.RADIAN.));
#6242 = LINE('NONE',#8452,#12624) ;
#6244 = SURFACE_SIDE_STYLE('',(#1450)) ;
#6243=CARTESIAN_POINT('NONE',(-5.917328824096,10.39755108692,3.75852549));
#6245 = COLOUR_RGB('',1.,1.,1.) ;
#6246=VECTOR('NONE',#4468,916.49);
#6247=VECTOR('NONE',#6577,916.49);
#6248 =(GEOMETRIC_REPRESENTATION_CONTEXT(3) GLOBAL_UNCERTAINTY_ASSIGNED_CONTEXT((#12853)) GLOBAL_UNIT_ASSIGNED_CONTEXT((#10135,#1920,#10285)) REPRESENTATION_CONTEXT('NONE','WORKASPACE'));
#6249 = SURFACE_SIDE_STYLE('',(#1673)) ;
#6250 = VERTEX_POINT('NONE',#15790) ;
#6251 = EDGE_LOOP('NONE',(#10704,#4671,#16522,#9394)) ;
#6252 = VERTEX_POINT('NONE',#7185) ;
#6253=DIRECTION('NONE',(-1.,0.,0.));
#6254 = ORIENTED_EDGE('NONE',*,*,#13583,.T.) ;
#6255=VECTOR('NONE',#5756,916.49);
#6256 = FILL_AREA_STYLE_COLOUR('',#7203) ;
#6257=CARTESIAN_POINT('NONE',(-6.415429999999,-10.906231,3.757609));
#6258=AXIS2_PLACEMENT_3D('NONE',#3562,#2325,#13192);
#6259 =(GEOMETRIC_REPRESENTATION_CONTEXT(3) GLOBAL_UNCERTAINTY_ASSIGNED_CONTEXT((#10660)) GLOBAL_UNIT_ASSIGNED_CONTEXT((#3471,#16663,#4501)) REPRESENTATION_CONTEXT('NONE','WORKASPACE'));
#6260 =(NAMED_UNIT(*) PLANE_ANGLE_UNIT() SI_UNIT($,.RADIAN.));
#6261 = LINE('NONE',#14696,#11797) ;
#6262=DIRECTION('NONE',(0.,0.,-1.));
#6263=DIRECTION('NONE',(0.,0.,-1.));
#6264=CARTESIAN_POINT('NONE',(-5.733127893359,11.360961024704,3.75852549));
#6265=CARTESIAN_POINT('NONE',(-6.22236099134,11.367250347742,3.75852549));
#6266=CARTESIAN_POINT('NONE',(-5.981746738827,10.564504025693,3.757609));
#6267=DIRECTION('NONE',(0.,0.,-1.));
#6268 = ORIENTED_EDGE('NONE',*,*,#10126,.F.) ;
#6269 = VERTEX_POINT('NONE',#9653) ;
#6270=VECTOR('NONE',#15608,916.49);
#6271=VECTOR('NONE',#6455,916.49);
#6272 = FILL_AREA_STYLE_COLOUR('',#13124) ;
#6273 = EDGE_LOOP('NONE',(#11597,#12144,#3853,#7817)) ;
#6274=CARTESIAN_POINT('NONE',(-9.3940225,10.906231,3.757609));
#6275 = FILL_AREA_STYLE('',(#10866)) ;
#6276=CARTESIAN_POINT('NONE',(-10.631284,10.906231,3.757609));
#6277=CARTESIAN_POINT('NONE',(-5.054262176566,10.691624585239,3.757609));
#6278 = MECHANICAL_DESIGN_GEOMETRIC_PRESENTATION_REPRESENTATION('',(#7030),#4510) ;
#6279=CARTESIAN_POINT('NONE',(10.631284,10.906231,3.757609));
#6280 = ORIENTED_EDGE('NONE',*,*,#15570,.T.) ;
#6281=CARTESIAN_POINT('NONE',(-5.498939999999,-12.49459610429,3.503826642846));
#6282=CARTESIAN_POINT('NONE',(-8.096776395469,10.54127136922,3.75852549));
#6283 = ADVANCED_FACE('NONE',(#7524),#7404,.T.) ;
#6284=AXIS2_PLACEMENT_3D('NONE',#14081,#13927,#4355);
#6285 = EDGE_CURVE('NONE',#2770,#6623,#4841,.T.) ;
#6286=CARTESIAN_POINT('NONE',(-5.163753573053,10.396788744734,3.757609));
#6287 =(NAMED_UNIT(*) PLANE_ANGLE_UNIT() SI_UNIT($,.RADIAN.));
#6288 = B_SPLINE_SURFACE_WITH_KNOTS('NONE',3,1,((#6795,#6712),(#15238,#16431),(#13850,#10148),(#1863,#5621)),.UNSPECIFIED.,.F.,.F.,.F.,(4,4),(2,2),(0.,1.),(0.,1.),.UNSPECIFIED.) ;
#6289=CYLINDRICAL_SURFACE('NONE',#13029,1.6955065);
#6290 = ORIENTED_EDGE('NONE',*,*,#14005,.T.) ;
#6291=CYLINDRICAL_SURFACE('NONE',#6562,1.2372615);
#6292 = COLOUR_RGB('',1.,1.,1.) ;
#6293 = ORIENTED_EDGE('NONE',*,*,#12412,.T.) ;
#6294 = PRESENTATION_LAYER_ASSIGNMENT('','',(#3763)) ;
#6295 = FILL_AREA_STYLE_COLOUR('',#7088) ;
#6296 = FILL_AREA_STYLE_COLOUR('',#14442) ;
#6297=CARTESIAN_POINT('NONE',(-5.3557685112,10.56469461124,3.75852549));
#6298=CARTESIAN_POINT('NONE',(-8.398929409091,10.713551782535,3.757609));
#6299 = ADVANCED_FACE('NONE',(#9569),#1308,.F.) ;
#6300 = VERTEX_POINT('NONE',#15078) ;
#6301 = LINE('NONE',#1174,#11342) ;
#6302=AXIS2_PLACEMENT_3D('NONE',#12990,#3367,#9376);
#6303=CARTESIAN_POINT('NONE',(-6.373018865883,11.030676272542,3.75852549));
#6304=DIRECTION('NONE',(1.,0.,0.));
#6305 = SURFACE_SIDE_STYLE('',(#1519)) ;
#6306=CARTESIAN_POINT('NONE',(-6.046926995746,10.574795645206,3.75852549));
#6307 =(LENGTH_UNIT() NAMED_UNIT(*) SI_UNIT(.MILLI.,.METRE.));
#6308=VECTOR('NONE',#14579,916.49);
#6309 = SURFACE_SIDE_STYLE('',(#14500)) ;
#6310=CARTESIAN_POINT('NONE',(-6.046926995746,10.59118600221,3.75852549));
#6311 = ORIENTED_EDGE('NONE',*,*,#8113,.T.) ;
#6312 = EDGE_CURVE('NONE',#7354,#9853,#11526,.T.) ;
#6313 = EDGE_CURVE('NONE',#1407,#8518,#8767,.T.) ;
#6314 = STYLED_ITEM('NONE',(#6119),#2137) ;
#6315 = VERTEX_POINT('NONE',#1842) ;
#6316=VECTOR('NONE',#14519,916.49);
#6317=VECTOR('NONE',#12274,916.49);
#6318 = FACE_OUTER_BOUND('NONE',#16102,.T.) ;
#6319 =(LENGTH_UNIT() NAMED_UNIT(*) SI_UNIT(.MILLI.,.METRE.));
#6320 = SURFACE_SIDE_STYLE('',(#8677)) ;
#6321 = FACE_OUTER_BOUND('NONE',#8850,.T.) ;
#6322 =(LENGTH_UNIT() NAMED_UNIT(*) SI_UNIT(.MILLI.,.METRE.));
#6323 = ORIENTED_EDGE('NONE',*,*,#4758,.T.) ;
#6324 = B_SPLINE_CURVE_WITH_KNOTS('NONE',3,(#8249,#10392,#11483,#10316),.UNSPECIFIED.,.F.,.F.,(4,4),(2.000000000000,3.000000000000),.UNSPECIFIED.) ;
#6325=DIRECTION('NONE',(0.,1.,0.));
#6326 = PLANE('NONE',#6488) ;
#6327=CARTESIAN_POINT('NONE',(-5.498939999999,-11.091166380297,4.399152));
#6328 =(LENGTH_UNIT() NAMED_UNIT(*) SI_UNIT(.MILLI.,.METRE.));
#6329=VECTOR('NONE',#13709,916.49);
#6330 =(NAMED_UNIT(*) SI_UNIT($,.STERADIAN.) SOLID_ANGLE_UNIT());
#6331=DIRECTION('NONE',(-1.,0.,0.));
#6332 = ORIENTED_EDGE('NONE',*,*,#14905,.T.) ;
#6333 = ORIENTED_EDGE('NONE',*,*,#5335,.F.) ;
#6334 = VERTEX_POINT('NONE',#12629) ;
#6335 = VERTEX_POINT('NONE',#10049) ;
#6336=UNCERTAINTY_MEASURE_WITH_UNIT(LENGTH_MEASURE(9.164900000000001E-6),#2607,'distance_accuracy_value','NONE');
#6337 = EDGE_CURVE('NONE',#15934,#2505,#8244,.T.) ;
#6338 = STYLED_ITEM('NONE',(#15152),#1722) ;
#6339 = SURFACE_STYLE_FILL_AREA(#3947) ;
#6340 = SURFACE_STYLE_USAGE(.BOTH.,#12332) ;
#6341=CARTESIAN_POINT('NONE',(-5.489083101006,10.607385773666,3.75852549));
#6342=CARTESIAN_POINT('NONE',(10.916213642366,7.698516,5.040695));
#6343=CARTESIAN_POINT('NONE',(-6.157180734423,10.609482214678,3.75852549));
#6344=DIRECTION('NONE',(-1.,0.,0.));
#6345 = SURFACE_SIDE_STYLE('',(#10928)) ;
#6346=CARTESIAN_POINT('NONE',(-6.157180734423,10.504850749624,3.757609));
#6347 = MECHANICAL_DESIGN_GEOMETRIC_PRESENTATION_REPRESENTATION('',(#9881),#14656) ;
#6348 = VERTEX_POINT('NONE',#12546) ;
#6349 = EDGE_CURVE('NONE',#7990,#6550,#14204,.T.) ;
#6350 = VERTEX_POINT('NONE',#9972) ;
#6351=DIRECTION('NONE',(0.,0.,-1.));
#6352 = ORIENTED_EDGE('NONE',*,*,#15743,.F.) ;
#6353 = STYLED_ITEM('NONE',(#10192),#10101) ;
#6354 = ADVANCED_FACE('NONE',(#14995),#10194,.F.) ;
#6355 = SURFACE_STYLE_FILL_AREA(#7372) ;
#6356=UNCERTAINTY_MEASURE_WITH_UNIT(LENGTH_MEASURE(9.164900000000001E-6),#4537,'distance_accuracy_value','NONE');
#6357=DIRECTION('NONE',(-1.,0.,0.));
#6358 =(LENGTH_UNIT() NAMED_UNIT(*) SI_UNIT(.MILLI.,.METRE.));
#6359 =(NAMED_UNIT(*) PLANE_ANGLE_UNIT() SI_UNIT($,.RADIAN.));
#6360 =(LENGTH_UNIT() NAMED_UNIT(*) SI_UNIT(.MILLI.,.METRE.));
#6361 = PLANE('NONE',#3683) ;
#6362=DIRECTION('NONE',(0.,0.,1.));
#6363 =(LENGTH_UNIT() NAMED_UNIT(*) SI_UNIT(.MILLI.,.METRE.));
#6364=CARTESIAN_POINT('NONE',(-5.976219757977,10.513808270312,3.757609));
#6365 = B_SPLINE_CURVE_WITH_KNOTS('NONE',3,(#7816,#11435,#1753,#10034),.UNSPECIFIED.,.F.,.F.,(4,4),(7.000000000000,8.000000000000),.UNSPECIFIED.) ;
#6366 = FILL_AREA_STYLE_COLOUR('',#16307) ;
#6367 = LINE('NONE',#1504,#15893) ;
#6368 = ORIENTED_EDGE('NONE',*,*,#13935,.F.) ;
#6369 = ADVANCED_FACE('NONE',(#11297),#5450,.F.) ;
#6370=DIRECTION('NONE',(-1.,0.,0.));
#6371=UNCERTAINTY_MEASURE_WITH_UNIT(LENGTH_MEASURE(9.164900000000001E-6),#10308,'distance_accuracy_value','NONE');
#6372 =(NAMED_UNIT(*) PLANE_ANGLE_UNIT() SI_UNIT($,.RADIAN.));
#6373 =(NAMED_UNIT(*) PLANE_ANGLE_UNIT() SI_UNIT($,.RADIAN.));
#6374=CARTESIAN_POINT('NONE',(-6.166519426202,11.323796843128,3.757609));
#6375 =(GEOMETRIC_REPRESENTATION_CONTEXT(3) GLOBAL_UNCERTAINTY_ASSIGNED_CONTEXT((#4114)) GLOBAL_UNIT_ASSIGNED_CONTEXT((#11899,#3443,#1099)) REPRESENTATION_CONTEXT('NONE','WORKASPACE'));
#6376=CARTESIAN_POINT('NONE',(-6.569607857146,10.769574073776,3.757609));
#6377 =(NAMED_UNIT(*) SI_UNIT($,.STERADIAN.) SOLID_ANGLE_UNIT());
#6378 = FILL_AREA_STYLE_COLOUR('',#6516) ;
#6379=CARTESIAN_POINT('NONE',(-7.638245873132,11.301955006286,3.757609));
#6380 = ORIENTED_EDGE('NONE',*,*,#14207,.T.) ;
#6381 = ADVANCED_FACE('NONE',(#5674),#3241,.F.) ;
#6382 = PRESENTATION_LAYER_ASSIGNMENT('','',(#8395)) ;
#6383 = STYLED_ITEM('NONE',(#3199),#5994) ;
#6384 = EDGE_LOOP('NONE',(#3961,#11522,#13833,#2193)) ;
#6385=VECTOR('NONE',#15361,916.49);
#6386 = B_SPLINE_CURVE_WITH_KNOTS('NONE',3,(#5513,#10341,#6835,#4477),.UNSPECIFIED.,.F.,.F.,(4,4),(2.000000000000,3.000000000000),.UNSPECIFIED.) ;
#6387 = FILL_AREA_STYLE_COLOUR('',#14049) ;
#6388=DIRECTION('NONE',(0.,0.,-1.));
#6389=CARTESIAN_POINT('NONE',(-5.027008443411,10.668182563013,3.75852549));
#6390 = ADVANCED_FACE('NONE',(#8202),#14205,.T.) ;
#6391 = ORIENTED_EDGE('NONE',*,*,#8221,.T.) ;
#6392 = EDGE_CURVE('NONE',#2236,#1483,#16478,.T.) ;
#6393 = EDGE_CURVE('NONE',#3632,#8360,#10509,.T.) ;
#6394=CARTESIAN_POINT('NONE',(-6.157180734423,10.437955222787,3.75852549));
#6395=DIRECTION('NONE',(0.,1.,0.));
#6396=CARTESIAN_POINT('NONE',(-5.947822511542,10.631208966985,3.75852549));
#6398=CARTESIAN_POINT('NONE',(0.,0.,3.757609));
#6397 =(GEOMETRIC_REPRESENTATION_CONTEXT(3) GLOBAL_UNCERTAINTY_ASSIGNED_CONTEXT((#4777)) GLOBAL_UNIT_ASSIGNED_CONTEXT((#7123,#7053,#11640)) REPRESENTATION_CONTEXT('NONE','WORKASPACE'));
#6399=CARTESIAN_POINT('NONE',(-5.429620410486,11.179332998849,3.75852549));
#6400 = PRESENTATION_STYLE_ASSIGNMENT((#12160)) ;
#6401 = EDGE_LOOP('NONE',(#10663,#14357,#14787,#15592)) ;
#6402 = EDGE_LOOP('NONE',(#15231,#1418,#1424,#2544)) ;
#6403 = ORIENTED_EDGE('NONE',*,*,#14527,.F.) ;
#6404 = ORIENTED_EDGE('NONE',*,*,#2390,.F.) ;
#6405 =(NAMED_UNIT(*) PLANE_ANGLE_UNIT() SI_UNIT($,.RADIAN.));
#6406 = B_SPLINE_SURFACE_WITH_KNOTS('NONE',3,1,((#6412,#2725),(#11076,#2798),(#2934,#7529),(#15958,#1473)),.UNSPECIFIED.,.F.,.F.,.F.,(4,4),(2,2),(11.,12.000000000000),(0.,1.),.UNSPECIFIED.) ;
#6407=UNCERTAINTY_MEASURE_WITH_UNIT(LENGTH_MEASURE(9.164900000000001E-6),#7238,'distance_accuracy_value','NONE');
#6408=DIRECTION('NONE',(-0.819152044289,0.573576436351,1.989993018811670E-16));
#6409=CYLINDRICAL_SURFACE('NONE',#7522,1.6955065);
#6410=CARTESIAN_POINT('NONE',(-5.498939999999,-11.091166380297,2.1812462));
#6411 = FILL_AREA_STYLE_COLOUR('',#3804) ;
#6413=CARTESIAN_POINT('NONE',(-6.22236099134,11.367250347742,3.757609));
#6412=CARTESIAN_POINT('NONE',(-5.984605522025,10.621298518563,3.75852549));
#6414=CARTESIAN_POINT('NONE',(-4.77600727861,10.721927687138,3.757609));
#6415 = ADVANCED_FACE('NONE',(#3381),#3756,.F.) ;
#6416 = VERTEX_POINT('NONE',#12148) ;
#6417 = ORIENTED_EDGE('NONE',*,*,#6541,.F.) ;
#6418 = COLOUR_RGB('',0.843137254901,0.815686274509,0.752941176470) ;
#6419 = ORIENTED_EDGE('NONE',*,*,#13134,.T.) ;
#6420=CARTESIAN_POINT('NONE',(-6.239990154395,10.390499421698,3.757609));
#6421=CARTESIAN_POINT('NONE',(-5.498939999999,-11.19542767047,4.399152));
#6422 = SURFACE_STYLE_USAGE(.BOTH.,#11315) ;
#6423=CARTESIAN_POINT('NONE',(-6.047212874065,10.406127436515,3.75852549));
#6424=CARTESIAN_POINT('NONE',(-5.498939999999,-11.19542767047,2.1812462));
#6425 =(NAMED_UNIT(*) PLANE_ANGLE_UNIT() SI_UNIT($,.RADIAN.));
#6426 = LINE('NONE',#12358,#11326) ;
#6427 =(NAMED_UNIT(*) PLANE_ANGLE_UNIT() SI_UNIT($,.RADIAN.));
#6428=UNCERTAINTY_MEASURE_WITH_UNIT(LENGTH_MEASURE(9.164900000000001E-6),#13966,'distance_accuracy_value','NONE');
#6429=CARTESIAN_POINT('NONE',(-5.630592869317,10.988175695663,3.757609));
#6430 =(LENGTH_UNIT() NAMED_UNIT(*) SI_UNIT(.MILLI.,.METRE.));
#6431 = ORIENTED_EDGE('NONE',*,*,#13130,.T.) ;
#6432 = COLOUR_RGB('',1.,1.,1.) ;
#6433 = COLOUR_RGB('',1.,1.,1.) ;
#6434 = B_SPLINE_CURVE_WITH_KNOTS('NONE',3,(#12822,#3283,#10476,#11719),.UNSPECIFIED.,.F.,.F.,(4,4),(5.000000000000,6.000000000000),.UNSPECIFIED.) ;
#6435 = FILL_AREA_STYLE('',(#14890)) ;
#6436=CARTESIAN_POINT('NONE',(-7.36524794027,10.55982464839,3.75852549));
#6437=VECTOR('NONE',#8337,916.49);
#6438 = VERTEX_POINT('NONE',#8676) ;
#6439 = FILL_AREA_STYLE('',(#7074)) ;
#6440=CARTESIAN_POINT('NONE',(-6.024914365119,10.537440878084,3.757609));
#6441=CARTESIAN_POINT('NONE',(1.1639423,10.906231,2.2454005));
#6442=CARTESIAN_POINT('NONE',(-6.211116444094,10.631208966985,3.757609));
#6443 = EDGE_CURVE('NONE',#11949,#12935,#11192,.T.) ;
#6444=VECTOR('NONE',#8769,916.49);
#6445 = SURFACE_STYLE_USAGE(.BOTH.,#7873) ;
#6446 = SURFACE_SIDE_STYLE('',(#6655)) ;
#6447 = EDGE_LOOP('NONE',(#8379,#1110,#10196,#10959)) ;
#6448 = COLOUR_RGB('',1.,1.,1.) ;
#6449 = ORIENTED_EDGE('NONE',*,*,#15617,.F.) ;
#6450 =(LENGTH_UNIT() NAMED_UNIT(*) SI_UNIT(.MILLI.,.METRE.));
#6452=CARTESIAN_POINT('NONE',(-6.174905190251,11.024768120599,3.757609));
#6451 = COLOUR_RGB('',0.949019607843,0.760784313725,0.180392156862) ;
#6453=CIRCLE('NONE',#5196,0.458245);
#6454=DIRECTION('NONE',(0.,0.,-1.));
#6455=DIRECTION('NONE',(0.,0.,-1.));
#6456 = EDGE_LOOP('NONE',(#5052,#12955,#13384,#12790)) ;
#6457 = EDGE_CURVE('NONE',#4549,#10497,#11627,.T.) ;
#6458=VECTOR('NONE',#10473,916.49);
#6459=CARTESIAN_POINT('NONE',(-5.812030309628,11.318079276733,3.75852549));
#6460=DIRECTION('NONE',(0.,0.,-1.));
#6461 =(NAMED_UNIT(*) SI_UNIT($,.STERADIAN.) SOLID_ANGLE_UNIT());
#6462 = FACE_BOUND('NONE',#11607,.T.) ;
#6463=DIRECTION('NONE',(0.,0.,-1.));
#6464 = ADVANCED_FACE('NONE',(#13487),#8911,.F.) ;
#6465 = ORIENTED_EDGE('NONE',*,*,#9967,.T.) ;
#6466 = ORIENTED_EDGE('NONE',*,*,#3004,.T.) ;
#6467 = EDGE_LOOP('NONE',(#9704,#5579,#10102,#13841)) ;
#6468 = EDGE_LOOP('NONE',(#2930,#2729,#3819,#6939)) ;
#6469 = COLOUR_RGB('',1.,1.,1.) ;
#6470 = EDGE_CURVE('NONE',#6677,#6789,#4819,.T.) ;
#6471 = SURFACE_STYLE_FILL_AREA(#1684) ;
#6473=DIRECTION('NONE',(1.,0.,0.));
#6472=AXIS2_PLACEMENT_3D('NONE',#2996,#7953,#12757);
#6474 = FACE_OUTER_BOUND('NONE',#1455,.T.) ;
#6475=VECTOR('NONE',#6612,916.49);
#6476 = EDGE_CURVE('NONE',#12313,#7738,#9634,.T.) ;
#6477=CARTESIAN_POINT('NONE',(-6.298404624412,10.644359369696,3.757609));
#6478 = PRESENTATION_LAYER_ASSIGNMENT('','',(#13291)) ;
#6479 =(NAMED_UNIT(*) PLANE_ANGLE_UNIT() SI_UNIT($,.RADIAN.));
#6481=CARTESIAN_POINT('NONE',(-6.047212874065,10.454345579789,3.75852549));
#6480 = FILL_AREA_STYLE_COLOUR('',#4038) ;
#6482=CARTESIAN_POINT('NONE',(-10.631284,-10.906231,3.8034335));
#6483 = ORIENTED_EDGE('NONE',*,*,#13196,.F.) ;
#6484 = ORIENTED_EDGE('NONE',*,*,#13085,.T.) ;
#6485 = EDGE_LOOP('NONE',(#12414,#4400,#4090,#7441)) ;
#6486 =(GEOMETRIC_REPRESENTATION_CONTEXT(3) GLOBAL_UNCERTAINTY_ASSIGNED_CONTEXT((#2819)) GLOBAL_UNIT_ASSIGNED_CONTEXT((#11026,#2598,#5887)) REPRESENTATION_CONTEXT('NONE','WORKASPACE'));
#6487 = EDGE_CURVE('NONE',#10878,#11195,#9801,.T.) ;
#6488=AXIS2_PLACEMENT_3D('NONE',#3075,#6395,#12610);
#6489=VECTOR('NONE',#6934,916.49);
#6490 = PRESENTATION_STYLE_ASSIGNMENT((#16197)) ;
#6491=CARTESIAN_POINT('NONE',(-1.832979999999,-11.696406196329,4.31599782308));
#6492=CARTESIAN_POINT('NONE',(-7.436810429611,10.848725536406,3.757609));
#6493=CARTESIAN_POINT('NONE',(5.49894,-11.381475988787,2.286946209691));
#6494=CARTESIAN_POINT('NONE',(-6.005665224919,10.525624574197,3.75852549));
#6495 = SURFACE_STYLE_USAGE(.BOTH.,#14945) ;
#6496=CARTESIAN_POINT('NONE',(-6.377592919002,10.769574073776,3.75852549));
#6497 = EDGE_CURVE('NONE',#2105,#9978,#14598,.T.) ;
#6498 = MECHANICAL_DESIGN_GEOMETRIC_PRESENTATION_REPRESENTATION('',(#1990),#11541) ;
#6499 = MECHANICAL_DESIGN_GEOMETRIC_PRESENTATION_REPRESENTATION('',(#10047),#14333) ;
#6500=CARTESIAN_POINT('NONE',(-8.396279034525,10.46440792853,3.757609));
#6501=CARTESIAN_POINT('NONE',(-5.498939999999,-12.071354926798,3.995915440821));
#6502 = FACE_OUTER_BOUND('NONE',#6447,.T.) ;
#6503 = ORIENTED_EDGE('NONE',*,*,#10210,.T.) ;
#6504 =(GEOMETRIC_REPRESENTATION_CONTEXT(3) GLOBAL_UNCERTAINTY_ASSIGNED_CONTEXT((#15560)) GLOBAL_UNIT_ASSIGNED_CONTEXT((#15919,#3770,#15747)) REPRESENTATION_CONTEXT('NONE','WORKASPACE'));
#6505=DIRECTION('NONE',(-1.,0.,0.));
#6506=UNCERTAINTY_MEASURE_WITH_UNIT(LENGTH_MEASURE(9.164900000000001E-6),#11154,'distance_accuracy_value','NONE');
#6507 = EDGE_CURVE('NONE',#1975,#4650,#7577,.T.) ;
#6508=DIRECTION('NONE',(-1.,1.284980352575000E-16,0.));
#6509=DIRECTION('NONE',(0.,0.,-1.));
#6510 = MECHANICAL_DESIGN_GEOMETRIC_PRESENTATION_REPRESENTATION('',(#2509),#16351) ;
#6511 = VERTEX_POINT('NONE',#4078) ;
#6512 = PRESENTATION_STYLE_ASSIGNMENT((#1730)) ;
#6513=CARTESIAN_POINT('NONE',(-8.049068035539,10.586329304028,3.757609));
#6514 = SURFACE_SIDE_STYLE('',(#3061)) ;
#6515 = LINE('NONE',#9113,#16610) ;
#6516 = COLOUR_RGB('',1.,1.,1.) ;
#6517=CARTESIAN_POINT('NONE',(-5.54654464329,11.043636089708,3.75852549));
#6518 = LINE('NONE',#11343,#2503) ;
#6519 = ORIENTED_EDGE('NONE',*,*,#3898,.F.) ;
#6520=DIRECTION('NONE',(-1.,0.,0.));
#6521 = FILL_AREA_STYLE('',(#1893)) ;
#6522=DIRECTION('NONE',(0.,-1.,0.));
#6523 =(NAMED_UNIT(*) SI_UNIT($,.STERADIAN.) SOLID_ANGLE_UNIT());
#6524 = ORIENTED_EDGE('NONE',*,*,#4977,.F.) ;
#6525=CIRCLE('NONE',#14875,0.824841);
#6526=CARTESIAN_POINT('NONE',(-6.301549285929,10.411463831817,3.757609));
#6527 = SURFACE_STYLE_USAGE(.BOTH.,#1749) ;
#6528 = FILL_AREA_STYLE('',(#1827)) ;
#6530=CARTESIAN_POINT('NONE',(-5.480220873091,11.177998900022,3.75852549));
#6529=DIRECTION('NONE',(0.,0.,-1.));
#6531=CARTESIAN_POINT('NONE',(-6.264670982673,10.505613091809,3.75852549));
#6532 = SURFACE_STYLE_USAGE(.BOTH.,#2916) ;
#6533 = ORIENTED_EDGE('NONE',*,*,#6758,.F.) ;
#6534=VECTOR('NONE',#4418,916.49);
#6535 = VERTEX_POINT('NONE',#4237) ;
#6536 = ORIENTED_EDGE('NONE',*,*,#12203,.T.) ;
#6537=CIRCLE('NONE',#12833,1.6955065);
#6538=CARTESIAN_POINT('NONE',(-10.631284,-10.906231,2.291225));
#6539 = ORIENTED_EDGE('NONE',*,*,#9928,.T.) ;
#6540=VECTOR('NONE',#10610,916.49);
#6541 = EDGE_CURVE('NONE',#7262,#4707,#15998,.T.) ;
#6542 = B_SPLINE_CURVE_WITH_KNOTS('NONE',3,(#4511,#10371,#4348,#13987),.UNSPECIFIED.,.F.,.F.,(4,4),(3.000000000000,4.000000000000),.UNSPECIFIED.) ;
#6543=CARTESIAN_POINT('NONE',(-6.174905190251,11.024768120599,3.757609));
#6544 = FACE_OUTER_BOUND('NONE',#10372,.T.) ;
#6545 = EDGE_CURVE('NONE',#14568,#14422,#1531,.T.) ;
#6546=AXIS2_PLACEMENT_3D('NONE',#1759,#2121,#5740);
#6547=UNCERTAINTY_MEASURE_WITH_UNIT(LENGTH_MEASURE(9.164900000000001E-6),#3903,'distance_accuracy_value','NONE');
#6548=CARTESIAN_POINT('NONE',(-7.349345187329,10.557174223269,3.757609));
#6549 =(GEOMETRIC_REPRESENTATION_CONTEXT(3) GLOBAL_UNCERTAINTY_ASSIGNED_CONTEXT((#13862)) GLOBAL_UNIT_ASSIGNED_CONTEXT((#14901,#9517,#10636)) REPRESENTATION_CONTEXT('NONE','WORKASPACE'));
#6550 = VERTEX_POINT('NONE',#8889) ;
#6551=CARTESIAN_POINT('NONE',(-6.101910925924,11.362104537985,3.757609));
#6552 = SURFACE_STYLE_FILL_AREA(#3095) ;
#6553 =(NAMED_UNIT(*) SI_UNIT($,.STERADIAN.) SOLID_ANGLE_UNIT());
#6555 = FILL_AREA_STYLE('',(#16028)) ;
#6554 = SURFACE_STYLE_FILL_AREA(#16027) ;
#6556 = ORIENTED_EDGE('NONE',*,*,#3368,.F.) ;
#6557 = VERTEX_POINT('NONE',#13650) ;
#6558 = ORIENTED_EDGE('NONE',*,*,#12563,.F.) ;
#6559 = SURFACE_STYLE_FILL_AREA(#1783) ;
#6560 = PRESENTATION_LAYER_ASSIGNMENT('','',(#5819)) ;
#6561 = EDGE_CURVE('NONE',#8775,#3724,#13717,.T.) ;
#6562=AXIS2_PLACEMENT_3D('NONE',#6579,#12580,#3979);
#6563 = VERTEX_POINT('NONE',#1597) ;
#6564 = EDGE_CURVE('NONE',#15539,#1949,#1311,.T.) ;
#6565 = PRESENTATION_LAYER_ASSIGNMENT('','',(#6806)) ;
#6566=CARTESIAN_POINT('NONE',(-4.697867204527,10.498752012134,3.75852549));
#6567=CARTESIAN_POINT('NONE',(-1.832979999999,-11.312547917796,4.38447561427));
#6568 = B_SPLINE_CURVE_WITH_KNOTS('NONE',3,(#1555,#14536,#5150,#7361),.UNSPECIFIED.,.F.,.F.,(4,4),(0.,1.),.UNSPECIFIED.) ;
#6569=DIRECTION('NONE',(0.,0.,-1.));
#6570=CARTESIAN_POINT('NONE',(5.49894,-11.091166380297,4.307503));
#6571=AXIS2_PLACEMENT_3D('NONE',#14440,#14606,#8607);
#6572=DIRECTION('NONE',(0.,0.,-1.));
#6573=CARTESIAN_POINT('NONE',(12.3267905,10.906231,3.8034335));
#6574 = ADVANCED_FACE('NONE',(#14975),#11129,.F.) ;
#6575=CARTESIAN_POINT('NONE',(12.3267905,10.906231,2.2454005));
#6576=UNCERTAINTY_MEASURE_WITH_UNIT(LENGTH_MEASURE(9.164900000000001E-6),#15431,'distance_accuracy_value','NONE');
#6577=DIRECTION('NONE',(-1.,-1.284980352575000E-16,0.));
#6578 = B_SPLINE_CURVE_WITH_KNOTS('NONE',3,(#10535,#2102,#3332,#10615),.UNSPECIFIED.,.F.,.F.,(4,4),(4.000000000000,5.000000000000),.UNSPECIFIED.) ;
#6579=CARTESIAN_POINT('NONE',(10.631284,-10.906231,3.757609));
#6580 = VERTEX_POINT('NONE',#5354) ;
#6581=CARTESIAN_POINT('NONE',(-5.880164642518,10.611959826782,3.75852549));
#6582 =(NAMED_UNIT(*) PLANE_ANGLE_UNIT() SI_UNIT($,.RADIAN.));
#6583=CARTESIAN_POINT('NONE',(-7.447412332308,10.477660256352,3.75852549));
#6584 = VERTEX_POINT('NONE',#15931) ;
#6585=DIRECTION('NONE',(1.,0.,0.));
#6586=CARTESIAN_POINT('NONE',(12.372615,-8.340058999999,5.040695));
#6587=DIRECTION('NONE',(0.,0.,-1.));
#6588=CARTESIAN_POINT('NONE',(-5.897412634482,10.411654417363,3.757609));
#6589 = EDGE_CURVE('NONE',#12461,#7516,#5425,.T.) ;
#6590=CARTESIAN_POINT('NONE',(-6.415429999999,-10.906231,3.757609));
#6591 = ORIENTED_EDGE('NONE',*,*,#2541,.F.) ;
#6592 = STYLED_ITEM('NONE',(#12359),#3764) ;
#6593 =(NAMED_UNIT(*) PLANE_ANGLE_UNIT() SI_UNIT($,.RADIAN.));
#6594 = FILL_AREA_STYLE('',(#13803)) ;
#6595 = FILL_AREA_STYLE('',(#10255)) ;
#6596 = ORIENTED_EDGE('NONE',*,*,#6589,.F.) ;
#6597 = FILL_AREA_STYLE_COLOUR('',#14273) ;
#6598=CARTESIAN_POINT('NONE',(-5.8673954109,10.486745122703,3.75852549));
#6599 = PRESENTATION_STYLE_ASSIGNMENT((#13808)) ;
#6601=CARTESIAN_POINT('NONE',(-6.214356398385,11.024768120599,3.75852549));
#6600=CARTESIAN_POINT('NONE',(-5.935339158244,10.496655571122,3.75852549));
#6602=DIRECTION('NONE',(0.,0.,-1.));
#6603=DIRECTION('NONE',(-1.,0.,0.));
#6604 = PRESENTATION_LAYER_ASSIGNMENT('','',(#15693)) ;
#6605 = ORIENTED_EDGE('NONE',*,*,#13033,.F.) ;
#6606=CARTESIAN_POINT('NONE',(5.49894,-12.418771579374,3.708937885747));
#6607 = ORIENTED_EDGE('NONE',*,*,#7495,.F.) ;
#6608 = ORIENTED_EDGE('NONE',*,*,#1708,.T.) ;
#6609 = SURFACE_SIDE_STYLE('',(#16539)) ;
#6610 = EDGE_CURVE('NONE',#8525,#10256,#4665,.T.) ;
#6611 = ORIENTED_EDGE('NONE',*,*,#15421,.T.) ;
#6612=DIRECTION('NONE',(0.,0.,-1.));
#6613 = SURFACE_STYLE_USAGE(.BOTH.,#2073) ;
#6614 = STYLED_ITEM('NONE',(#9810),#3182) ;
#6615=DIRECTION('NONE',(0.,-1.,0.));
#6616 = SURFACE_STYLE_FILL_AREA(#12631) ;
#6617 = EDGE_LOOP('NONE',(#8926,#15088,#4812,#10793)) ;
#6618 = FACE_OUTER_BOUND('NONE',#9721,.T.) ;
#6619=DIRECTION('NONE',(0.,-1.,0.));
#6620 = SURFACE_SIDE_STYLE('',(#1848)) ;
#6621 = SURFACE_SIDE_STYLE('',(#9150)) ;
#6622 = ORIENTED_EDGE('NONE',*,*,#14289,.F.) ;
#6623 = VERTEX_POINT('NONE',#13569) ;
#6624 = ORIENTED_EDGE('NONE',*,*,#14361,.F.) ;
#6625 =(NAMED_UNIT(*) PLANE_ANGLE_UNIT() SI_UNIT($,.RADIAN.));
#6626 = STYLED_ITEM('NONE',(#9600),#3603) ;
#6627=AXIS2_PLACEMENT_3D('NONE',#2717,#8468,#12098);
#6628 = ORIENTED_EDGE('NONE',*,*,#16288,.T.) ;
#6629=CARTESIAN_POINT('NONE',(-6.301549285929,10.411463831817,3.75852549));
#6630=CARTESIAN_POINT('NONE',(-1.832979999999,-11.696406196329,2.264400376919));
#6631=CARTESIAN_POINT('NONE',(-6.207400025936,10.428807116553,3.757609));
#6632 = FACE_OUTER_BOUND('NONE',#14920,.T.) ;
#6633 = PRESENTATION_STYLE_ASSIGNMENT((#1633)) ;
#6635=CARTESIAN_POINT('NONE',(-7.990757722358,10.753308765996,3.75852549));
#6634=CARTESIAN_POINT('NONE',(-4.772767324319,10.709539626615,3.75852549));
#6636 = ADVANCED_FACE('NONE',(#2773),#11193,.F.) ;
#6637=CARTESIAN_POINT('NONE',(-7.410305875078,10.55982464839,3.75852549));
#6638 = LINE('NONE',#1638,#1265) ;
#6639 = B_SPLINE_SURFACE_WITH_KNOTS('NONE',3,1,((#11823,#14576),(#14490,#14658),(#14421,#8657),(#13472,#6056)),.UNSPECIFIED.,.F.,.F.,.F.,(4,4),(2,2),(14.000000000000,15.000000000000),(0.,1.),.UNSPECIFIED.) ;
#6640=DIRECTION('NONE',(0.,0.,-1.));
#6641 = ORIENTED_EDGE('NONE',*,*,#7225,.T.) ;
#6642 = EDGE_CURVE('NONE',#15303,#9647,#11258,.T.) ;
#6643 = EDGE_CURVE('NONE',#6927,#12503,#6998,.T.) ;
#6644=CARTESIAN_POINT('NONE',(-7.381150693211,11.41062409504,3.757609));
#6645=VECTOR('NONE',#10822,916.49);
#6646=CARTESIAN_POINT('NONE',(-7.866185871186,11.423876422859,3.757609));
#6647 = FILL_AREA_STYLE('',(#2825)) ;
#6648 = ORIENTED_EDGE('NONE',*,*,#3034,.T.) ;
#6649 = LINE('NONE',#15261,#11726) ;
#6650=CARTESIAN_POINT('NONE',(-5.246658285802,11.293303155682,3.757609));
#6651=CARTESIAN_POINT('NONE',(-6.241896009861,11.310074683777,3.75852549));
#6652=DIRECTION('NONE',(0.,0.,-1.));
#6653=DIRECTION('NONE',(1.,0.,0.));
#6654=CARTESIAN_POINT('NONE',(-5.521101472827,11.283011536168,3.75852549));
#6655 = SURFACE_STYLE_FILL_AREA(#13640) ;
#6656 = MECHANICAL_DESIGN_GEOMETRIC_PRESENTATION_REPRESENTATION('',(#14748),#4392) ;
#6657 =(GEOMETRIC_REPRESENTATION_CONTEXT(3) GLOBAL_UNCERTAINTY_ASSIGNED_CONTEXT((#5094)) GLOBAL_UNIT_ASSIGNED_CONTEXT((#14246,#13056,#9757)) REPRESENTATION_CONTEXT('NONE','WORKASPACE'));
#6658 = VERTEX_POINT('NONE',#2125) ;
#6659 = EDGE_CURVE('NONE',#9154,#1779,#9368,.T.) ;
#6660 = EDGE_CURVE('NONE',#14641,#11774,#9555,.T.) ;
#6661 = ADVANCED_FACE('NONE',(#16637),#15443,.F.) ;
#6662 = PRESENTATION_STYLE_ASSIGNMENT((#7808)) ;
#6663=CARTESIAN_POINT('NONE',(-7.354646037571,10.708250831187,3.75852549));
#6664=DIRECTION('NONE',(1.,0.,0.));
#6665 = PRESENTATION_STYLE_ASSIGNMENT((#4239)) ;
#6666 =(GEOMETRIC_REPRESENTATION_CONTEXT(3) GLOBAL_UNCERTAINTY_ASSIGNED_CONTEXT((#11085)) GLOBAL_UNIT_ASSIGNED_CONTEXT((#7125,#3341,#6113)) REPRESENTATION_CONTEXT('NONE','WORKASPACE'));
#6667 = VERTEX_POINT('NONE',#4313) ;
#6668=CARTESIAN_POINT('NONE',(-5.630878747636,11.030676272542,3.75852549));
#6669 = PRESENTATION_LAYER_ASSIGNMENT('','',(#11237)) ;
#6670 =(LENGTH_UNIT() NAMED_UNIT(*) SI_UNIT(.MILLI.,.METRE.));
#6671=CARTESIAN_POINT('NONE',(-5.485843146716,11.31159936815,3.75852549));
#6672 =(LENGTH_UNIT() NAMED_UNIT(*) SI_UNIT(.MILLI.,.METRE.));
#6673=CYLINDRICAL_SURFACE('NONE',#13288,1.6955065);
#6674=VECTOR('NONE',#3886,916.49);
#6675 = B_SPLINE_CURVE_WITH_KNOTS('NONE',3,(#16248,#13974,#16180,#7975,#8988,#5368,#4328),.UNSPECIFIED.,.F.,.F.,(4,3,4),(0.,1.,2.000000000000),.UNSPECIFIED.) ;
#6676 = FACE_OUTER_BOUND('NONE',#5208,.T.) ;
#6677 = VERTEX_POINT('NONE',#6663) ;
#6678=CARTESIAN_POINT('NONE',(5.49894,-11.395129752005,2.195922585729));
#6679 = ORIENTED_EDGE('NONE',*,*,#5995,.T.) ;
#6680 = ORIENTED_EDGE('NONE',*,*,#6097,.F.) ;
#6681 = ORIENTED_EDGE('NONE',*,*,#5319,.F.) ;
#6682=VECTOR('NONE',#4577,916.49);
#6683 = PRESENTATION_LAYER_ASSIGNMENT('','',(#7209)) ;
#6684=DIRECTION('NONE',(0.,0.,-1.));
#6685=CARTESIAN_POINT('NONE',(-6.569607857146,10.988175695663,3.75852549));
#6686=CARTESIAN_POINT('NONE',(-5.164706500787,11.090138963065,3.75852549));
#6687=VECTOR('NONE',#5980,916.49);
#6688=DIRECTION('NONE',(-1.,0.,0.));
#6689=CARTESIAN_POINT('NONE',(-6.268101522511,11.282439779529,3.757609));
#6690 = ORIENTED_EDGE('NONE',*,*,#9299,.F.) ;
#6691=CARTESIAN_POINT('NONE',(-6.131356392866,11.367250347742,3.75852549));
#6692 =(LENGTH_UNIT() NAMED_UNIT(*) SI_UNIT(.MILLI.,.METRE.));
#6693 = SURFACE_STYLE_USAGE(.BOTH.,#12407) ;
#6694=CARTESIAN_POINT('NONE',(-6.140504499099,10.981886372627,3.757609));
#6695=VECTOR('NONE',#16343,916.49);
#6696=DIRECTION('NONE',(0.,0.,-1.));
#6697 = MECHANICAL_DESIGN_GEOMETRIC_PRESENTATION_REPRESENTATION('',(#3438),#3940) ;
#6698=DIRECTION('NONE',(0.,0.,-1.));
#6699 = VERTEX_POINT('NONE',#1983) ;
#6700 = STYLED_ITEM('NONE',(#16278),#2204) ;
#6701 = ORIENTED_EDGE('NONE',*,*,#16155,.T.) ;
#6702 = VERTEX_POINT('NONE',#6752) ;
#6703 = SURFACE_STYLE_FILL_AREA(#6787) ;
#6704 = ORIENTED_EDGE('NONE',*,*,#10708,.T.) ;
#6705 = COLOUR_RGB('',1.,1.,1.) ;
#6706 = SURFACE_SIDE_STYLE('',(#10374)) ;
#6707=CIRCLE('NONE',#8996,1.6955065);
#6708 = COLOUR_RGB('',0.949019607843,0.760784313725,0.180392156862) ;
#6709 = STYLED_ITEM('NONE',(#1586),#2742) ;
#6710=CARTESIAN_POINT('NONE',(5.49894,-12.13007241769,4.067036689331));
#6711 = FILL_AREA_STYLE_COLOUR('',#4715) ;
#6712=CARTESIAN_POINT('NONE',(-6.219502208143,10.522003448814,3.757609));
#6713=CARTESIAN_POINT('NONE',(-4.748658252679,10.769574073776,3.75852549));
#6714=CARTESIAN_POINT('NONE',(5.49894,-11.091166380297,2.2728952));
#6715 =(LENGTH_UNIT() NAMED_UNIT(*) SI_UNIT(.MILLI.,.METRE.));
#6716=DIRECTION('NONE',(0.,0.,-1.));
#6717=CARTESIAN_POINT('NONE',(-7.447412332308,10.477660256352,3.75852549));
#6718=UNCERTAINTY_MEASURE_WITH_UNIT(LENGTH_MEASURE(9.164900000000001E-6),#4947,'distance_accuracy_value','NONE');
#6719 = STYLED_ITEM('NONE',(#10395),#11405) ;
#6720 =(GEOMETRIC_REPRESENTATION_CONTEXT(3) GLOBAL_UNCERTAINTY_ASSIGNED_CONTEXT((#7469)) GLOBAL_UNIT_ASSIGNED_CONTEXT((#6450,#8117,#6750)) REPRESENTATION_CONTEXT('NONE','WORKASPACE'));
#6721 = PRESENTATION_LAYER_ASSIGNMENT('','',(#11780)) ;
#6722 = PRESENTATION_STYLE_ASSIGNMENT((#5713)) ;
#6723 = COLOUR_RGB('',1.,1.,1.) ;
#6725 = COLOUR_RGB('',0.776470588235,0.458823529411,0.) ;
#6724 =(LENGTH_UNIT() NAMED_UNIT(*) SI_UNIT(.MILLI.,.METRE.));
#6726 = STYLED_ITEM('NONE',(#7115),#2854) ;
#6727 = ORIENTED_EDGE('NONE',*,*,#7010,.T.) ;
#6728 = EDGE_CURVE('NONE',#6840,#11906,#11580,.T.) ;
#6729=DIRECTION('NONE',(0.,0.,-1.));
#6730 =(GEOMETRIC_REPRESENTATION_CONTEXT(3) GLOBAL_UNCERTAINTY_ASSIGNED_CONTEXT((#6066)) GLOBAL_UNIT_ASSIGNED_CONTEXT((#2295,#15210,#9536)) REPRESENTATION_CONTEXT('NONE','WORKASPACE'));
#6731=DIRECTION('NONE',(0.,0.,-1.));
#6732=CIRCLE('NONE',#14572,0.824841);
#6733=VECTOR('NONE',#14692,916.49);
#6734 = ADVANCED_FACE('NONE',(#14033),#8039,.F.) ;
#6735 = ORIENTED_EDGE('NONE',*,*,#8391,.F.) ;
#6736 = LINE('NONE',#10469,#14245) ;
#6737 = FILL_AREA_STYLE_COLOUR('',#6048) ;
#6738=DIRECTION('NONE',(0.,1.,0.));
#6739 = PRESENTATION_STYLE_ASSIGNMENT((#16221)) ;
#6740 = LINE('NONE',#8107,#8042) ;
#6741 = FILL_AREA_STYLE('',(#4228)) ;
#6742=CARTESIAN_POINT('NONE',(-5.54654464329,11.043636089708,3.757609));
#6743=CARTESIAN_POINT('NONE',(-5.943248458425,10.669135490747,3.757609));
#6744 = FILL_AREA_STYLE_COLOUR('',#8817) ;
#6745=AXIS2_PLACEMENT_3D('NONE',#2451,#8669,#7487);
#6746 = COLOUR_RGB('',0.843137254901,0.815686274509,0.752941176470) ;
#6747 = VERTEX_POINT('NONE',#10715) ;
#6748 = ADVANCED_FACE('NONE',(#3680),#1890,.T.) ;
#6749 = EDGE_CURVE('NONE',#12588,#1298,#6215,.T.) ;
#6750 =(NAMED_UNIT(*) SI_UNIT($,.STERADIAN.) SOLID_ANGLE_UNIT());
#6751=DIRECTION('NONE',(1.,0.,0.));
#6752=CARTESIAN_POINT('NONE',(-5.721311589473,10.462921929384,3.757609));
#6753=CARTESIAN_POINT('NONE',(-6.278011970931,10.99884848627,3.75852549));
#6754 =(GEOMETRIC_REPRESENTATION_CONTEXT(3) GLOBAL_UNCERTAINTY_ASSIGNED_CONTEXT((#6576)) GLOBAL_UNIT_ASSIGNED_CONTEXT((#15431,#5643,#8026)) REPRESENTATION_CONTEXT('NONE','WORKASPACE'));
#6755 = ORIENTED_EDGE('NONE',*,*,#4162,.T.) ;
#6756 = FACE_OUTER_BOUND('NONE',#8776,.T.) ;
#6757=CARTESIAN_POINT('NONE',(-6.569607857146,10.988175695663,3.757609));
#6758 = EDGE_CURVE('NONE',#4690,#14428,#4876,.T.) ;
#6759=DIRECTION('NONE',(0.,0.,1.));
#6760 = PRESENTATION_LAYER_ASSIGNMENT('','',(#9215)) ;
#6761=CARTESIAN_POINT('NONE',(10.631284,10.906231,2.2454005));
#6762 = ORIENTED_EDGE('NONE',*,*,#4507,.F.) ;
#6763=DIRECTION('NONE',(0.,0.,1.));
#6764 = VERTEX_POINT('NONE',#1262) ;
#6765 = EDGE_LOOP('NONE',(#10549,#16244,#13799,#13354)) ;
#6766 = B_SPLINE_CURVE_WITH_KNOTS('NONE',3,(#16538,#14026,#12905,#6743),.UNSPECIFIED.,.F.,.F.,(4,4),(8.000000000000,9.000000000000),.UNSPECIFIED.) ;
#6767 = VERTEX_POINT('NONE',#6058) ;
#6768 = MECHANICAL_DESIGN_GEOMETRIC_PRESENTATION_REPRESENTATION('',(#9308),#9560) ;
#6769 = MECHANICAL_DESIGN_GEOMETRIC_PRESENTATION_REPRESENTATION('',(#3763),#1272) ;
#6770 = LINE('NONE',#14200,#10251) ;
#6771=CARTESIAN_POINT('NONE',(-5.218165746594,10.726692325804,3.75852549));
#6772 = FILL_AREA_STYLE_COLOUR('',#11690) ;
#6773=CARTESIAN_POINT('NONE',(-6.176811045716,10.406318022061,3.757609));
#6774 = ORIENTED_EDGE('NONE',*,*,#8192,.T.) ;
#6775=CARTESIAN_POINT('NONE',(-5.345191013366,10.769574073776,3.75852549));
#6776=DIRECTION('NONE',(0.463018065387,-0.886348842796,0.));
#6777 = FILL_AREA_STYLE('',(#12930)) ;
#6778=VECTOR('NONE',#3103,916.49);
#6780 = SURFACE_STYLE_FILL_AREA(#10288) ;
#6779=CARTESIAN_POINT('NONE',(1.1639423,10.906231,3.8034335));
#6781=VECTOR('NONE',#8685,916.49);
#6782 = FACE_OUTER_BOUND('NONE',#9915,.T.) ;
#6783 = ORIENTED_EDGE('NONE',*,*,#10351,.T.) ;
#6784 = ORIENTED_EDGE('NONE',*,*,#6016,.T.) ;
#6785 = ORIENTED_EDGE('NONE',*,*,#13715,.F.) ;
#6786 = STYLED_ITEM('NONE',(#3662),#9352) ;
#6787 = FILL_AREA_STYLE('',(#12791)) ;
#6788 = EDGE_CURVE('NONE',#1918,#6350,#3145,.T.) ;
#6789 = VERTEX_POINT('NONE',#7390) ;
#6790=VECTOR('NONE',#5328,916.49);
#6791 = PRESENTATION_LAYER_ASSIGNMENT('','',(#13110)) ;
#6792=CARTESIAN_POINT('NONE',(-6.239990154395,10.390499421698,3.75852549));
#6793 = FILL_AREA_STYLE('',(#15561)) ;
#6794=CARTESIAN_POINT('NONE',(-6.22788797219,10.428807116553,3.757609));
#6795=CARTESIAN_POINT('NONE',(-6.219502208143,10.522003448814,3.75852549));
#6796 =(LENGTH_UNIT() NAMED_UNIT(*) SI_UNIT(.MILLI.,.METRE.));
#6797 = EDGE_CURVE('NONE',#15619,#4752,#12132,.T.) ;
#6799 = FACE_OUTER_BOUND('NONE',#12143,.T.) ;
#6798=DIRECTION('NONE',(0.,1.,0.));
#6800 = LINE('NONE',#3113,#12265) ;
#6801 = COLOUR_RGB('',1.,1.,1.) ;
#6802=CARTESIAN_POINT('NONE',(-7.370548790513,10.395495864311,3.75852549));
#6803=CARTESIAN_POINT('NONE',(-8.096776344915,11.243644768935,3.75852549));
#6804 =(NAMED_UNIT(*) SI_UNIT($,.STERADIAN.) SOLID_ANGLE_UNIT());
#6805 = VERTEX_POINT('NONE',#2359) ;
#6806 = STYLED_ITEM('NONE',(#16341),#9754) ;
#6807 = ADVANCED_FACE('NONE',(#10960),#13072,.T.) ;
#6808 = LINE('NONE',#14011,#9460) ;
#6809=VECTOR('NONE',#13668,916.49);
#6810=UNCERTAINTY_MEASURE_WITH_UNIT(LENGTH_MEASURE(9.164900000000001E-6),#15413,'distance_accuracy_value','NONE');
#6811=CARTESIAN_POINT('NONE',(-7.508373020058,11.460982940121,3.75852549));
#6812 = COLOUR_RGB('',1.,1.,1.) ;
#6813 = ORIENTED_EDGE('NONE',*,*,#5543,.F.) ;
#6814=CARTESIAN_POINT('NONE',(-8.359172425633,11.201237309804,3.757609));
#6815=CARTESIAN_POINT('NONE',(-7.245976989894,10.970646810797,3.75852549));
#6816=DIRECTION('NONE',(1.,0.,0.));
#6817 =(GEOMETRIC_REPRESENTATION_CONTEXT(3) GLOBAL_UNCERTAINTY_ASSIGNED_CONTEXT((#15196)) GLOBAL_UNIT_ASSIGNED_CONTEXT((#16007,#10033,#13723)) REPRESENTATION_CONTEXT('NONE','WORKASPACE'));
#6818 = SURFACE_STYLE_USAGE(.BOTH.,#6514) ;
#6819 = LINE('NONE',#12742,#16214) ;
#6820 = B_SPLINE_CURVE_WITH_KNOTS('NONE',3,(#10693,#13453,#11013,#15578),.UNSPECIFIED.,.F.,.F.,(4,4),(5.000000000000,6.000000000000),.UNSPECIFIED.) ;
#6821=CARTESIAN_POINT('NONE',(-6.211116444094,10.631208966985,3.75852549));
#6822=AXIS2_PLACEMENT_3D('NONE',#10513,#15308,#3313);
#6823 = FACE_OUTER_BOUND('NONE',#11288,.T.) ;
#6824 = PRESENTATION_STYLE_ASSIGNMENT((#1546)) ;
#6825 = ORIENTED_EDGE('NONE',*,*,#13736,.T.) ;
#6826=UNCERTAINTY_MEASURE_WITH_UNIT(LENGTH_MEASURE(9.164900000000001E-6),#6358,'distance_accuracy_value','NONE');
#6827=CARTESIAN_POINT('NONE',(-6.177192216809,10.45053386886,3.75852549));
#6828=DIRECTION('NONE',(0.,0.,-1.));
#6829 = SURFACE_SIDE_STYLE('',(#11508)) ;
#6830 = SURFACE_STYLE_FILL_AREA(#12836) ;
#6831=DIRECTION('NONE',(0.,1.,0.));
#6832 = VERTEX_POINT('NONE',#1514) ;
#6833=CARTESIAN_POINT('NONE',(-7.121405088169,10.565125599741,3.757609));
#6834 =(NAMED_UNIT(*) PLANE_ANGLE_UNIT() SI_UNIT($,.RADIAN.));
#6835=CARTESIAN_POINT('NONE',(-6.341858129024,11.066696940839,3.75852549));
#6836=DIRECTION('NONE',(0.,1.,0.));
#6837 = FILL_AREA_STYLE_COLOUR('',#1367) ;
#6838 =(NAMED_UNIT(*) PLANE_ANGLE_UNIT() SI_UNIT($,.RADIAN.));
#6839 = EDGE_CURVE('NONE',#16690,#1833,#13631,.T.) ;
#6840 = VERTEX_POINT('NONE',#10090) ;
#6841 = FILL_AREA_STYLE('',(#5837)) ;
#6842 = ORIENTED_EDGE('NONE',*,*,#7544,.T.) ;
#6843 = ORIENTED_EDGE('NONE',*,*,#7010,.F.) ;
#6844 = ORIENTED_EDGE('NONE',*,*,#15191,.T.) ;
#6845 = ADVANCED_FACE('NONE',(#11410),#14731,.F.) ;
#6847 = ADVANCED_FACE('NONE',(#8729),#12197,.F.) ;
#6846 = PRESENTATION_STYLE_ASSIGNMENT((#9310)) ;
#6848=UNCERTAINTY_MEASURE_WITH_UNIT(LENGTH_MEASURE(9.164900000000001E-6),#11757,'distance_accuracy_value','NONE');
#6849 = EDGE_CURVE('NONE',#11818,#7084,#5788,.T.) ;
#6850 =(NAMED_UNIT(*) PLANE_ANGLE_UNIT() SI_UNIT($,.RADIAN.));
#6851=DIRECTION('NONE',(1.,0.,0.));
#6852=CARTESIAN_POINT('NONE',(-4.748658252679,10.769574073776,3.757609));
#6853 = VERTEX_POINT('NONE',#13118) ;
#6854=CARTESIAN_POINT('NONE',(-5.498939999999,-12.071354926798,2.584482759178));
#6855 = MECHANICAL_DESIGN_GEOMETRIC_PRESENTATION_REPRESENTATION('',(#3335),#6375) ;
#6856 =(NAMED_UNIT(*) PLANE_ANGLE_UNIT() SI_UNIT($,.RADIAN.));
#6858=CARTESIAN_POINT('NONE',(-5.843095753715,10.663036753257,3.75852549));
#6857 = SURFACE_STYLE_USAGE(.BOTH.,#6620) ;
#6859 = VERTEX_POINT('NONE',#6956) ;
#6860 = EDGE_LOOP('NONE',(#5592,#3251,#10370,#1701,#1244,#6591,#9157,#13183,#8831,#7641,#6785,#12411,#8178,#12692,#3895,#9963,#4486,#2728,#5106,#6368,#3073)) ;
#6861 = ORIENTED_EDGE('NONE',*,*,#5325,.T.) ;
#6862 = ORIENTED_EDGE('NONE',*,*,#4248,.T.) ;
#6863 =(GEOMETRIC_REPRESENTATION_CONTEXT(3) GLOBAL_UNCERTAINTY_ASSIGNED_CONTEXT((#10160)) GLOBAL_UNIT_ASSIGNED_CONTEXT((#14682,#13656,#5515)) REPRESENTATION_CONTEXT('NONE','WORKASPACE'));
#6864 = MECHANICAL_DESIGN_GEOMETRIC_PRESENTATION_REPRESENTATION('',(#7129),#2113) ;
#6865 = EDGE_CURVE('NONE',#3722,#5462,#12014,.T.) ;
#6866=CARTESIAN_POINT('NONE',(-6.177192216809,10.45053386886,3.757609));
#6867=CARTESIAN_POINT('NONE',(-5.164039451376,10.439289321614,3.75852549));
#6868 = EDGE_CURVE('NONE',#16465,#2944,#15565,.T.) ;
#6869=CARTESIAN_POINT('NONE',(-6.002615856173,10.390499421698,3.757609));
#6870 = B_SPLINE_CURVE_WITH_KNOTS('NONE',3,(#12909,#16464,#10803,#15445),.UNSPECIFIED.,.F.,.F.,(4,4),(4.000000000000,5.000000000000),.UNSPECIFIED.) ;
#6871 =(LENGTH_UNIT() NAMED_UNIT(*) SI_UNIT(.MILLI.,.METRE.));
#6873=CARTESIAN_POINT('NONE',(-6.1818615627,10.981886372627,3.757609));
#6872 = SURFACE_STYLE_FILL_AREA(#2098) ;
#6874=AXIS2_PLACEMENT_3D('NONE',#10703,#15506,#14411);
#6875=CARTESIAN_POINT('NONE',(-1.832979999999,-12.070230534192,2.584482759178));
#6876=CARTESIAN_POINT('NONE',(-6.110487275519,10.396788744734,3.75852549));
#6877 =(GEOMETRIC_REPRESENTATION_CONTEXT(3) GLOBAL_UNCERTAINTY_ASSIGNED_CONTEXT((#13169)) GLOBAL_UNIT_ASSIGNED_CONTEXT((#3901,#1488,#1326)) REPRESENTATION_CONTEXT('NONE','WORKASPACE'));
#6878=UNCERTAINTY_MEASURE_WITH_UNIT(LENGTH_MEASURE(9.164900000000001E-6),#14565,'distance_accuracy_value','NONE');
#6879 = FILL_AREA_STYLE_COLOUR('',#7845) ;
#6880 = EDGE_LOOP('NONE',(#4223,#1133,#14570,#2086)) ;
#6881 = SURFACE_STYLE_FILL_AREA(#4367) ;
#6882 = MECHANICAL_DESIGN_GEOMETRIC_PRESENTATION_REPRESENTATION('',(#5391),#2391) ;
#6883 = FACE_OUTER_BOUND('NONE',#6148,.T.) ;
#6884 = LINE('NONE',#5404,#16246) ;
#6885=CARTESIAN_POINT('NONE',(-5.16184771759,10.726692325804,3.757609));
#6886 = EDGE_LOOP('NONE',(#4993,#6813,#12325,#9878)) ;
#6887=CARTESIAN_POINT('NONE',(-7.640896298254,11.460982940121,3.757609));
#6888 = LINE('NONE',#11644,#5541) ;
#6889=CARTESIAN_POINT('NONE',(-6.309935049978,11.032772713554,3.75852549));
#6890 = FACE_BOUND('NONE',#13731,.T.) ;
#6891=CARTESIAN_POINT('NONE',(-4.800116350248,10.769574073776,3.757609));
#6892 = ORIENTED_EDGE('NONE',*,*,#3112,.T.) ;
#6893=CARTESIAN_POINT('NONE',(5.49894,-11.091166380297,2.2728952));
#6894 = MECHANICAL_DESIGN_GEOMETRIC_PRESENTATION_REPRESENTATION('',(#4907),#15722) ;
#6895=CARTESIAN_POINT('NONE',(-5.951634222472,10.504660164078,3.757609));
#6896 = B_SPLINE_SURFACE_WITH_KNOTS('NONE',3,1,((#12760,#14040),(#10569,#5748),(#5512,#16555),(#11736,#10645)),.UNSPECIFIED.,.F.,.F.,.F.,(4,4),(2,2),(1.,2.000000000000),(0.,1.),.UNSPECIFIED.) ;
#6897=CARTESIAN_POINT('NONE',(-5.806979792645,10.31140641988,3.75852549));
#6898=VECTOR('NONE',#9143,916.49);
#6899 = ADVANCED_FACE('NONE',(#15037),#7190,.F.) ;
#6900=DIRECTION('NONE',(1.,0.,0.));
#6901 = EDGE_CURVE('NONE',#14126,#16178,#5608,.T.) ;
#6902=CARTESIAN_POINT('NONE',(9.163813426757,-6.233769380297,21.407686738066));
#6903=CARTESIAN_POINT('NONE',(-5.319938428449,11.090138963065,3.75852549));
#6904=DIRECTION('NONE',(0.,0.,1.));
#6905=DIRECTION('NONE',(-1.,0.,0.));
#6906=DIRECTION('NONE',(-1.,0.,0.));
#6907=AXIS2_PLACEMENT_3D('NONE',#14242,#8401,#1328);
#6908=DIRECTION('NONE',(0.,0.,1.));
#6909=CARTESIAN_POINT('NONE',(-5.812030309628,11.360961024704,3.757609));
#6910 = ORIENTED_EDGE('NONE',*,*,#7745,.T.) ;
#6911 = FACE_OUTER_BOUND('NONE',#4081,.T.) ;
#6912 = ORIENTED_EDGE('NONE',*,*,#4115,.T.) ;
#6913 = ORIENTED_EDGE('NONE',*,*,#1530,.F.) ;
#6914 = PRESENTATION_LAYER_ASSIGNMENT('','',(#10226)) ;
#6915 = VERTEX_POINT('NONE',#2329) ;
#6916=AXIS2_PLACEMENT_3D('NONE',#16502,#3172,#8002);
#6917 = SURFACE_STYLE_FILL_AREA(#15215) ;
#6918=CARTESIAN_POINT('NONE',(-4.77600727861,10.721927687138,3.757609));
#6919 = FACE_OUTER_BOUND('NONE',#2159,.T.) ;
#6920 = EDGE_CURVE('NONE',#16329,#15912,#9336,.T.) ;
#6921 = MECHANICAL_DESIGN_GEOMETRIC_PRESENTATION_REPRESENTATION('',(#1932),#5690) ;
#6922 =(NAMED_UNIT(*) PLANE_ANGLE_UNIT() SI_UNIT($,.RADIAN.));
#6923 = ADVANCED_FACE('NONE',(#7112),#5399,.T.) ;
#6924=CARTESIAN_POINT('NONE',(-6.158419540475,10.437955222787,3.757609));
#6925=CARTESIAN_POINT('NONE',(-7.280433022003,11.323158723214,3.757609));
#6926 = B_SPLINE_CURVE_WITH_KNOTS('NONE',3,(#7198,#13284,#15573,#2730),.UNSPECIFIED.,.F.,.F.,(4,4),(3.000000000000,4.000000000000),.UNSPECIFIED.) ;
#6927 = VERTEX_POINT('NONE',#6264) ;
#6928 = STYLED_ITEM('NONE',(#11449),#12542) ;
#6929 = ADVANCED_FACE('NONE',(#11152),#8698,.T.) ;
#6930=CARTESIAN_POINT('NONE',(-6.986231384852,11.066063581208,3.757609));
#6931 = PLANE('NONE',#8997) ;
#6932 = FACE_OUTER_BOUND('NONE',#11407,.T.) ;
#6934=DIRECTION('NONE',(0.,0.,-1.));
#6933 = SURFACE_STYLE_FILL_AREA(#3314) ;
#6935 = FILL_AREA_STYLE('',(#14069)) ;
#6936 = PLANE('NONE',#2458) ;
#6937 = ORIENTED_EDGE('NONE',*,*,#9264,.T.) ;
#6938 = ORIENTED_EDGE('NONE',*,*,#11213,.T.) ;
#6939 = ORIENTED_EDGE('NONE',*,*,#1303,.T.) ;
#6940 = EDGE_CURVE('NONE',#14044,#1975,#4092,.T.) ;
#6941 = LINE('NONE',#5689,#4821) ;
#6942=VECTOR('NONE',#9747,916.49);
#6943 = ORIENTED_EDGE('NONE',*,*,#4656,.T.) ;
#6944 = PRESENTATION_LAYER_ASSIGNMENT('','',(#4951)) ;
#6945 = STYLED_ITEM('NONE',(#3076),#11732) ;
#6946 = FILL_AREA_STYLE('',(#4514)) ;
#6947 = LINE('NONE',#10603,#8766) ;
#6948 = EDGE_CURVE('NONE',#14467,#1779,#13337,.T.) ;
#6949=CARTESIAN_POINT('NONE',(-6.277059043198,10.471879450071,3.757609));
#6950 =(NAMED_UNIT(*) PLANE_ANGLE_UNIT() SI_UNIT($,.RADIAN.));
#6951=CARTESIAN_POINT('NONE',(-6.27067442739,11.064028743188,3.757609));
#6952=AXIS2_PLACEMENT_3D('NONE',#1605,#1671,#13813);
#6953=DIRECTION('NONE',(1.,0.,0.));
#6954 = MECHANICAL_DESIGN_GEOMETRIC_PRESENTATION_REPRESENTATION('',(#4692),#4960) ;
#6955 = PRESENTATION_STYLE_ASSIGNMENT((#5866)) ;
#6956=CARTESIAN_POINT('NONE',(-6.219502208143,10.522003448814,3.757609));
#6957 = SURFACE_STYLE_USAGE(.BOTH.,#3178) ;
#6959 = SURFACE_SIDE_STYLE('',(#9168)) ;
#6958=CARTESIAN_POINT('NONE',(-6.268101522511,11.282439779529,3.75852549));
#6960=AXIS2_PLACEMENT_3D('NONE',#8553,#4847,#12178);
#6961 = SURFACE_SIDE_STYLE('',(#4683)) ;
#6962=CARTESIAN_POINT('NONE',(-1.163942299999,10.906231,3.8034335));
#6963=CARTESIAN_POINT('NONE',(-1.832979999999,-10.996616061486,2.2728952));
#6964 = EDGE_CURVE('NONE',#4137,#13939,#9975,.T.) ;
#6965=CARTESIAN_POINT('NONE',(-7.370548790513,10.395495864311,3.75852549));
#6966=DIRECTION('NONE',(1.,0.,0.));
#6967 = B_SPLINE_CURVE_WITH_KNOTS('NONE',3,(#3594,#8264,#15511,#1092),.UNSPECIFIED.,.F.,.F.,(4,4),(3.000000000000,4.000000000000),.UNSPECIFIED.) ;
#6968=VECTOR('NONE',#2925,916.49);
#6969 = VERTEX_POINT('NONE',#12173) ;
#6970 = COLOUR_RGB('',1.,1.,1.) ;
#6971 = MECHANICAL_DESIGN_GEOMETRIC_PRESENTATION_REPRESENTATION('',(#1952),#10014) ;
#6972 = PRESENTATION_LAYER_ASSIGNMENT('','',(#11521)) ;
#6973 =(GEOMETRIC_REPRESENTATION_CONTEXT(3) GLOBAL_UNCERTAINTY_ASSIGNED_CONTEXT((#12327)) GLOBAL_UNIT_ASSIGNED_CONTEXT((#1850,#1692,#10289)) REPRESENTATION_CONTEXT('NONE','WORKASPACE'));
#6974 =(NAMED_UNIT(*) PLANE_ANGLE_UNIT() SI_UNIT($,.RADIAN.));
#6975=UNCERTAINTY_MEASURE_WITH_UNIT(LENGTH_MEASURE(9.164900000000001E-6),#11647,'distance_accuracy_value','NONE');
#6976=CARTESIAN_POINT('NONE',(-5.80335866726,10.271383455106,3.75852549));
#6977 = ORIENTED_EDGE('NONE',*,*,#12514,.F.) ;
#6978=CARTESIAN_POINT('NONE',(-5.714355217025,10.441004591531,3.75852549));
#6979=CARTESIAN_POINT('NONE',(2.666985899999,10.906231,3.8034335));
#6980=AXIS2_PLACEMENT_3D('NONE',#15039,#16450,#11490);
#6981 = PRESENTATION_LAYER_ASSIGNMENT('','',(#1726)) ;
#6982=AXIS2_PLACEMENT_3D('NONE',#12715,#7919,#1862);
#6983 =(NAMED_UNIT(*) PLANE_ANGLE_UNIT() SI_UNIT($,.RADIAN.));
#6984=CARTESIAN_POINT('NONE',(-5.054262176566,10.691624585239,3.75852549));
#6985 =(GEOMETRIC_REPRESENTATION_CONTEXT(3) GLOBAL_UNCERTAINTY_ASSIGNED_CONTEXT((#3198)) GLOBAL_UNIT_ASSIGNED_CONTEXT((#8388,#8473,#11002)) REPRESENTATION_CONTEXT('NONE','WORKASPACE'));
#6986 = ORIENTED_EDGE('NONE',*,*,#8472,.F.) ;
#6987 = SURFACE_STYLE_FILL_AREA(#2118) ;
#6988 = EDGE_LOOP('NONE',(#15155,#12131,#11448,#11369)) ;
#6989 = SURFACE_STYLE_USAGE(.BOTH.,#10705) ;
#6990 = LINE('NONE',#4170,#11600) ;
#6991 = EDGE_CURVE('NONE',#12184,#15004,#1556,.T.) ;
#6992=CARTESIAN_POINT('NONE',(-6.110487275519,10.568125151077,3.75852549));
#6993=VECTOR('NONE',#9304,916.49);
#6994 = MECHANICAL_DESIGN_GEOMETRIC_PRESENTATION_REPRESENTATION('',(#2485),#1221) ;
#6995 = PRESENTATION_LAYER_ASSIGNMENT('','',(#7768)) ;
#6996=UNCERTAINTY_MEASURE_WITH_UNIT(LENGTH_MEASURE(9.164900000000001E-6),#4814,'distance_accuracy_value','NONE');
#6997=CARTESIAN_POINT('NONE',(-6.163851228551,10.46482778485,3.757609));
#6998 = LINE('NONE',#3132,#11769) ;
#6999=DIRECTION('NONE',(-1.,0.,0.));
#7000 = PLANE('NONE',#7228) ;
#7001 = PRESENTATION_STYLE_ASSIGNMENT((#9441)) ;
#7002=DIRECTION('NONE',(0.,1.,0.));
#7003=CARTESIAN_POINT('NONE',(-5.117441285245,10.726692325804,3.757609));
#7004 = MECHANICAL_DESIGN_GEOMETRIC_PRESENTATION_REPRESENTATION('',(#15579),#8031) ;
#7005 =(GEOMETRIC_REPRESENTATION_CONTEXT(3) GLOBAL_UNCERTAINTY_ASSIGNED_CONTEXT((#5003)) GLOBAL_UNIT_ASSIGNED_CONTEXT((#4405,#2550,#16659)) REPRESENTATION_CONTEXT('NONE','WORKASPACE'));
#7006 =(GEOMETRIC_REPRESENTATION_CONTEXT(3) GLOBAL_UNCERTAINTY_ASSIGNED_CONTEXT((#7143)) GLOBAL_UNIT_ASSIGNED_CONTEXT((#2791,#1614,#9651)) REPRESENTATION_CONTEXT('NONE','WORKASPACE'));
#7007 = VERTEX_POINT('NONE',#6342) ;
#7008 = ORIENTED_EDGE('NONE',*,*,#8593,.F.) ;
#7009 = ORIENTED_EDGE('NONE',*,*,#15268,.F.) ;
#7010 = EDGE_CURVE('NONE',#5466,#5930,#11798,.T.) ;
#7011 = ORIENTED_EDGE('NONE',*,*,#4611,.T.) ;
#7012=VECTOR('NONE',#3922,916.49);
#7013=DIRECTION('NONE',(0.990328603988,0.138741688482,0.));
#7014=UNCERTAINTY_MEASURE_WITH_UNIT(LENGTH_MEASURE(9.164900000000001E-6),#14287,'distance_accuracy_value','NONE');
#7015=CARTESIAN_POINT('NONE',(-4.942102582425,10.396788744734,3.75852549));
#7016=DIRECTION('NONE',(1.,0.,0.));
#7017=CARTESIAN_POINT('NONE',(-7.280433022003,11.323158723214,3.75852549));
#7018 = ORIENTED_EDGE('NONE',*,*,#2053,.T.) ;
#7019=CARTESIAN_POINT('NONE',(-5.498939999999,-11.647826370794,4.228584138747));
#7020 = FACE_OUTER_BOUND('NONE',#5522,.T.) ;
#7021=CARTESIAN_POINT('NONE',(-7.943049412983,11.19593638373,3.757609));
#7022=DIRECTION('NONE',(0.940953787683,-0.338535034295,0.));
#7024 = LINE('NONE',#15467,#9920) ;
#7023=CARTESIAN_POINT('NONE',(-9.163813426757,-6.233769380297,2.2728952));
#7025=DIRECTION('NONE',(0.,0.,-1.));
#7026 = FILL_AREA_STYLE('',(#16489)) ;
#7027 = ORIENTED_EDGE('NONE',*,*,#14845,.T.) ;
#7028 = ORIENTED_EDGE('NONE',*,*,#1169,.F.) ;
#7029 = VERTEX_POINT('NONE',#8770) ;
#7030 = STYLED_ITEM('NONE',(#9514),#15136) ;
#7031 = EDGE_CURVE('NONE',#6667,#11015,#6175,.T.) ;
#7032 = VERTEX_POINT('NONE',#16188) ;
#7033 = PRESENTATION_LAYER_ASSIGNMENT('','',(#15346)) ;
#7034 = EDGE_CURVE('NONE',#6416,#11529,#4337,.T.) ;
#7035 =(LENGTH_UNIT() NAMED_UNIT(*) SI_UNIT(.MILLI.,.METRE.));
#7036=CARTESIAN_POINT('NONE',(-5.498939999999,-11.676922941879,2.264400376919));
#7037=CARTESIAN_POINT('NONE',(-5.790875313962,10.663036753257,3.757609));
#7038=CARTESIAN_POINT('NONE',(-5.833471183615,10.316742815185,3.75852549));
#7039=DIRECTION('NONE',(-1.,0.,0.));
#7041 = SURFACE_SIDE_STYLE('',(#2492)) ;
#7040=CARTESIAN_POINT('NONE',(5.49894,0.,4.399152));
#7043 = PRESENTATION_LAYER_ASSIGNMENT('','',(#8564)) ;
#7042=DIRECTION('NONE',(0.,1.,0.));
#7044=DIRECTION('NONE',(-1.,0.,0.));
#7045=CARTESIAN_POINT('NONE',(-1.832979999999,-12.224854072297,2.739839260865));
#7046 = ADVANCED_FACE('NONE',(#11219),#10051,.F.) ;
#7047 =(NAMED_UNIT(*) SI_UNIT($,.STERADIAN.) SOLID_ANGLE_UNIT());
#7048 = SURFACE_STYLE_FILL_AREA(#9496) ;
#7049 = EDGE_CURVE('NONE',#6927,#5460,#12552,.T.) ;
#7050 = ORIENTED_EDGE('NONE',*,*,#6443,.F.) ;
#7051 = B_SPLINE_CURVE_WITH_KNOTS('NONE',3,(#3545,#8204,#11913,#2305),.UNSPECIFIED.,.F.,.F.,(4,4),(17.000000000000,18.000000000000),.UNSPECIFIED.) ;
#7052 = STYLED_ITEM('NONE',(#14715),#9458) ;
#7053 =(NAMED_UNIT(*) PLANE_ANGLE_UNIT() SI_UNIT($,.RADIAN.));
#7054 =(NAMED_UNIT(*) PLANE_ANGLE_UNIT() SI_UNIT($,.RADIAN.));
#7055 = EDGE_CURVE('NONE',#10417,#7210,#14309,.T.) ;
#7056 =(NAMED_UNIT(*) PLANE_ANGLE_UNIT() SI_UNIT($,.RADIAN.));
#7057 = ORIENTED_EDGE('NONE',*,*,#8151,.F.) ;
#7058 = PRESENTATION_LAYER_ASSIGNMENT('','',(#9594)) ;
#7059=CARTESIAN_POINT('NONE',(-5.82432307738,10.3131216898,3.75852549));
#7060=CARTESIAN_POINT('NONE',(-6.272866161175,10.497608498856,3.757609));
#7061=VECTOR('NONE',#8810,916.49);
#7062=CARTESIAN_POINT('NONE',(-5.951634222472,10.504660164078,3.75852549));
#7063 = SURFACE_SIDE_STYLE('',(#3665)) ;
#7064=CARTESIAN_POINT('NONE',(-7.72571121652,10.512116389569,3.757609));
#7065 = ORIENTED_EDGE('NONE',*,*,#12354,.F.) ;
#7066=DIRECTION('NONE',(0.,0.,1.));
#7067=CARTESIAN_POINT('NONE',(-5.822607807463,11.156081562169,3.75852549));
#7068=CIRCLE('NONE',#8590,1.6955065);
#7069=DIRECTION('NONE',(-0.252421897187,0.967617272386,0.));
#7070 =(GEOMETRIC_REPRESENTATION_CONTEXT(3) GLOBAL_UNCERTAINTY_ASSIGNED_CONTEXT((#15250)) GLOBAL_UNIT_ASSIGNED_CONTEXT((#14324,#10388,#6804)) REPRESENTATION_CONTEXT('NONE','WORKASPACE'));
#7071 = PRESENTATION_STYLE_ASSIGNMENT((#8269)) ;
#7072=CARTESIAN_POINT('NONE',(9.163813426757,-6.233769380297,2.1812462));
#7073=UNCERTAINTY_MEASURE_WITH_UNIT(LENGTH_MEASURE(9.164900000000001E-6),#1794,'distance_accuracy_value','NONE');
#7074 = FILL_AREA_STYLE_COLOUR('',#5717) ;
#7075 = LINE('NONE',#10563,#14353) ;
#7076=CYLINDRICAL_SURFACE('NONE',#12518,0.458245);
#7077=DIRECTION('NONE',(5.421010862427000E-16,1.,0.));
#7078 = ADVANCED_FACE('NONE',(#16025),#15853,.F.) ;
#7079 = LINE('NONE',#4799,#2714) ;
#7080 = MECHANICAL_DESIGN_GEOMETRIC_PRESENTATION_REPRESENTATION('',(#15913),#4307) ;
#7081 = SURFACE_STYLE_USAGE(.BOTH.,#16467) ;
#7082 = FACE_OUTER_BOUND('NONE',#6402,.T.) ;
#7083 = LINE('NONE',#7151,#8893) ;
#7084 = VERTEX_POINT('NONE',#16113) ;
#7085 = SURFACE_STYLE_USAGE(.BOTH.,#3370) ;
#7086 = ORIENTED_EDGE('NONE',*,*,#3643,.F.) ;
#7087 = ORIENTED_EDGE('NONE',*,*,#14382,.F.) ;
#7088 = COLOUR_RGB('',1.,1.,1.) ;
#7089 = EDGE_LOOP('NONE',(#6701,#13377,#4169,#6127)) ;
#7090 = SURFACE_SIDE_STYLE('',(#15983)) ;
#7091=CARTESIAN_POINT('NONE',(2.666985899999,10.906231,2.2454005));
#7092=CARTESIAN_POINT('NONE',(-7.166462921869,11.193285908054,3.757609));
#7093 = VERTEX_POINT('NONE',#14930) ;
#7094=CARTESIAN_POINT('NONE',(-5.163753573053,10.396788744734,3.757609));
#7095=DIRECTION('NONE',(0.,0.,-1.));
#7096=CARTESIAN_POINT('NONE',(11.8685455,-10.906231,3.757609));
#7097=CARTESIAN_POINT('NONE',(12.3267905,10.906231,3.8034335));
#7098=CARTESIAN_POINT('NONE',(-7.381150693211,11.41062409504,3.75852549));
#7099 = VERTEX_POINT('NONE',#4101) ;
#7100 = VERTEX_POINT('NONE',#11916) ;
#7101 = VERTEX_POINT('NONE',#11609) ;
#7102 = FILL_AREA_STYLE_COLOUR('',#15364) ;
#7103 = ORIENTED_EDGE('NONE',*,*,#14306,.F.) ;
#7104=UNCERTAINTY_MEASURE_WITH_UNIT(LENGTH_MEASURE(9.164900000000001E-6),#9902,'distance_accuracy_value','NONE');
#7105 = ADVANCED_FACE('NONE',(#7020),#6931,.F.) ;
#7106=DIRECTION('NONE',(0.,0.,1.));
#7107 = PLANE('NONE',#14077) ;
#7108=AXIS2_PLACEMENT_3D('NONE',#8717,#13540,#2512);
#7109 = SURFACE_STYLE_USAGE(.BOTH.,#5862) ;
#7110 = SURFACE_STYLE_FILL_AREA(#10680) ;
#7111 = FILL_AREA_STYLE_COLOUR('',#8949) ;
#7112 = FACE_OUTER_BOUND('NONE',#15253,.T.) ;
#7113=CARTESIAN_POINT('NONE',(-5.319938428449,11.090138963065,3.757609));
#7115 = PRESENTATION_STYLE_ASSIGNMENT((#3491)) ;
#7114 =(NAMED_UNIT(*) PLANE_ANGLE_UNIT() SI_UNIT($,.RADIAN.));
#7116 = ADVANCED_FACE('NONE',(#4585),#9468,.F.) ;
#7117=DIRECTION('NONE',(1.,0.,0.));
#7118 = FILL_AREA_STYLE('',(#10858)) ;
#7119 = SURFACE_SIDE_STYLE('',(#7048)) ;
#7120 =(GEOMETRIC_REPRESENTATION_CONTEXT(3) GLOBAL_UNCERTAINTY_ASSIGNED_CONTEXT((#5561)) GLOBAL_UNIT_ASSIGNED_CONTEXT((#3247,#2156,#15310)) REPRESENTATION_CONTEXT('NONE','WORKASPACE'));
#7121 = ORIENTED_EDGE('NONE',*,*,#2620,.T.) ;
#7122=UNCERTAINTY_MEASURE_WITH_UNIT(LENGTH_MEASURE(9.164900000000001E-6),#11106,'distance_accuracy_value','NONE');
#7123 =(LENGTH_UNIT() NAMED_UNIT(*) SI_UNIT(.MILLI.,.METRE.));
#7124=CARTESIAN_POINT('NONE',(-7.958952165924,11.3576147806,3.75852549));
#7125 =(LENGTH_UNIT() NAMED_UNIT(*) SI_UNIT(.MILLI.,.METRE.));
#7126 = ADVANCED_FACE('NONE',(#14065),#2154,.T.) ;
#7127 = ORIENTED_EDGE('NONE',*,*,#1302,.F.) ;
#7128 = STYLED_ITEM('NONE',(#8027),#3573) ;
#7129 = STYLED_ITEM('NONE',(#9502),#6108) ;
#7130=DIRECTION('NONE',(0.,0.,-1.));
#7131=CARTESIAN_POINT('NONE',(-5.498939999999,-11.091166380297,4.307503));
#7132=DIRECTION('NONE',(0.,0.,-1.));
#7133=CARTESIAN_POINT('NONE',(-6.388170416835,10.56469461124,3.75852549));
#7134=DIRECTION('NONE',(0.,0.,1.));
#7135=CARTESIAN_POINT('NONE',(-4.962781114222,10.587946047917,3.75852549));
#7136 = VERTEX_POINT('NONE',#12316) ;
#7137=CARTESIAN_POINT('NONE',(5.49894,-12.336322777172,2.913149434625));
#7138 = ORIENTED_EDGE('NONE',*,*,#15686,.F.) ;
#7139 = EDGE_CURVE('NONE',#7621,#4485,#5383,.T.) ;
#7140 = EDGE_CURVE('NONE',#1612,#15526,#7345,.T.) ;
#7141 = STYLED_ITEM('NONE',(#13191),#6299) ;
#7142 = LINE('NONE',#11727,#8878) ;
#7143=UNCERTAINTY_MEASURE_WITH_UNIT(LENGTH_MEASURE(9.164900000000001E-6),#2791,'distance_accuracy_value','NONE');
#7144=DIRECTION('NONE',(-1.,0.,0.));
#7145 = ORIENTED_EDGE('NONE',*,*,#6659,.T.) ;
#7146=CARTESIAN_POINT('NONE',(-6.242658352048,10.428807116553,3.75852549));
#7147 = PRESENTATION_STYLE_ASSIGNMENT((#11657)) ;
#7148 = PRESENTATION_STYLE_ASSIGNMENT((#12136)) ;
#7149=DIRECTION('NONE',(0.,0.,-1.));
#7151=CARTESIAN_POINT('NONE',(-6.078659489245,11.301688919731,3.75852549));
#7150=AXIS2_PLACEMENT_3D('NONE',#2927,#7749,#13093);
#7152 = B_SPLINE_CURVE_WITH_KNOTS('NONE',3,(#16111,#8840,#4025,#3808),.UNSPECIFIED.,.F.,.F.,(4,4),(3.000000000000,4.000000000000),.UNSPECIFIED.) ;
#7153=UNCERTAINTY_MEASURE_WITH_UNIT(LENGTH_MEASURE(9.164900000000001E-6),#13481,'distance_accuracy_value','NONE');
#7154=DIRECTION('NONE',(0.,0.,-1.));
#7155 = EDGE_LOOP('NONE',(#11133,#10726,#5054,#16099)) ;
#7156=DIRECTION('NONE',(0.,-1.,0.));
#7157 = ORIENTED_EDGE('NONE',*,*,#4950,.T.) ;
#7158 = MECHANICAL_DESIGN_GEOMETRIC_PRESENTATION_REPRESENTATION('',(#3131),#13483) ;
#7159 = EDGE_LOOP('NONE',(#5256,#2922,#7684,#5463)) ;
#7160 = EDGE_CURVE('NONE',#15926,#1760,#7412,.T.) ;
#7161 = VERTEX_POINT('NONE',#15937) ;
#7162=CARTESIAN_POINT('NONE',(-5.571606642663,10.988175695663,3.75852549));
#7163 =(NAMED_UNIT(*) SI_UNIT($,.STERADIAN.) SOLID_ANGLE_UNIT());
#7164=UNCERTAINTY_MEASURE_WITH_UNIT(LENGTH_MEASURE(9.164900000000001E-6),#14347,'distance_accuracy_value','NONE');
#7165 = B_SPLINE_SURFACE_WITH_KNOTS('NONE',3,1,((#13816,#15207),(#8899,#3006),(#1904,#11436),(#9208,#16240)),.UNSPECIFIED.,.F.,.F.,.F.,(4,4),(2,2),(12.000000000000,13.000000000000),(0.,1.),.UNSPECIFIED.) ;
#7166=CARTESIAN_POINT('NONE',(-8.520850904654,11.039558925569,3.75852549));
#7167 = PRESENTATION_STYLE_ASSIGNMENT((#8291)) ;
#7168 = SURFACE_STYLE_FILL_AREA(#2379) ;
#7169 = ADVANCED_FACE('NONE',(#1368),#16109,.F.) ;
#7170 = ORIENTED_EDGE('NONE',*,*,#10232,.F.) ;
#7171=CARTESIAN_POINT('NONE',(-6.236083150692,10.554974748367,3.757609));
#7172 = PRESENTATION_STYLE_ASSIGNMENT((#13175)) ;
#7174=CARTESIAN_POINT('NONE',(-8.075572640625,11.240994293262,3.757609));
#7173 = SURFACE_STYLE_FILL_AREA(#8453) ;
#7175 = FILL_AREA_STYLE('',(#15941)) ;
#7176 = ORIENTED_EDGE('NONE',*,*,#10423,.F.) ;
#7177 = ORIENTED_EDGE('NONE',*,*,#1803,.F.) ;
#7178 = ORIENTED_EDGE('NONE',*,*,#12072,.T.) ;
#7179 = SURFACE_SIDE_STYLE('',(#14449)) ;
#7180=AXIS2_PLACEMENT_3D('NONE',#9163,#13926,#5547);
#7181 = EDGE_LOOP('NONE',(#3792,#5953,#12994,#6147,#10142,#3231,#16587)) ;
#7182 =(GEOMETRIC_REPRESENTATION_CONTEXT(3) GLOBAL_UNCERTAINTY_ASSIGNED_CONTEXT((#13976)) GLOBAL_UNIT_ASSIGNED_CONTEXT((#9173,#10455,#4210)) REPRESENTATION_CONTEXT('NONE','WORKASPACE'));
#7183 =(NAMED_UNIT(*) SI_UNIT($,.STERADIAN.) SOLID_ANGLE_UNIT());
#7184=UNCERTAINTY_MEASURE_WITH_UNIT(LENGTH_MEASURE(9.164900000000001E-6),#2344,'distance_accuracy_value','NONE');
#7185=CARTESIAN_POINT('NONE',(10.259926524697,7.1027975,5.040695));
#7186 = SURFACE_STYLE_FILL_AREA(#6101) ;
#7187=CYLINDRICAL_SURFACE('NONE',#10730,1.2372615);
#7188=CARTESIAN_POINT('NONE',(-4.77486376533,10.721927687138,3.75852549));
#7189 = FACE_OUTER_BOUND('NONE',#4291,.T.) ;
#7190=CYLINDRICAL_SURFACE('NONE',#10774,0.458245);
#7191=CARTESIAN_POINT('NONE',(-6.047212874065,10.454345579789,3.75852549));
#7192 =(NAMED_UNIT(*) PLANE_ANGLE_UNIT() SI_UNIT($,.RADIAN.));
#7193=AXIS2_PLACEMENT_3D('NONE',#9824,#8696,#5223);
#7194 =(NAMED_UNIT(*) PLANE_ANGLE_UNIT() SI_UNIT($,.RADIAN.));
#7195=CARTESIAN_POINT('NONE',(-5.019003850454,10.720212417221,3.757609));
#7196 =(GEOMETRIC_REPRESENTATION_CONTEXT(3) GLOBAL_UNCERTAINTY_ASSIGNED_CONTEXT((#9840)) GLOBAL_UNIT_ASSIGNED_CONTEXT((#12113,#15721,#5321)) REPRESENTATION_CONTEXT('NONE','WORKASPACE'));
#7197=VECTOR('NONE',#15954,916.49);
#7198=CARTESIAN_POINT('NONE',(-7.958952165924,11.3576147806,3.757609));
#7199 = EDGE_LOOP('NONE',(#6073,#6607,#4534,#4498)) ;
#7200=CARTESIAN_POINT('NONE',(-5.833471183615,10.316742815185,3.75852549));
#7201 =(GEOMETRIC_REPRESENTATION_CONTEXT(3) GLOBAL_UNCERTAINTY_ASSIGNED_CONTEXT((#14346)) GLOBAL_UNIT_ASSIGNED_CONTEXT((#15306,#10364,#14142)) REPRESENTATION_CONTEXT('NONE','WORKASPACE'));
#7202 = COLOUR_RGB('',1.,1.,1.) ;
#7203 = COLOUR_RGB('',1.,1.,1.) ;
#7204 = PRESENTATION_LAYER_ASSIGNMENT('','',(#11752)) ;
#7205=CARTESIAN_POINT('NONE',(-6.017005064938,10.647980495079,3.75852549));
#7206=CARTESIAN_POINT('NONE',(-5.935339158244,10.496655571122,3.75852549));
#7207=CARTESIAN_POINT('NONE',(-7.935098036513,10.379592909157,3.75852549));
#7208=CARTESIAN_POINT('NONE',(-4.712732877155,10.540871417921,3.75852549));
#7209 = STYLED_ITEM('NONE',(#11659),#12946) ;
#7210 = VERTEX_POINT('NONE',#2555) ;
#7211=CIRCLE('NONE',#13268,0.458245);
#7212 = LINE('NONE',#1408,#4404) ;
#7213 = SURFACE_SIDE_STYLE('',(#11017)) ;
#7214 =(NAMED_UNIT(*) SI_UNIT($,.STERADIAN.) SOLID_ANGLE_UNIT());
#7215 = FACE_BOUND('NONE',#15260,.T.) ;
#7216=CARTESIAN_POINT('NONE',(-6.110487275519,10.396788744734,3.75852549));
#7217 = FACE_OUTER_BOUND('NONE',#7274,.T.) ;
#7218 =(GEOMETRIC_REPRESENTATION_CONTEXT(3) GLOBAL_UNCERTAINTY_ASSIGNED_CONTEXT((#2602)) GLOBAL_UNIT_ASSIGNED_CONTEXT((#6319,#9800,#13486)) REPRESENTATION_CONTEXT('NONE','WORKASPACE'));
#7219 = ORIENTED_EDGE('NONE',*,*,#6797,.F.) ;
#7221 = MECHANICAL_DESIGN_GEOMETRIC_PRESENTATION_REPRESENTATION('',(#13273),#6234) ;
#7220=CARTESIAN_POINT('NONE',(-6.1818615627,10.981886372627,3.757609));
#7222 =(GEOMETRIC_REPRESENTATION_CONTEXT(3) GLOBAL_UNCERTAINTY_ASSIGNED_CONTEXT((#7625)) GLOBAL_UNIT_ASSIGNED_CONTEXT((#10290,#2939,#7908)) REPRESENTATION_CONTEXT('NONE','WORKASPACE'));
#7223 = VERTEX_POINT('NONE',#6004) ;
#7224 = COLOUR_RGB('',0.949019607843,0.760784313725,0.180392156862) ;
#7225 = EDGE_CURVE('NONE',#9361,#7765,#13869,.T.) ;
#7226 = EDGE_LOOP('NONE',(#14960,#2713,#14117,#13870)) ;
#7227 = ADVANCED_FACE('NONE',(#9808),#6326,.F.) ;
#7228=AXIS2_PLACEMENT_3D('NONE',#14349,#5829,#2434);
#7229 = MECHANICAL_DESIGN_GEOMETRIC_PRESENTATION_REPRESENTATION('',(#15545),#4732) ;
#7230 =(NAMED_UNIT(*) PLANE_ANGLE_UNIT() SI_UNIT($,.RADIAN.));
#7231=VECTOR('NONE',#7245,916.49);
#7232 =(NAMED_UNIT(*) SI_UNIT($,.STERADIAN.) SOLID_ANGLE_UNIT());
#7233=AXIS2_PLACEMENT_3D('NONE',#6276,#4118,#5323);
#7234=UNCERTAINTY_MEASURE_WITH_UNIT(LENGTH_MEASURE(9.164900000000001E-6),#8548,'distance_accuracy_value','NONE');
#7235 = ORIENTED_EDGE('NONE',*,*,#11103,.T.) ;
#7236=DIRECTION('NONE',(0.,0.,-1.));
#7237=DIRECTION('NONE',(0.,0.,1.));
#7238 =(LENGTH_UNIT() NAMED_UNIT(*) SI_UNIT(.MILLI.,.METRE.));
#7239=DIRECTION('NONE',(0.,1.,0.));
#7240 = SURFACE_SIDE_STYLE('',(#7327)) ;
#7241=DIRECTION('NONE',(-0.252421897187,0.967617272386,0.));
#7242=DIRECTION('NONE',(1.,0.,0.));
#7243 = PRESENTATION_STYLE_ASSIGNMENT((#8664)) ;
#7244=CARTESIAN_POINT('NONE',(-7.866185871186,11.423876422859,3.75852549));
#7245=DIRECTION('NONE',(0.,1.,0.));
#7246 = FILL_AREA_STYLE_COLOUR('',#8335) ;
#7247 = ORIENTED_EDGE('NONE',*,*,#16010,.F.) ;
#7248=DIRECTION('NONE',(0.,0.,1.));
#7249 = ORIENTED_EDGE('NONE',*,*,#1708,.F.) ;
#7250 = EDGE_CURVE('NONE',#2318,#2591,#9053,.T.) ;
#7251 = ORIENTED_EDGE('NONE',*,*,#16586,.T.) ;
#7252=AXIS2_PLACEMENT_3D('NONE',#5735,#10326,#14023);
#7253 = COLOUR_RGB('',1.,1.,1.) ;
#7254 = EDGE_CURVE('NONE',#7724,#8360,#4158,.T.) ;
#7255=VECTOR('NONE',#10382,916.49);
#7256 = EDGE_LOOP('NONE',(#1355,#8923)) ;
#7257=CARTESIAN_POINT('NONE',(-3.950071899999,10.906231,2.2454005));
#7258=DIRECTION('NONE',(0.,0.,-1.));
#7259=CARTESIAN_POINT('NONE',(1.9887833,10.906231,3.8034335));
#7260 = MECHANICAL_DESIGN_GEOMETRIC_PRESENTATION_REPRESENTATION('',(#4742),#5248) ;
#7261 = EDGE_CURVE('NONE',#4093,#9722,#7726,.T.) ;
#7262 = VERTEX_POINT('NONE',#3932) ;
#7263 = EDGE_CURVE('NONE',#4420,#10812,#11542,.T.) ;
#7264 =(GEOMETRIC_REPRESENTATION_CONTEXT(3) GLOBAL_UNCERTAINTY_ASSIGNED_CONTEXT((#2645)) GLOBAL_UNIT_ASSIGNED_CONTEXT((#14677,#9949,#1533)) REPRESENTATION_CONTEXT('NONE','WORKASPACE'));
#7265 = COLOUR_RGB('',0.949019607843,0.760784313725,0.180392156862) ;
#7266 =(NAMED_UNIT(*) SI_UNIT($,.STERADIAN.) SOLID_ANGLE_UNIT());
#7267 =(NAMED_UNIT(*) SI_UNIT($,.STERADIAN.) SOLID_ANGLE_UNIT());
#7268=CARTESIAN_POINT('NONE',(-5.915327675856,10.474928818818,3.757609));
#7269=CARTESIAN_POINT('NONE',(-6.265814495952,10.390499421698,3.757609));
#7270 = LINE('NONE',#4361,#11837) ;
#7271 = FACE_OUTER_BOUND('NONE',#5778,.T.) ;
#7272 = ORIENTED_EDGE('NONE',*,*,#10158,.T.) ;
#7273 = ORIENTED_EDGE('NONE',*,*,#16016,.T.) ;
#7274 = EDGE_LOOP('NONE',(#1624,#4754,#5089,#13084)) ;
#7275 = ORIENTED_EDGE('NONE',*,*,#6191,.T.) ;
#7276=VECTOR('NONE',#9626,916.49);
#7277=VECTOR('NONE',#11826,916.49);
#7278=VECTOR('NONE',#9592,916.49);
#7279 = FILL_AREA_STYLE('',(#10995)) ;
#7280 = FACE_OUTER_BOUND('NONE',#11564,.T.) ;
#7281 = B_SPLINE_SURFACE_WITH_KNOTS('NONE',3,1,((#14915,#9127),(#1101,#15202),(#3363,#3297),(#10407,#8189)),.UNSPECIFIED.,.F.,.F.,.F.,(4,4),(2,2),(33.000000000000,34.000000000000),(0.,1.),.UNSPECIFIED.) ;
#7282=CARTESIAN_POINT('NONE',(-5.988607818503,10.570602763183,3.75852549));
#7283=CARTESIAN_POINT('NONE',(-5.126684684252,10.988175695663,3.75852549));
#7284=CARTESIAN_POINT('NONE',(-4.981553790559,10.687241117669,3.75852549));
#7285=CARTESIAN_POINT('NONE',(-8.075572640625,11.240994293262,3.75852549));
#7286 =(LENGTH_UNIT() NAMED_UNIT(*) SI_UNIT(.MILLI.,.METRE.));
#7287=CIRCLE('NONE',#16105,0.824841);
#7288 = ADVANCED_FACE('NONE',(#13891),#13591,.F.) ;
#7289=CARTESIAN_POINT('NONE',(-5.714355217025,10.441004591531,3.75852549));
#7290 = ADVANCED_FACE('NONE',(#10114),#7281,.F.) ;
#7291 = VERTEX_POINT('NONE',#5831) ;
#7292=CARTESIAN_POINT('NONE',(-5.027008443411,10.668182563013,3.75852549));
#7293 = STYLED_ITEM('NONE',(#10377),#8618) ;
#7294 =(NAMED_UNIT(*) SI_UNIT($,.STERADIAN.) SOLID_ANGLE_UNIT());
#7295 = ORIENTED_EDGE('NONE',*,*,#9550,.T.) ;
#7296=AXIS2_PLACEMENT_3D('NONE',#11243,#13860,#7693);
#7297 = EDGE_CURVE('NONE',#4315,#14048,#7456,.T.) ;
#7298 = FILL_AREA_STYLE('',(#2500)) ;
#7299=CARTESIAN_POINT('NONE',(-5.951634222472,10.504660164078,3.75852549));
#7300 = FILL_AREA_STYLE('',(#9591)) ;
#7301 = VERTEX_POINT('NONE',#1987) ;
#7302=CARTESIAN_POINT('NONE',(-5.498939999999,-12.418771579374,3.708937885747));
#7303 = ORIENTED_EDGE('NONE',*,*,#14610,.T.) ;
#7304=DIRECTION('NONE',(-0.94455746043,-0.328346164812,0.));
#7305 = LINE('NONE',#12119,#15028) ;
#7306=DIRECTION('NONE',(0.,0.,-1.));
#7307 = FILL_AREA_STYLE('',(#9921)) ;
#7308=DIRECTION('NONE',(1.,0.,0.));
#7309=VECTOR('NONE',#15942,916.49);
#7310=CARTESIAN_POINT('NONE',(-5.628687013854,11.318079276733,3.757609));
#7311 = ORIENTED_EDGE('NONE',*,*,#16519,.T.) ;
#7312=CARTESIAN_POINT('NONE',(-6.211116444094,10.631208966985,3.75852549));
#7313 = ADVANCED_FACE('NONE',(#11588),#4640,.F.) ;
#7314 = EDGE_CURVE('NONE',#6623,#9081,#1831,.T.) ;
#7315 = ORIENTED_EDGE('NONE',*,*,#2546,.F.) ;
#7316 = B_SPLINE_SURFACE_WITH_KNOTS('NONE',3,1,((#1227,#12468),(#1617,#12551),(#7903,#4027),(#5226,#4265)),.UNSPECIFIED.,.F.,.F.,.F.,(4,4),(2,2),(6.000000000000,7.000000000000),(0.,1.),.UNSPECIFIED.) ;
#7317 =(NAMED_UNIT(*) SI_UNIT($,.STERADIAN.) SOLID_ANGLE_UNIT());
#7318 = STYLED_ITEM('NONE',(#15437),#1254) ;
#7319=UNCERTAINTY_MEASURE_WITH_UNIT(LENGTH_MEASURE(9.164900000000001E-6),#9069,'distance_accuracy_value','NONE');
#7320 = COLOUR_RGB('',1.,1.,1.) ;
#7321 = FILL_AREA_STYLE('',(#3765)) ;
#7322=CARTESIAN_POINT('NONE',(2.666985899999,10.906231,3.8034335));
#7323 = ORIENTED_EDGE('NONE',*,*,#13042,.T.) ;
#7324 =(NAMED_UNIT(*) PLANE_ANGLE_UNIT() SI_UNIT($,.RADIAN.));
#7325=CARTESIAN_POINT('NONE',(-6.017005064938,10.647980495079,3.75852549));
#7326=CARTESIAN_POINT('NONE',(-5.498939999999,-8.799941380297,2.1812462));
#7327 = SURFACE_STYLE_FILL_AREA(#13154) ;
#7328 = LINE('NONE',#10805,#10310) ;
#7329=CARTESIAN_POINT('NONE',(-6.046926995746,10.574795645206,3.757609));
#7330=CARTESIAN_POINT('NONE',(-4.748658252679,10.769574073776,3.757609));
#7331 = FILL_AREA_STYLE('',(#1592)) ;
#7332 =(GEOMETRIC_REPRESENTATION_CONTEXT(3) GLOBAL_UNCERTAINTY_ASSIGNED_CONTEXT((#10462)) GLOBAL_UNIT_ASSIGNED_CONTEXT((#4748,#14368,#4661)) REPRESENTATION_CONTEXT('NONE','WORKASPACE'));
#7333 = ORIENTED_EDGE('NONE',*,*,#2355,.T.) ;
#7334=CARTESIAN_POINT('NONE',(-5.266288597095,10.396788744734,3.75852549));
#7335 = ORIENTED_EDGE('NONE',*,*,#2375,.F.) ;
#7336 = ORIENTED_EDGE('NONE',*,*,#2740,.T.) ;
#7337 =(GEOMETRIC_REPRESENTATION_CONTEXT(3) GLOBAL_UNCERTAINTY_ASSIGNED_CONTEXT((#11474)) GLOBAL_UNIT_ASSIGNED_CONTEXT((#6724,#13771,#5171)) REPRESENTATION_CONTEXT('NONE','WORKASPACE'));
#7338 = VERTEX_POINT('NONE',#15284) ;
#7339 = PRESENTATION_LAYER_ASSIGNMENT('','',(#10608)) ;
#7340 = LINE('NONE',#12222,#6231) ;
#7341 = SURFACE_STYLE_USAGE(.BOTH.,#3619) ;
#7342 = EDGE_LOOP('NONE',(#8303,#12087,#16002,#1742,#3532,#2821)) ;
#7343 = ADVANCED_FACE('NONE',(#14120),#8274,.T.) ;
#7344 = LINE('NONE',#8450,#15273) ;
#7345 = LINE('NONE',#8451,#1978) ;
#7346=CARTESIAN_POINT('NONE',(-11.8685455,-10.906231,3.8034335));
#7347 =(NAMED_UNIT(*) PLANE_ANGLE_UNIT() SI_UNIT($,.RADIAN.));
#7348 =(NAMED_UNIT(*) PLANE_ANGLE_UNIT() SI_UNIT($,.RADIAN.));
#7349=CYLINDRICAL_SURFACE('NONE',#6952,1.6955065);
#7350=CARTESIAN_POINT('NONE',(-5.95592239727,11.030676272542,3.757609));
#7351 = ORIENTED_EDGE('NONE',*,*,#12648,.F.) ;
#7352 = ORIENTED_EDGE('NONE',*,*,#2148,.T.) ;
#7353 = ORIENTED_EDGE('NONE',*,*,#5316,.F.) ;
#7354 = VERTEX_POINT('NONE',#10720) ;
#7355 = EDGE_CURVE('NONE',#13396,#15979,#8430,.T.) ;
#7356 = EDGE_CURVE('NONE',#12382,#14044,#4264,.T.) ;
#7357=DIRECTION('NONE',(1.,0.,0.));
#7358=DIRECTION('NONE',(0.,0.,-1.));
#7359=CARTESIAN_POINT('NONE',(-5.408941878684,10.988175695663,3.757609));
#7360=CARTESIAN_POINT('NONE',(-12.372614999999,-4.674098999999,4.399152));
#7361=CARTESIAN_POINT('NONE',(-7.280433022003,11.323158723214,3.757609));
#7362=DIRECTION('NONE',(0.,0.,-1.));
#7363=CARTESIAN_POINT('NONE',(10.631284,10.906231,3.8034335));
#7364 =(NAMED_UNIT(*) SI_UNIT($,.STERADIAN.) SOLID_ANGLE_UNIT());
#7365=DIRECTION('NONE',(3.035766082959000E-15,1.,0.));
#7366=CARTESIAN_POINT('NONE',(-6.157180734423,10.482933411771,3.757609));
#7367 = VERTEX_POINT('NONE',#3525) ;
#7368 = FILL_AREA_STYLE_COLOUR('',#8017) ;
#7369 = VERTEX_POINT('NONE',#3604) ;
#7370 = EDGE_CURVE('NONE',#13218,#14529,#3686,.T.) ;
#7371 = EDGE_CURVE('NONE',#1579,#15275,#13230,.T.) ;
#7372 = FILL_AREA_STYLE('',(#4927)) ;
#7373=DIRECTION('NONE',(0.,0.,-1.));
#7374 =(LENGTH_UNIT() NAMED_UNIT(*) SI_UNIT(.MILLI.,.METRE.));
#7375 = ORIENTED_EDGE('NONE',*,*,#10048,.T.) ;
#7376 = FILL_AREA_STYLE_COLOUR('',#7947) ;
#7377 = FILL_AREA_STYLE_COLOUR('',#15886) ;
#7378 = FILL_AREA_STYLE('',(#13460)) ;
#7379 =(GEOMETRIC_REPRESENTATION_CONTEXT(3) GLOBAL_UNCERTAINTY_ASSIGNED_CONTEXT((#3652)) GLOBAL_UNIT_ASSIGNED_CONTEXT((#9689,#7230,#4954)) REPRESENTATION_CONTEXT('NONE','WORKASPACE'));
#7380 = FACE_OUTER_BOUND('NONE',#4108,.T.) ;
#7381=CARTESIAN_POINT('NONE',(-5.104767346399,10.396788744734,3.757609));
#7382=CARTESIAN_POINT('NONE',(-6.005665224919,10.525624574197,3.757609));
#7383 = PRESENTATION_STYLE_ASSIGNMENT((#12122)) ;
#7384 = ORIENTED_EDGE('NONE',*,*,#15439,.T.) ;
#7385 = FILL_AREA_STYLE('',(#14653)) ;
#7386 = ORIENTED_EDGE('NONE',*,*,#12920,.F.) ;
#7387 = FACE_OUTER_BOUND('NONE',#9891,.T.) ;
#7388 = LINE('NONE',#2357,#14525) ;
#7389 = EDGE_LOOP('NONE',(#11992,#5520,#8262,#9223)) ;
#7390=CARTESIAN_POINT('NONE',(-7.354646037571,10.708250831187,3.757609));
#7391=CARTESIAN_POINT('NONE',(-6.177192216809,10.45053386886,3.757609));
#7392 =(NAMED_UNIT(*) SI_UNIT($,.STERADIAN.) SOLID_ANGLE_UNIT());
#7393 = B_SPLINE_CURVE_WITH_KNOTS('NONE',3,(#1538,#12394,#6243,#5359),.UNSPECIFIED.,.F.,.F.,(4,4),(18.000000000000,19.000000000000),.UNSPECIFIED.) ;
#7394 =(NAMED_UNIT(*) PLANE_ANGLE_UNIT() SI_UNIT($,.RADIAN.));
#7395 = FILL_AREA_STYLE_COLOUR('',#3422) ;
#7396 =(LENGTH_UNIT() NAMED_UNIT(*) SI_UNIT(.MILLI.,.METRE.));
#7397=CARTESIAN_POINT('NONE',(-5.493847739672,11.259569513944,3.757609));
#7398=VECTOR('NONE',#14191,916.49);
#7399 = VERTEX_POINT('NONE',#9530) ;
#7400=VECTOR('NONE',#13739,916.49);
#7401 = SURFACE_STYLE_FILL_AREA(#2687) ;
#7402 = EDGE_LOOP('NONE',(#7375,#12343,#14218,#8852)) ;
#7403 = EDGE_LOOP('NONE',(#1338,#8439)) ;
#7404 = B_SPLINE_SURFACE_WITH_KNOTS('NONE',3,1,((#14454,#10846),(#15643,#5004),(#2394,#11149),(#8546,#14695)),.UNSPECIFIED.,.F.,.F.,.F.,(4,4),(2,2),(2.000000000000,3.000000000000),(0.,1.),.UNSPECIFIED.) ;
#7405 = EDGE_LOOP('NONE',(#3822,#11760,#2852,#6206)) ;
#7406 = EDGE_CURVE('NONE',#4508,#16315,#2363,.T.) ;
#7407 = EDGE_CURVE('NONE',#16576,#1579,#12049,.T.) ;
#7408 =(NAMED_UNIT(*) PLANE_ANGLE_UNIT() SI_UNIT($,.RADIAN.));
#7409 = PLANE('NONE',#15221) ;
#7410 = ORIENTED_EDGE('NONE',*,*,#15235,.T.) ;
#7411 =(NAMED_UNIT(*) PLANE_ANGLE_UNIT() SI_UNIT($,.RADIAN.));
#7412 = LINE('NONE',#7171,#10036) ;
#7413 = FILL_AREA_STYLE_COLOUR('',#8835) ;
#7415=CARTESIAN_POINT('NONE',(-5.988607818503,10.570602763183,3.75852549));
#7414 = PLANE('NONE',#15652) ;
#7416=CARTESIAN_POINT('NONE',(-6.239990154395,10.390499421698,3.757609));
#7417=CARTESIAN_POINT('NONE',(-12.464263999999,-12.739211,2.291225));
#7418 = ORIENTED_EDGE('NONE',*,*,#8595,.T.) ;
#7419 = VERTEX_POINT('NONE',#2437) ;
#7420 = VERTEX_POINT('NONE',#5979) ;
#7421=DIRECTION('NONE',(-1.,0.,0.));
#7422 = EDGE_LOOP('NONE',(#16195,#12478,#10576,#4592)) ;
#7423 = EDGE_CURVE('NONE',#2139,#14704,#7328,.T.) ;
#7424=AXIS2_PLACEMENT_3D('NONE',#11409,#8602,#3861);
#7425=CYLINDRICAL_SURFACE('NONE',#1180,0.824841);
#7426 = EDGE_CURVE('NONE',#14062,#6658,#9619,.T.) ;
#7427 = FILL_AREA_STYLE_COLOUR('',#11184) ;
#7428 = PLANE('NONE',#9522) ;
#7429=CARTESIAN_POINT('NONE',(-6.874911810945,10.766561043261,3.75852549));
#7430 =(NAMED_UNIT(*) PLANE_ANGLE_UNIT() SI_UNIT($,.RADIAN.));
#7431 = SURFACE_STYLE_FILL_AREA(#13366) ;
#7432 = FILL_AREA_STYLE('',(#13438)) ;
#7433=CARTESIAN_POINT('NONE',(8.9357775,10.906231,2.2454005));
#7434 = LINE('NONE',#12106,#11012) ;
#7435 = ORIENTED_EDGE('NONE',*,*,#7917,.T.) ;
#7436 = ORIENTED_EDGE('NONE',*,*,#4630,.F.) ;
#7437=AXIS2_PLACEMENT_3D('NONE',#11255,#4134,#7702);
#7438 = SURFACE_STYLE_FILL_AREA(#8901) ;
#7439 = FILL_AREA_STYLE('',(#3743)) ;
#7440 =(GEOMETRIC_REPRESENTATION_CONTEXT(3) GLOBAL_UNCERTAINTY_ASSIGNED_CONTEXT((#1146)) GLOBAL_UNIT_ASSIGNED_CONTEXT((#11950,#10628,#8487)) REPRESENTATION_CONTEXT('NONE','WORKASPACE'));
#7441 = ORIENTED_EDGE('NONE',*,*,#9483,.T.) ;
#7442 = EDGE_CURVE('NONE',#16585,#5667,#3482,.T.) ;
#7443 = LINE('NONE',#6274,#6942) ;
#7444=UNCERTAINTY_MEASURE_WITH_UNIT(LENGTH_MEASURE(9.164900000000001E-6),#11299,'distance_accuracy_value','NONE');
#7445=VECTOR('NONE',#12568,916.49);
#7446=CARTESIAN_POINT('NONE',(-8.033165181491,11.071364633665,3.75852549));
#7447=CARTESIAN_POINT('NONE',(-6.874911810945,10.673794748524,3.75852549));
#7448 =(NAMED_UNIT(*) SI_UNIT($,.STERADIAN.) SOLID_ANGLE_UNIT());
#7449 = ORIENTED_EDGE('NONE',*,*,#11009,.F.) ;
#7450 =(GEOMETRIC_REPRESENTATION_CONTEXT(3) GLOBAL_UNCERTAINTY_ASSIGNED_CONTEXT((#14707)) GLOBAL_UNIT_ASSIGNED_CONTEXT((#7035,#5780,#3256)) REPRESENTATION_CONTEXT('NONE','WORKASPACE'));
#7451=CARTESIAN_POINT('NONE',(-6.157180734423,10.530389212863,3.75852549));
#7452=DIRECTION('NONE',(-1.,0.,0.));
#7453 = SURFACE_STYLE_USAGE(.BOTH.,#3832) ;
#7454 = ADVANCED_FACE('NONE',(#4596),#3483,.F.) ;
#7455=VECTOR('NONE',#16662,916.49);
#7456 = B_SPLINE_CURVE_WITH_KNOTS('NONE',3,(#5658,#10646,#7959,#15446),.UNSPECIFIED.,.F.,.F.,(4,4),(10.,11.),.UNSPECIFIED.) ;
#7457=VECTOR('NONE',#6064,916.49);
#7458 =(NAMED_UNIT(*) PLANE_ANGLE_UNIT() SI_UNIT($,.RADIAN.));
#7459 = LINE('NONE',#9848,#1529) ;
#7460 = FILL_AREA_STYLE('',(#9764)) ;
#7461 =(LENGTH_UNIT() NAMED_UNIT(*) SI_UNIT(.MILLI.,.METRE.));
#7462 = ORIENTED_EDGE('NONE',*,*,#9481,.T.) ;
#7463=CARTESIAN_POINT('NONE',(-6.157180734423,10.566028710066,3.75852549));
#7464 = EDGE_LOOP('NONE',(#12750,#2851,#8215,#10038)) ;
#7465 = MECHANICAL_DESIGN_GEOMETRIC_PRESENTATION_REPRESENTATION('',(#14024),#7201) ;
#7466=CIRCLE('NONE',#15270,1.6955065);
#7467=VECTOR('NONE',#13491,916.49);
#7468=AXIS2_PLACEMENT_3D('NONE',#5730,#11955,#4546);
#7469=UNCERTAINTY_MEASURE_WITH_UNIT(LENGTH_MEASURE(9.164900000000001E-6),#6450,'distance_accuracy_value','NONE');
#7470=DIRECTION('NONE',(-1.,0.,0.));
#7471=CARTESIAN_POINT('NONE',(-5.883023425717,10.513236513673,3.75852549));
#7472 = EDGE_LOOP('NONE',(#1202,#14545,#8537,#1780)) ;
#7473 = SURFACE_SIDE_STYLE('',(#2680)) ;
#7474=CARTESIAN_POINT('NONE',(-5.16184771759,10.726692325804,3.75852549));
#7475 = SURFACE_STYLE_FILL_AREA(#12372) ;
#7476 = COLOUR_RGB('',0.949019607843,0.760784313725,0.180392156862) ;
#7477 =(GEOMETRIC_REPRESENTATION_CONTEXT(3) GLOBAL_UNCERTAINTY_ASSIGNED_CONTEXT((#10956)) GLOBAL_UNIT_ASSIGNED_CONTEXT((#13168,#15385,#13001)) REPRESENTATION_CONTEXT('NONE','WORKASPACE'));
#7478 = PRESENTATION_LAYER_ASSIGNMENT('','',(#4706)) ;
#7479=DIRECTION('NONE',(0.,0.,-1.));
#7480=CARTESIAN_POINT('NONE',(-6.078659489245,11.003613124933,3.75852549));
#7481 =(NAMED_UNIT(*) SI_UNIT($,.STERADIAN.) SOLID_ANGLE_UNIT());
#7482 = MECHANICAL_DESIGN_GEOMETRIC_PRESENTATION_REPRESENTATION('',(#3433),#16549) ;
#7483 = STYLED_ITEM('NONE',(#15568),#13220) ;
#7484=DIRECTION('NONE',(0.,0.,-1.));
#7485 = EDGE_CURVE('NONE',#12758,#3350,#4763,.T.) ;
#7486 = B_SPLINE_CURVE_WITH_KNOTS('NONE',3,(#5833,#2290,#7244,#8355),.UNSPECIFIED.,.F.,.F.,(4,4),(2.000000000000,3.000000000000),.UNSPECIFIED.) ;
#7487=DIRECTION('NONE',(-0.36679767895,-0.930300737781,0.));
#7488 = EDGE_LOOP('NONE',(#12126,#10369,#5873,#11806)) ;
#7489 = ORIENTED_EDGE('NONE',*,*,#14104,.F.) ;
#7490=VECTOR('NONE',#6602,916.49);
#7491=VECTOR('NONE',#2588,916.49);
#7492=VECTOR('NONE',#7239,916.49);
#7493 = SURFACE_STYLE_FILL_AREA(#3927) ;
#7494 = LINE('NONE',#3928,#13017) ;
#7495 = EDGE_CURVE('NONE',#11529,#13781,#16677,.T.) ;
#7496=DIRECTION('NONE',(0.,-1.,0.));
#7497 = PRESENTATION_STYLE_ASSIGNMENT((#13488)) ;
#7498 = SURFACE_STYLE_FILL_AREA(#16089) ;
#7499 = FILL_AREA_STYLE('',(#5060)) ;
#7500 = ORIENTED_EDGE('NONE',*,*,#4775,.T.) ;
#7501=CARTESIAN_POINT('NONE',(-8.004010100733,11.32580918625,3.75852549));
#7502 = FILL_AREA_STYLE_COLOUR('',#2227) ;
#7503=CARTESIAN_POINT('NONE',(-4.837852288461,10.540871417921,3.757609));
#7504 = SURFACE_STYLE_FILL_AREA(#4899) ;
#7506 = FILL_AREA_STYLE_COLOUR('',#4096) ;
#7505=CARTESIAN_POINT('NONE',(-5.523293206613,11.344570667703,3.757609));
#7507 = COLOUR_RGB('',1.,1.,1.) ;
#7508 = MECHANICAL_DESIGN_GEOMETRIC_PRESENTATION_REPRESENTATION('',(#15050),#10503) ;
#7509 = COLOUR_RGB('',1.,1.,1.) ;
#7510 =(GEOMETRIC_REPRESENTATION_CONTEXT(3) GLOBAL_UNCERTAINTY_ASSIGNED_CONTEXT((#12206)) GLOBAL_UNIT_ASSIGNED_CONTEXT((#10335,#10401,#8888)) REPRESENTATION_CONTEXT('NONE','WORKASPACE'));
#7511 = MECHANICAL_DESIGN_GEOMETRIC_PRESENTATION_REPRESENTATION('',(#10531),#13544) ;
#7512 = LINE('NONE',#7350,#3512) ;
#7513 = EDGE_CURVE('NONE',#6677,#2105,#10677,.T.) ;
#7514 = VERTEX_POINT('NONE',#6017) ;
#7515 = STYLED_ITEM('NONE',(#5943),#2855) ;
#7516 = VERTEX_POINT('NONE',#16498) ;
#7517 = ORIENTED_EDGE('NONE',*,*,#7371,.F.) ;
#7518=SHAPE_DEFINITION_REPRESENTATION(#13092,#2804);
#7519 = ORIENTED_EDGE('NONE',*,*,#8138,.T.) ;
#7520 = STYLED_ITEM('NONE',(#10767),#14417) ;
#7521 = PRESENTATION_STYLE_ASSIGNMENT((#4257)) ;
#7522=AXIS2_PLACEMENT_3D('NONE',#11677,#5596,#6688);
#7523 = STYLED_ITEM('NONE',(#5132),#7227) ;
#7524 = FACE_OUTER_BOUND('NONE',#2017,.T.) ;
#7525=DIRECTION('NONE',(0.,0.,-1.));
#7526 = LINE('NONE',#2397,#6674) ;
#7527=CARTESIAN_POINT('NONE',(-4.962781114222,10.643215856416,3.75852549));
#7528=DIRECTION('NONE',(0.,0.,-1.));
#7530 =(NAMED_UNIT(*) PLANE_ANGLE_UNIT() SI_UNIT($,.RADIAN.));
#7529=CARTESIAN_POINT('NONE',(-5.962878769719,10.631208966985,3.757609));
#7531 =(NAMED_UNIT(*) SI_UNIT($,.STERADIAN.) SOLID_ANGLE_UNIT());
#7532=DIRECTION('NONE',(1.,0.,0.));
#7533 = ORIENTED_EDGE('NONE',*,*,#13212,.T.) ;
#7534 = VERTEX_POINT('NONE',#2393) ;
#7535 = EDGE_CURVE('NONE',#1365,#3632,#6947,.T.) ;
#7536=AXIS2_PLACEMENT_3D('NONE',#14429,#7248,#13236);
#7537=CARTESIAN_POINT('NONE',(-6.27067442739,11.064028743188,3.75852549));
#7538 = ORIENTED_EDGE('NONE',*,*,#1856,.F.) ;
#7539 = FILL_AREA_STYLE_COLOUR('',#2218) ;
#7540=CARTESIAN_POINT('NONE',(-5.822607807463,11.156081562169,3.75852549));
#7541 = FILL_AREA_STYLE_COLOUR('',#6030) ;
#7542 = PLANE('NONE',#8581) ;
#7543 = MECHANICAL_DESIGN_GEOMETRIC_PRESENTATION_REPRESENTATION('',(#1525),#14344) ;
#7544 = EDGE_CURVE('NONE',#2654,#14629,#13097,.T.) ;
#7545=CARTESIAN_POINT('NONE',(-6.004045247773,10.988175695663,3.757609));
#7546=CARTESIAN_POINT('NONE',(2.666985899999,10.906231,3.8034335));
#7547=DIRECTION('NONE',(1.,0.,0.));
#7548 = B_SPLINE_SURFACE_WITH_KNOTS('NONE',3,1,((#7722,#7809),(#9123,#1661),(#7952,#16088),(#4005,#1745)),.UNSPECIFIED.,.F.,.F.,.F.,(4,4),(2,2),(2.000000000000,3.000000000000),(0.,1.),.UNSPECIFIED.) ;
#7549=CARTESIAN_POINT('NONE',(-8.136533328375,11.246295219333,3.757609));
#7550 = EDGE_LOOP('NONE',(#5574,#3785,#14301,#13565)) ;
#7551 = EDGE_CURVE('NONE',#9519,#13145,#13112,.T.) ;
#7552 = MECHANICAL_DESIGN_GEOMETRIC_PRESENTATION_REPRESENTATION('',(#15861),#4256) ;
#7553 = ADVANCED_FACE('NONE',(#12941),#7107,.T.) ;
#7554 = EDGE_CURVE('NONE',#12067,#14326,#8693,.T.) ;
#7555=CARTESIAN_POINT('NONE',(-6.286302442207,10.39755108692,3.75852549));
#7556=CARTESIAN_POINT('NONE',(-5.806979792645,10.31140641988,3.75852549));
#7557 = FACE_OUTER_BOUND('NONE',#16618,.T.) ;
#7558 = SURFACE_STYLE_USAGE(.BOTH.,#8727) ;
#7559 = FILL_AREA_STYLE_COLOUR('',#14298) ;
#7560 = PRESENTATION_STYLE_ASSIGNMENT((#7794)) ;
#7561=DIRECTION('NONE',(0.,0.,-1.));
#7562 = PRESENTATION_LAYER_ASSIGNMENT('','',(#13364)) ;
#7563=CARTESIAN_POINT('NONE',(-5.026627272316,10.503897821893,3.75852549));
#7564=CARTESIAN_POINT('NONE',(-6.272103818988,10.620345590831,3.757609));
#7565 = FACE_OUTER_BOUND('NONE',#4541,.T.) ;
#7566 = SURFACE_STYLE_USAGE(.BOTH.,#2764) ;
#7567 = MECHANICAL_DESIGN_GEOMETRIC_PRESENTATION_REPRESENTATION('',(#13611),#5050) ;
#7568 = PLANE('NONE',#10058) ;
#7569 = ORIENTED_EDGE('NONE',*,*,#11051,.F.) ;
#7570 = B_SPLINE_CURVE_WITH_KNOTS('NONE',3,(#16440,#11475,#15251,#11555),.UNSPECIFIED.,.F.,.F.,(4,4),(6.000000000000,7.000000000000),.UNSPECIFIED.) ;
#7571 = MECHANICAL_DESIGN_GEOMETRIC_PRESENTATION_REPRESENTATION('',(#6314),#10504) ;
#7572 = ORIENTED_EDGE('NONE',*,*,#8411,.T.) ;
#7573 =(GEOMETRIC_REPRESENTATION_CONTEXT(3) GLOBAL_UNCERTAINTY_ASSIGNED_CONTEXT((#7153)) GLOBAL_UNIT_ASSIGNED_CONTEXT((#13481,#11046,#5120)) REPRESENTATION_CONTEXT('NONE','WORKASPACE'));
#7574=DIRECTION('NONE',(0.,0.,1.));
#7575 = EDGE_CURVE('NONE',#7367,#5838,#10299,.T.) ;
#7576 = FILL_AREA_STYLE('',(#1659)) ;
#7577 = LINE('NONE',#8967,#8675) ;
#7578=DIRECTION('NONE',(0.,1.,3.469446951953000E-16));
#7579 = PRESENTATION_STYLE_ASSIGNMENT((#14747)) ;
#7580 = ORIENTED_EDGE('NONE',*,*,#9838,.F.) ;
#7581 = LINE('NONE',#1748,#8724) ;
#7582=AXIS2_PLACEMENT_3D('NONE',#3110,#16134,#8937);
#7583 = SURFACE_STYLE_USAGE(.BOTH.,#5202) ;
#7584=CARTESIAN_POINT('NONE',(-5.998804145243,10.606051674839,3.75852549));
#7586 = FACE_BOUND('NONE',#11010,.T.) ;
#7585=CARTESIAN_POINT('NONE',(-5.962878769719,10.631208966985,3.757609));
#7587=AXIS2_PLACEMENT_3D('NONE',#11400,#3045,#10001);
#7588=CARTESIAN_POINT('NONE',(-5.019003850454,10.720212417221,3.757609));
#7589 = ORIENTED_EDGE('NONE',*,*,#14392,.F.) ;
#7590 = ORIENTED_EDGE('NONE',*,*,#6758,.T.) ;
#7591 = ORIENTED_EDGE('NONE',*,*,#8593,.T.) ;
#7592 = COLOUR_RGB('',1.,1.,1.) ;
#7593 = ORIENTED_EDGE('NONE',*,*,#14614,.F.) ;
#7594 = SURFACE_STYLE_USAGE(.BOTH.,#13908) ;
#7595=DIRECTION('NONE',(1.,0.,0.));
#7596=CARTESIAN_POINT('NONE',(-7.288384398475,11.156179400271,3.757609));
#7597 = FACE_OUTER_BOUND('NONE',#14217,.T.) ;
#7598 =(LENGTH_UNIT() NAMED_UNIT(*) SI_UNIT(.MILLI.,.METRE.));
#7599 = B_SPLINE_CURVE_WITH_KNOTS('NONE',3,(#8750,#2703,#7585,#12233),.UNSPECIFIED.,.F.,.F.,(4,4),(11.,12.000000000000),.UNSPECIFIED.) ;
#7600=CARTESIAN_POINT('NONE',(-6.521485006643,11.360961024704,3.757609));
#7601 = PRESENTATION_LAYER_ASSIGNMENT('','',(#12871)) ;
#7602 = ORIENTED_EDGE('NONE',*,*,#7254,.T.) ;
#7603 = ORIENTED_EDGE('NONE',*,*,#14905,.F.) ;
#7604=CARTESIAN_POINT('NONE',(-5.714355217025,10.441004591531,3.757609));
#7605 = VERTEX_POINT('NONE',#13431) ;
#7606=CARTESIAN_POINT('NONE',(-8.454589271874,10.528019142508,3.757609));
#7607=UNCERTAINTY_MEASURE_WITH_UNIT(LENGTH_MEASURE(9.164900000000001E-6),#14437,'distance_accuracy_value','NONE');
#7608 = EDGE_CURVE('NONE',#4111,#1918,#8410,.T.) ;
#7609=CARTESIAN_POINT('NONE',(-1.832979999999,-11.390158866083,2.1812462));
#7610=CARTESIAN_POINT('NONE',(-7.72571121652,10.512116389569,3.75852549));
#7611=CARTESIAN_POINT('NONE',(-1.163942299999,10.906231,2.2454005));
#7612=CARTESIAN_POINT('NONE',(-5.99785121751,10.428616531006,3.75852549));
#7613=CARTESIAN_POINT('NONE',(-6.272580282855,10.44881859894,3.75852549));
#7614=CARTESIAN_POINT('NONE',(-5.498939999999,-11.922747486017,2.372234117331));
#7615 = FILL_AREA_STYLE('',(#9993)) ;
#7616=CARTESIAN_POINT('NONE',(-5.498939999999,-4.674098999999,4.307503));
#7617=CARTESIAN_POINT('NONE',(-8.441336868224,11.11907286721,3.75852549));
#7618 = PLANE('NONE',#3771) ;
#7619=CARTESIAN_POINT('NONE',(-8.441336868224,11.11907286721,3.757609));
#7620 = FACE_OUTER_BOUND('NONE',#2612,.T.) ;
#7621 = VERTEX_POINT('NONE',#10996) ;
#7622 = B_SPLINE_CURVE_WITH_KNOTS('NONE',3,(#5245,#14793,#10069,#8785),.UNSPECIFIED.,.F.,.F.,(4,4),(19.000000000000,20.),.UNSPECIFIED.) ;
#7623 = ADVANCED_FACE('NONE',(#12245),#1550,.F.) ;
#7624=CARTESIAN_POINT('NONE',(-5.3557685112,10.988175695663,3.757609));
#7625=UNCERTAINTY_MEASURE_WITH_UNIT(LENGTH_MEASURE(9.164900000000001E-6),#10290,'distance_accuracy_value','NONE');
#7626 = FACE_OUTER_BOUND('NONE',#2237,.T.) ;
#7627=CARTESIAN_POINT('NONE',(-7.230074236952,10.557174223269,3.75852549));
#7628=CARTESIAN_POINT('NONE',(-6.166519426202,11.323796843128,3.75852549));
#7629 = ADVANCED_FACE('NONE',(#7280),#10920,.T.) ;
#7630 = ORIENTED_EDGE('NONE',*,*,#15062,.T.) ;
#7631 = COLOUR_RGB('',1.,1.,1.) ;
#7632 = SURFACE_STYLE_USAGE(.BOTH.,#5178) ;
#7633 = SURFACE_STYLE_FILL_AREA(#3988) ;
#7634 = FILL_AREA_STYLE('',(#3682)) ;
#7635=CARTESIAN_POINT('NONE',(-6.157180734423,10.609482214678,3.757609));
#7636=CYLINDRICAL_SURFACE('NONE',#12192,0.824841);
#7637 =(NAMED_UNIT(*) PLANE_ANGLE_UNIT() SI_UNIT($,.RADIAN.));
#7638 = EDGE_CURVE('NONE',#11145,#15195,#12185,.T.) ;
#7639 = B_SPLINE_CURVE_WITH_KNOTS('NONE',3,(#14554,#12030,#15653,#1487),.UNSPECIFIED.,.F.,.F.,(4,4),(33.000000000000,34.000000000000),.UNSPECIFIED.) ;
#7640 = SURFACE_STYLE_FILL_AREA(#11571) ;
#7641 = ORIENTED_EDGE('NONE',*,*,#13004,.F.) ;
#7642=VECTOR('NONE',#4826,916.49);
#7643 = PRESENTATION_LAYER_ASSIGNMENT('','',(#15453)) ;
#7644 = ORIENTED_EDGE('NONE',*,*,#8420,.T.) ;
#7645 = EDGE_CURVE('NONE',#5373,#7894,#7747,.T.) ;
#7646=CARTESIAN_POINT('NONE',(-5.994039506579,10.61481860998,3.757609));
#7647 =(NAMED_UNIT(*) SI_UNIT($,.STERADIAN.) SOLID_ANGLE_UNIT());
#7648 = B_SPLINE_CURVE_WITH_KNOTS('NONE',3,(#10880,#5824,#10798,#2430),.UNSPECIFIED.,.F.,.F.,(4,4),(19.000000000000,20.),.UNSPECIFIED.) ;
#7649 =(NAMED_UNIT(*) SI_UNIT($,.STERADIAN.) SOLID_ANGLE_UNIT());
#7650=CARTESIAN_POINT('NONE',(-7.72571121652,10.485611733927,3.75852549));
#7651=CARTESIAN_POINT('NONE',(-5.480220873091,11.177998900022,3.75852549));
#7652 = EDGE_LOOP('NONE',(#8520,#9064,#14686,#8043)) ;
#7653 = LINE('NONE',#12451,#3181) ;
#7654=VECTOR('NONE',#5118,916.49);
#7655=CARTESIAN_POINT('NONE',(-5.883023425717,10.513236513673,3.757609));
#7656 = SURFACE_SIDE_STYLE('',(#14681)) ;
#7657=CARTESIAN_POINT('NONE',(-5.998804145243,10.595378884234,3.757609));
#7660 = FACE_BOUND('NONE',#8302,.T.) ;
#7659 = PRESENTATION_LAYER_ASSIGNMENT('','',(#9156)) ;
#7658 = SURFACE_STYLE_USAGE(.BOTH.,#1602) ;
#7661 = EDGE_CURVE('NONE',#6093,#3010,#15074,.T.) ;
#7662 =(NAMED_UNIT(*) PLANE_ANGLE_UNIT() SI_UNIT($,.RADIAN.));
#7663 = LINE('NONE',#12397,#6316) ;
#7664 = VERTEX_POINT('NONE',#11525) ;
#7665 = ORIENTED_EDGE('NONE',*,*,#1380,.F.) ;
#7666 = VERTEX_POINT('NONE',#11372) ;
#7667 = ORIENTED_EDGE('NONE',*,*,#16493,.F.) ;
#7668 = EDGE_CURVE('NONE',#16474,#1478,#6675,.T.) ;
#7669 = EDGE_CURVE('NONE',#6832,#3669,#14994,.T.) ;
#7670=CYLINDRICAL_SURFACE('NONE',#10770,1.6955065);
#7671 = B_SPLINE_SURFACE_WITH_KNOTS('NONE',3,1,((#15166,#6951),(#15563,#14157),(#15409,#15480),(#2488,#11785)),.UNSPECIFIED.,.F.,.F.,.F.,(4,4),(2,2),(10.,11.),(0.,1.),.UNSPECIFIED.) ;
#7672=UNCERTAINTY_MEASURE_WITH_UNIT(LENGTH_MEASURE(9.164900000000001E-6),#11758,'distance_accuracy_value','NONE');
#7673=CARTESIAN_POINT('NONE',(-9.163813426757,-6.233769380297,2.2728952));
#7674 = PRESENTATION_STYLE_ASSIGNMENT((#1767)) ;
#7675=DIRECTION('NONE',(0.,0.,1.));
#7676=CARTESIAN_POINT('NONE',(-6.272008526216,10.660940312245,3.757609));
#7677=DIRECTION('NONE',(-0.990328603988,-0.138741688482,0.));
#7678=DIRECTION('NONE',(0.,0.,-1.));
#7679=CARTESIAN_POINT('NONE',(-6.033681300261,10.549066596423,3.757609));
#7680 = ORIENTED_EDGE('NONE',*,*,#3217,.F.) ;
#7681 = ORIENTED_EDGE('NONE',*,*,#7731,.T.) ;
#7682=CARTESIAN_POINT('NONE',(-5.738654874208,10.397360501373,3.75852549));
#7683=VECTOR('NONE',#4406,916.49);
#7684 = ORIENTED_EDGE('NONE',*,*,#5350,.F.) ;
#7685 = LINE('NONE',#6566,#16264) ;
#7686=CARTESIAN_POINT('NONE',(-1.832979999999,-12.520208271591,3.2901991));
#7687 =(NAMED_UNIT(*) PLANE_ANGLE_UNIT() SI_UNIT($,.RADIAN.));
#7688=CARTESIAN_POINT('NONE',(-7.993408248587,10.586329304028,3.75852549));
#7689=DIRECTION('NONE',(0.,0.,1.));
#7690 = FILL_AREA_STYLE('',(#11546)) ;
#7691 = SURFACE_STYLE_USAGE(.BOTH.,#1797) ;
#7692=CARTESIAN_POINT('NONE',(-5.498939999999,-11.190552435893,4.307503));
#7693=DIRECTION('NONE',(0.,0.,-1.));
#7694=UNCERTAINTY_MEASURE_WITH_UNIT(LENGTH_MEASURE(9.164900000000001E-6),#6307,'distance_accuracy_value','NONE');
#7695 = FACE_OUTER_BOUND('NONE',#11032,.T.) ;
#7696=VECTOR('NONE',#14409,916.49);
#7697=DIRECTION('NONE',(-1.,0.,0.));
#7698 = EDGE_LOOP('NONE',(#13329,#16123,#5502,#5189)) ;
#7699 = STYLED_ITEM('NONE',(#4843),#4505) ;
#7700 = LINE('NONE',#2018,#5093) ;
#7701 = FILL_AREA_STYLE('',(#4219)) ;
#7702=DIRECTION('NONE',(-1.,0.,0.));
#7703=CARTESIAN_POINT('NONE',(-7.245976989894,10.970646810797,3.75852549));
#7704 = MECHANICAL_DESIGN_GEOMETRIC_PRESENTATION_REPRESENTATION('',(#8713),#11993) ;
#7705 = ORIENTED_EDGE('NONE',*,*,#5394,.F.) ;
#7706=DIRECTION('NONE',(0.133354764893,-0.9910683663,0.));
#7707 =(NAMED_UNIT(*) SI_UNIT($,.STERADIAN.) SOLID_ANGLE_UNIT());
#7708 = FACE_OUTER_BOUND('NONE',#11616,.T.) ;
#7709 = SURFACE_SIDE_STYLE('',(#16222)) ;
#7710=CARTESIAN_POINT('NONE',(-6.36911186218,10.396788744734,3.757609));
#7711=CARTESIAN_POINT('NONE',(-5.013381576833,10.586611949093,3.75852549));
#7712 = COLOUR_RGB('',1.,1.,1.) ;
#7713 =(NAMED_UNIT(*) PLANE_ANGLE_UNIT() SI_UNIT($,.RADIAN.));
#7714 = EDGE_CURVE('NONE',#11857,#5056,#10045,.T.) ;
#7715 = MECHANICAL_DESIGN_GEOMETRIC_PRESENTATION_REPRESENTATION('',(#1186),#12006) ;
#7716 = EDGE_CURVE('NONE',#16671,#15526,#11443,.T.) ;
#7717=CIRCLE('NONE',#7965,0.824841);
#7718 = ORIENTED_EDGE('NONE',*,*,#10439,.T.) ;
#7719 = STYLED_ITEM('NONE',(#3627),#13614) ;
#7720=CARTESIAN_POINT('NONE',(-5.019003850454,10.720212417221,3.75852549));
#7721 = PRESENTATION_LAYER_ASSIGNMENT('','',(#11497)) ;
#7722=CARTESIAN_POINT('NONE',(-5.485843146716,11.31159936815,3.75852549));
#7723 = B_SPLINE_CURVE_WITH_KNOTS('NONE',3,(#4426,#12944,#9247,#5470),.UNSPECIFIED.,.F.,.F.,(4,4),(7.000000000000,8.000000000000),.UNSPECIFIED.) ;
#7724 = VERTEX_POINT('NONE',#10354) ;
#7725 = MECHANICAL_DESIGN_GEOMETRIC_PRESENTATION_REPRESENTATION('',(#14530),#5952) ;
#7726 = LINE('NONE',#7813,#8267) ;
#7727 = FILL_AREA_STYLE('',(#5133)) ;
#7728=CARTESIAN_POINT('NONE',(-5.984605522025,10.621298518563,3.75852549));
#7730=CARTESIAN_POINT('NONE',(-5.998804145243,10.584706093627,3.757609));
#7729 =(LENGTH_UNIT() NAMED_UNIT(*) SI_UNIT(.MILLI.,.METRE.));
#7731 = EDGE_CURVE('NONE',#8438,#11959,#11422,.T.) ;
#7732=CARTESIAN_POINT('NONE',(-3.491826899999,10.906231,2.2454005));
#7733 = PRESENTATION_STYLE_ASSIGNMENT((#12767)) ;
#7734 = EDGE_CURVE('NONE',#5591,#1985,#5448,.T.) ;
#7735 = EDGE_LOOP('NONE',(#7311,#7489,#6735,#12088)) ;
#7736=CARTESIAN_POINT('NONE',(5.49894,-12.296305529988,2.681759674099));
#7737 = VERTEX_POINT('NONE',#10275) ;
#7738 = VERTEX_POINT('NONE',#16331) ;
#7739=VECTOR('NONE',#4515,916.49);
#7740 = PRESENTATION_LAYER_ASSIGNMENT('','',(#16548)) ;
#7741=DIRECTION('NONE',(0.,0.,-1.));
#7742 = COLOUR_RGB('',0.949019607843,0.760784313725,0.180392156862) ;
#7743 = ORIENTED_EDGE('NONE',*,*,#6285,.F.) ;
#7744=UNCERTAINTY_MEASURE_WITH_UNIT(LENGTH_MEASURE(9.164900000000001E-6),#11792,'distance_accuracy_value','NONE');
#7745 = EDGE_CURVE('NONE',#15004,#5437,#14849,.T.) ;
#7746 = SURFACE_SIDE_STYLE('',(#3946)) ;
#7747 = LINE('NONE',#1999,#5017) ;
#7748=CARTESIAN_POINT('NONE',(10.259926524697,0.,5.040695));
#7749=DIRECTION('NONE',(0.,1.,0.));
#7750 = STYLED_ITEM('NONE',(#3846),#11325) ;
#7751=CARTESIAN_POINT('NONE',(0.7056973,10.906231,2.2454005));
#7752=AXIS2_PLACEMENT_3D('NONE',#3302,#11903,#8278);
#7753 = ORIENTED_EDGE('NONE',*,*,#7513,.F.) ;
#7754 = PRESENTATION_LAYER_ASSIGNMENT('','',(#5729)) ;
#7755=CARTESIAN_POINT('NONE',(-6.131356392866,11.367250347742,3.757609));
#7756=CARTESIAN_POINT('NONE',(6.415429999999,-12.739211,3.757609));
#7757=AXIS2_PLACEMENT_3D('NONE',#13369,#3410,#15484);
#7758=DIRECTION('NONE',(0.349395479469,-0.936975345954,0.));
#7759=CARTESIAN_POINT('NONE',(-6.023389680748,10.437192880602,3.75852549));
#7760 =(LENGTH_UNIT() NAMED_UNIT(*) SI_UNIT(.MILLI.,.METRE.));
#7761 = SURFACE_STYLE_USAGE(.BOTH.,#13747) ;
#7762 = ORIENTED_EDGE('NONE',*,*,#1433,.F.) ;
#7763 = ORIENTED_EDGE('NONE',*,*,#13394,.F.) ;
#7764 = ORIENTED_EDGE('NONE',*,*,#10936,.F.) ;
#7765 = VERTEX_POINT('NONE',#1914) ;
#7766 = PRESENTATION_LAYER_ASSIGNMENT('','',(#1976)) ;
#7767 = COLOUR_RGB('',0.843137254901,0.815686274509,0.752941176470) ;
#7768 = STYLED_ITEM('NONE',(#13099),#7126) ;
#7769=CARTESIAN_POINT('NONE',(-6.324419551515,10.444244545824,3.75852549));
#7770=CARTESIAN_POINT('NONE',(1.83298,-12.296028794139,3.8986385259));
#7771 = SURFACE_STYLE_FILL_AREA(#4041) ;
#7772=CARTESIAN_POINT('NONE',(-6.415429999999,-10.906231,2.291225));
#7773=DIRECTION('NONE',(-1.,0.,0.));
#7774 = EDGE_CURVE('NONE',#14954,#15619,#4258,.T.) ;
#7775 = EDGE_CURVE('NONE',#5964,#6438,#5527,.T.) ;
#7776=CARTESIAN_POINT('NONE',(-7.03924069613,10.763910517033,3.757609));
#7777=CARTESIAN_POINT('NONE',(-5.498939999999,-11.091166380297,2.1812462));
#7778=CARTESIAN_POINT('NONE',(-6.324419551515,10.468067739143,3.757609));
#7779 = SURFACE_STYLE_FILL_AREA(#12352) ;
#7780=VECTOR('NONE',#10688,916.49);
#7781 = PRESENTATION_LAYER_ASSIGNMENT('','',(#5015)) ;
#7782=CARTESIAN_POINT('NONE',(-8.242552026762,10.400796815662,3.757609));
#7783=CARTESIAN_POINT('NONE',(-7.447412332308,10.522718090052,3.757609));
#7784=CARTESIAN_POINT('NONE',(-4.606672020505,10.396788744734,3.75852549));
#7785 =(NAMED_UNIT(*) SI_UNIT($,.STERADIAN.) SOLID_ANGLE_UNIT());
#7786 = ORIENTED_EDGE('NONE',*,*,#11385,.T.) ;
#7787 = EDGE_CURVE('NONE',#13584,#2051,#13906,.T.) ;
#7788=UNCERTAINTY_MEASURE_WITH_UNIT(LENGTH_MEASURE(9.164900000000001E-6),#12128,'distance_accuracy_value','NONE');
#7789 = SURFACE_STYLE_USAGE(.BOTH.,#15179) ;
#7790=CARTESIAN_POINT('NONE',(-5.917328824096,10.39755108692,3.757609));
#7791=AXIS2_PLACEMENT_3D('NONE',#8642,#10868,#4933);
#7792 = ORIENTED_EDGE('NONE',*,*,#10423,.T.) ;
#7793 = SURFACE_SIDE_STYLE('',(#14678)) ;
#7794 = SURFACE_STYLE_USAGE(.BOTH.,#5266) ;
#7795=CARTESIAN_POINT('NONE',(-4.606672020505,10.396788744734,3.75852549));
#7796=CARTESIAN_POINT('NONE',(-7.911243755441,10.753308765996,3.757609));
#7797 = EDGE_CURVE('NONE',#2294,#6859,#12544,.T.) ;
#7798 = LINE('NONE',#1968,#5508) ;
#7799 = STYLED_ITEM('NONE',(#14736),#14892) ;
#7800=CARTESIAN_POINT('NONE',(-5.920568778386,10.669135490747,3.757609));
#7801=CARTESIAN_POINT('NONE',(-5.013381576833,10.540109075735,3.75852549));
#7802=CARTESIAN_POINT('NONE',(-5.962878769719,10.631208966985,3.75852549));
#7803 =(GEOMETRIC_REPRESENTATION_CONTEXT(3) GLOBAL_UNCERTAINTY_ASSIGNED_CONTEXT((#5744)) GLOBAL_UNIT_ASSIGNED_CONTEXT((#2126,#4562,#3523)) REPRESENTATION_CONTEXT('NONE','WORKASPACE'));
#7804 = B_SPLINE_SURFACE_WITH_KNOTS('NONE',3,1,((#10343,#1829),(#6601,#11433),(#10261,#15678),(#4723,#10721)),.UNSPECIFIED.,.F.,.F.,.F.,(4,4),(2,2),(11.,12.000000000000),(0.,1.),.UNSPECIFIED.) ;
#7805 = ORIENTED_EDGE('NONE',*,*,#8969,.F.) ;
#7806=AXIS2_PLACEMENT_3D('NONE',#4943,#1335,#5959);
#7807=CARTESIAN_POINT('NONE',(10.631284,10.906231,2.2454005));
#7808 = SURFACE_STYLE_USAGE(.BOTH.,#2054) ;
#7809=CARTESIAN_POINT('NONE',(-5.485843146716,11.31159936815,3.757609));
#7810 =(NAMED_UNIT(*) SI_UNIT($,.STERADIAN.) SOLID_ANGLE_UNIT());
#7811 = ORIENTED_EDGE('NONE',*,*,#10735,.F.) ;
#7812=CARTESIAN_POINT('NONE',(-10.631284,-10.906231,3.8034335));
#7813=CARTESIAN_POINT('NONE',(-6.324419551515,10.468067739143,3.75852549));
#7814 = SURFACE_SIDE_STYLE('',(#4242)) ;
#7815=DIRECTION('NONE',(0.,0.,1.));
#7816=CARTESIAN_POINT('NONE',(-8.565908820504,10.816919828312,3.75852549));
#7817 = ORIENTED_EDGE('NONE',*,*,#8338,.T.) ;
#7818=DIRECTION('NONE',(1.,0.,0.));
#7819 = ORIENTED_EDGE('NONE',*,*,#11778,.F.) ;
#7820 = ORIENTED_EDGE('NONE',*,*,#5511,.T.) ;
#7821=CARTESIAN_POINT('NONE',(-5.812030309628,11.318079276733,3.75852549));
#7822 = ORIENTED_EDGE('NONE',*,*,#7356,.F.) ;
#7823 = PRESENTATION_LAYER_ASSIGNMENT('','',(#14627)) ;
#7824=DIRECTION('NONE',(-1.,1.284980352575000E-16,0.));
#7825 = LINE('NONE',#4259,#15794) ;
#7826 = ADVANCED_FACE('NONE',(#13663),#7670,.T.) ;
#7827 = PRESENTATION_LAYER_ASSIGNMENT('','',(#15622)) ;
#7828 = SURFACE_STYLE_FILL_AREA(#14851) ;
#7829 = FACE_OUTER_BOUND('NONE',#16627,.T.) ;
#7830 = FILL_AREA_STYLE_COLOUR('',#2666) ;
#7831 = PRESENTATION_LAYER_ASSIGNMENT('','',(#5067)) ;
#7832 = ORIENTED_EDGE('NONE',*,*,#3484,.T.) ;
#7833 = SURFACE_SIDE_STYLE('',(#1770)) ;
#7834=CARTESIAN_POINT('NONE',(-7.993408248587,10.586329304028,3.757609));
#7835=CARTESIAN_POINT('NONE',(-5.628687013854,11.318079276733,3.757609));
#7836 =(GEOMETRIC_REPRESENTATION_CONTEXT(3) GLOBAL_UNCERTAINTY_ASSIGNED_CONTEXT((#2123)) GLOBAL_UNIT_ASSIGNED_CONTEXT((#10366,#12932,#16419)) REPRESENTATION_CONTEXT('NONE','WORKASPACE'));
#7837=DIRECTION('NONE',(1.,0.,0.));
#7838 = ORIENTED_EDGE('NONE',*,*,#1169,.T.) ;
#7839 = VERTEX_POINT('NONE',#2143) ;
#7840 = ORIENTED_EDGE('NONE',*,*,#1090,.T.) ;
#7841 = EDGE_CURVE('NONE',#6438,#6334,#9542,.T.) ;
#7842 = EDGE_CURVE('NONE',#7839,#5231,#10480,.T.) ;
#7843 = FILL_AREA_STYLE_COLOUR('',#2061) ;
#7844 = MECHANICAL_DESIGN_GEOMETRIC_PRESENTATION_REPRESENTATION('',(#6338),#1304) ;
#7845 = COLOUR_RGB('',0.949019607843,0.760784313725,0.180392156862) ;
#7846 = ORIENTED_EDGE('NONE',*,*,#11622,.F.) ;
#7847=CARTESIAN_POINT('NONE',(1.83298,-12.296028794139,2.681759674099));
#7848=CARTESIAN_POINT('NONE',(-5.218165746594,10.726692325804,3.75852549));
#7849=CARTESIAN_POINT('NONE',(-5.239606620581,11.300926577543,3.757609));
#7850 = LINE('NONE',#4521,#2259) ;
#7851=CARTESIAN_POINT('NONE',(5.49894,-12.40474933837,3.481856478509));
#7852 = PRESENTATION_LAYER_ASSIGNMENT('','',(#8849)) ;
#7853 = LINE('NONE',#15018,#4935) ;
#7854 = LINE('NONE',#5627,#11507) ;
#7855=CARTESIAN_POINT('NONE',(4.3166679,10.906231,3.8034335));
#7856 = SURFACE_STYLE_USAGE(.BOTH.,#14950) ;
#7857=UNCERTAINTY_MEASURE_WITH_UNIT(LENGTH_MEASURE(9.164900000000001E-6),#4725,'distance_accuracy_value','NONE');
#7858 =(LENGTH_UNIT() NAMED_UNIT(*) SI_UNIT(.MILLI.,.METRE.));
#7859 = EDGE_CURVE('NONE',#4251,#15979,#4578,.T.) ;
#7860 = ORIENTED_EDGE('NONE',*,*,#16010,.T.) ;
#7861 = EDGE_CURVE('NONE',#11906,#4752,#11673,.T.) ;
#7862=CARTESIAN_POINT('NONE',(-7.280433022003,11.323158723214,3.757609));
#7863=CARTESIAN_POINT('NONE',(-5.974980951924,10.390499421698,3.75852549));
#7864=CARTESIAN_POINT('NONE',(-5.537205951509,10.769574073776,3.75852549));
#7865 = ORIENTED_EDGE('NONE',*,*,#3463,.T.) ;
#7866 = FILL_AREA_STYLE_COLOUR('',#6708) ;
#7867 = SURFACE_STYLE_USAGE(.BOTH.,#5343) ;
#7869 = LINE('NONE',#15114,#1243) ;
#7868 = B_SPLINE_CURVE_WITH_KNOTS('NONE',3,(#11900,#5898,#15516,#14495),.UNSPECIFIED.,.F.,.F.,(4,4),(16.000000000000,17.000000000000),.UNSPECIFIED.) ;
#7870=CARTESIAN_POINT('NONE',(-6.078659489245,11.352003504017,3.757609));
#7871 =(NAMED_UNIT(*) SI_UNIT($,.STERADIAN.) SOLID_ANGLE_UNIT());
#7872=CARTESIAN_POINT('NONE',(-12.464263999999,12.739211,2.291225));
#7873 = SURFACE_SIDE_STYLE('',(#13879)) ;
#7874 =(NAMED_UNIT(*) PLANE_ANGLE_UNIT() SI_UNIT($,.RADIAN.));
#7875 = FACE_OUTER_BOUND('NONE',#12776,.T.) ;
#7876 = ORIENTED_EDGE('NONE',*,*,#16499,.F.) ;
#7877=AXIS2_PLACEMENT_3D('NONE',#6902,#4564,#7077);
#7878=CARTESIAN_POINT('NONE',(-5.053213956059,10.478168773108,3.757609));
#7879 = FACE_OUTER_BOUND('NONE',#12400,.T.) ;
#7880 =(NAMED_UNIT(*) PLANE_ANGLE_UNIT() SI_UNIT($,.RADIAN.));
#7881 = SURFACE_STYLE_FILL_AREA(#16233) ;
#7882 = ORIENTED_EDGE('NONE',*,*,#15719,.T.) ;
#7883=CARTESIAN_POINT('NONE',(-5.974980951924,10.390499421698,3.75852549));
#7884 =(NAMED_UNIT(*) PLANE_ANGLE_UNIT() SI_UNIT($,.RADIAN.));
#7885 = LINE('NONE',#16317,#10234) ;
#7886 = SURFACE_STYLE_FILL_AREA(#2912) ;
#7888 =(NAMED_UNIT(*) SI_UNIT($,.STERADIAN.) SOLID_ANGLE_UNIT());
#7887 = FILL_AREA_STYLE_COLOUR('',#8843) ;
#7889 = LINE('NONE',#4087,#16545) ;
#7890 = PRESENTATION_LAYER_ASSIGNMENT('','',(#10172)) ;
#7891 = ORIENTED_EDGE('NONE',*,*,#5635,.F.) ;
#7892=DIRECTION('NONE',(0.,0.,-1.));
#7893 = ORIENTED_EDGE('NONE',*,*,#14654,.T.) ;
#7894 = VERTEX_POINT('NONE',#10580) ;
#7895 = ORIENTED_EDGE('NONE',*,*,#4194,.F.) ;
#7896=DIRECTION('NONE',(-1.,0.,0.));
#7897=CARTESIAN_POINT('NONE',(-0.705697299999,10.906231,3.757609));
#7898=VECTOR('NONE',#15577,916.49);
#7899 =(NAMED_UNIT(*) SI_UNIT($,.STERADIAN.) SOLID_ANGLE_UNIT());
#7900 = FILL_AREA_STYLE_COLOUR('',#6723) ;
#7901=CARTESIAN_POINT('NONE',(-5.995373605405,10.576510915125,3.757609));
#7902 = ORIENTED_EDGE('NONE',*,*,#14008,.T.) ;
#7903=CARTESIAN_POINT('NONE',(-6.046926995746,10.61481860998,3.75852549));
#7904=CARTESIAN_POINT('NONE',(-12.372614999999,-4.674098999999,4.399152));
#7906=CYLINDRICAL_SURFACE('NONE',#11665,0.824841);
#7905 = PRESENTATION_STYLE_ASSIGNMENT((#16255)) ;
#7907=CARTESIAN_POINT('NONE',(-4.779818989539,10.701916204751,3.757609));
#7908 =(NAMED_UNIT(*) SI_UNIT($,.STERADIAN.) SOLID_ANGLE_UNIT());
#7909 = ORIENTED_EDGE('NONE',*,*,#10825,.F.) ;
#7910 = EDGE_LOOP('NONE',(#7500,#14706,#11421,#15728)) ;
#7911 = ORIENTED_EDGE('NONE',*,*,#14250,.T.) ;
#7912=CARTESIAN_POINT('NONE',(-7.216821808026,11.264848473226,3.75852549));
#7913=VECTOR('NONE',#9429,916.49);
#7914 = COLOUR_RGB('',1.,1.,1.) ;
#7915 = EDGE_CURVE('NONE',#13026,#4106,#11599,.T.) ;
#7916 = VERTEX_POINT('NONE',#9382) ;
#7917 = EDGE_CURVE('NONE',#8555,#13911,#14222,.T.) ;
#7918=CARTESIAN_POINT('NONE',(-1.832979999999,-12.131201418462,2.513361510668));
#7919=DIRECTION('NONE',(0.,0.,1.));
#7920 =(NAMED_UNIT(*) PLANE_ANGLE_UNIT() SI_UNIT($,.RADIAN.));
#7921 = FACE_OUTER_BOUND('NONE',#8980,.T.) ;
#7922=CARTESIAN_POINT('NONE',(-7.03924069613,10.655241418801,3.757609));
#7923 = FILL_AREA_STYLE_COLOUR('',#6051) ;
#7924=CARTESIAN_POINT('NONE',(-5.235890202422,11.287204418192,3.75852549));
#7925=CARTESIAN_POINT('NONE',(5.49894,-8.799941380297,21.407686738066));
#7926=CARTESIAN_POINT('NONE',(-8.526151837046,10.607533008318,3.75852549));
#7927 = B_SPLINE_SURFACE_WITH_KNOTS('NONE',3,1,((#12251,#6414),(#16029,#11454),(#16257,#7907),(#1925,#15154)),.UNSPECIFIED.,.F.,.F.,.F.,(4,4),(2,2),(3.000000000000,4.000000000000),(0.,1.),.UNSPECIFIED.) ;
#7928=CIRCLE('NONE',#1410,1.2372615);
#7929 = FILL_AREA_STYLE('',(#3118)) ;
#7930 = EDGE_CURVE('NONE',#1121,#12903,#3718,.T.) ;
#7931 = ORIENTED_EDGE('NONE',*,*,#3527,.T.) ;
#7932=UNCERTAINTY_MEASURE_WITH_UNIT(LENGTH_MEASURE(9.164900000000001E-6),#10221,'distance_accuracy_value','NONE');
#7933 = LINE('NONE',#1809,#13685) ;
#7934=VECTOR('NONE',#3985,916.49);
#7935=DIRECTION('NONE',(-1.,0.,0.));
#7936 = ADVANCED_FACE('NONE',(#10659),#10506,.T.) ;
#7937=CARTESIAN_POINT('NONE',(-1.163942299999,10.906231,3.8034335));
#7938 = VERTEX_POINT('NONE',#6237) ;
#7939=CARTESIAN_POINT('NONE',(-8.250503352678,11.246295219333,3.757609));
#7940 = SURFACE_STYLE_FILL_AREA(#3125) ;
#7941 = LINE('NONE',#14965,#2253) ;
#7942 = FACE_OUTER_BOUND('NONE',#15455,.T.) ;
#7943 =(NAMED_UNIT(*) PLANE_ANGLE_UNIT() SI_UNIT($,.RADIAN.));
#7944=CARTESIAN_POINT('NONE',(-7.245976989894,10.970646810797,3.75852549));
#7945 = PRESENTATION_LAYER_ASSIGNMENT('','',(#5166)) ;
#7946 = SURFACE_STYLE_FILL_AREA(#1678) ;
#7947 = COLOUR_RGB('',0.776470588235,0.458823529411,0.) ;
#7948 = ORIENTED_EDGE('NONE',*,*,#3700,.T.) ;
#7949 = PRESENTATION_LAYER_ASSIGNMENT('','',(#14757)) ;
#7950=UNCERTAINTY_MEASURE_WITH_UNIT(LENGTH_MEASURE(9.164900000000001E-6),#5722,'distance_accuracy_value','NONE');
#7951 = SURFACE_STYLE_USAGE(.BOTH.,#6829) ;
#7952=CARTESIAN_POINT('NONE',(-5.570272543836,11.360961024704,3.75852549));
#7953=DIRECTION('NONE',(0.,-1.,0.));
#7954=AXIS2_PLACEMENT_3D('NONE',#2794,#7675,#6173);
#7955 = EDGE_LOOP('NONE',(#6164,#12362)) ;
#7956 = EDGE_CURVE('NONE',#3554,#1908,#3705,.T.) ;
#7957=CARTESIAN_POINT('NONE',(-7.03924069613,10.763910517033,3.757609));
#7958=VECTOR('NONE',#5467,916.49);
#7959=CARTESIAN_POINT('NONE',(-7.72571121652,10.339836127912,3.75852549));
#7960=DIRECTION('NONE',(-1.,0.,0.));
#7961 = SURFACE_STYLE_FILL_AREA(#10872) ;
#7962 =(NAMED_UNIT(*) PLANE_ANGLE_UNIT() SI_UNIT($,.RADIAN.));
#7963 = SURFACE_SIDE_STYLE('',(#13078)) ;
#7964=VECTOR('NONE',#11151,916.49);
#7965=AXIS2_PLACEMENT_3D('NONE',#15064,#13963,#6905);
#7966 = EDGE_LOOP('NONE',(#8586,#14279,#8330,#11942)) ;
#7967 = ORIENTED_EDGE('NONE',*,*,#8957,.F.) ;
#7968 = ORIENTED_EDGE('NONE',*,*,#4438,.T.) ;
#7969 = VERTEX_POINT('NONE',#9946) ;
#7970 =(GEOMETRIC_REPRESENTATION_CONTEXT(3) GLOBAL_UNCERTAINTY_ASSIGNED_CONTEXT((#5972)) GLOBAL_UNIT_ASSIGNED_CONTEXT((#1495,#6198,#13535)) REPRESENTATION_CONTEXT('NONE','WORKASPACE'));
#7971 = COLOUR_RGB('',1.,1.,1.) ;
#7972 = STYLED_ITEM('NONE',(#3729),#5732) ;
#7973 = EDGE_CURVE('NONE',#16013,#8282,#8673,.T.) ;
#7974=CARTESIAN_POINT('NONE',(-6.264670982673,10.505613091809,3.757609));
#7975=CARTESIAN_POINT('NONE',(-7.890040101705,10.482961106593,3.757609));
#7976=VECTOR('NONE',#5570,916.49);
#7977=UNCERTAINTY_MEASURE_WITH_UNIT(LENGTH_MEASURE(9.164900000000001E-6),#2096,'distance_accuracy_value','NONE');
#7978=DIRECTION('NONE',(0.,0.,-1.));
#7979 =(NAMED_UNIT(*) PLANE_ANGLE_UNIT() SI_UNIT($,.RADIAN.));
#7980 = EDGE_LOOP('NONE',(#14089,#12688,#9432,#14125)) ;
#7981=CARTESIAN_POINT('NONE',(-10.259926524697,-6.369605499999,5.040695));
#7982 = SURFACE_SIDE_STYLE('',(#5603)) ;
#7983=CARTESIAN_POINT('NONE',(-6.236083150692,10.554974748367,3.757609));
#7984 = LINE('NONE',#2009,#10542) ;
#7985=DIRECTION('NONE',(1.,0.,0.));
#7986 =(GEOMETRIC_REPRESENTATION_CONTEXT(3) GLOBAL_UNCERTAINTY_ASSIGNED_CONTEXT((#15012)) GLOBAL_UNIT_ASSIGNED_CONTEXT((#10164,#2977,#9408)) REPRESENTATION_CONTEXT('NONE','WORKASPACE'));
#7987 =(NAMED_UNIT(*) PLANE_ANGLE_UNIT() SI_UNIT($,.RADIAN.));
#7988 = ORIENTED_EDGE('NONE',*,*,#9550,.F.) ;
#7989 = MECHANICAL_DESIGN_GEOMETRIC_PRESENTATION_REPRESENTATION('',(#2712),#3689) ;
#7990 = VERTEX_POINT('NONE',#7257) ;
#7991 = ORIENTED_EDGE('NONE',*,*,#11384,.F.) ;
#7992=AXIS2_PLACEMENT_3D('NONE',#6441,#10093,#6304);
#7993=CARTESIAN_POINT('NONE',(12.372615,9.073251,4.399152));
#7994 = EDGE_LOOP('NONE',(#12321,#6417,#7353,#10940)) ;
#7995 = STYLED_ITEM('NONE',(#5355),#11202) ;
#7996 = MECHANICAL_DESIGN_GEOMETRIC_PRESENTATION_REPRESENTATION('',(#12279),#11270) ;
#7997=VECTOR('NONE',#2135,916.49);
#7998=CARTESIAN_POINT('NONE',(-6.239990154395,10.390499421698,3.757609));
#7999=VECTOR('NONE',#3970,916.49);
#8000=CARTESIAN_POINT('NONE',(-6.272866161175,10.497608498856,3.757609));
#8001 =(NAMED_UNIT(*) SI_UNIT($,.STERADIAN.) SOLID_ANGLE_UNIT());
#8002=DIRECTION('NONE',(1.,0.,0.));
#8003 = SURFACE_STYLE_USAGE(.BOTH.,#12879) ;
#8005 = FILL_AREA_STYLE_COLOUR('',#15054) ;
#8004=CARTESIAN_POINT('NONE',(-11.8685455,10.906231,3.8034335));
#8006=DIRECTION('NONE',(0.,0.,-1.));
#8007=UNCERTAINTY_MEASURE_WITH_UNIT(LENGTH_MEASURE(9.164900000000001E-6),#4568,'distance_accuracy_value','NONE');
#8008=CARTESIAN_POINT('NONE',(-8.115329624084,11.246295219333,3.75852549));
#8009 =(GEOMETRIC_REPRESENTATION_CONTEXT(3) GLOBAL_UNCERTAINTY_ASSIGNED_CONTEXT((#7672)) GLOBAL_UNIT_ASSIGNED_CONTEXT((#11758,#7979,#16250)) REPRESENTATION_CONTEXT('NONE','WORKASPACE'));
#8011 = STYLED_ITEM('NONE',(#4083),#7290) ;
#8010 =(NAMED_UNIT(*) PLANE_ANGLE_UNIT() SI_UNIT($,.RADIAN.));
#8012=AXIS2_PLACEMENT_3D('NONE',#5552,#11467,#16276);
#8013 = ORIENTED_EDGE('NONE',*,*,#8862,.T.) ;
#8014 =(LENGTH_UNIT() NAMED_UNIT(*) SI_UNIT(.MILLI.,.METRE.));
#8015=CARTESIAN_POINT('NONE',(-2.666985899999,10.906231,3.757609));
#8016 = SURFACE_SIDE_STYLE('',(#10467)) ;
#8017 = COLOUR_RGB('',1.,1.,1.) ;
#8018=DIRECTION('NONE',(-1.,0.,0.));
#8019 = STYLED_ITEM('NONE',(#3400),#7553) ;
#8020 = EDGE_CURVE('NONE',#6747,#7666,#7340,.T.) ;
#8021 = VERTEX_POINT('NONE',#14743) ;
#8022=CARTESIAN_POINT('NONE',(-5.52005325232,11.069555724037,3.75852549));
#8023=CARTESIAN_POINT('NONE',(-5.056453910348,10.753183716771,3.75852549));
#8024 = FILL_AREA_STYLE_COLOUR('',#7507) ;
#8025=DIRECTION('NONE',(0.,0.,1.));
#8026 =(NAMED_UNIT(*) SI_UNIT($,.STERADIAN.) SOLID_ANGLE_UNIT());
#8027 = PRESENTATION_STYLE_ASSIGNMENT((#12670)) ;
#8028=CARTESIAN_POINT('NONE',(5.49894,-11.647826370794,2.351814061252));
#8029=CARTESIAN_POINT('NONE',(10.916213642366,-6.965323999999,5.040695));
#8030=DIRECTION('NONE',(0.,0.,1.));
#8031 =(GEOMETRIC_REPRESENTATION_CONTEXT(3) GLOBAL_UNCERTAINTY_ASSIGNED_CONTEXT((#15104)) GLOBAL_UNIT_ASSIGNED_CONTEXT((#4071,#1740,#16455)) REPRESENTATION_CONTEXT('NONE','WORKASPACE'));
#8032 = ADVANCED_FACE('NONE',(#6318,#15614),#2460,.F.) ;
#8033 = ADVANCED_FACE('NONE',(#6153),#13463,.F.) ;
#8034=VECTOR('NONE',#6816,916.49);
#8035 = EDGE_CURVE('NONE',#3342,#13660,#13286,.T.) ;
#8036 = ORIENTED_EDGE('NONE',*,*,#4162,.F.) ;
#8037=CARTESIAN_POINT('NONE',(-6.157180734423,10.504850749624,3.757609));
#8038=CARTESIAN_POINT('NONE',(-1.163942299999,10.906231,2.2454005));
#8039 = PLANE('NONE',#15795) ;
#8040 =(LENGTH_UNIT() NAMED_UNIT(*) SI_UNIT(.MILLI.,.METRE.));
#8041 = FACE_OUTER_BOUND('NONE',#4832,.T.) ;
#8042=VECTOR('NONE',#8259,916.49);
#8043 = ORIENTED_EDGE('NONE',*,*,#10305,.T.) ;
#8044=DIRECTION('NONE',(0.,-1.,0.));
#8045 = FILL_AREA_STYLE_COLOUR('',#9797) ;
#8046=CARTESIAN_POINT('NONE',(10.631284,10.906231,3.8034335));
#8047=CARTESIAN_POINT('NONE',(-5.995373605405,10.576510915125,3.75852549));
#8048 = SURFACE_STYLE_FILL_AREA(#11830) ;
#8049 = ORIENTED_EDGE('NONE',*,*,#1324,.T.) ;
#8050 = LINE('NONE',#12847,#6993) ;
#8051 = EDGE_LOOP('NONE',(#12789,#6533,#4241,#3537)) ;
#8052 = ORIENTED_EDGE('NONE',*,*,#11979,.F.) ;
#8053 = EDGE_CURVE('NONE',#2591,#12067,#10175,.T.) ;
#8054 = ORIENTED_EDGE('NONE',*,*,#2984,.T.) ;
#8055=AXIS2_PLACEMENT_3D('NONE',#15825,#15732,#15661);
#8056 = ADVANCED_FACE('NONE',(#12385),#14718,.F.) ;
#8057 = SURFACE_STYLE_FILL_AREA(#4327) ;
#8058 = PRESENTATION_STYLE_ASSIGNMENT((#5911)) ;
#8059 = PLANE('NONE',#9768) ;
#8060 = B_SPLINE_SURFACE_WITH_KNOTS('NONE',3,1,((#15680,#16079),(#5348,#11265),(#10100,#4146),(#9190,#16156)),.UNSPECIFIED.,.F.,.F.,.F.,(4,4),(2,2),(7.000000000000,8.000000000000),(0.,1.),.UNSPECIFIED.) ;
#8061 = ORIENTED_EDGE('NONE',*,*,#5614,.T.) ;
#8062=CARTESIAN_POINT('NONE',(-5.498939999999,-11.878504670639,2.453084392149));
#8063=VECTOR('NONE',#2595,916.49);
#8064 =(LENGTH_UNIT() NAMED_UNIT(*) SI_UNIT(.MILLI.,.METRE.));
#8065=CARTESIAN_POINT('NONE',(-6.357772022161,11.167516694961,3.757609));
#8066 = MECHANICAL_DESIGN_GEOMETRIC_PRESENTATION_REPRESENTATION('',(#2029),#3510) ;
#8068=CARTESIAN_POINT('NONE',(-6.373018865883,11.030676272542,3.75852549));
#8067 = FILL_AREA_STYLE_COLOUR('',#3802) ;
#8069 = PRESENTATION_LAYER_ASSIGNMENT('','',(#13087)) ;
#8070 =(LENGTH_UNIT() NAMED_UNIT(*) SI_UNIT(.MILLI.,.METRE.));
#8071 = FILL_AREA_STYLE_COLOUR('',#4200) ;
#8072 = VERTEX_POINT('NONE',#13801) ;
#8073 = ORIENTED_EDGE('NONE',*,*,#3495,.T.) ;
#8074 = ORIENTED_EDGE('NONE',*,*,#2032,.F.) ;
#8075=VECTOR('NONE',#9274,916.49);
#8076 = SURFACE_SIDE_STYLE('',(#6703)) ;
#8077 = ORIENTED_EDGE('NONE',*,*,#16176,.F.) ;
#8078=VECTOR('NONE',#5624,916.49);
#8079 = B_SPLINE_CURVE_WITH_KNOTS('NONE',3,(#13768,#6500,#14000,#7782),.UNSPECIFIED.,.F.,.F.,(4,4),(8.000000000000,9.000000000000),.UNSPECIFIED.) ;
#8080 =(GEOMETRIC_REPRESENTATION_CONTEXT(3) GLOBAL_UNCERTAINTY_ASSIGNED_CONTEXT((#4966)) GLOBAL_UNIT_ASSIGNED_CONTEXT((#14304,#12164,#10992)) REPRESENTATION_CONTEXT('NONE','WORKASPACE'));
#8081=DIRECTION('NONE',(-1.,0.,0.));
#8082 =(NAMED_UNIT(*) PLANE_ANGLE_UNIT() SI_UNIT($,.RADIAN.));
#8083 = PRESENTATION_STYLE_ASSIGNMENT((#8003)) ;
#8084 = MECHANICAL_DESIGN_GEOMETRIC_PRESENTATION_REPRESENTATION('',(#9854),#4551) ;
#8085 =(NAMED_UNIT(*) SI_UNIT($,.STERADIAN.) SOLID_ANGLE_UNIT());
#8086=CARTESIAN_POINT('NONE',(-5.537205951509,10.769574073776,3.75852549));
#8088 = SURFACE_STYLE_USAGE(.BOTH.,#9252) ;
#8087 = SURFACE_SIDE_STYLE('',(#6872)) ;
#8089=CARTESIAN_POINT('NONE',(-4.659845387988,10.396788744734,3.757609));
#8090=VECTOR('NONE',#14856,916.49);
#8091=CARTESIAN_POINT('NONE',(-1.832979999999,-12.336253071127,3.667248765375));
#8092 = SURFACE_SIDE_STYLE('',(#5630)) ;
#8093=VECTOR('NONE',#3414,916.49);
#8094 =(NAMED_UNIT(*) PLANE_ANGLE_UNIT() SI_UNIT($,.RADIAN.));
#8095 = ORIENTED_EDGE('NONE',*,*,#15875,.F.) ;
#8096 = COLOUR_RGB('',1.,1.,1.) ;
#8097 = EDGE_CURVE('NONE',#15979,#7516,#5352,.T.) ;
#8098 = EDGE_CURVE('NONE',#9629,#7367,#8380,.T.) ;
#8099 = COLOUR_RGB('',0.196078431372,0.368627450980,0.560784313725) ;
#8100=UNCERTAINTY_MEASURE_WITH_UNIT(LENGTH_MEASURE(9.164900000000001E-6),#14257,'distance_accuracy_value','NONE');
#8101=DIRECTION('NONE',(0.,0.,-1.));
#8102=VECTOR('NONE',#6351,916.49);
#8103 = ORIENTED_EDGE('NONE',*,*,#1394,.T.) ;
#8104 = B_SPLINE_CURVE_WITH_KNOTS('NONE',3,(#4555,#6895,#13822,#10637),.UNSPECIFIED.,.F.,.F.,(4,4),(3.000000000000,4.000000000000),.UNSPECIFIED.) ;
#8105=CARTESIAN_POINT('NONE',(-5.822607807463,11.156081562169,3.757609));
#8106=CARTESIAN_POINT('NONE',(-6.264670982673,10.505613091809,3.757609));
#8107=CARTESIAN_POINT('NONE',(-6.004045247773,11.360961024704,3.75852549));
#8108=CARTESIAN_POINT('NONE',(-6.157180734423,10.530389212863,3.75852549));
#8109 =(LENGTH_UNIT() NAMED_UNIT(*) SI_UNIT(.MILLI.,.METRE.));
#8110 = LINE('NONE',#6821,#13620) ;
#8111=DIRECTION('NONE',(0.,1.,0.));
#8112 = EDGE_CURVE('NONE',#14197,#13546,#10859,.T.) ;
#8113 = EDGE_CURVE('NONE',#15091,#16292,#4421,.T.) ;
#8114=DIRECTION('NONE',(0.,0.,1.));
#8115 = EDGE_CURVE('NONE',#12600,#7338,#16312,.T.) ;
#8116=UNCERTAINTY_MEASURE_WITH_UNIT(LENGTH_MEASURE(9.164900000000001E-6),#3328,'distance_accuracy_value','NONE');
#8117 =(NAMED_UNIT(*) PLANE_ANGLE_UNIT() SI_UNIT($,.RADIAN.));
#8118 = LINE('NONE',#7474,#3505) ;
#8119 = ORIENTED_EDGE('NONE',*,*,#12167,.F.) ;
#8120 = ADVANCED_FACE('NONE',(#15125),#5423,.F.) ;
#8121 = FILL_AREA_STYLE('',(#9443)) ;
#8122 =(LENGTH_UNIT() NAMED_UNIT(*) SI_UNIT(.MILLI.,.METRE.));
#8123=CARTESIAN_POINT('NONE',(-6.569607857146,10.769574073776,3.75852549));
#8124 = B_SPLINE_CURVE_WITH_KNOTS('NONE',3,(#10265,#11008,#16327,#15806,#4167,#13444,#14631,#6606,#16100,#5438,#9062,#9834,#7736,#1906,#16242,#12537,#6678,#10121,#10186),.UNSPECIFIED.,.F.,.F.,(4,1,1,1,1,1,1,1,1,1,1,1,1,1,1,1,4),(0.,0.079394588438,0.151958790294,0.218848064049,0.281050642909,0.339424412065,0.394771809651,0.447951040604,0.499999999999,0.552048959395,0.605228190348,0.660575587934,0.718949357090,0.781151935950,0.848041209705,0.920605411561,1.),.UNSPECIFIED.) ;
#8125 =(NAMED_UNIT(*) PLANE_ANGLE_UNIT() SI_UNIT($,.RADIAN.));
#8126 = ORIENTED_EDGE('NONE',*,*,#9042,.T.) ;
#8127 =(LENGTH_UNIT() NAMED_UNIT(*) SI_UNIT(.MILLI.,.METRE.));
#8128 = ORIENTED_EDGE('NONE',*,*,#4631,.F.) ;
#8129 = VERTEX_POINT('NONE',#9120) ;
#8130 = EDGE_CURVE('NONE',#3029,#1131,#10482,.T.) ;
#8131 = ORIENTED_EDGE('NONE',*,*,#15727,.F.) ;
#8132=DIRECTION('NONE',(0.,0.,-1.));
#8133=CARTESIAN_POINT('NONE',(-6.307266852326,11.12577846027,3.75852549));
#8134=UNCERTAINTY_MEASURE_WITH_UNIT(LENGTH_MEASURE(9.164900000000001E-6),#16556,'distance_accuracy_value','NONE');
#8135 = PRESENTATION_STYLE_ASSIGNMENT((#15218)) ;
#8136 = FACE_OUTER_BOUND('NONE',#2481,.T.) ;
#8137 = LINE('NONE',#1119,#15984) ;
#8138 = EDGE_CURVE('NONE',#6002,#1933,#1095,.T.) ;
#8139 = ORIENTED_EDGE('NONE',*,*,#14306,.T.) ;
#8140=CARTESIAN_POINT('NONE',(-7.640896298254,11.460982940121,3.757609));
#8141=AXIS2_PLACEMENT_3D('NONE',#5977,#10486,#8352);
#8142=DIRECTION('NONE',(0.,0.,-1.));
#8143 = FILL_AREA_STYLE_COLOUR('',#2050) ;
#8144 =(NAMED_UNIT(*) PLANE_ANGLE_UNIT() SI_UNIT($,.RADIAN.));
#8145=DIRECTION('NONE',(0.,0.,-1.));
#8146 = CLOSED_SHELL('NONE',(#11965,#4940,#3603,#9138,#11307,#9738,#5810,#16321,#8394,#2583,#6899,#1254,#12868,#9984,#10899,#5443,#16106,#11328,#7826,#4505,#13647,#9855,#8678,#13624,#3182,#11606,#13503,#12584,#12181,#6636,#4997,#11325,#14475,#11019,#7623,#7046,#13334,#7629,#15960,#10345,#11662,#1973,#10766,#8906,#14786,#3105,#11732,#9275,#14014,#16135,#13370,#16212,#14188,#12402,#11586,#10211,#2561,#3536,#13921,#15749,#2204,#3216,#11705,#10295,#4048,#3050,#11893,#13220,#13125,#11678,#5732,#4346,#6390,#2624,#9545,#16291,#8907,#16462,#15725,#10579,#2876,#12811,#16642,#7105,#7553,#7936,#11236,#7343,#2256,#6734,#14990,#1496,#12294,#1872,#6152,#10955,#15148,#7126,#5173,#3838,#2152,#2910,#1568,#8658,#6574,#5037,#10864,#13248,#2815,#6299,#7169,#3226,#4448,#6847,#11405,#8346,#5774,#12542,#2855,#1722,#5402,#16399,#10524,#3791,#11186,#14891,#4233,#5892,#2823,#1401,#9754,#1193,#9759,#14729,#13044,#3580,#11946,#11450,#5877,#5646,#6027,#8784,#9076,#8779,#13726,#9952,#16124,#13988,#5255,#6923,#14039,#1360,#12069,#1737,#11554,#3904,#3879,#2742,#2640,#12447,#4694,#6108,#5772,#9581,#6213,#11871,#9417,#6099,#15823,#6661,#6151,#7227,#4745,#8120,#1323,#2336,#9456,#13536,#14892,#2592,#16162,#14417,#7078,#5797,#11931,#16040,#10174,#8419,#12842,#10063,#10921,#12891,#13614,#11120,#15667,#1112,#4440,#6181,#10929,#6748,#10547,#8195,#8444,#6807,#5637,#8578,#9780,#12366,#4116,#3573,#7288,#11722,#8203,#3196,#1878,#9691,#11146,#10153,#13942,#15895,#12529,#3469,#3762,#9968,#9760,#12946,#8512,#15341,#16608,#15677,#15820,#2837,#9352,#1921,#15935,#3764,#5902,#5163,#8618,#5533,#13817,#14588,#11202,#13313,#6845,#7454,#7313,#14511,#1670,#9664,#12383,#14865,#3967,#5654,#15521,#8598,#12109,#14784,#15136,#6415,#10329,#15530,#1858,#2539,#2057,#10101,#13798,#6283,#15914,#14292,#13132,#1898,#15011,#9087,#9631,#6381,#14096,#11981,#6369,#11434,#2137,#6929,#9938,#9447,#15351,#13343,#1734,#13506,#8032,#14574,#4813,#5994,#4132,#10355,#14209,#14129,#6464,#12269,#5584,#13076,#8056,#8863,#9458,#4150,#7116,#3067,#10247,#8307,#5529,#10466,#8033,#5692,#16231,#16615,#12353,#6354,#2854,#12271,#14271,#8321,#7290,#4330,#11621,#11499,#5074)) ;
#8147 = ORIENTED_EDGE('NONE',*,*,#15927,.F.) ;
#8148 = ORIENTED_EDGE('NONE',*,*,#14488,.T.) ;
#8149 = VERTEX_POINT('NONE',#5653) ;
#8150=CARTESIAN_POINT('NONE',(-7.993408248587,10.379592909157,3.757609));
#8151 = EDGE_CURVE('NONE',#5667,#4088,#14112,.T.) ;
#8152 = ORIENTED_EDGE('NONE',*,*,#8097,.T.) ;
#8153 =(GEOMETRIC_REPRESENTATION_CONTEXT(3) GLOBAL_UNCERTAINTY_ASSIGNED_CONTEXT((#16443)) GLOBAL_UNIT_ASSIGNED_CONTEXT((#6328,#7348,#2781)) REPRESENTATION_CONTEXT('NONE','WORKASPACE'));
#8154=VECTOR('NONE',#7373,916.49);
#8155=CARTESIAN_POINT('NONE',(-5.429620410486,11.121585578246,3.75852549));
#8156=DIRECTION('NONE',(0.,1.,0.));
#8157 = SURFACE_STYLE_USAGE(.BOTH.,#3325) ;
#8158 = SURFACE_STYLE_USAGE(.BOTH.,#3326) ;
#8159 = PLANE('NONE',#1807) ;
#8160 = LINE('NONE',#2332,#11249) ;
#8161=CARTESIAN_POINT('NONE',(1.83298,-11.880824181957,2.453084392149));
#8162=DIRECTION('NONE',(0.,0.,-1.));
#8163 = STYLED_ITEM('NONE',(#11694),#6181) ;
#8164 = EDGE_CURVE('NONE',#6269,#10652,#16546,.T.) ;
#8165 = FILL_AREA_STYLE('',(#14719)) ;
#8166 = LINE('NONE',#16689,#9876) ;
#8167 = ORIENTED_EDGE('NONE',*,*,#7861,.F.) ;
#8168 = FILL_AREA_STYLE_COLOUR('',#5369) ;
#8169=CARTESIAN_POINT('NONE',(-6.294974084573,10.546779569865,3.757609));
#8170 = ORIENTED_EDGE('NONE',*,*,#1499,.F.) ;
#8171=CARTESIAN_POINT('NONE',(-8.136533328375,11.246295219333,3.757609));
#8172 = FILL_AREA_STYLE('',(#6737)) ;
#8173=DIRECTION('NONE',(0.,0.,-1.));
#8174=DIRECTION('NONE',(1.,0.,0.));
#8175=CARTESIAN_POINT('NONE',(-5.480220873091,11.131496026664,3.757609));
#8176 =(LENGTH_UNIT() NAMED_UNIT(*) SI_UNIT(.MILLI.,.METRE.));
#8177=DIRECTION('NONE',(1.,0.,0.));
#8178 = ORIENTED_EDGE('NONE',*,*,#8113,.F.) ;
#8179 = EDGE_LOOP('NONE',(#15609,#6784,#8542,#1237)) ;
#8180 =(NAMED_UNIT(*) SI_UNIT($,.STERADIAN.) SOLID_ANGLE_UNIT());
#8181 = B_SPLINE_SURFACE_WITH_KNOTS('NONE',3,1,((#15187,#6286),(#9763,#7381),(#3589,#9922),(#15586,#8491)),.UNSPECIFIED.,.F.,.F.,.F.,(4,4),(2,2),(5.000000000000,6.000000000000),(0.,1.),.UNSPECIFIED.) ;
#8182 = PLANE('NONE',#6546) ;
#8183 = PRESENTATION_LAYER_ASSIGNMENT('','',(#14741)) ;
#8184=CARTESIAN_POINT('NONE',(4.3166679,10.906231,3.8034335));
#8185 = SURFACE_STYLE_USAGE(.BOTH.,#15367) ;
#8186=CARTESIAN_POINT('NONE',(-5.748958405319,10.292681389933,3.75852549));
#8187 = FILL_AREA_STYLE_COLOUR('',#7631) ;
#8188=CARTESIAN_POINT('NONE',(-7.230074236952,10.557174223269,3.757609));
#8189=CARTESIAN_POINT('NONE',(-6.972979057033,10.514766814689,3.757609));
#8190=CARTESIAN_POINT('NONE',(-5.242846574871,11.31331463807,3.757609));
#8191=CARTESIAN_POINT('NONE',(-7.990757722358,10.753308765996,3.757609));
#8192 = EDGE_CURVE('NONE',#1653,#14467,#3437,.T.) ;
#8193=VECTOR('NONE',#2265,916.49);
#8194=CARTESIAN_POINT('NONE',(12.464263999999,-12.739211,2.291225));
#8195 = ADVANCED_FACE('NONE',(#10713),#3016,.T.) ;
#8196 = ORIENTED_EDGE('NONE',*,*,#8813,.F.) ;
#8197 = ORIENTED_EDGE('NONE',*,*,#15642,.T.) ;
#8198 = ORIENTED_EDGE('NONE',*,*,#16460,.T.) ;
#8199 =(GEOMETRIC_REPRESENTATION_CONTEXT(3) GLOBAL_UNCERTAINTY_ASSIGNED_CONTEXT((#5594)) GLOBAL_UNIT_ASSIGNED_CONTEXT((#1637,#6425,#2596)) REPRESENTATION_CONTEXT('NONE','WORKASPACE'));
#8200 = EDGE_LOOP('NONE',(#15681,#12917,#13821,#12441)) ;
#8201=CARTESIAN_POINT('NONE',(-5.8673954109,10.46921125242,3.757609));
#8202 = FACE_OUTER_BOUND('NONE',#10672,.T.) ;
#8203 = ADVANCED_FACE('NONE',(#9287),#6639,.F.) ;
#8204=CARTESIAN_POINT('NONE',(-5.877401152094,10.425567162263,3.75852549));
#8205 = ORIENTED_EDGE('NONE',*,*,#10656,.T.) ;
#8206=VECTOR('NONE',#2795,916.49);
#8207 = EDGE_CURVE('NONE',#9305,#7737,#5969,.T.) ;
#8208=DIRECTION('NONE',(-1.,0.,0.));
#8209 = FILL_AREA_STYLE('',(#10586)) ;
#8210=CARTESIAN_POINT('NONE',(-7.937748461634,10.586329304028,3.75852549));
#8211 = SURFACE_STYLE_FILL_AREA(#2155) ;
#8212=CARTESIAN_POINT('NONE',(-7.990757722358,10.753308765996,3.757609));
#8213=CARTESIAN_POINT('NONE',(-7.72571121652,10.512116389569,3.75852549));
#8214 = FACE_OUTER_BOUND('NONE',#4054,.T.) ;
#8215 = ORIENTED_EDGE('NONE',*,*,#13067,.F.) ;
#8216 = ORIENTED_EDGE('NONE',*,*,#2813,.F.) ;
#8217 = ORIENTED_EDGE('NONE',*,*,#14690,.T.) ;
#8218 = LINE('NONE',#4670,#6534) ;
#8219 = COLOUR_RGB('',1.,1.,1.) ;
#8220 = ORIENTED_EDGE('NONE',*,*,#7787,.F.) ;
#8221 = EDGE_CURVE('NONE',#10122,#12239,#11109,.T.) ;
#8222 = COLOUR_RGB('',0.843137254901,0.815686274509,0.752941176470) ;
#8223 = MECHANICAL_DESIGN_GEOMETRIC_PRESENTATION_REPRESENTATION('',(#11217),#14276) ;
#8224 = B_SPLINE_CURVE_WITH_KNOTS('NONE',3,(#4504,#15396,#9319,#16421),.UNSPECIFIED.,.F.,.F.,(4,4),(26.000000000000,27.000000000000),.UNSPECIFIED.) ;
#8225 = PRESENTATION_STYLE_ASSIGNMENT((#14223)) ;
#8226=CARTESIAN_POINT('NONE',(-8.565908820504,10.816919828312,3.757609));
#8227=DIRECTION('NONE',(0.,0.,1.));
#8228=VECTOR('NONE',#7025,916.49);
#8229 =(LENGTH_UNIT() NAMED_UNIT(*) SI_UNIT(.MILLI.,.METRE.));
#8230 = MECHANICAL_DESIGN_GEOMETRIC_PRESENTATION_REPRESENTATION('',(#4187),#7970) ;
#8231=AXIS2_PLACEMENT_3D('NONE',#11804,#4615,#8018);
#8232=VECTOR('NONE',#12694,916.49);
#8233=VECTOR('NONE',#5155,916.49);
#8235 = FACE_OUTER_BOUND('NONE',#3779,.T.) ;
#8234=DIRECTION('NONE',(0.,0.,1.));
#8236 = PRESENTATION_LAYER_ASSIGNMENT('','',(#3944)) ;
#8237=CARTESIAN_POINT('NONE',(-6.131356392866,11.367250347742,3.757609));
#8238 = PRESENTATION_STYLE_ASSIGNMENT((#11701)) ;
#8239=CARTESIAN_POINT('NONE',(-5.498939999999,-11.878504670639,2.453084392149));
#8240 = SURFACE_SIDE_STYLE('',(#3413)) ;
#8241=CARTESIAN_POINT('NONE',(-6.236083150692,10.554974748367,3.75852549));
#8242=VECTOR('NONE',#3540,916.49);
#8243 = ORIENTED_EDGE('NONE',*,*,#10658,.T.) ;
#8244 = B_SPLINE_CURVE_WITH_KNOTS('NONE',3,(#5370,#4261,#1686,#5220),.UNSPECIFIED.,.F.,.F.,(4,4),(23.000000000000,24.000000000000),.UNSPECIFIED.) ;
#8245 =(GEOMETRIC_REPRESENTATION_CONTEXT(3) GLOBAL_UNCERTAINTY_ASSIGNED_CONTEXT((#2303)) GLOBAL_UNIT_ASSIGNED_CONTEXT((#16550,#5505,#3358)) REPRESENTATION_CONTEXT('NONE','WORKASPACE'));
#8246 = STYLED_ITEM('NONE',(#15631),#2640) ;
#8247 = EDGE_CURVE('NONE',#3800,#2585,#7466,.T.) ;
#8248 =(NAMED_UNIT(*) SI_UNIT($,.STERADIAN.) SOLID_ANGLE_UNIT());
#8249=CARTESIAN_POINT('NONE',(-5.630878747636,11.030676272542,3.757609));
#8250 = VERTEX_POINT('NONE',#6132) ;
#8251=CARTESIAN_POINT('NONE',(-5.159941862124,10.769574073776,3.75852549));
#8252=CARTESIAN_POINT('NONE',(-8.115329624084,11.246295219333,3.757609));
#8253 = MECHANICAL_DESIGN_GEOMETRIC_PRESENTATION_REPRESENTATION('',(#16306),#2216) ;
#8254 = COLOUR_RGB('',1.,1.,1.) ;
#8255 = STYLED_ITEM('NONE',(#7383),#14096) ;
#8256 = STYLED_ITEM('NONE',(#6662),#10329) ;
#8257 =(NAMED_UNIT(*) SI_UNIT($,.STERADIAN.) SOLID_ANGLE_UNIT());
#8258 = FACE_BOUND('NONE',#2869,.T.) ;
#8259=DIRECTION('NONE',(-1.,0.,0.));
#8260=AXIS2_PLACEMENT_3D('NONE',#5626,#3329,#10453);
#8261=CARTESIAN_POINT('NONE',(-7.03924069613,10.87788051606,3.757609));
#8262 = ORIENTED_EDGE('NONE',*,*,#1782,.T.) ;
#8263 = FILL_AREA_STYLE('',(#12974)) ;
#8264=CARTESIAN_POINT('NONE',(-6.339856980786,11.275769285399,3.757609));
#8265 = COLOUR_RGB('',1.,1.,1.) ;
#8266 = MECHANICAL_DESIGN_GEOMETRIC_PRESENTATION_REPRESENTATION('',(#16070),#4734) ;
#8267=VECTOR('NONE',#6460,916.49);
#8268=UNCERTAINTY_MEASURE_WITH_UNIT(LENGTH_MEASURE(9.164900000000001E-6),#6197,'distance_accuracy_value','NONE');
#8269 = SURFACE_STYLE_USAGE(.BOTH.,#3436) ;
#8270=CARTESIAN_POINT('NONE',(-6.157180734423,10.504850749624,3.75852549));
#8271=CARTESIAN_POINT('NONE',(-5.943248458425,10.547732497597,3.75852549));
#8272=DIRECTION('NONE',(0.,0.,1.));
#8273 = LINE('NONE',#14116,#1084) ;
#8274 = PLANE('NONE',#4744) ;
#8275=DIRECTION('NONE',(0.,0.,1.));
#8276 = LINE('NONE',#3448,#15705) ;
#8277=VECTOR('NONE',#1353,916.49);
#8278=DIRECTION('NONE',(0.,0.,-1.));
#8279 = COLOUR_RGB('',1.,1.,1.) ;
#8280 = ORIENTED_EDGE('NONE',*,*,#5419,.T.) ;
#8281=CARTESIAN_POINT('NONE',(-6.22788797219,10.428807116553,3.75852549));
#8282 = VERTEX_POINT('NONE',#9861) ;
#8283 = ORIENTED_EDGE('NONE',*,*,#3700,.F.) ;
#8284 = ORIENTED_EDGE('NONE',*,*,#6849,.T.) ;
#8285 = COLOUR_RGB('',1.,1.,1.) ;
#8286=CARTESIAN_POINT('NONE',(-5.630592869317,10.988175695663,3.757609));
#8287 = FILL_AREA_STYLE('',(#15457)) ;
#8288=CARTESIAN_POINT('NONE',(-6.307266852326,11.170375478161,3.75852549));
#8289=UNCERTAINTY_MEASURE_WITH_UNIT(LENGTH_MEASURE(9.164900000000001E-6),#13873,'distance_accuracy_value','NONE');
#8290 = SURFACE_SIDE_STYLE('',(#4653)) ;
#8291 = SURFACE_STYLE_USAGE(.BOTH.,#10582) ;
#8292=CARTESIAN_POINT('NONE',(5.49894,-11.091166380297,4.307503));
#8293 = ORIENTED_EDGE('NONE',*,*,#11885,.F.) ;
#8294 =(GEOMETRIC_REPRESENTATION_CONTEXT(3) GLOBAL_UNCERTAINTY_ASSIGNED_CONTEXT((#15512)) GLOBAL_UNIT_ASSIGNED_CONTEXT((#14331,#4778,#1242)) REPRESENTATION_CONTEXT('NONE','WORKASPACE'));
#8295=CARTESIAN_POINT('NONE',(-5.498939999999,-12.427658333564,3.2901991));
#8296 = SURFACE_SIDE_STYLE('',(#15465)) ;
#8297 = SURFACE_STYLE_FILL_AREA(#2309) ;
#8298=CARTESIAN_POINT('NONE',(-5.215497548943,11.360961024704,3.75852549));
#8300 = SURFACE_SIDE_STYLE('',(#10830)) ;
#8299 = LINE('NONE',#13102,#9612) ;
#8301 = SURFACE_SIDE_STYLE('',(#15468)) ;
#8302 = EDGE_LOOP('NONE',(#10139,#16260,#13670,#5677,#3699,#13261,#10185,#9474,#8883,#2421,#5207,#7436,#7846,#11381,#4326,#9263,#10331,#3750,#5909,#7087,#10511,#9874,#12089,#3783,#16164,#16330,#5817,#1252,#14433,#14431,#11353,#14977,#14630)) ;
#8303 = ORIENTED_EDGE('NONE',*,*,#15363,.F.) ;
#8304 = EDGE_LOOP('NONE',(#6783,#8131,#1261,#9378)) ;
#8305 = MECHANICAL_DESIGN_GEOMETRIC_PRESENTATION_REPRESENTATION('',(#13338),#8559) ;
#8306 = ORIENTED_EDGE('NONE',*,*,#1078,.F.) ;
#8307 = ADVANCED_FACE('NONE',(#12130),#12331,.F.) ;
#8308 = FILL_AREA_STYLE('',(#5616)) ;
#8309=CARTESIAN_POINT('NONE',(-11.8685455,10.906231,3.757609));
#8310=UNCERTAINTY_MEASURE_WITH_UNIT(LENGTH_MEASURE(9.164900000000001E-6),#4154,'distance_accuracy_value','NONE');
#8311 = SURFACE_STYLE_USAGE(.BOTH.,#9403) ;
#8312 = LINE('NONE',#6019,#2975) ;
#8313 =(NAMED_UNIT(*) PLANE_ANGLE_UNIT() SI_UNIT($,.RADIAN.));
#8314=VECTOR('NONE',#2447,916.49);
#8315 = LINE('NONE',#15564,#4513) ;
#8316 = PRESENTATION_STYLE_ASSIGNMENT((#2398)) ;
#8317 = FILL_AREA_STYLE('',(#3489)) ;
#8319=CARTESIAN_POINT('NONE',(-7.36524794027,10.55982464839,3.757609));
#8318 = SURFACE_STYLE_FILL_AREA(#6022) ;
#8320 = EDGE_CURVE('NONE',#11556,#6747,#7388,.T.) ;
#8321 = ADVANCED_FACE('NONE',(#1343),#10958,.F.) ;
#8322=DIRECTION('NONE',(-1.,0.,0.));
#8323 = LINE('NONE',#3648,#2987) ;
#8324 = SURFACE_STYLE_USAGE(.BOTH.,#7119) ;
#8325 =(GEOMETRIC_REPRESENTATION_CONTEXT(3) GLOBAL_UNCERTAINTY_ASSIGNED_CONTEXT((#1184)) GLOBAL_UNIT_ASSIGNED_CONTEXT((#9433,#1088,#15509)) REPRESENTATION_CONTEXT('NONE','WORKASPACE'));
#8326 = ORIENTED_EDGE('NONE',*,*,#14181,.F.) ;
#8327=CARTESIAN_POINT('NONE',(-7.990757772912,10.220565177537,3.757609));
#8328 = FILL_AREA_STYLE('',(#14401)) ;
#8329 = PRESENTATION_STYLE_ASSIGNMENT((#15496)) ;
#8330 = ORIENTED_EDGE('NONE',*,*,#11306,.T.) ;
#8331 = MECHANICAL_DESIGN_GEOMETRIC_PRESENTATION_REPRESENTATION('',(#15622),#8816) ;
#8332=CARTESIAN_POINT('NONE',(-5.815556142239,10.31140641988,3.757609));
#8333 =(NAMED_UNIT(*) SI_UNIT($,.STERADIAN.) SOLID_ANGLE_UNIT());
#8334 = FILL_AREA_STYLE('',(#9510)) ;
#8335 = COLOUR_RGB('',1.,1.,1.) ;
#8336 = EDGE_CURVE('NONE',#1653,#9154,#11196,.T.) ;
#8337=DIRECTION('NONE',(0.,0.,-1.));
#8338 = EDGE_CURVE('NONE',#15934,#12837,#5263,.T.) ;
#8339=CARTESIAN_POINT('NONE',(10.631284,10.906231,3.8034335));
#8340 = SURFACE_SIDE_STYLE('',(#5032)) ;
#8341 =(GEOMETRIC_REPRESENTATION_CONTEXT(3) GLOBAL_UNCERTAINTY_ASSIGNED_CONTEXT((#11577)) GLOBAL_UNIT_ASSIGNED_CONTEXT((#7598,#13745,#12408)) REPRESENTATION_CONTEXT('NONE','WORKASPACE'));
#8342 = ORIENTED_EDGE('NONE',*,*,#2390,.T.) ;
#8343=CARTESIAN_POINT('NONE',(5.49894,-11.647826370794,4.228584138747));
#8344 = ORIENTED_EDGE('NONE',*,*,#14418,.F.) ;
#8345 = FILL_AREA_STYLE('',(#4709)) ;
#8346 = ADVANCED_FACE('NONE',(#9034),#14971,.F.) ;
#8347=VECTOR('NONE',#7697,916.49);
#8348=AXIS2_PLACEMENT_3D('NONE',#8608,#10116,#2628);
#8349=CARTESIAN_POINT('NONE',(-8.332667769993,10.620785487798,3.757609));
#8350=UNCERTAINTY_MEASURE_WITH_UNIT(LENGTH_MEASURE(9.164900000000001E-6),#5283,'distance_accuracy_value','NONE');
#8351 = FILL_AREA_STYLE_COLOUR('',#1208) ;
#8352=DIRECTION('NONE',(0.,0.,1.));
#8353=DIRECTION('NONE',(-1.,0.,0.));
#8354=CARTESIAN_POINT('NONE',(-5.489083101006,10.607385773666,3.75852549));
#8355=CARTESIAN_POINT('NONE',(-7.958952165924,11.3576147806,3.75852549));
#8356 = PRESENTATION_STYLE_ASSIGNMENT((#14274)) ;
#8357 = ORIENTED_EDGE('NONE',*,*,#9794,.T.) ;
#8358 = SURFACE_STYLE_FILL_AREA(#6841) ;
#8359 = ORIENTED_EDGE('NONE',*,*,#12765,.T.) ;
#8360 = VERTEX_POINT('NONE',#11333) ;
#8361 =(GEOMETRIC_REPRESENTATION_CONTEXT(3) GLOBAL_UNCERTAINTY_ASSIGNED_CONTEXT((#3675)) GLOBAL_UNIT_ASSIGNED_CONTEXT((#10007,#11104,#3982)) REPRESENTATION_CONTEXT('NONE','WORKASPACE'));
#8362 = ORIENTED_EDGE('NONE',*,*,#10353,.T.) ;
#8363=CARTESIAN_POINT('NONE',(-5.8673954109,10.444816302462,3.757609));
#8364=CARTESIAN_POINT('NONE',(-7.958952165924,11.3576147806,3.75852549));
#8365=CARTESIAN_POINT('NONE',(-4.962781114222,10.530198627314,3.757609));
#8366=CARTESIAN_POINT('NONE',(-5.053213956059,10.478168773108,3.75852549));
#8367 = ORIENTED_EDGE('NONE',*,*,#11248,.F.) ;
#8368=CARTESIAN_POINT('NONE',(-5.635929264619,10.663036753257,3.757609));
#8369=DIRECTION('NONE',(0.,0.,-1.));
#8370=CARTESIAN_POINT('NONE',(-7.805225183439,11.301955006286,3.757609));
#8371=CARTESIAN_POINT('NONE',(-6.239990154395,10.390499421698,3.75852549));
#8372 =(NAMED_UNIT(*) PLANE_ANGLE_UNIT() SI_UNIT($,.RADIAN.));
#8373=DIRECTION('NONE',(0.,0.,1.));
#8374 =(LENGTH_UNIT() NAMED_UNIT(*) SI_UNIT(.MILLI.,.METRE.));
#8375 = VERTEX_POINT('NONE',#5405) ;
#8376 = ORIENTED_EDGE('NONE',*,*,#4684,.F.) ;
#8377 = ORIENTED_EDGE('NONE',*,*,#1974,.F.) ;
#8378 = FACE_OUTER_BOUND('NONE',#12474,.T.) ;
#8379 = ORIENTED_EDGE('NONE',*,*,#12881,.F.) ;
#8380 = B_SPLINE_CURVE_WITH_KNOTS('NONE',3,(#12602,#14828,#8819,#13646),.UNSPECIFIED.,.F.,.F.,(4,4),(5.000000000000,6.000000000000),.UNSPECIFIED.) ;
#8381=DIRECTION('NONE',(0.,0.,1.));
#8382 = COLOUR_RGB('',1.,1.,1.) ;
#8383 = FILL_AREA_STYLE('',(#7427)) ;
#8384=CARTESIAN_POINT('NONE',(-5.995373605405,10.576510915125,3.75852549));
#8385 = SURFACE_STYLE_USAGE(.BOTH.,#1138) ;
#8386=CARTESIAN_POINT('NONE',(-7.72571121652,10.485611733927,3.75852549));
#8388 =(LENGTH_UNIT() NAMED_UNIT(*) SI_UNIT(.MILLI.,.METRE.));
#8387=DIRECTION('NONE',(0.,0.,-1.));
#8389=CARTESIAN_POINT('NONE',(-6.263527469394,10.440814005985,3.757609));
#8390 = PLANE('NONE',#10018) ;
#8391 = EDGE_CURVE('NONE',#12712,#1438,#3986,.T.) ;
#8392 = LINE('NONE',#2334,#14825) ;
#8393 =(LENGTH_UNIT() NAMED_UNIT(*) SI_UNIT(.MILLI.,.METRE.));
#8394 = ADVANCED_FACE('NONE',(#12663),#1879,.T.) ;
#8395 = STYLED_ITEM('NONE',(#5606),#3050) ;
#8396=CIRCLE('NONE',#3596,0.458245);
#8397 = EDGE_LOOP('NONE',(#10838,#5312,#12413,#8073)) ;
#8398=UNCERTAINTY_MEASURE_WITH_UNIT(LENGTH_MEASURE(9.164900000000001E-6),#1791,'distance_accuracy_value','NONE');
#8399=CARTESIAN_POINT('NONE',(-5.489083101006,10.439289321614,3.75852549));
#8400=CARTESIAN_POINT('NONE',(-8.454589271874,10.528019142508,3.75852549));
#8401=DIRECTION('NONE',(-0.863187758942,-0.504883048649,0.));
#8402 = SURFACE_SIDE_STYLE('',(#14403)) ;
#8403 = ORIENTED_EDGE('NONE',*,*,#16176,.T.) ;
#8404 = COLOUR_RGB('',0.949019607843,0.760784313725,0.180392156862) ;
#8405 = SURFACE_STYLE_USAGE(.BOTH.,#1154) ;
#8406 = STYLED_ITEM('NONE',(#13592),#6354) ;
#8407=CARTESIAN_POINT('NONE',(-5.126684684252,10.988175695663,3.75852549));
#8408=CARTESIAN_POINT('NONE',(-8.239901475256,10.578378028667,3.757609));
#8409 = EDGE_CURVE('NONE',#5667,#16585,#8481,.T.) ;
#8410 = B_SPLINE_CURVE_WITH_KNOTS('NONE',3,(#2716,#3636,#1307,#9895),.UNSPECIFIED.,.F.,.F.,(4,4),(15.000000000000,16.000000000000),.UNSPECIFIED.) ;
#8411 = EDGE_CURVE('NONE',#13055,#14126,#12895,.T.) ;
#8412=CARTESIAN_POINT('NONE',(-5.52005325232,11.069555724037,3.757609));
#8413=CARTESIAN_POINT('NONE',(-7.72571121652,10.493563110399,3.75852549));
#8414=CARTESIAN_POINT('NONE',(-5.806979792645,10.31140641988,3.75852549));
#8415 = ORIENTED_EDGE('NONE',*,*,#12470,.F.) ;
#8416=CARTESIAN_POINT('NONE',(-6.277059043198,10.471879450071,3.757609));
#8417 = ORIENTED_EDGE('NONE',*,*,#1563,.F.) ;
#8418=CARTESIAN_POINT('NONE',(-6.110487275519,10.635592434555,3.757609));
#8419 = ADVANCED_FACE('NONE',(#15345),#1526,.F.) ;
#8420 = EDGE_CURVE('NONE',#8021,#9132,#6324,.T.) ;
#8421=UNCERTAINTY_MEASURE_WITH_UNIT(LENGTH_MEASURE(9.164900000000001E-6),#15504,'distance_accuracy_value','NONE');
#8422=CARTESIAN_POINT('NONE',(-6.105913222402,11.033153884647,3.75852549));
#8423 =(LENGTH_UNIT() NAMED_UNIT(*) SI_UNIT(.MILLI.,.METRE.));
#8424 = VERTEX_POINT('NONE',#6885) ;
#8425=CARTESIAN_POINT('NONE',(-5.336709956544,10.439289321614,3.75852549));
#8426=DIRECTION('NONE',(0.,0.,-1.));
#8427=CARTESIAN_POINT('NONE',(-8.9357775,-10.906231,3.8034335));
#8428 =(LENGTH_UNIT() NAMED_UNIT(*) SI_UNIT(.MILLI.,.METRE.));
#8429=DIRECTION('NONE',(0.,0.,-1.));
#8430 = LINE('NONE',#2529,#6003) ;
#8431 = SURFACE_SIDE_STYLE('',(#15675)) ;
#8432 = SURFACE_STYLE_USAGE(.BOTH.,#6305) ;
#8434=CARTESIAN_POINT('NONE',(-8.239901475256,10.578378028667,3.757609));
#8433=VECTOR('NONE',#13340,916.49);
#8435=UNCERTAINTY_MEASURE_WITH_UNIT(LENGTH_MEASURE(9.164900000000001E-6),#4035,'distance_accuracy_value','NONE');
#8436=CARTESIAN_POINT('NONE',(-5.429620410486,11.179332998849,3.757609));
#8437=DIRECTION('NONE',(0.,0.,-1.));
#8438 = VERTEX_POINT('NONE',#11711) ;
#8439 = ORIENTED_EDGE('NONE',*,*,#11731,.F.) ;
#8440=VECTOR('NONE',#1768,916.49);
#8441 = VERTEX_POINT('NONE',#16290) ;
#8442 = EDGE_LOOP('NONE',(#4179,#9815)) ;
#8443=CARTESIAN_POINT('NONE',(-7.805225183439,11.301955006286,3.757609));
#8444 = ADVANCED_FACE('NONE',(#15111),#4297,.T.) ;
#8445=DIRECTION('NONE',(-1.,0.,0.));
#8446 = EDGE_CURVE('NONE',#1957,#13022,#14558,.T.) ;
#8447=CARTESIAN_POINT('NONE',(-5.80335866726,10.271383455106,3.757609));
#8448=CARTESIAN_POINT('NONE',(1.1639423,10.906231,2.2454005));
#8449 = ORIENTED_EDGE('NONE',*,*,#7031,.T.) ;
#8450=CARTESIAN_POINT('NONE',(-5.489083101006,10.607385773666,3.757609));
#8451=CARTESIAN_POINT('NONE',(-9.163813426757,-3.301001380297,21.407686738066));
#8452=CARTESIAN_POINT('NONE',(-8.9357775,-10.906231,3.8034335));
#8454=CARTESIAN_POINT('NONE',(-3.9500719,10.906231,3.757609));
#8453 = FILL_AREA_STYLE('',(#4662)) ;
#8455=CIRCLE('NONE',#2946,1.2372615);
#8456=DIRECTION('NONE',(0.349395479469,-0.936975345954,0.));
#8457=DIRECTION('NONE',(1.,0.,0.));
#8458 = ORIENTED_EDGE('NONE',*,*,#7714,.F.) ;
#8459 = ORIENTED_EDGE('NONE',*,*,#9564,.F.) ;
#8460 = B_SPLINE_CURVE_WITH_KNOTS('NONE',3,(#8716,#14798,#2747,#7617),.UNSPECIFIED.,.F.,.F.,(4,4),(5.000000000000,6.000000000000),.UNSPECIFIED.) ;
#8461 = ORIENTED_EDGE('NONE',*,*,#2069,.T.) ;
#8462=DIRECTION('NONE',(0.,0.,-1.));
#8463 = EDGE_CURVE('NONE',#9010,#14046,#13455,.T.) ;
#8464 = PRESENTATION_LAYER_ASSIGNMENT('','',(#1430)) ;
#8465 = EDGE_LOOP('NONE',(#16402,#1340,#6228,#12991)) ;
#8466 =(GEOMETRIC_REPRESENTATION_CONTEXT(3) GLOBAL_UNCERTAINTY_ASSIGNED_CONTEXT((#7073)) GLOBAL_UNIT_ASSIGNED_CONTEXT((#1794,#4283,#10150)) REPRESENTATION_CONTEXT('NONE','WORKASPACE'));
#8467 = SURFACE_STYLE_FILL_AREA(#3882) ;
#8468=DIRECTION('NONE',(-1.,0.,0.));
#8469=CARTESIAN_POINT('NONE',(-5.019003850454,10.449009184487,3.75852549));
#8470=CARTESIAN_POINT('NONE',(-6.166519426202,11.323796843128,3.75852549));
#8471=DIRECTION('NONE',(0.936975345954,0.349395479469,0.));
#8472 = EDGE_CURVE('NONE',#10814,#8558,#10650,.T.) ;
#8473 =(NAMED_UNIT(*) PLANE_ANGLE_UNIT() SI_UNIT($,.RADIAN.));
#8474 =(LENGTH_UNIT() NAMED_UNIT(*) SI_UNIT(.MILLI.,.METRE.));
#8475=CARTESIAN_POINT('NONE',(-6.134596347157,11.323796843128,3.75852549));
#8476 = ORIENTED_EDGE('NONE',*,*,#5314,.T.) ;
#8477 =(NAMED_UNIT(*) PLANE_ANGLE_UNIT() SI_UNIT($,.RADIAN.));
#8478 =(NAMED_UNIT(*) PLANE_ANGLE_UNIT() SI_UNIT($,.RADIAN.));
#8479 = COLOUR_RGB('',1.,1.,1.) ;
#8480 = ORIENTED_EDGE('NONE',*,*,#16017,.T.) ;
#8481=CIRCLE('NONE',#8231,0.824841);
#8482=DIRECTION('NONE',(0.,0.,-1.));
#8483=CARTESIAN_POINT('NONE',(-6.415429999999,-10.906231,2.291225));
#8484=CARTESIAN_POINT('NONE',(-5.179572173419,11.132258368852,3.757609));
#8485 =(GEOMETRIC_REPRESENTATION_CONTEXT(3) GLOBAL_UNCERTAINTY_ASSIGNED_CONTEXT((#14381)) GLOBAL_UNIT_ASSIGNED_CONTEXT((#14189,#4388,#16316)) REPRESENTATION_CONTEXT('NONE','WORKASPACE'));
#8486 = EDGE_LOOP('NONE',(#13499,#13465,#5192,#2414)) ;
#8487 =(NAMED_UNIT(*) SI_UNIT($,.STERADIAN.) SOLID_ANGLE_UNIT());
#8488 = PLANE('NONE',#10863) ;
#8489=CARTESIAN_POINT('NONE',(-8.096776395469,10.424650843965,3.757609));
#8490 = LINE('NONE',#11954,#13397) ;
#8491=CARTESIAN_POINT('NONE',(-5.019003850454,10.449009184487,3.757609));
#8492=VECTOR('NONE',#14932,916.49);
#8493 = ORIENTED_EDGE('NONE',*,*,#7314,.F.) ;
#8495 = COLOUR_RGB('',1.,1.,1.) ;
#8494=DIRECTION('NONE',(0.,0.,1.));
#8496 = VERTEX_POINT('NONE',#5951) ;
#8497 = STYLED_ITEM('NONE',(#7148),#13076) ;
#8498 = EDGE_CURVE('NONE',#11304,#16565,#6192,.T.) ;
#8499=AXIS2_PLACEMENT_3D('NONE',#4637,#8272,#13073);
#8500=VECTOR('NONE',#15384,916.49);
#8501 =(GEOMETRIC_REPRESENTATION_CONTEXT(3) GLOBAL_UNCERTAINTY_ASSIGNED_CONTEXT((#6428)) GLOBAL_UNIT_ASSIGNED_CONTEXT((#13966,#6838,#15450)) REPRESENTATION_CONTEXT('NONE','WORKASPACE'));
#8502=CARTESIAN_POINT('NONE',(-8.398929409091,10.822220880767,3.75852549));
#8503 = MECHANICAL_DESIGN_GEOMETRIC_PRESENTATION_REPRESENTATION('',(#4215),#2968) ;
#8504 = COLOUR_RGB('',1.,1.,1.) ;
#8505 = MECHANICAL_DESIGN_GEOMETRIC_PRESENTATION_REPRESENTATION('',(#2736),#9002) ;
#8506 = ORIENTED_EDGE('NONE',*,*,#5395,.F.) ;
#8507 = PRESENTATION_STYLE_ASSIGNMENT((#6134)) ;
#8508=CARTESIAN_POINT('NONE',(-6.569607857146,11.360961024704,3.75852549));
#8509 = SURFACE_STYLE_USAGE(.BOTH.,#12432) ;
#8510=DIRECTION('NONE',(-1.,0.,0.));
#8511 = SURFACE_STYLE_USAGE(.BOTH.,#14351) ;
#8512 = ADVANCED_FACE('NONE',(#3579),#9842,.F.) ;
#8513=CARTESIAN_POINT('NONE',(-5.485843146716,11.31159936815,3.757609));
#8514 = EDGE_CURVE('NONE',#2321,#3836,#10695,.T.) ;
#8515 = LINE('NONE',#4884,#9328) ;
#8516 = ORIENTED_EDGE('NONE',*,*,#10936,.T.) ;
#8517 = LINE('NONE',#6310,#7012) ;
#8518 = VERTEX_POINT('NONE',#10779) ;
#8519 = B_SPLINE_CURVE_WITH_KNOTS('NONE',3,(#5666,#5906,#14356,#10575),.UNSPECIFIED.,.F.,.F.,(4,4),(2.000000000000,3.000000000000),.UNSPECIFIED.) ;
#8520 = ORIENTED_EDGE('NONE',*,*,#1111,.T.) ;
#8521=VECTOR('NONE',#8718,916.49);
#8522 = STYLED_ITEM('NONE',(#4842),#10766) ;
#8523 = PRESENTATION_LAYER_ASSIGNMENT('','',(#7523)) ;
#8524=CIRCLE('NONE',#11287,0.458245);
#8525 = VERTEX_POINT('NONE',#13295) ;
#8526 = SURFACE_SIDE_STYLE('',(#11274)) ;
#8527=CARTESIAN_POINT('NONE',(-6.157180734423,10.396788744734,3.75852549));
#8528 =(NAMED_UNIT(*) PLANE_ANGLE_UNIT() SI_UNIT($,.RADIAN.));
#8529 = ORIENTED_EDGE('NONE',*,*,#4540,.F.) ;
#8530 = PRESENTATION_LAYER_ASSIGNMENT('','',(#2242)) ;
#8531=CARTESIAN_POINT('NONE',(-6.174905190251,11.024768120599,3.75852549));
#8532=CARTESIAN_POINT('NONE',(-7.935098036513,10.379592909157,3.75852549));
#8533=DIRECTION('NONE',(0.,0.,-1.));
#8535 = SURFACE_STYLE_USAGE(.BOTH.,#14215) ;
#8534 = SURFACE_STYLE_FILL_AREA(#1206) ;
#8536=CARTESIAN_POINT('NONE',(-5.883023425717,10.513236513673,3.757609));
#8538 = EDGE_CURVE('NONE',#12600,#11771,#15580,.T.) ;
#8537 = ORIENTED_EDGE('NONE',*,*,#7544,.F.) ;
#8539 = VERTEX_POINT('NONE',#8484) ;
#8540 = VERTEX_POINT('NONE',#2504) ;
#8541 = EDGE_CURVE('NONE',#4251,#12461,#1329,.T.) ;
#8542 = ORIENTED_EDGE('NONE',*,*,#10108,.T.) ;
#8543=UNCERTAINTY_MEASURE_WITH_UNIT(LENGTH_MEASURE(9.164900000000001E-6),#3060,'distance_accuracy_value','NONE');
#8544=CARTESIAN_POINT('NONE',(-10.631284,10.906231,3.8034335));
#8545 = B_SPLINE_SURFACE_WITH_KNOTS('NONE',3,1,((#2263,#11878),(#12808,#9176),(#15342,#11639),(#5875,#2338)),.UNSPECIFIED.,.F.,.F.,.F.,(4,4),(2,2),(2.000000000000,3.000000000000),(0.,1.),.UNSPECIFIED.) ;
#8546=CARTESIAN_POINT('NONE',(-5.053213956059,10.478168773108,3.75852549));
#8547=CARTESIAN_POINT('NONE',(-7.370548790513,10.395495864311,3.757609));
#8548 =(LENGTH_UNIT() NAMED_UNIT(*) SI_UNIT(.MILLI.,.METRE.));
#8549 = LINE('NONE',#13512,#3286) ;
#8551=CARTESIAN_POINT('NONE',(-7.354646138679,10.557174223269,3.75852549));
#8550=CARTESIAN_POINT('NONE',(-5.241703061593,11.31331463807,3.757609));
#8552 = MECHANICAL_DESIGN_GEOMETRIC_PRESENTATION_REPRESENTATION('',(#3760),#6754) ;
#8553=CARTESIAN_POINT('NONE',(0.,0.,3.75852549));
#8554 = LINE('NONE',#10055,#8731) ;
#8555 = VERTEX_POINT('NONE',#4202) ;
#8556 = LINE('NONE',#9495,#6001) ;
#8557 = SURFACE_STYLE_USAGE(.BOTH.,#14632) ;
#8558 = VERTEX_POINT('NONE',#2956) ;
#8559 =(GEOMETRIC_REPRESENTATION_CONTEXT(3) GLOBAL_UNCERTAINTY_ASSIGNED_CONTEXT((#6878)) GLOBAL_UNIT_ASSIGNED_CONTEXT((#14565,#1159,#6203)) REPRESENTATION_CONTEXT('NONE','WORKASPACE'));
#8560=DIRECTION('NONE',(-1.,0.,0.));
#8561 = PRESENTATION_STYLE_ASSIGNMENT((#12266)) ;
#8562=DIRECTION('NONE',(-1.,0.,0.));
#8563=DIRECTION('NONE',(0.,1.,0.));
#8564 = STYLED_ITEM('NONE',(#9509),#9275) ;
#8565 = ORIENTED_EDGE('NONE',*,*,#8338,.F.) ;
#8566=DIRECTION('NONE',(0.,0.,1.));
#8567 = LINE('NONE',#11951,#6317) ;
#8568=CARTESIAN_POINT('NONE',(-7.993408248587,10.379592909157,3.75852549));
#8569=DIRECTION('NONE',(0.,1.,0.));
#8570=VECTOR('NONE',#3833,916.49);
#8571 = SURFACE_SIDE_STYLE('',(#2817)) ;
#8572 = LINE('NONE',#13389,#4774) ;
#8574 = SURFACE_STYLE_FILL_AREA(#3755) ;
#8573 = STYLED_ITEM('NONE',(#15780),#16608) ;
#8575=VECTOR('NONE',#1452,916.49);
#8576 = SURFACE_STYLE_USAGE(.BOTH.,#6124) ;
#8577 = EDGE_LOOP('NONE',(#4193,#8216)) ;
#8578 = ADVANCED_FACE('NONE',(#2741),#8792,.F.) ;
#8579 = EDGE_CURVE('NONE',#8592,#13022,#9035,.T.) ;
#8580 = VERTEX_POINT('NONE',#3902) ;
#8581=AXIS2_PLACEMENT_3D('NONE',#5706,#11548,#5474);
#8582 = STYLED_ITEM('NONE',(#5889),#1323) ;
#8583=UNCERTAINTY_MEASURE_WITH_UNIT(LENGTH_MEASURE(9.164900000000001E-6),#4620,'distance_accuracy_value','NONE');
#8584=DIRECTION('NONE',(0.355935724364,0.934510438744,0.));
#8585=CARTESIAN_POINT('NONE',(-10.631284,-10.906231,3.757609));
#8586 = ORIENTED_EDGE('NONE',*,*,#11817,.F.) ;
#8587 = FILL_AREA_STYLE('',(#11897)) ;
#8588 =(NAMED_UNIT(*) SI_UNIT($,.STERADIAN.) SOLID_ANGLE_UNIT());
#8589=CARTESIAN_POINT('NONE',(-5.480220873091,11.177998900022,3.757609));
#8590=AXIS2_PLACEMENT_3D('NONE',#7363,#3888,#2490);
#8591 = VERTEX_POINT('NONE',#1571) ;
#8592 = VERTEX_POINT('NONE',#4120) ;
#8593 = EDGE_CURVE('NONE',#4156,#12712,#2661,.T.) ;
#8594 = VERTEX_POINT('NONE',#6492) ;
#8595 = EDGE_CURVE('NONE',#7029,#15828,#7622,.T.) ;
#8596 = EDGE_LOOP('NONE',(#3249,#16609,#12934,#4472)) ;
#8597 = MECHANICAL_DESIGN_GEOMETRIC_PRESENTATION_REPRESENTATION('',(#6806),#9079) ;
#8598 = ADVANCED_FACE('NONE',(#14874),#8858,.F.) ;
#8599 = SURFACE_STYLE_FILL_AREA(#3788) ;
#8600 = SURFACE_SIDE_STYLE('',(#14597)) ;
#8601=DIRECTION('NONE',(-0.886348842796,-0.463018065387,0.));
#8602=DIRECTION('NONE',(0.,0.,-1.));
#8603 = EDGE_LOOP('NONE',(#6150,#8459,#4570,#8344,#10780)) ;
#8604 = SURFACE_STYLE_USAGE(.BOTH.,#10981) ;
#8605 = FILL_AREA_STYLE('',(#9715)) ;
#8606=DIRECTION('NONE',(0.,1.,0.));
#8607=DIRECTION('NONE',(0.,0.,-1.));
#8608=CARTESIAN_POINT('NONE',(-4.712732877155,10.540871417921,3.75852549));
#8609 = STYLED_ITEM('NONE',(#11200),#9938) ;
#8610=CARTESIAN_POINT('NONE',(-6.157180734423,10.437955222787,3.757609));
#8611 = EDGE_CURVE('NONE',#4667,#11638,#2170,.T.) ;
#8612 = ORIENTED_EDGE('NONE',*,*,#6349,.T.) ;
#8613 = VERTEX_POINT('NONE',#11629) ;
#8614 = VERTEX_POINT('NONE',#6713) ;
#8615=CARTESIAN_POINT('NONE',(-12.3267905,10.906231,3.8034335));
#8616 = ORIENTED_EDGE('NONE',*,*,#12625,.T.) ;
#8617 = EDGE_CURVE('NONE',#7301,#4667,#5699,.T.) ;
#8618 = ADVANCED_FACE('NONE',(#4599),#11786,.F.) ;
#8619 = PRESENTATION_STYLE_ASSIGNMENT((#5000)) ;
#8620=DIRECTION('NONE',(-3.035766082959000E-15,-1.,0.));
#8621=UNCERTAINTY_MEASURE_WITH_UNIT(LENGTH_MEASURE(9.164900000000001E-6),#10821,'distance_accuracy_value','NONE');
#8622 = SURFACE_STYLE_FILL_AREA(#8383) ;
#8623=CARTESIAN_POINT('NONE',(9.163813426757,-3.301001380297,2.1812462));
#8624=DIRECTION('NONE',(0.,0.,-1.));
#8625=CARTESIAN_POINT('NONE',(-6.569607857146,10.988175695663,3.75852549));
#8626 =(LENGTH_UNIT() NAMED_UNIT(*) SI_UNIT(.MILLI.,.METRE.));
#8627 =(NAMED_UNIT(*) PLANE_ANGLE_UNIT() SI_UNIT($,.RADIAN.));
#8629 = PRESENTATION_STYLE_ASSIGNMENT((#3959)) ;
#8628 = SURFACE_STYLE_FILL_AREA(#1315) ;
#8630 = PRESENTATION_STYLE_ASSIGNMENT((#10855)) ;
#8631=CARTESIAN_POINT('NONE',(-5.537205951509,10.396788744734,3.757609));
#8632 = ORIENTED_EDGE('NONE',*,*,#6016,.F.) ;
#8633 = ORIENTED_EDGE('NONE',*,*,#4980,.F.) ;
#8634 =(NAMED_UNIT(*) SI_UNIT($,.STERADIAN.) SOLID_ANGLE_UNIT());
#8635=CARTESIAN_POINT('NONE',(-5.685005042854,11.318079276733,3.757609));
#8636 = B_SPLINE_CURVE_WITH_KNOTS('NONE',3,(#2011,#8848,#1695,#7679),.UNSPECIFIED.,.F.,.F.,(4,4),(5.000000000000,6.000000000000),.UNSPECIFIED.) ;
#8637 = ORIENTED_EDGE('NONE',*,*,#16411,.F.) ;
#8638 = PRESENTATION_LAYER_ASSIGNMENT('','',(#3335)) ;
#8639 = SURFACE_STYLE_USAGE(.BOTH.,#14638) ;
#8640=CARTESIAN_POINT('NONE',(-5.408941878684,10.988175695663,3.75852549));
#8641=CARTESIAN_POINT('NONE',(-6.909367843055,10.583678878908,3.75852549));
#8642=CARTESIAN_POINT('NONE',(-6.157180734423,10.504850749624,3.75852549));
#8643 = ORIENTED_EDGE('NONE',*,*,#6940,.F.) ;
#8644=CARTESIAN_POINT('NONE',(-5.976219757977,10.513808270312,3.75852549));
#8645 = EDGE_CURVE('NONE',#15303,#5214,#7850,.T.) ;
#8646 = PRESENTATION_STYLE_ASSIGNMENT((#6117)) ;
#8647=CARTESIAN_POINT('NONE',(-8.096776395469,10.54127136922,3.757609));
#8648 = FACE_OUTER_BOUND('NONE',#8950,.T.) ;
#8649=CARTESIAN_POINT('NONE',(-5.915327675856,10.464637199304,3.75852549));
#8650=CARTESIAN_POINT('NONE',(-10.631284,-10.906231,3.8034335));
#8651 = ORIENTED_EDGE('NONE',*,*,#3368,.T.) ;
#8652 = ORIENTED_EDGE('NONE',*,*,#16476,.F.) ;
#8653 = SURFACE_SIDE_STYLE('',(#13993)) ;
#8654 = MECHANICAL_DESIGN_GEOMETRIC_PRESENTATION_REPRESENTATION('',(#2368),#2638) ;
#8655=CARTESIAN_POINT('NONE',(-5.759142820463,10.348951772551,3.757609));
#8656=CARTESIAN_POINT('NONE',(-5.498939999999,-11.091166380297,2.2728952));
#8657=CARTESIAN_POINT('NONE',(-5.981746738827,10.564504025693,3.757609));
#8658 = ADVANCED_FACE('NONE',(#9248),#9092,.F.) ;
#8659 = ORIENTED_EDGE('NONE',*,*,#11367,.F.) ;
#8660=DIRECTION('NONE',(0.,0.,-1.));
#8661=DIRECTION('NONE',(-1.,0.,0.));
#8662 = LINE('NONE',#6376,#10519) ;
#8663=DIRECTION('NONE',(0.,0.,-1.));
#8664 = SURFACE_STYLE_USAGE(.BOTH.,#3774) ;
#8665 = FILL_AREA_STYLE_COLOUR('',#15458) ;
#8666 = FACE_OUTER_BOUND('NONE',#12647,.T.) ;
#8667 = STYLED_ITEM('NONE',(#11181),#3469) ;
#8668 = EDGE_LOOP('NONE',(#16470,#11047,#1503,#3201,#10040,#4948)) ;
#8669=DIRECTION('NONE',(-0.930300737781,0.36679767895,0.));
#8670 = VERTEX_POINT('NONE',#3109) ;
#8671 = B_SPLINE_SURFACE_WITH_KNOTS('NONE',3,1,((#7863,#9107),(#3122,#12662),(#15110,#7790),(#14093,#3273)),.UNSPECIFIED.,.F.,.F.,.F.,(4,4),(2,2),(18.000000000000,19.000000000000),(0.,1.),.UNSPECIFIED.) ;
#8672 = ORIENTED_EDGE('NONE',*,*,#11731,.T.) ;
#8673 = LINE('NONE',#1198,#3435) ;
#8674=CARTESIAN_POINT('NONE',(-6.138026886995,11.024768120599,3.757609));
#8675=VECTOR('NONE',#4004,916.49);
#8676=CARTESIAN_POINT('NONE',(-4.888929214939,10.396788744734,3.75852549));
#8677 = SURFACE_STYLE_FILL_AREA(#5128) ;
#8678 = ADVANCED_FACE('NONE',(#7921),#12717,.F.) ;
#8679=CARTESIAN_POINT('NONE',(-5.708351772308,10.356575194414,3.75852549));
#8680 = ORIENTED_EDGE('NONE',*,*,#3671,.F.) ;
#8681=DIRECTION('NONE',(0.,0.,-1.));
#8683 = FACE_BOUND('NONE',#15872,.T.) ;
#8682=CARTESIAN_POINT('NONE',(-6.078659489245,11.049734827198,3.757609));
#8684 =(LENGTH_UNIT() NAMED_UNIT(*) SI_UNIT(.MILLI.,.METRE.));
#8685=DIRECTION('NONE',(1.,0.,0.));
#8686 = ORIENTED_EDGE('NONE',*,*,#5144,.T.) ;
#8687 = EDGE_LOOP('NONE',(#11924,#15778,#8306,#7590)) ;
#8688 = ORIENTED_EDGE('NONE',*,*,#12730,.F.) ;
#8689 = VERTEX_POINT('NONE',#3859) ;
#8690=UNCERTAINTY_MEASURE_WITH_UNIT(LENGTH_MEASURE(9.164900000000001E-6),#1733,'distance_accuracy_value','NONE');
#8691=AXIS2_PLACEMENT_3D('NONE',#4983,#2551,#4138);
#8692=CARTESIAN_POINT('NONE',(-5.537205951509,10.396788744734,3.75852549));
#8693 = LINE('NONE',#5078,#6733) ;
#8694 = EDGE_CURVE('NONE',#9853,#1612,#13570,.T.) ;
#8695 = FILL_AREA_STYLE_COLOUR('',#7253) ;
#8696=DIRECTION('NONE',(0.,0.,1.));
#8697=DIRECTION('NONE',(-1.,0.,0.));
#8698 = PLANE('NONE',#15296) ;
#8699=CARTESIAN_POINT('NONE',(-9.163813426757,-3.301001380297,2.2728952));
#8701 = SURFACE_SIDE_STYLE('',(#11300)) ;
#8700 = PRESENTATION_STYLE_ASSIGNMENT((#9976)) ;
#8702=CARTESIAN_POINT('NONE',(-5.485843146716,11.040396135416,3.757609));
#8703 = VERTEX_POINT('NONE',#11194) ;
#8704 = ORIENTED_EDGE('NONE',*,*,#4853,.F.) ;
#8705 = EDGE_CURVE('NONE',#11771,#16013,#15161,.T.) ;
#8706 =(NAMED_UNIT(*) SI_UNIT($,.STERADIAN.) SOLID_ANGLE_UNIT());
#8707=AXIS2_PLACEMENT_3D('NONE',#11643,#2040,#12737);
#8708 = EDGE_LOOP('NONE',(#5290,#5651,#13960,#16011)) ;
#8709=CARTESIAN_POINT('NONE',(-6.206732976523,10.669135490747,3.757609));
#8710 =(GEOMETRIC_REPRESENTATION_CONTEXT(3) GLOBAL_UNCERTAINTY_ASSIGNED_CONTEXT((#8398)) GLOBAL_UNIT_ASSIGNED_CONTEXT((#1791,#15015,#5471)) REPRESENTATION_CONTEXT('NONE','WORKASPACE'));
#8711=CARTESIAN_POINT('NONE',(-7.993408198034,11.047510453699,3.75852549));
#8712=CARTESIAN_POINT('NONE',(-6.046926995746,10.59118600221,3.75852549));
#8713 = STYLED_ITEM('NONE',(#9407),#12402) ;
#8714 = SURFACE_STYLE_FILL_AREA(#15730) ;
#8715=AXIS2_PLACEMENT_3D('NONE',#15864,#4009,#3795);
#8716=CARTESIAN_POINT('NONE',(-8.136533328375,11.246295219333,3.75852549));
#8717=CARTESIAN_POINT('NONE',(-5.759142820463,10.348951772551,3.75852549));
#8718=DIRECTION('NONE',(0.,0.,-1.));
#8719 = PRESENTATION_STYLE_ASSIGNMENT((#15665)) ;
#8720 = ORIENTED_EDGE('NONE',*,*,#9374,.F.) ;
#8721 = EDGE_CURVE('NONE',#11363,#12180,#12498,.T.) ;
#8722 = PRESENTATION_LAYER_ASSIGNMENT('','',(#1459)) ;
#8723 = COLOUR_RGB('',0.949019607843,0.760784313725,0.180392156862) ;
#8724=VECTOR('NONE',#13806,916.49);
#8725 =(GEOMETRIC_REPRESENTATION_CONTEXT(3) GLOBAL_UNCERTAINTY_ASSIGNED_CONTEXT((#13225)) GLOBAL_UNIT_ASSIGNED_CONTEXT((#2364,#14269,#3605)) REPRESENTATION_CONTEXT('NONE','WORKASPACE'));
#8726 = LINE('NONE',#16068,#10220) ;
#8727 = SURFACE_SIDE_STYLE('',(#5111)) ;
#8728 = ORIENTED_EDGE('NONE',*,*,#7442,.F.) ;
#8729 = FACE_OUTER_BOUND('NONE',#13352,.T.) ;
#8730=VECTOR('NONE',#6089,916.49);
#8731=VECTOR('NONE',#14702,916.49);
#8732 = PRESENTATION_STYLE_ASSIGNMENT((#3919)) ;
#8733=CARTESIAN_POINT('NONE',(11.8685455,10.906231,3.8034335));
#8734 = MECHANICAL_DESIGN_GEOMETRIC_PRESENTATION_REPRESENTATION('',(#8497),#16540) ;
#8735=CARTESIAN_POINT('NONE',(10.631284,10.906231,2.2454005));
#8736 = ORIENTED_EDGE('NONE',*,*,#4347,.T.) ;
#8737 = VERTEX_POINT('NONE',#1532) ;
#8738=VECTOR('NONE',#4140,916.49);
#8739=VECTOR('NONE',#1839,916.49);
#8740 = STYLED_ITEM('NONE',(#16594),#10547) ;
#8741 = PRESENTATION_LAYER_ASSIGNMENT('','',(#11039)) ;
#8742=CARTESIAN_POINT('NONE',(-6.268101522511,11.282439779529,3.75852549));
#8743 =(NAMED_UNIT(*) SI_UNIT($,.STERADIAN.) SOLID_ANGLE_UNIT());
#8744=DIRECTION('NONE',(0.,0.,1.));
#8745 = ORIENTED_EDGE('NONE',*,*,#14382,.T.) ;
#8746 = SURFACE_SIDE_STYLE('',(#2999)) ;
#8747 = FILL_AREA_STYLE('',(#12392)) ;
#8748=DIRECTION('NONE',(0.,0.,1.));
#8749 =(NAMED_UNIT(*) PLANE_ANGLE_UNIT() SI_UNIT($,.RADIAN.));
#8751 = FILL_AREA_STYLE_COLOUR('',#9665) ;
#8750=CARTESIAN_POINT('NONE',(-5.984605522025,10.621298518563,3.757609));
#8752 = EDGE_CURVE('NONE',#1352,#15854,#6020,.T.) ;
#8753 = MECHANICAL_DESIGN_GEOMETRIC_PRESENTATION_REPRESENTATION('',(#1726),#16575) ;
#8754 = PRESENTATION_LAYER_ASSIGNMENT('','',(#16308)) ;
#8755 =(LENGTH_UNIT() NAMED_UNIT(*) SI_UNIT(.MILLI.,.METRE.));
#8756 = ORIENTED_EDGE('NONE',*,*,#6589,.T.) ;
#8757=AXIS2_PLACEMENT_3D('NONE',#15885,#8847,#14857);
#8758 = ORIENTED_EDGE('NONE',*,*,#3663,.F.) ;
#8759 = ORIENTED_EDGE('NONE',*,*,#2254,.F.) ;
#8760=DIRECTION('NONE',(1.,-1.284980352575000E-16,0.));
#8761 = EDGE_CURVE('NONE',#12191,#12632,#8315,.T.) ;
#8762 = ORIENTED_EDGE('NONE',*,*,#1591,.T.) ;
#8763=CARTESIAN_POINT('NONE',(-6.078659489245,11.352003504017,3.75852549));
#8764 = SURFACE_STYLE_USAGE(.BOTH.,#5146) ;
#8765=VECTOR('NONE',#13571,916.49);
#8766=VECTOR('NONE',#8156,916.49);
#8767 = LINE('NONE',#4177,#7400) ;
#8768=CARTESIAN_POINT('NONE',(3.4918269,10.906231,3.8034335));
#8769=DIRECTION('NONE',(3.035766082959000E-15,1.,0.));
#8770=CARTESIAN_POINT('NONE',(-8.1338828527,11.087267437159,3.757609));
#8771=DIRECTION('NONE',(-1.,0.,0.));
#8772 =(NAMED_UNIT(*) SI_UNIT($,.STERADIAN.) SOLID_ANGLE_UNIT());
#8773=CARTESIAN_POINT('NONE',(-5.843095753715,10.663036753257,3.75852549));
#8774=CARTESIAN_POINT('NONE',(-6.105341465761,11.31655459236,3.75852549));
#8775 = VERTEX_POINT('NONE',#10849) ;
#8776 = EDGE_LOOP('NONE',(#12438,#5382,#11277,#15122)) ;
#8777=VECTOR('NONE',#2765,916.49);
#8778 = STYLED_ITEM('NONE',(#13320),#11328) ;
#8779 = ADVANCED_FACE('NONE',(#4767),#2327,.F.) ;
#8780 = ORIENTED_EDGE('NONE',*,*,#12881,.T.) ;
#8781=CARTESIAN_POINT('NONE',(-5.82518071234,10.272717553933,3.757609));
#8782=DIRECTION('NONE',(1.,0.,0.));
#8783=DIRECTION('NONE',(-1.,0.,0.));
#8784 = ADVANCED_FACE('NONE',(#4153),#7548,.F.) ;
#8785=CARTESIAN_POINT('NONE',(-7.993408198034,11.047510453699,3.757609));
#8786 = EDGE_CURVE('NONE',#5033,#1760,#11581,.T.) ;
#8787 = FILL_AREA_STYLE_COLOUR('',#2800) ;
#8788=VECTOR('NONE',#9913,916.49);
#8789 =(NAMED_UNIT(*) SI_UNIT($,.STERADIAN.) SOLID_ANGLE_UNIT());
#8790 = FILL_AREA_STYLE('',(#1800)) ;
#8791 = FILL_AREA_STYLE_COLOUR('',#9909) ;
#8792 = B_SPLINE_SURFACE_WITH_KNOTS('NONE',3,1,((#15901,#13760),(#7612,#1792),(#10149,#14942),(#1632,#15016)),.UNSPECIFIED.,.F.,.F.,.F.,(4,4),(2,2),(0.,1.),(0.,1.),.UNSPECIFIED.) ;
#8793=UNCERTAINTY_MEASURE_WITH_UNIT(LENGTH_MEASURE(9.164900000000001E-6),#13393,'distance_accuracy_value','NONE');
#8794=DIRECTION('NONE',(0.,0.,-1.));
#8795=DIRECTION('NONE',(0.,0.,-1.));
#8796 = ORIENTED_EDGE('NONE',*,*,#10048,.F.) ;
#8797 = STYLED_ITEM('NONE',(#10254),#8784) ;
#8798=CARTESIAN_POINT('NONE',(-6.301549285929,10.411463831817,3.757609));
#8799=CARTESIAN_POINT('NONE',(-5.523293206613,11.005518980399,3.75852549));
#8800=CYLINDRICAL_SURFACE('NONE',#7437,0.458245);
#8801 = EDGE_CURVE('NONE',#14592,#5158,#4079,.T.) ;
#8802 = SURFACE_SIDE_STYLE('',(#1422)) ;
#8803 = ORIENTED_EDGE('NONE',*,*,#5232,.F.) ;
#8804 = PRESENTATION_LAYER_ASSIGNMENT('','',(#1279)) ;
#8805 =(NAMED_UNIT(*) PLANE_ANGLE_UNIT() SI_UNIT($,.RADIAN.));
#8806=CARTESIAN_POINT('NONE',(1.1639423,10.906231,3.757609));
#8807 = COLOUR_RGB('',0.949019607843,0.760784313725,0.180392156862) ;
#8808=DIRECTION('NONE',(0.,1.,0.));
#8809=CARTESIAN_POINT('NONE',(-6.047212874065,10.406127436515,3.757609));
#8810=DIRECTION('NONE',(0.,0.,-1.));
#8811=DIRECTION('NONE',(0.,1.,0.));
#8812 = ORIENTED_EDGE('NONE',*,*,#12751,.F.) ;
#8813 = EDGE_CURVE('NONE',#5591,#13484,#1822,.T.) ;
#8814 = EDGE_CURVE('NONE',#14482,#2523,#11425,.T.) ;
#8815 = B_SPLINE_CURVE_WITH_KNOTS('NONE',3,(#16494,#2161,#12937,#12711),.UNSPECIFIED.,.F.,.F.,(4,4),(35.000000000000,36.000000000000),.UNSPECIFIED.) ;
#8816 =(GEOMETRIC_REPRESENTATION_CONTEXT(3) GLOBAL_UNCERTAINTY_ASSIGNED_CONTEXT((#12809)) GLOBAL_UNIT_ASSIGNED_CONTEXT((#13854,#2882,#11547)) REPRESENTATION_CONTEXT('NONE','WORKASPACE'));
#8817 = COLOUR_RGB('',0.831372549019,0.670588235294,0.129411764705) ;
#8818 = ORIENTED_EDGE('NONE',*,*,#15852,.F.) ;
#8819=CARTESIAN_POINT('NONE',(-5.523293206613,11.005518980399,3.75852549));
#8820=CARTESIAN_POINT('NONE',(-8.239901475256,10.578378028667,3.75852549));
#8821=CARTESIAN_POINT('NONE',(-7.230074236952,10.557174223269,3.75852549));
#8822 = ORIENTED_EDGE('NONE',*,*,#2937,.F.) ;
#8823 = LINE('NONE',#2844,#4173) ;
#8824 = SURFACE_SIDE_STYLE('',(#1537)) ;
#8825 = PRESENTATION_STYLE_ASSIGNMENT((#16237)) ;
#8827 = LINE('NONE',#2630,#4617) ;
#8826=CARTESIAN_POINT('NONE',(-5.248945312361,11.287204418192,3.757609));
#8828 = MECHANICAL_DESIGN_GEOMETRIC_PRESENTATION_REPRESENTATION('',(#2569),#7337) ;
#8829 = PLANE('NONE',#2030) ;
#8830 = ORIENTED_EDGE('NONE',*,*,#5294,.F.) ;
#8831 = ORIENTED_EDGE('NONE',*,*,#14806,.F.) ;
#8832 = ORIENTED_EDGE('NONE',*,*,#9365,.T.) ;
#8833 = PRESENTATION_LAYER_ASSIGNMENT('','',(#16386)) ;
#8834 = ORIENTED_EDGE('NONE',*,*,#13212,.F.) ;
#8835 = COLOUR_RGB('',1.,1.,1.) ;
#8836 = MECHANICAL_DESIGN_GEOMETRIC_PRESENTATION_REPRESENTATION('',(#10360),#9317) ;
#8837=CARTESIAN_POINT('NONE',(-4.837852288461,10.540871417921,3.75852549));
#8838=CARTESIAN_POINT('NONE',(-6.246279477432,11.037918523311,3.757609));
#8839=CARTESIAN_POINT('NONE',(-3.491826899999,10.906231,2.2454005));
#8840=CARTESIAN_POINT('NONE',(-5.244657137564,11.302070090823,3.75852549));
#8841=CARTESIAN_POINT('NONE',(-6.874911810945,10.673794748524,3.75852549));
#8842 = B_SPLINE_CURVE_WITH_KNOTS('NONE',3,(#11095,#6122,#13461,#5030),.UNSPECIFIED.,.F.,.F.,(4,4),(18.000000000000,19.000000000000),.UNSPECIFIED.) ;
#8843 = COLOUR_RGB('',1.,1.,1.) ;
#8844 = SURFACE_SIDE_STYLE('',(#2861)) ;
#8845 = LINE('NONE',#11452,#6809) ;
#8847=DIRECTION('NONE',(0.,0.,-1.));
#8846 =(LENGTH_UNIT() NAMED_UNIT(*) SI_UNIT(.MILLI.,.METRE.));
#8848=CARTESIAN_POINT('NONE',(-6.046926995746,10.574795645206,3.757609));
#8849 = STYLED_ITEM('NONE',(#6599),#1921) ;
#8850 = EDGE_LOOP('NONE',(#1400,#15666,#5199,#4753)) ;
#8851 = ORIENTED_EDGE('NONE',*,*,#3084,.F.) ;
#8852 = ORIENTED_EDGE('NONE',*,*,#16039,.T.) ;
#8853=DIRECTION('NONE',(0.,0.,1.));
#8854=UNCERTAINTY_MEASURE_WITH_UNIT(LENGTH_MEASURE(9.164900000000001E-6),#11672,'distance_accuracy_value','NONE');
#8855=CARTESIAN_POINT('NONE',(-5.498939999999,-12.13007241769,4.067036689331));
#8856 = PRESENTATION_STYLE_ASSIGNMENT((#10213)) ;
#8857=DIRECTION('NONE',(0.,0.,-1.));
#8858 = PLANE('NONE',#5273) ;
#8859=CARTESIAN_POINT('NONE',(-5.241703061593,11.31331463807,3.75852549));
#8860 = PLANE('NONE',#15374) ;
#8861 = FACE_OUTER_BOUND('NONE',#1561,.T.) ;
#8862 = EDGE_CURVE('NONE',#5318,#1492,#3673,.T.) ;
#8863 = ADVANCED_FACE('NONE',(#2905),#3071,.F.) ;
#8864 =(NAMED_UNIT(*) SI_UNIT($,.STERADIAN.) SOLID_ANGLE_UNIT());
#8865=DIRECTION('NONE',(1.,0.,0.));
#8866=CARTESIAN_POINT('NONE',(-8.250503352678,11.246295219333,3.757609));
#8867 = VERTEX_POINT('NONE',#14264) ;
#8868=UNCERTAINTY_MEASURE_WITH_UNIT(LENGTH_MEASURE(9.164900000000001E-6),#9934,'distance_accuracy_value','NONE');
#8869 = EDGE_CURVE('NONE',#12459,#2318,#7075,.T.) ;
#8870=DIRECTION('NONE',(-0.819152044289,-0.573576436351,-1.989993018811670E-16));
#8871 =(LENGTH_UNIT() NAMED_UNIT(*) SI_UNIT(.MILLI.,.METRE.));
#8872 = EDGE_CURVE('NONE',#11688,#5993,#12127,.T.) ;
#8873 = ORIENTED_EDGE('NONE',*,*,#1781,.F.) ;
#8874=DIRECTION('NONE',(0.,0.,-1.));
#8875=CARTESIAN_POINT('NONE',(-5.26695564651,11.360961024704,3.75852549));
#8876=CARTESIAN_POINT('NONE',(-5.235890202422,11.287204418192,3.75852549));
#8877=CARTESIAN_POINT('NONE',(-5.16184771759,10.726692325804,3.757609));
#8878=VECTOR('NONE',#9608,916.49);
#8879=CARTESIAN_POINT('NONE',(-5.927334565289,10.489985076993,3.757609));
#8880=CARTESIAN_POINT('NONE',(-6.166519426202,11.323796843128,3.75852549));
#8881=CARTESIAN_POINT('NONE',(-6.026629635039,10.395835817,3.757609));
#8882=CARTESIAN_POINT('NONE',(-5.984605522025,10.621298518563,3.75852549));
#8883 = ORIENTED_EDGE('NONE',*,*,#12922,.F.) ;
#8884 = EDGE_CURVE('NONE',#15912,#2163,#9440,.T.) ;
#8885 = MECHANICAL_DESIGN_GEOMETRIC_PRESENTATION_REPRESENTATION('',(#15194),#4097) ;
#8886 = VERTEX_POINT('NONE',#10716) ;
#8887 = SURFACE_SIDE_STYLE('',(#1658)) ;
#8888 =(NAMED_UNIT(*) SI_UNIT($,.STERADIAN.) SOLID_ANGLE_UNIT());
#8889=CARTESIAN_POINT('NONE',(-3.033581899999,10.906231,2.2454005));
#8890 = SURFACE_SIDE_STYLE('',(#13959)) ;
#8891=CARTESIAN_POINT('NONE',(-6.110487275519,10.396788744734,3.75852549));
#8892 = ORIENTED_EDGE('NONE',*,*,#11118,.F.) ;
#8893=VECTOR('NONE',#9445,916.49);
#8894 = FILL_AREA_STYLE_COLOUR('',#16071) ;
#8895 = PRESENTATION_STYLE_ASSIGNMENT((#1601)) ;
#8898 = FACE_BOUND('NONE',#10993,.T.) ;
#8897 = MECHANICAL_DESIGN_GEOMETRIC_PRESENTATION_REPRESENTATION('',(#9400),#6877) ;
#8896 =(NAMED_UNIT(*) SI_UNIT($,.STERADIAN.) SOLID_ANGLE_UNIT());
#8899=CARTESIAN_POINT('NONE',(-5.711496433825,10.453202066511,3.75852549));
#8900 = ORIENTED_EDGE('NONE',*,*,#13429,.T.) ;
#8901 = FILL_AREA_STYLE('',(#13819)) ;
#8902 = VERTEX_POINT('NONE',#11656) ;
#8903 = ORIENTED_EDGE('NONE',*,*,#15501,.F.) ;
#8904 =(LENGTH_UNIT() NAMED_UNIT(*) SI_UNIT(.MILLI.,.METRE.));
#8905 = ORIENTED_EDGE('NONE',*,*,#7355,.F.) ;
#8906 = ADVANCED_FACE('NONE',(#2360,#4719),#11825,.T.) ;
#8907 = ADVANCED_FACE('NONE',(#3359,#12980),#15280,.T.) ;
#8908 = STYLED_ITEM('NONE',(#8913),#6369) ;
#8909 =(LENGTH_UNIT() NAMED_UNIT(*) SI_UNIT(.MILLI.,.METRE.));
#8910 = PRESENTATION_STYLE_ASSIGNMENT((#4095)) ;
#8911 = B_SPLINE_SURFACE_WITH_KNOTS('NONE',3,1,((#3544,#2377),(#7166,#11989),(#5998,#10820),(#15616,#10977)),.UNSPECIFIED.,.F.,.F.,.F.,(4,4),(2,2),(6.000000000000,7.000000000000),(0.,1.),.UNSPECIFIED.) ;
#8912=UNCERTAINTY_MEASURE_WITH_UNIT(LENGTH_MEASURE(9.164900000000001E-6),#2608,'distance_accuracy_value','NONE');
#8913 = PRESENTATION_STYLE_ASSIGNMENT((#7594)) ;
#8914 = SURFACE_STYLE_FILL_AREA(#12466) ;
#8915 = ORIENTED_EDGE('NONE',*,*,#11927,.T.) ;
#8916 = SURFACE_STYLE_USAGE(.BOTH.,#8844) ;
#8917 =(NAMED_UNIT(*) PLANE_ANGLE_UNIT() SI_UNIT($,.RADIAN.));
#8918=CARTESIAN_POINT('NONE',(-6.303931605262,11.312361710336,3.757609));
#8920 = PRESENTATION_STYLE_ASSIGNMENT((#13513)) ;
#8919=DIRECTION('NONE',(0.,0.,1.));
#8921 = LINE('NONE',#5537,#6695) ;
#8922=CARTESIAN_POINT('NONE',(-5.266288597095,10.396788744734,3.75852549));
#8923 = ORIENTED_EDGE('NONE',*,*,#14959,.T.) ;
#8924 = EDGE_CURVE('NONE',#8496,#8424,#8118,.T.) ;
#8925 = EDGE_LOOP('NONE',(#1656,#7386,#12961,#16194)) ;
#8926 = ORIENTED_EDGE('NONE',*,*,#4656,.F.) ;
#8927 = LINE('NONE',#5313,#8102) ;
#8928 = ORIENTED_EDGE('NONE',*,*,#11485,.F.) ;
#8929=CARTESIAN_POINT('NONE',(-8.454589271874,10.528019142508,3.75852549));
#8930 = EDGE_CURVE('NONE',#2031,#4779,#14732,.T.) ;
#8931 = EDGE_CURVE('NONE',#12701,#6335,#11559,.T.) ;
#8932=CARTESIAN_POINT('NONE',(1.83298,-12.131196810296,4.067036689331));
#8933 = SURFACE_STYLE_USAGE(.BOTH.,#9911) ;
#8934=CARTESIAN_POINT('NONE',(-5.237700765115,11.292350227948,3.757609));
#8935 = PRESENTATION_STYLE_ASSIGNMENT((#4121)) ;
#8936=DIRECTION('NONE',(0.,0.,-1.));
#8937=DIRECTION('NONE',(-1.,0.,0.));
#8938=CARTESIAN_POINT('NONE',(-6.36911186218,10.439289321614,3.75852549));
#8939 = STYLED_ITEM('NONE',(#3416),#5402) ;
#8940=CARTESIAN_POINT('NONE',(-8.526151837046,10.607533008318,3.757609));
#8941=UNCERTAINTY_MEASURE_WITH_UNIT(LENGTH_MEASURE(9.164900000000001E-6),#9699,'distance_accuracy_value','NONE');
#8942=CARTESIAN_POINT('NONE',(-7.121405088169,10.403447240782,3.757609));
#8943=VECTOR('NONE',#11238,916.49);
#8944 = ORIENTED_EDGE('NONE',*,*,#10296,.T.) ;
#8945 = MECHANICAL_DESIGN_GEOMETRIC_PRESENTATION_REPRESENTATION('',(#1929),#4682) ;
#8946 = STYLED_ITEM('NONE',(#11011),#5533) ;
#8947 =(NAMED_UNIT(*) PLANE_ANGLE_UNIT() SI_UNIT($,.RADIAN.));
#8948=CARTESIAN_POINT('NONE',(-7.267180694184,10.970646810797,3.757609));
#8949 = COLOUR_RGB('',0.949019607843,0.760784313725,0.180392156862) ;
#8950 = EDGE_LOOP('NONE',(#9283,#15068,#8659,#16328)) ;
#8951 = PRESENTATION_STYLE_ASSIGNMENT((#6156)) ;
#8952=CARTESIAN_POINT('NONE',(-8.096776395469,10.424650843965,3.757609));
#8953 =(NAMED_UNIT(*) SI_UNIT($,.STERADIAN.) SOLID_ANGLE_UNIT());
#8954 =(NAMED_UNIT(*) SI_UNIT($,.STERADIAN.) SOLID_ANGLE_UNIT());
#8955 =(GEOMETRIC_REPRESENTATION_CONTEXT(3) GLOBAL_UNCERTAINTY_ASSIGNED_CONTEXT((#3502)) GLOBAL_UNIT_ASSIGNED_CONTEXT((#13030,#9482,#15322)) REPRESENTATION_CONTEXT('NONE','WORKASPACE'));
#8956=CARTESIAN_POINT('NONE',(-5.943248458425,10.669135490747,3.75852549));
#8957 = EDGE_CURVE('NONE',#14502,#12708,#13556,.T.) ;
#8958 =(GEOMETRIC_REPRESENTATION_CONTEXT(3) GLOBAL_UNCERTAINTY_ASSIGNED_CONTEXT((#3440)) GLOBAL_UNIT_ASSIGNED_CONTEXT((#13892,#5659,#1901)) REPRESENTATION_CONTEXT('NONE','WORKASPACE'));
#8959 = B_SPLINE_CURVE_WITH_KNOTS('NONE',3,(#6399,#14918,#11204,#5205),.UNSPECIFIED.,.F.,.F.,(4,4),(3.000000000000,4.000000000000),.UNSPECIFIED.) ;
#8960 = ORIENTED_EDGE('NONE',*,*,#11235,.T.) ;
#8961=AXIS2_PLACEMENT_3D('NONE',#2559,#1211,#9888);
#8962=CARTESIAN_POINT('NONE',(-4.712732877155,10.540871417921,3.75852549));
#8964=CARTESIAN_POINT('NONE',(-4.981553790559,10.687241117669,3.757609));
#8963 = COLOUR_RGB('',1.,1.,1.) ;
#8965 =(GEOMETRIC_REPRESENTATION_CONTEXT(3) GLOBAL_UNCERTAINTY_ASSIGNED_CONTEXT((#13608)) GLOBAL_UNIT_ASSIGNED_CONTEXT((#12244,#5077,#3881)) REPRESENTATION_CONTEXT('NONE','WORKASPACE'));
#8966=VECTOR('NONE',#5010,916.49);
#8967=CARTESIAN_POINT('NONE',(-5.019003850454,10.720212417221,3.75852549));
#8968=CARTESIAN_POINT('NONE',(-5.900080832133,10.624729058402,3.75852549));
#8969 = EDGE_CURVE('NONE',#14521,#14130,#12298,.T.) ;
#8970 = ORIENTED_EDGE('NONE',*,*,#8538,.T.) ;
#8971 = PRESENTATION_LAYER_ASSIGNMENT('','',(#12020)) ;
#8972 = EDGE_CURVE('NONE',#2733,#2369,#15613,.T.) ;
#8973=CARTESIAN_POINT('NONE',(-5.8673954109,10.46921125242,3.75852549));
#8974=DIRECTION('NONE',(0.,0.,-1.));
#8975 = SURFACE_SIDE_STYLE('',(#4085)) ;
#8976=CARTESIAN_POINT('NONE',(-6.110487275519,10.568125151077,3.75852549));
#8977 = ORIENTED_EDGE('NONE',*,*,#15798,.F.) ;
#8978 = LINE('NONE',#14921,#12048) ;
#8979 = ORIENTED_EDGE('NONE',*,*,#3948,.F.) ;
#8980 = EDGE_LOOP('NONE',(#2267,#7820,#2012,#14365)) ;
#8981 =(GEOMETRIC_REPRESENTATION_CONTEXT(3) GLOBAL_UNCERTAINTY_ASSIGNED_CONTEXT((#2027)) GLOBAL_UNIT_ASSIGNED_CONTEXT((#13728,#7662,#12396)) REPRESENTATION_CONTEXT('NONE','WORKASPACE'));
#8982 = PRESENTATION_LAYER_ASSIGNMENT('','',(#3191)) ;
#8983 = MECHANICAL_DESIGN_GEOMETRIC_PRESENTATION_REPRESENTATION('',(#12755),#15278) ;
#8984 =(NAMED_UNIT(*) SI_UNIT($,.STERADIAN.) SOLID_ANGLE_UNIT());
#8985=AXIS2_PLACEMENT_3D('NONE',#13179,#14374,#14070);
#8986 = ORIENTED_EDGE('NONE',*,*,#10970,.F.) ;
#8987 = STYLED_ITEM('NONE',(#15083),#13370) ;
#8988=CARTESIAN_POINT('NONE',(-7.890040101705,10.54127136922,3.757609));
#8989=DIRECTION('NONE',(-1.,0.,0.));
#8990=DIRECTION('NONE',(0.,0.,-1.));
#8991 =(NAMED_UNIT(*) SI_UNIT($,.STERADIAN.) SOLID_ANGLE_UNIT());
#8992 = LINE('NONE',#11447,#8440) ;
#8993=VECTOR('NONE',#10249,916.49);
#8994 =(GEOMETRIC_REPRESENTATION_CONTEXT(3) GLOBAL_UNCERTAINTY_ASSIGNED_CONTEXT((#1714)) GLOBAL_UNIT_ASSIGNED_CONTEXT((#15189,#7943,#5815)) REPRESENTATION_CONTEXT('NONE','WORKASPACE'));
#8995 = ORIENTED_EDGE('NONE',*,*,#4839,.T.) ;
#8996=AXIS2_PLACEMENT_3D('NONE',#5387,#14872,#11313);
#8997=AXIS2_PLACEMENT_3D('NONE',#5918,#8142,#16417);
#8998=DIRECTION('NONE',(1.,0.,0.));
#8999 = SURFACE_SIDE_STYLE('',(#6552)) ;
#9001 = EDGE_CURVE('NONE',#15195,#8580,#1806,.T.) ;
#9000=CARTESIAN_POINT('NONE',(-8.096776395469,10.424650843965,3.75852549));
#9002 =(GEOMETRIC_REPRESENTATION_CONTEXT(3) GLOBAL_UNCERTAINTY_ASSIGNED_CONTEXT((#9347)) GLOBAL_UNIT_ASSIGNED_CONTEXT((#6715,#11549,#16360)) REPRESENTATION_CONTEXT('NONE','WORKASPACE'));
#9003 =(NAMED_UNIT(*) PLANE_ANGLE_UNIT() SI_UNIT($,.RADIAN.));
#9004=CARTESIAN_POINT('NONE',(1.6221873,10.906231,2.2454005));
#9005 = B_SPLINE_CURVE_WITH_KNOTS('NONE',3,(#5601,#13009,#2228,#7019,#9467,#3470,#11608,#13098,#12782,#8295,#2308,#11915,#9145,#6854,#8062,#15149,#5531,#13980,#3157),.UNSPECIFIED.,.F.,.F.,(4,1,1,1,1,1,1,1,1,1,1,1,1,1,1,1,4),(0.,0.079394588438,0.151958790294,0.218848064049,0.281050642909,0.339424412065,0.394771809651,0.447951040604,0.499999999999,0.552048959395,0.605228190348,0.660575587934,0.718949357090,0.781151935950,0.848041209705,0.920605411561,1.),.UNSPECIFIED.) ;
#9006 = SURFACE_SIDE_STYLE('',(#12639)) ;
#9007 = EDGE_CURVE('NONE',#15340,#8614,#9864,.T.) ;
#9008 = ORIENTED_EDGE('NONE',*,*,#8498,.F.) ;
#9009 = ORIENTED_EDGE('NONE',*,*,#14684,.T.) ;
#9010 = VERTEX_POINT('NONE',#6059) ;
#9011=CARTESIAN_POINT('NONE',(-6.309935049978,11.032772713554,3.757609));
#9012 = ORIENTED_EDGE('NONE',*,*,#4074,.T.) ;
#9013 = B_SPLINE_CURVE_WITH_KNOTS('NONE',3,(#5286,#4247,#15135,#2063),.UNSPECIFIED.,.F.,.F.,(4,4),(12.000000000000,13.000000000000),.UNSPECIFIED.) ;
#9014=VECTOR('NONE',#15878,916.49);
#9015=VECTOR('NONE',#16166,916.49);
#9016 = SURFACE_STYLE_FILL_AREA(#4113) ;
#9017=UNCERTAINTY_MEASURE_WITH_UNIT(LENGTH_MEASURE(9.164900000000001E-6),#4855,'distance_accuracy_value','NONE');
#9018=CARTESIAN_POINT('NONE',(1.83298,-11.696326672842,2.264400376919));
#9019=CARTESIAN_POINT('NONE',(-5.164706500787,11.090138963065,3.75852549));
#9020=CARTESIAN_POINT('NONE',(5.49894,-11.190552435893,2.2728952));
#9021=DIRECTION('NONE',(0.,0.,-1.));
#9022=CARTESIAN_POINT('NONE',(-6.301549285929,10.411463831817,3.757609));
#9023 =(NAMED_UNIT(*) PLANE_ANGLE_UNIT() SI_UNIT($,.RADIAN.));
#9024=CIRCLE('NONE',#16589,0.458245);
#9025 = PRESENTATION_LAYER_ASSIGNMENT('','',(#8019)) ;
#9026 = SURFACE_SIDE_STYLE('',(#9171)) ;
#9027=CARTESIAN_POINT('NONE',(-5.498939999999,-11.381475988787,4.293451990308));
#9028=CARTESIAN_POINT('NONE',(-6.110487275519,10.635592434555,3.757609));
#9029 = PRESENTATION_STYLE_ASSIGNMENT((#15025)) ;
#9030 = ORIENTED_EDGE('NONE',*,*,#10445,.T.) ;
#9031=AXIS2_PLACEMENT_3D('NONE',#5183,#6653,#11339);
#9032=UNCERTAINTY_MEASURE_WITH_UNIT(LENGTH_MEASURE(9.164900000000001E-6),#9997,'distance_accuracy_value','NONE');
#9033 = SURFACE_STYLE_USAGE(.BOTH.,#1877) ;
#9034 = FACE_OUTER_BOUND('NONE',#8708,.T.) ;
#9035=CIRCLE('NONE',#14095,1.6955065);
#9036 = VERTEX_POINT('NONE',#12052) ;
#9037 = SURFACE_STYLE_FILL_AREA(#14229) ;
#9038 =(LENGTH_UNIT() NAMED_UNIT(*) SI_UNIT(.MILLI.,.METRE.));
#9039 =(NAMED_UNIT(*) PLANE_ANGLE_UNIT() SI_UNIT($,.RADIAN.));
#9040 = FILL_AREA_STYLE('',(#1966)) ;
#9041 =(LENGTH_UNIT() NAMED_UNIT(*) SI_UNIT(.MILLI.,.METRE.));
#9042 = EDGE_CURVE('NONE',#3632,#3369,#3845,.T.) ;
#9043 = COLOUR_RGB('',1.,1.,1.) ;
#9044=DIRECTION('NONE',(1.,0.,0.));
#9045=DIRECTION('NONE',(0.,0.,-1.));
#9046 = B_SPLINE_SURFACE_WITH_KNOTS('NONE',3,1,((#4279,#6794),(#12877,#6631),(#9090,#12650),(#3171,#6866)),.UNSPECIFIED.,.F.,.F.,.F.,(4,4),(2,2),(4.000000000000,5.000000000000),(0.,1.),.UNSPECIFIED.) ;
#9047 = ORIENTED_EDGE('NONE',*,*,#4248,.F.) ;
#9048=VECTOR('NONE',#3666,916.49);
#9049 = SURFACE_STYLE_USAGE(.BOTH.,#8887) ;
#9050=DIRECTION('NONE',(0.,0.,-1.));
#9051=CARTESIAN_POINT('NONE',(-6.157180734423,10.504850749624,3.757609));
#9052 = ORIENTED_EDGE('NONE',*,*,#5335,.T.) ;
#9053 = LINE('NONE',#11198,#14814) ;
#9054 = FILL_AREA_STYLE('',(#12684)) ;
#9055 = SURFACE_STYLE_FILL_AREA(#13579) ;
#9056=CARTESIAN_POINT('NONE',(-5.995373605405,10.576510915125,3.757609));
#9057 = EDGE_CURVE('NONE',#9978,#3679,#15332,.T.) ;
#9058 = FACE_OUTER_BOUND('NONE',#15069,.T.) ;
#9059=DIRECTION('NONE',(0.,0.,1.));
#9060 = EDGE_CURVE('NONE',#10835,#13955,#6301,.T.) ;
#9061 = ORIENTED_EDGE('NONE',*,*,#8446,.T.) ;
#9062=CARTESIAN_POINT('NONE',(5.49894,-12.49459610429,3.076571557153));
#9063 = ORIENTED_EDGE('NONE',*,*,#9396,.T.) ;
#9064 = ORIENTED_EDGE('NONE',*,*,#13811,.F.) ;
#9065 = SURFACE_SIDE_STYLE('',(#11440)) ;
#9066 = ORIENTED_EDGE('NONE',*,*,#8207,.F.) ;
#9067=CARTESIAN_POINT('NONE',(-6.298404624412,10.599000009617,3.75852549));
#9068=DIRECTION('NONE',(1.,0.,0.));
#9069 =(LENGTH_UNIT() NAMED_UNIT(*) SI_UNIT(.MILLI.,.METRE.));
#9070=AXIS2_PLACEMENT_3D('NONE',#6538,#12540,#15510);
#9071=CARTESIAN_POINT('NONE',(-7.230074236952,10.557174223269,3.75852549));
#9072 = FILL_AREA_STYLE('',(#7900)) ;
#9073 = PLANE('NONE',#12953) ;
#9074=AXIS2_PLACEMENT_3D('NONE',#2422,#8494,#9685);
#9075 = ORIENTED_EDGE('NONE',*,*,#10439,.F.) ;
#9076 = ADVANCED_FACE('NONE',(#9693),#2605,.F.) ;
#9077=CARTESIAN_POINT('NONE',(-5.16184771759,10.726692325804,3.75852549));
#9078 =(LENGTH_UNIT() NAMED_UNIT(*) SI_UNIT(.MILLI.,.METRE.));
#9079 =(GEOMETRIC_REPRESENTATION_CONTEXT(3) GLOBAL_UNCERTAINTY_ASSIGNED_CONTEXT((#2282)) GLOBAL_UNIT_ASSIGNED_CONTEXT((#4339,#13915,#16579)) REPRESENTATION_CONTEXT('NONE','WORKASPACE'));
#9080 = ORIENTED_EDGE('NONE',*,*,#4136,.T.) ;
#9081 = VERTEX_POINT('NONE',#7391) ;
#9082 = ORIENTED_EDGE('NONE',*,*,#7254,.F.) ;
#9083=CARTESIAN_POINT('NONE',(-4.697867204527,10.498752012134,3.75852549));
#9084 =(GEOMETRIC_REPRESENTATION_CONTEXT(3) GLOBAL_UNCERTAINTY_ASSIGNED_CONTEXT((#12957)) GLOBAL_UNIT_ASSIGNED_CONTEXT((#14143,#2007,#2231)) REPRESENTATION_CONTEXT('NONE','WORKASPACE'));
#9085 = PRESENTATION_LAYER_ASSIGNMENT('','',(#11872)) ;
#9086 = VERTEX_POINT('NONE',#8508) ;
#9087 = ADVANCED_FACE('NONE',(#2433),#2525,.F.) ;
#9088 = MECHANICAL_DESIGN_GEOMETRIC_PRESENTATION_REPRESENTATION('',(#2068),#5569) ;
#9089=CARTESIAN_POINT('NONE',(5.49894,-12.13007241769,2.513361510668));
#9090=CARTESIAN_POINT('NONE',(-6.190437912294,10.436049367321,3.75852549));
#9091 = LINE('NONE',#3108,#16261) ;
#9092 = PLANE('NONE',#6284) ;
#9093 =(GEOMETRIC_REPRESENTATION_CONTEXT(3) GLOBAL_UNCERTAINTY_ASSIGNED_CONTEXT((#4131)) GLOBAL_UNIT_ASSIGNED_CONTEXT((#12612,#8749,#13722)) REPRESENTATION_CONTEXT('NONE','WORKASPACE'));
#9094 = LINE('NONE',#6573,#10356) ;
#9096=CARTESIAN_POINT('NONE',(-6.106103807948,10.989128623395,3.75852549));
#9095 = SURFACE_SIDE_STYLE('',(#2251)) ;
#9097 = PLANE('NONE',#1462) ;
#9098 = SURFACE_STYLE_FILL_AREA(#4286) ;
#9099 =(NAMED_UNIT(*) PLANE_ANGLE_UNIT() SI_UNIT($,.RADIAN.));
#9100=UNCERTAINTY_MEASURE_WITH_UNIT(LENGTH_MEASURE(9.164900000000001E-6),#12886,'distance_accuracy_value','NONE');
#9101=CARTESIAN_POINT('NONE',(-6.206732976523,10.669135490747,3.757609));
#9102 = MECHANICAL_DESIGN_GEOMETRIC_PRESENTATION_REPRESENTATION('',(#15916),#8361) ;
#9103=DIRECTION('NONE',(0.,0.,-1.));
#9104 = ORIENTED_EDGE('NONE',*,*,#13332,.T.) ;
#9105 = EDGE_CURVE('NONE',#12632,#6250,#4605,.T.) ;
#9106=CARTESIAN_POINT('NONE',(-6.298404624412,10.644359369696,3.757609));
#9107=CARTESIAN_POINT('NONE',(-5.974980951924,10.390499421698,3.757609));
#9108 = ORIENTED_EDGE('NONE',*,*,#11401,.T.) ;
#9109=CARTESIAN_POINT('NONE',(-5.480220873091,11.224501773379,3.75852549));
#9110 = PLANE('NONE',#4212) ;
#9111 = LINE('NONE',#2400,#2198) ;
#9112 =(LENGTH_UNIT() NAMED_UNIT(*) SI_UNIT(.MILLI.,.METRE.));
#9113=CARTESIAN_POINT('NONE',(-5.489083101006,10.56469461124,3.75852549));
#9114=CARTESIAN_POINT('NONE',(-6.157180734423,10.566028710066,3.75852549));
#9115 = FILL_AREA_STYLE_COLOUR('',#12601) ;
#9116 = EDGE_CURVE('NONE',#4707,#14073,#2354,.T.) ;
#9117 = EDGE_LOOP('NONE',(#10428,#10178,#2802,#2388)) ;
#9118=AXIS2_PLACEMENT_3D('NONE',#15662,#4944,#7308);
#9119 = EDGE_CURVE('NONE',#12903,#1121,#6525,.T.) ;
#9120=CARTESIAN_POINT('NONE',(-6.004045247773,11.360961024704,3.75852549));
#9121=CARTESIAN_POINT('NONE',(-4.962781114222,10.587946047917,3.757609));
#9122=CARTESIAN_POINT('NONE',(6.415429999999,-12.739211,3.757609));
#9123=CARTESIAN_POINT('NONE',(-5.523293206613,11.344570667703,3.75852549));
#9124 = ORIENTED_EDGE('NONE',*,*,#8098,.F.) ;
#9125 = B_SPLINE_CURVE_WITH_KNOTS('NONE',3,(#12921,#1913,#5842,#7974),.UNSPECIFIED.,.F.,.F.,(4,4),(0.,1.),.UNSPECIFIED.) ;
#9126=CARTESIAN_POINT('NONE',(-5.54654464329,11.043636089708,3.75852549));
#9127=CARTESIAN_POINT('NONE',(-7.214171382905,10.395495864311,3.757609));
#9128 = SURFACE_SIDE_STYLE('',(#9203)) ;
#9130 = PRESENTATION_STYLE_ASSIGNMENT((#4391)) ;
#9129 = SURFACE_SIDE_STYLE('',(#14249)) ;
#9131 = FACE_OUTER_BOUND('NONE',#10896,.T.) ;
#9132 = VERTEX_POINT('NONE',#14818) ;
#9133=CARTESIAN_POINT('NONE',(-12.464263999999,12.739211,3.757609));
#9134 = EDGE_LOOP('NONE',(#5070,#13772,#8672,#7315)) ;
#9135 = VERTEX_POINT('NONE',#11411) ;
#9136=AXIS2_PLACEMENT_3D('NONE',#13221,#8114,#10709);
#9137 = ORIENTED_EDGE('NONE',*,*,#5501,.F.) ;
#9138 = ADVANCED_FACE('NONE',(#11489),#10165,.T.) ;
#9139=CARTESIAN_POINT('NONE',(-6.078659489245,11.003613124933,3.75852549));
#9140 =(NAMED_UNIT(*) SI_UNIT($,.STERADIAN.) SOLID_ANGLE_UNIT());
#9141 = PRESENTATION_LAYER_ASSIGNMENT('','',(#2368)) ;
#9142 = LINE('NONE',#13909,#14323) ;
#9143=DIRECTION('NONE',(-0.355935724364,-0.934510438744,0.));
#9144 = ORIENTED_EDGE('NONE',*,*,#15532,.F.) ;
#9145=CARTESIAN_POINT('NONE',(-5.498939999999,-12.224577336448,2.739839260865));
#9146=DIRECTION('NONE',(0.,0.,1.));
#9147=CARTESIAN_POINT('NONE',(-7.993408248587,10.379592909157,3.757609));
#9148 =(LENGTH_UNIT() NAMED_UNIT(*) SI_UNIT(.MILLI.,.METRE.));
#9149=DIRECTION('NONE',(0.,0.,-1.));
#9150 = SURFACE_STYLE_FILL_AREA(#11301) ;
#9151 = FILL_AREA_STYLE_COLOUR('',#7742) ;
#9152 = ORIENTED_EDGE('NONE',*,*,#7797,.F.) ;
#9153 = VERTEX_POINT('NONE',#2829) ;
#9154 = VERTEX_POINT('NONE',#4139) ;
#9155=CARTESIAN_POINT('NONE',(-10.631284,10.906231,2.2454005));
#9156 = STYLED_ITEM('NONE',(#15898),#6152) ;
#9157 = ORIENTED_EDGE('NONE',*,*,#14250,.F.) ;
#9158 = EDGE_CURVE('NONE',#12588,#10128,#1646,.T.) ;
#9159=CARTESIAN_POINT('NONE',(-5.448393086819,11.075273290434,3.757609));
#9160=CARTESIAN_POINT('NONE',(-6.265814495952,10.390499421698,3.757609));
#9161=CARTESIAN_POINT('NONE',(5.49894,-12.418771579374,2.871460314252));
#9162 = FACE_OUTER_BOUND('NONE',#15138,.T.) ;
#9163=CARTESIAN_POINT('NONE',(1.1639423,10.906231,3.8034335));
#9164 = FILL_AREA_STYLE_COLOUR('',#10560) ;
#9165=CARTESIAN_POINT('NONE',(5.49894,-12.224577336448,2.739839260865));
#9166 = SURFACE_STYLE_FILL_AREA(#4357) ;
#9167=VECTOR('NONE',#14137,916.49);
#9168 = SURFACE_STYLE_FILL_AREA(#5707) ;
#9169 = EDGE_CURVE('NONE',#4508,#13105,#2978,.T.) ;
#9170 = EDGE_CURVE('NONE',#7916,#8149,#4387,.T.) ;
#9171 = SURFACE_STYLE_FILL_AREA(#5329) ;
#9172 = EDGE_CURVE('NONE',#8539,#4892,#5725,.T.) ;
#9173 =(LENGTH_UNIT() NAMED_UNIT(*) SI_UNIT(.MILLI.,.METRE.));
#9174=CARTESIAN_POINT('NONE',(-9.163813426757,-3.301001380297,2.1812462));
#9175 = VERTEX_POINT('NONE',#1959) ;
#9176=CARTESIAN_POINT('NONE',(-6.357772022161,11.111675129823,3.757609));
#9177=CARTESIAN_POINT('NONE',(-7.943049412983,11.19593638373,3.75852549));
#9178 = STYLED_ITEM('NONE',(#4220),#4116) ;
#9179=CARTESIAN_POINT('NONE',(-6.36911186218,10.396788744734,3.75852549));
#9180 = ORIENTED_EDGE('NONE',*,*,#4474,.F.) ;
#9181 = LINE('NONE',#8105,#16005) ;
#9182 = SURFACE_STYLE_USAGE(.BOTH.,#4375) ;
#9183=CARTESIAN_POINT('NONE',(-6.268101522511,11.282439779529,3.757609));
#9184=VECTOR('NONE',#6587,916.49);
#9185 = LINE('NONE',#5494,#6458) ;
#9186 =(NAMED_UNIT(*) SI_UNIT($,.STERADIAN.) SOLID_ANGLE_UNIT());
#9187=DIRECTION('NONE',(0.,0.,-1.));
#9188 = B_SPLINE_CURVE_WITH_KNOTS('NONE',3,(#8412,#15660,#8175,#10553),.UNSPECIFIED.,.F.,.F.,(4,4),(3.000000000000,4.000000000000),.UNSPECIFIED.) ;
#9189 = EDGE_CURVE('NONE',#12460,#14171,#12898,.T.) ;
#9190=CARTESIAN_POINT('NONE',(-6.017005064938,10.647980495079,3.75852549));
#9191 = PRESENTATION_LAYER_ASSIGNMENT('','',(#11976)) ;
#9192 = COLOUR_RGB('',1.,1.,1.) ;
#9193 = VERTEX_POINT('NONE',#15262) ;
#9194 = COLOUR_RGB('',1.,1.,1.) ;
#9195=UNCERTAINTY_MEASURE_WITH_UNIT(LENGTH_MEASURE(9.164900000000001E-6),#14508,'distance_accuracy_value','NONE');
#9196=DIRECTION('NONE',(0.,0.,-1.));
#9197=CARTESIAN_POINT('NONE',(-6.241419545994,10.669135490747,3.75852549));
#9198=CARTESIAN_POINT('NONE',(-12.464263999999,-12.739211,3.757609));
#9199 = SURFACE_STYLE_USAGE(.BOTH.,#5507) ;
#9200 = COLOUR_RGB('',1.,1.,1.) ;
#9201 = VERTEX_POINT('NONE',#13057) ;
#9202 = PRESENTATION_LAYER_ASSIGNMENT('','',(#1165)) ;
#9203 = SURFACE_STYLE_FILL_AREA(#9054) ;
#9204=CARTESIAN_POINT('NONE',(12.464263999999,12.739211,3.757609));
#9205 = SURFACE_STYLE_USAGE(.BOTH.,#3003) ;
#9206 = FILL_AREA_STYLE('',(#4393)) ;
#9207 = MECHANICAL_DESIGN_GEOMETRIC_PRESENTATION_REPRESENTATION('',(#11484),#11240) ;
#9208=CARTESIAN_POINT('NONE',(-5.714355217025,10.441004591531,3.75852549));
#9209 = ORIENTED_EDGE('NONE',*,*,#14054,.T.) ;
#9210 = SURFACE_STYLE_USAGE(.BOTH.,#4728) ;
#9211 = ORIENTED_EDGE('NONE',*,*,#7407,.T.) ;
#9212 = ORIENTED_EDGE('NONE',*,*,#4977,.T.) ;
#9213 = VERTEX_POINT('NONE',#5641) ;
#9214 = COLOUR_RGB('',0.949019607843,0.760784313725,0.180392156862) ;
#9215 = STYLED_ITEM('NONE',(#15181),#8444) ;
#9216=AXIS2_PLACEMENT_3D('NONE',#9067,#13973,#6684);
#9217 = COLOUR_RGB('',0.776470588235,0.458823529411,0.) ;
#9218 = B_SPLINE_CURVE_WITH_KNOTS('NONE',3,(#5863,#10754,#2247,#15562),.UNSPECIFIED.,.F.,.F.,(4,4),(1.,2.000000000000),.UNSPECIFIED.) ;
#9219=DIRECTION('NONE',(1.,1.284980352575000E-16,0.));
#9220=CARTESIAN_POINT('NONE',(-4.779818989539,10.701916204751,3.757609));
#9221=AXIS2_PLACEMENT_3D('NONE',#9276,#16299,#2045);
#9222=CARTESIAN_POINT('NONE',(-5.408941878684,10.988175695663,3.757609));
#9223 = ORIENTED_EDGE('NONE',*,*,#13675,.F.) ;
#9224=CARTESIAN_POINT('NONE',(-7.866185871186,11.423876422859,3.757609));
#9225 = SURFACE_STYLE_FILL_AREA(#6777) ;
#9227 = SURFACE_SIDE_STYLE('',(#6780)) ;
#9226 = FACE_OUTER_BOUND('NONE',#13086,.T.) ;
#9228=VECTOR('NONE',#14373,916.49);
#9229 = STYLED_ITEM('NONE',(#13975),#10153) ;
#9230 = ORIENTED_EDGE('NONE',*,*,#7638,.T.) ;
#9231=AXIS2_PLACEMENT_3D('NONE',#8922,#7837,#13840);
#9232 = ORIENTED_EDGE('NONE',*,*,#10639,.T.) ;
#9233 = EDGE_CURVE('NONE',#12005,#8670,#6888,.T.) ;
#9234 = EDGE_LOOP('NONE',(#1679,#11079,#3144,#13424)) ;
#9235 = PRESENTATION_LAYER_ASSIGNMENT('','',(#7483)) ;
#9236=CARTESIAN_POINT('NONE',(-7.280433022003,11.323158723214,3.75852549));
#9237 = ORIENTED_EDGE('NONE',*,*,#8761,.T.) ;
#9238=CIRCLE('NONE',#8499,0.824841);
#9239=VECTOR('NONE',#3086,916.49);
#9240=AXIS2_PLACEMENT_3D('NONE',#14272,#6908,#3449);
#9241 = PRESENTATION_STYLE_ASSIGNMENT((#3399)) ;
#9242=DIRECTION('NONE',(-1.,0.,0.));
#9243 = MECHANICAL_DESIGN_GEOMETRIC_PRESENTATION_REPRESENTATION('',(#4457),#13289) ;
#9244 = PRESENTATION_LAYER_ASSIGNMENT('','',(#10531)) ;
#9245 = PRESENTATION_LAYER_ASSIGNMENT('','',(#6726)) ;
#9246 =(NAMED_UNIT(*) SI_UNIT($,.STERADIAN.) SOLID_ANGLE_UNIT());
#9247=CARTESIAN_POINT('NONE',(-8.526151837046,10.607533008318,3.757609));
#9248 = FACE_OUTER_BOUND('NONE',#5688,.T.) ;
#9249 =(NAMED_UNIT(*) PLANE_ANGLE_UNIT() SI_UNIT($,.RADIAN.));
#9250=DIRECTION('NONE',(0.,0.,1.));
#9252 = SURFACE_SIDE_STYLE('',(#4434)) ;
#9251=CARTESIAN_POINT('NONE',(-8.242552026762,10.400796815662,3.757609));
#9253 = EDGE_CURVE('NONE',#8614,#10393,#15427,.T.) ;
#9254 = SURFACE_STYLE_USAGE(.BOTH.,#5475) ;
#9255=CARTESIAN_POINT('NONE',(1.83298,-11.093584248689,4.307503));
#9256 = LINE('NONE',#13257,#2526) ;
#9257=UNCERTAINTY_MEASURE_WITH_UNIT(LENGTH_MEASURE(9.164900000000001E-6),#8393,'distance_accuracy_value','NONE');
#9258=AXIS2_PLACEMENT_3D('NONE',#3668,#3591,#3757);
#9259 = FACE_OUTER_BOUND('NONE',#15997,.T.) ;
#9260=VECTOR('NONE',#13035,916.49);
#9261 =(NAMED_UNIT(*) SI_UNIT($,.STERADIAN.) SOLID_ANGLE_UNIT());
#9262 = EDGE_CURVE('NONE',#1975,#14036,#11754,.T.) ;
#9263 = ORIENTED_EDGE('NONE',*,*,#9995,.F.) ;
#9264 = EDGE_CURVE('NONE',#4731,#15934,#15492,.T.) ;
#9265 = SURFACE_STYLE_USAGE(.BOTH.,#15419) ;
#9266=CARTESIAN_POINT('NONE',(-5.485843146716,11.31159936815,3.757609));
#9267 = FACE_OUTER_BOUND('NONE',#5799,.T.) ;
#9268 = STYLED_ITEM('NONE',(#14322),#14292) ;
#9269 = SURFACE_STYLE_FILL_AREA(#16375) ;
#9270 = PRESENTATION_LAYER_ASSIGNMENT('','',(#16082)) ;
#9271 = MECHANICAL_DESIGN_GEOMETRIC_PRESENTATION_REPRESENTATION('',(#16083),#7006) ;
#9272 = ORIENTED_EDGE('NONE',*,*,#10351,.F.) ;
#9273 = LINE('NONE',#3277,#10982) ;
#9274=DIRECTION('NONE',(-0.341603830681,0.939844041777,0.));
#9275 = ADVANCED_FACE('NONE',(#10551),#12738,.T.) ;
#9276=CARTESIAN_POINT('NONE',(-4.853099132189,10.498752012134,3.75852549));
#9277 = SURFACE_STYLE_FILL_AREA(#13060) ;
#9278=DIRECTION('NONE',(0.884094950248,0.467307306754,0.));
#9279 = LINE('NONE',#9114,#1484) ;
#9280 = FACE_BOUND('NONE',#11748,.T.) ;
#9281=VECTOR('NONE',#8811,916.49);
#9282 = MECHANICAL_DESIGN_GEOMETRIC_PRESENTATION_REPRESENTATION('',(#10059),#3204) ;
#9283 = ORIENTED_EDGE('NONE',*,*,#2516,.T.) ;
#9284 = EDGE_CURVE('NONE',#4795,#12322,#5912,.T.) ;
#9285 = EDGE_CURVE('NONE',#2483,#12503,#15349,.T.) ;
#9286 = MECHANICAL_DESIGN_GEOMETRIC_PRESENTATION_REPRESENTATION('',(#7293),#10076) ;
#9287 = FACE_OUTER_BOUND('NONE',#2867,.T.) ;
#9288=CARTESIAN_POINT('NONE',(-7.990757772912,10.220565177537,3.757609));
#9289=DIRECTION('NONE',(1.,0.,0.));
#9290 = PLANE('NONE',#14799) ;
#9291 = PRESENTATION_LAYER_ASSIGNMENT('','',(#6024)) ;
#9292 = PLANE('NONE',#7877) ;
#9293 = ORIENTED_EDGE('NONE',*,*,#14407,.T.) ;
#9294=CARTESIAN_POINT('NONE',(8.9357775,10.906231,3.757609));
#9295=CARTESIAN_POINT('NONE',(-6.207400025936,10.428807116553,3.757609));
#9296=DIRECTION('NONE',(-1.,0.,0.));
#9297 = PRESENTATION_STYLE_ASSIGNMENT((#3586)) ;
#9298 = PLANE('NONE',#16205) ;
#9299 = EDGE_CURVE('NONE',#11688,#12161,#9355,.T.) ;
#9300=CARTESIAN_POINT('NONE',(-6.105341465761,11.31655459236,3.757609));
#9301 = COLOUR_RGB('',0.949019607843,0.760784313725,0.180392156862) ;
#9302=CARTESIAN_POINT('NONE',(-5.319938428449,11.090138963065,3.757609));
#9303 = ORIENTED_EDGE('NONE',*,*,#8247,.T.) ;
#9304=DIRECTION('NONE',(0.,0.,-1.));
#9305 = VERTEX_POINT('NONE',#6979) ;
#9306 = VERTEX_POINT('NONE',#2041) ;
#9307 = ORIENTED_EDGE('NONE',*,*,#9928,.F.) ;
#9308 = STYLED_ITEM('NONE',(#13539),#15351) ;
#9309=VECTOR('NONE',#15058,916.49);
#9310 = SURFACE_STYLE_USAGE(.BOTH.,#11839) ;
#9311=DIRECTION('NONE',(-1.,0.,0.));
#9312 = FACE_OUTER_BOUND('NONE',#13603,.T.) ;
#9313 = ORIENTED_EDGE('NONE',*,*,#15333,.F.) ;
#9314=CARTESIAN_POINT('NONE',(-6.263527469394,10.440814005985,3.757609));
#9315 = SURFACE_STYLE_FILL_AREA(#12929) ;
#9316 = PRESENTATION_STYLE_ASSIGNMENT((#12635)) ;
#9317 =(GEOMETRIC_REPRESENTATION_CONTEXT(3) GLOBAL_UNCERTAINTY_ASSIGNED_CONTEXT((#4804)) GLOBAL_UNIT_ASSIGNED_CONTEXT((#14547,#8478,#8706)) REPRESENTATION_CONTEXT('NONE','WORKASPACE'));
#9318 = FILL_AREA_STYLE_COLOUR('',#8096) ;
#9319=CARTESIAN_POINT('NONE',(-7.359947090028,10.55982464839,3.757609));
#9320 =(NAMED_UNIT(*) SI_UNIT($,.STERADIAN.) SOLID_ANGLE_UNIT());
#9321 = ORIENTED_EDGE('NONE',*,*,#2273,.F.) ;
#9322 = ORIENTED_EDGE('NONE',*,*,#4231,.T.) ;
#9323 = ORIENTED_EDGE('NONE',*,*,#13247,.T.) ;
#9324=VECTOR('NONE',#4796,916.49);
#9325=CARTESIAN_POINT('NONE',(-10.631284,-10.906231,3.8034335));
#9326 = ORIENTED_EDGE('NONE',*,*,#10262,.F.) ;
#9327 = MECHANICAL_DESIGN_GEOMETRIC_PRESENTATION_REPRESENTATION('',(#8582),#14633) ;
#9328=VECTOR('NONE',#7484,916.49);
#9329=CARTESIAN_POINT('NONE',(-5.429620410486,11.121585578246,3.757609));
#9330 = SURFACE_STYLE_USAGE(.BOTH.,#5695) ;
#9331 =(LENGTH_UNIT() NAMED_UNIT(*) SI_UNIT(.MILLI.,.METRE.));
#9332 = LINE('NONE',#11464,#3218) ;
#9333=CARTESIAN_POINT('NONE',(-5.915327675856,10.464637199304,3.757609));
#9334=VECTOR('NONE',#6798,916.49);
#9335 = PLANE('NONE',#5190) ;
#9336 = LINE('NONE',#14315,#9513) ;
#9337 = FACE_OUTER_BOUND('NONE',#1129,.T.) ;
#9338=CYLINDRICAL_SURFACE('NONE',#15369,0.458245);
#9339 = SURFACE_SIDE_STYLE('',(#4771)) ;
#9340 = PRESENTATION_LAYER_ASSIGNMENT('','',(#1572)) ;
#9341=CARTESIAN_POINT('NONE',(1.83298,-11.638124505313,4.228584138747));
#9342 = PRESENTATION_LAYER_ASSIGNMENT('','',(#3052)) ;
#9343=CARTESIAN_POINT('NONE',(-7.4129563002,10.398146289432,3.75852549));
#9344 = ORIENTED_EDGE('NONE',*,*,#15440,.F.) ;
#9345=CARTESIAN_POINT('NONE',(-10.631284,10.906231,2.2454005));
#9346=VECTOR('NONE',#12840,916.49);
#9347=UNCERTAINTY_MEASURE_WITH_UNIT(LENGTH_MEASURE(9.164900000000001E-6),#6715,'distance_accuracy_value','NONE');
#9348 = LINE('NONE',#8399,#5615) ;
#9349 = EDGE_CURVE('NONE',#13164,#12313,#5026,.T.) ;
#9350 = FACE_OUTER_BOUND('NONE',#9353,.T.) ;
#9351=CARTESIAN_POINT('NONE',(-6.294974084573,10.546779569865,3.75852549));
#9352 = ADVANCED_FACE('NONE',(#9595),#8488,.F.) ;
#9353 = EDGE_LOOP('NONE',(#4382,#13181,#14376,#1505)) ;
#9354 = FACE_OUTER_BOUND('NONE',#15589,.T.) ;
#9355 = LINE('NONE',#14173,#1282) ;
#9356 = PRESENTATION_LAYER_ASSIGNMENT('','',(#2068)) ;
#9357=CARTESIAN_POINT('NONE',(-5.548355205985,11.306453558394,3.757609));
#9358 = LINE('NONE',#6891,#5143) ;
#9359 = ORIENTED_EDGE('NONE',*,*,#15265,.F.) ;
#9360 = SURFACE_STYLE_USAGE(.BOTH.,#10555) ;
#9361 = VERTEX_POINT('NONE',#10870) ;
#9362=DIRECTION('NONE',(0.,1.,0.));
#9363=DIRECTION('NONE',(-1.,0.,0.));
#9364 = EDGE_CURVE('NONE',#3722,#14742,#2507,.T.) ;
#9365 = EDGE_CURVE('NONE',#6969,#6348,#4978,.T.) ;
#9366=UNCERTAINTY_MEASURE_WITH_UNIT(LENGTH_MEASURE(9.164900000000001E-6),#8871,'distance_accuracy_value','NONE');
#9367=DIRECTION('NONE',(0.,0.,-1.));
#9368 = LINE('NONE',#11824,#3439) ;
#9369 = FILL_AREA_STYLE('',(#11734)) ;
#9370 =(NAMED_UNIT(*) PLANE_ANGLE_UNIT() SI_UNIT($,.RADIAN.));
#9371=CARTESIAN_POINT('NONE',(-8.441336868224,11.11907286721,3.757609));
#9372 = LINE('NONE',#10488,#5709) ;
#9373=CARTESIAN_POINT('NONE',(-12.372614999999,9.073251,5.040695));
#9374 = EDGE_CURVE('NONE',#12005,#12710,#11348,.T.) ;
#9375 = PRESENTATION_STYLE_ASSIGNMENT((#4480)) ;
#9376=DIRECTION('NONE',(1.,1.284980352575000E-16,0.));
#9377 = ORIENTED_EDGE('NONE',*,*,#1581,.F.) ;
#9378 = ORIENTED_EDGE('NONE',*,*,#10157,.T.) ;
#9379 = ORIENTED_EDGE('NONE',*,*,#14462,.F.) ;
#9380 = ORIENTED_EDGE('NONE',*,*,#3995,.T.) ;
#9381=CARTESIAN_POINT('NONE',(-5.429620410486,11.179332998849,3.75852549));
#9382=CARTESIAN_POINT('NONE',(-6.264670982673,10.505613091809,3.757609));
#9383 = SURFACE_SIDE_STYLE('',(#4579)) ;
#9384=UNCERTAINTY_MEASURE_WITH_UNIT(LENGTH_MEASURE(9.164900000000001E-6),#9896,'distance_accuracy_value','NONE');
#9385 =(NAMED_UNIT(*) SI_UNIT($,.STERADIAN.) SOLID_ANGLE_UNIT());
#9386=CYLINDRICAL_SURFACE('NONE',#7424,0.458245);
#9387 = ORIENTED_EDGE('NONE',*,*,#10568,.T.) ;
#9388=CARTESIAN_POINT('NONE',(-6.357772022161,11.227551142123,3.75852549));
#9389=DIRECTION('NONE',(0.886348842796,0.463018065387,0.));
#9390=DIRECTION('NONE',(-1.,0.,0.));
#9391=CYLINDRICAL_SURFACE('NONE',#13945,1.6955065);
#9392=CARTESIAN_POINT('NONE',(-3.491826899999,10.906231,3.8034335));
#9393 = ORIENTED_EDGE('NONE',*,*,#6964,.F.) ;
#9394 = ORIENTED_EDGE('NONE',*,*,#8786,.T.) ;
#9395 = ORIENTED_EDGE('NONE',*,*,#3727,.T.) ;
#9396 = EDGE_CURVE('NONE',#7938,#13396,#8567,.T.) ;
#9397=DIRECTION('NONE',(0.,0.,1.));
#9398 = ORIENTED_EDGE('NONE',*,*,#9875,.T.) ;
#9399 = COLOUR_RGB('',1.,1.,1.) ;
#9400 = STYLED_ITEM('NONE',(#8561),#6151) ;
#9401 =(LENGTH_UNIT() NAMED_UNIT(*) SI_UNIT(.MILLI.,.METRE.));
#9402=DIRECTION('NONE',(1.,0.,0.));
#9403 = SURFACE_SIDE_STYLE('',(#15407)) ;
#9404 = FILL_AREA_STYLE_COLOUR('',#7767) ;
#9405=DIRECTION('NONE',(-1.,0.,0.));
#9406=CARTESIAN_POINT('NONE',(-4.772767324319,10.709539626615,3.75852549));
#9407 = PRESENTATION_STYLE_ASSIGNMENT((#11935)) ;
#9408 =(NAMED_UNIT(*) SI_UNIT($,.STERADIAN.) SOLID_ANGLE_UNIT());
#9409 = PRESENTATION_STYLE_ASSIGNMENT((#6957)) ;
#9410 = SURFACE_SIDE_STYLE('',(#13121)) ;
#9411=CARTESIAN_POINT('NONE',(1.1639423,10.906231,3.8034335));
#9412=CARTESIAN_POINT('NONE',(1.83298,-11.880824181957,4.12731380785));
#9413=AXIS2_PLACEMENT_3D('NONE',#8839,#16183,#11446);
#9414=CARTESIAN_POINT('NONE',(-5.915327675856,10.474928818818,3.75852549));
#9415 = PLANE('NONE',#14647) ;
#9416 = EDGE_LOOP('NONE',(#1834,#1274,#15475,#15744,#10816,#5141,#10893,#16561,#7591,#2919,#9322,#3801)) ;
#9417 = ADVANCED_FACE('NONE',(#1155),#13210,.T.) ;
#9418=CARTESIAN_POINT('NONE',(-5.708637650627,10.462540758292,3.75852549));
#9419=VECTOR('NONE',#4981,916.49);
#9420=DIRECTION('NONE',(-1.,0.,0.));
#9421=DIRECTION('NONE',(3.035766082959000E-15,1.,0.));
#9422=CARTESIAN_POINT('NONE',(-6.324419551515,10.51781056679,3.75852549));
#9423 = ORIENTED_EDGE('NONE',*,*,#14948,.F.) ;
#9424=CARTESIAN_POINT('NONE',(-5.815556142239,10.31140641988,3.75852549));
#9425=DIRECTION('NONE',(-1.,0.,0.));
#9426=DIRECTION('NONE',(0.936975345944,0.349395479497,0.));
#9427 = LINE('NONE',#7216,#12727) ;
#9428=DIRECTION('NONE',(0.,0.,1.));
#9429=DIRECTION('NONE',(0.,1.,0.));
#9430 = ORIENTED_EDGE('NONE',*,*,#1709,.T.) ;
#9431 = FILL_AREA_STYLE_COLOUR('',#7509) ;
#9432 = ORIENTED_EDGE('NONE',*,*,#3337,.F.) ;
#9433 =(LENGTH_UNIT() NAMED_UNIT(*) SI_UNIT(.MILLI.,.METRE.));
#9434=CYLINDRICAL_SURFACE('NONE',#11590,0.824841);
#9435 = B_SPLINE_SURFACE_WITH_KNOTS('NONE',3,1,((#6423,#2248),(#2021,#11787),(#14228,#6869),(#3406,#9574)),.UNSPECIFIED.,.F.,.F.,.F.,(4,4),(2,2),(19.000000000000,20.),(0.,1.),.UNSPECIFIED.) ;
#9436 =(LENGTH_UNIT() NAMED_UNIT(*) SI_UNIT(.MILLI.,.METRE.));
#9437 = PLANE('NONE',#5418) ;
#9438 = SURFACE_SIDE_STYLE('',(#12834)) ;
#9439 =(LENGTH_UNIT() NAMED_UNIT(*) SI_UNIT(.MILLI.,.METRE.));
#9440 = LINE('NONE',#10484,#14105) ;
#9441 = SURFACE_STYLE_USAGE(.BOTH.,#2208) ;
#9442 = LINE('NONE',#14119,#9743) ;
#9443 = FILL_AREA_STYLE_COLOUR('',#13312) ;
#9444 = SURFACE_STYLE_USAGE(.BOTH.,#8431) ;
#9445=DIRECTION('NONE',(0.,0.,-1.));
#9446 = LINE('NONE',#5835,#4533) ;
#9447 = ADVANCED_FACE('NONE',(#2593),#5147,.T.) ;
#9448 =(GEOMETRIC_REPRESENTATION_CONTEXT(3) GLOBAL_UNCERTAINTY_ASSIGNED_CONTEXT((#13451)) GLOBAL_UNIT_ASSIGNED_CONTEXT((#4451,#11714,#4374)) REPRESENTATION_CONTEXT('NONE','WORKASPACE'));
#9449 = ORIENTED_EDGE('NONE',*,*,#11692,.F.) ;
#9450 = LINE('NONE',#5589,#3741) ;
#9451 = ORIENTED_EDGE('NONE',*,*,#13697,.F.) ;
#9452 = VERTEX_POINT('NONE',#15020) ;
#9453 = COLOUR_RGB('',1.,1.,1.) ;
#9454 = VERTEX_POINT('NONE',#13855) ;
#9455 = MECHANICAL_DESIGN_GEOMETRIC_PRESENTATION_REPRESENTATION('',(#2412),#3654) ;
#9456 = ADVANCED_FACE('NONE',(#8861),#11318,.F.) ;
#9458 = ADVANCED_FACE('NONE',(#9917),#7542,.F.) ;
#9457 = FILL_AREA_STYLE_COLOUR('',#1107) ;
#9459=CARTESIAN_POINT('NONE',(-3.491826899999,10.906231,3.8034335));
#9460=VECTOR('NONE',#10691,916.49);
#9461 = PRESENTATION_STYLE_ASSIGNMENT((#15300)) ;
#9462=CARTESIAN_POINT('NONE',(-6.277059043198,10.459110218454,3.75852549));
#9463=CARTESIAN_POINT('NONE',(-6.241324253221,10.518954080068,3.75852549));
#9464 = ORIENTED_EDGE('NONE',*,*,#13623,.F.) ;
#9465=AXIS2_PLACEMENT_3D('NONE',#3386,#14141,#3243);
#9466 = STYLED_ITEM('NONE',(#15447),#11893) ;
#9467=CARTESIAN_POINT('NONE',(-5.498939999999,-11.878504670639,4.12731380785));
#9468 = PLANE('NONE',#3731) ;
#9469 = SURFACE_SIDE_STYLE('',(#7173)) ;
#9470=DIRECTION('NONE',(0.,1.,0.));
#9471 = SURFACE_STYLE_USAGE(.BOTH.,#10669) ;
#9472 = ORIENTED_EDGE('NONE',*,*,#7370,.T.) ;
#9473 = EDGE_LOOP('NONE',(#2776,#5076,#9562,#12000,#1758,#5264,#7018,#13007)) ;
#9474 = ORIENTED_EDGE('NONE',*,*,#11583,.F.) ;
#9475=CARTESIAN_POINT('NONE',(-7.137307841109,11.113771941138,3.75852549));
#9476 =(GEOMETRIC_REPRESENTATION_CONTEXT(3) GLOBAL_UNCERTAINTY_ASSIGNED_CONTEXT((#16333)) GLOBAL_UNIT_ASSIGNED_CONTEXT((#16664,#10984,#2230)) REPRESENTATION_CONTEXT('NONE','WORKASPACE'));
#9477 = PRESENTATION_LAYER_ASSIGNMENT('','',(#16535)) ;
#9478=AXIS2_PLACEMENT_3D('NONE',#16019,#2715,#13826);
#9479 = ORIENTED_EDGE('NONE',*,*,#5501,.T.) ;
#9480 = MECHANICAL_DESIGN_GEOMETRIC_PRESENTATION_REPRESENTATION('',(#3184),#12748) ;
#9481 = EDGE_CURVE('NONE',#9201,#13660,#16436,.T.) ;
#9482 =(NAMED_UNIT(*) PLANE_ANGLE_UNIT() SI_UNIT($,.RADIAN.));
#9483 = EDGE_CURVE('NONE',#10122,#6093,#11790,.T.) ;
#9484=CARTESIAN_POINT('NONE',(-5.523293206613,11.344570667703,3.75852549));
#9485 = MECHANICAL_DESIGN_GEOMETRIC_PRESENTATION_REPRESENTATION('',(#7719),#13271) ;
#9486 = EDGE_CURVE('NONE',#10256,#5318,#4433,.T.) ;
#9487 = PRESENTATION_LAYER_ASSIGNMENT('','',(#3438)) ;
#9488 = MECHANICAL_DESIGN_GEOMETRIC_PRESENTATION_REPRESENTATION('',(#4706),#8245) ;
#9489 = PLANE('NONE',#15008) ;
#9490=CARTESIAN_POINT('NONE',(-6.047212874065,10.454345579789,3.757609));
#9491=CARTESIAN_POINT('NONE',(-5.218165746594,10.439289321614,3.757609));
#9492=CARTESIAN_POINT('NONE',(-4.800116350248,10.769574073776,3.75852549));
#9493 = MECHANICAL_DESIGN_GEOMETRIC_PRESENTATION_REPRESENTATION('',(#7483),#10522) ;
#9494=CARTESIAN_POINT('NONE',(-1.832979999999,-12.404768466314,3.09854172149));
#9495=CARTESIAN_POINT('NONE',(11.8685455,10.906231,3.757609));
#9496 = FILL_AREA_STYLE('',(#6879)) ;
#9497 = ORIENTED_EDGE('NONE',*,*,#6865,.T.) ;
#9498=VECTOR('NONE',#15324,916.49);
#9499 = MECHANICAL_DESIGN_GEOMETRIC_PRESENTATION_REPRESENTATION('',(#5971),#1485) ;
#9500 =(GEOMETRIC_REPRESENTATION_CONTEXT(3) GLOBAL_UNCERTAINTY_ASSIGNED_CONTEXT((#12364)) GLOBAL_UNIT_ASSIGNED_CONTEXT((#4666,#12864,#2315)) REPRESENTATION_CONTEXT('NONE','WORKASPACE'));
#9501=UNCERTAINTY_MEASURE_WITH_UNIT(LENGTH_MEASURE(9.164900000000001E-6),#13415,'distance_accuracy_value','NONE');
#9502 = PRESENTATION_STYLE_ASSIGNMENT((#10544)) ;
#9503=CARTESIAN_POINT('NONE',(-5.685005042854,11.318079276733,3.75852549));
#9504 = PLANE('NONE',#15242) ;
#9505=CARTESIAN_POINT('NONE',(-4.942102582425,10.396788744734,3.757609));
#9506 = ORIENTED_EDGE('NONE',*,*,#13153,.F.) ;
#9507=CARTESIAN_POINT('NONE',(-4.7821060161,10.695817467263,3.757609));
#9508 = ORIENTED_EDGE('NONE',*,*,#6497,.F.) ;
#9509 = PRESENTATION_STYLE_ASSIGNMENT((#9182)) ;
#9510 = FILL_AREA_STYLE_COLOUR('',#11749) ;
#9511 = PRESENTATION_LAYER_ASSIGNMENT('','',(#11035)) ;
#9512=VECTOR('NONE',#15277,916.49);
#9513=VECTOR('NONE',#3488,916.49);
#9514 = PRESENTATION_STYLE_ASSIGNMENT((#3348)) ;
#9515 =(LENGTH_UNIT() NAMED_UNIT(*) SI_UNIT(.MILLI.,.METRE.));
#9516 = VERTEX_POINT('NONE',#5625) ;
#9517 =(NAMED_UNIT(*) PLANE_ANGLE_UNIT() SI_UNIT($,.RADIAN.));
#9518 = B_SPLINE_CURVE_WITH_KNOTS('NONE',3,(#13171,#9463,#14290,#5765),.UNSPECIFIED.,.F.,.F.,(4,4),(0.,1.),.UNSPECIFIED.) ;
#9519 = VERTEX_POINT('NONE',#8004) ;
#9520 = SURFACE_STYLE_FILL_AREA(#8345) ;
#9521 = STYLED_ITEM('NONE',(#6722),#14271) ;
#9522=AXIS2_PLACEMENT_3D('NONE',#12248,#5222,#9973);
#9523 =(GEOMETRIC_REPRESENTATION_CONTEXT(3) GLOBAL_UNCERTAINTY_ASSIGNED_CONTEXT((#8134)) GLOBAL_UNIT_ASSIGNED_CONTEXT((#16556,#6834,#10570)) REPRESENTATION_CONTEXT('NONE','WORKASPACE'));
#9524=UNCERTAINTY_MEASURE_WITH_UNIT(LENGTH_MEASURE(9.164900000000001E-6),#12009,'distance_accuracy_value','NONE');
#9525=CARTESIAN_POINT('NONE',(-8.398929409091,10.822220880767,3.757609));
#9526=DIRECTION('NONE',(0.,0.,-1.));
#9527=CARTESIAN_POINT('NONE',(10.631284,10.906231,2.2454005));
#9528 =(NAMED_UNIT(*) PLANE_ANGLE_UNIT() SI_UNIT($,.RADIAN.));
#9529 = FACE_BOUND('NONE',#10368,.T.) ;
#9530=CARTESIAN_POINT('NONE',(-6.078659489245,11.003613124933,3.757609));
#9531=DIRECTION('NONE',(1.,0.,0.));
#9532=CARTESIAN_POINT('NONE',(-5.685005042854,11.030676272542,3.75852549));
#9533=CIRCLE('NONE',#7536,0.824841);
#9534 = LINE('NONE',#3531,#9572) ;
#9535 = ORIENTED_EDGE('NONE',*,*,#1111,.F.) ;
#9536 =(NAMED_UNIT(*) SI_UNIT($,.STERADIAN.) SOLID_ANGLE_UNIT());
#9537 = ORIENTED_EDGE('NONE',*,*,#5823,.F.) ;
#9538 = VERTEX_POINT('NONE',#9251) ;
#9539 = EDGE_LOOP('NONE',(#4995,#8052,#11502,#5613)) ;
#9540 = MECHANICAL_DESIGN_GEOMETRIC_PRESENTATION_REPRESENTATION('',(#7799),#5776) ;
#9541 =(LENGTH_UNIT() NAMED_UNIT(*) SI_UNIT(.MILLI.,.METRE.));
#9542 = LINE('NONE',#11753,#8242) ;
#9543=CARTESIAN_POINT('NONE',(-6.27067442739,11.064028743188,3.75852549));
#9544=UNCERTAINTY_MEASURE_WITH_UNIT(LENGTH_MEASURE(9.164900000000001E-6),#14385,'distance_accuracy_value','NONE');
#9545 = ADVANCED_FACE('NONE',(#3111),#9338,.F.) ;
#9546=CARTESIAN_POINT('NONE',(-6.272580282855,10.44881859894,3.757609));
#9547=CARTESIAN_POINT('NONE',(-7.166462921869,11.193285908054,3.75852549));
#9548 = EDGE_LOOP('NONE',(#4897,#6912)) ;
#9549 = STYLED_ITEM('NONE',(#1406),#8512) ;
#9550 = EDGE_CURVE('NONE',#3452,#2321,#13997,.T.) ;
#9551 = SURFACE_STYLE_USAGE(.BOTH.,#2700) ;
#9552=CARTESIAN_POINT('NONE',(9.3940225,-10.906231,3.757609));
#9554 = PRESENTATION_STYLE_ASSIGNMENT((#4750)) ;
#9553=CARTESIAN_POINT('NONE',(-5.919329972333,10.483314582863,3.75852549));
#9555 = B_SPLINE_CURVE_WITH_KNOTS('NONE',3,(#9288,#3070,#11655,#10336),.UNSPECIFIED.,.F.,.F.,(4,4),(10.,11.),.UNSPECIFIED.) ;
#9556 = PRESENTATION_STYLE_ASSIGNMENT((#2085)) ;
#9557 = ORIENTED_EDGE('NONE',*,*,#4724,.F.) ;
#9558 = EDGE_LOOP('NONE',(#8633,#10120,#15157,#13048)) ;
#9559 = ORIENTED_EDGE('NONE',*,*,#9567,.F.) ;
#9560 =(GEOMETRIC_REPRESENTATION_CONTEXT(3) GLOBAL_UNCERTAINTY_ASSIGNED_CONTEXT((#10080)) GLOBAL_UNIT_ASSIGNED_CONTEXT((#5168,#2748,#11473)) REPRESENTATION_CONTEXT('NONE','WORKASPACE'));
#9561=CARTESIAN_POINT('NONE',(-7.447412332308,10.477660256352,3.757609));
#9562 = ORIENTED_EDGE('NONE',*,*,#2276,.T.) ;
#9563=AXIS2_PLACEMENT_3D('NONE',#3564,#2396,#15645);
#9564 = EDGE_CURVE('NONE',#6093,#3476,#14230,.T.) ;
#9565=CARTESIAN_POINT('NONE',(-7.267180694184,10.970646810797,3.75852549));
#9566=CARTESIAN_POINT('NONE',(-6.110487275519,10.635592434555,3.75852549));
#9567 = EDGE_CURVE('NONE',#6535,#3476,#5551,.T.) ;
#9568=VECTOR('NONE',#6253,916.49);
#9569 = FACE_OUTER_BOUND('NONE',#15911,.T.) ;
#9570 = B_SPLINE_CURVE_WITH_KNOTS('NONE',3,(#16150,#15989,#7796,#10015),.UNSPECIFIED.,.F.,.F.,(4,4),(15.000000000000,16.000000000000),.UNSPECIFIED.) ;
#9571=CARTESIAN_POINT('NONE',(-12.464263999999,12.739211,3.757609));
#9572=VECTOR('NONE',#4482,916.49);
#9573=CARTESIAN_POINT('NONE',(-4.770861468852,10.700963277019,3.75852549));
#9574=CARTESIAN_POINT('NONE',(-5.974980951924,10.390499421698,3.757609));
#9575=CARTESIAN_POINT('NONE',(-6.294211742388,11.254614289732,3.75852549));
#9577 =(LENGTH_UNIT() NAMED_UNIT(*) SI_UNIT(.MILLI.,.METRE.));
#9576 =(LENGTH_UNIT() NAMED_UNIT(*) SI_UNIT(.MILLI.,.METRE.));
#9578=VECTOR('NONE',#12817,916.49);
#9579 =(NAMED_UNIT(*) SI_UNIT($,.STERADIAN.) SOLID_ANGLE_UNIT());
#9580 = B_SPLINE_SURFACE_WITH_KNOTS('NONE',3,1,((#15206,#10967),(#9788,#3530),(#6142,#9869),(#10891,#12061)),.UNSPECIFIED.,.F.,.F.,.F.,(4,4),(2,2),(1.,2.000000000000),(0.,1.),.UNSPECIFIED.) ;
#9581 = ADVANCED_FACE('NONE',(#4358),#11188,.T.) ;
#9582=DIRECTION('NONE',(0.,0.,-1.));
#9583=CARTESIAN_POINT('NONE',(-5.498939999999,0.,4.399152));
#9584=AXIS2_PLACEMENT_3D('NONE',#10125,#8030,#13501);
#9585 = COLOUR_RGB('',0.949019607843,0.760784313725,0.180392156862) ;
#9586 = EDGE_LOOP('NONE',(#9789,#6680)) ;
#9587=AXIS2_PLACEMENT_3D('NONE',#6496,#13534,#10073);
#9588 = SURFACE_STYLE_FILL_AREA(#3651) ;
#9589=CARTESIAN_POINT('NONE',(-5.762478067527,10.271383455106,3.75852549));
#9590=CARTESIAN_POINT('NONE',(-5.833471183615,10.275195166038,3.757609));
#9591 = FILL_AREA_STYLE_COLOUR('',#11469) ;
#9592=DIRECTION('NONE',(-0.355935724369,-0.934510438742,0.));
#9593 = ORIENTED_EDGE('NONE',*,*,#11187,.F.) ;
#9594 = STYLED_ITEM('NONE',(#9409),#1401) ;
#9595 = FACE_OUTER_BOUND('NONE',#10442,.T.) ;
#9596 = SURFACE_STYLE_USAGE(.BOTH.,#4781) ;
#9597 = PRESENTATION_LAYER_ASSIGNMENT('','',(#4811)) ;
#9598=DIRECTION('NONE',(-0.340917796218,-0.9400931104,0.));
#9599 = LINE('NONE',#6042,#10325) ;
#9600 = PRESENTATION_STYLE_ASSIGNMENT((#12901)) ;
#9601 =(NAMED_UNIT(*) PLANE_ANGLE_UNIT() SI_UNIT($,.RADIAN.));
#9602 = STYLED_ITEM('NONE',(#10684),#9664) ;
#9603 = VERTEX_POINT('NONE',#3490) ;
#9604=CARTESIAN_POINT('NONE',(-6.157180734423,10.609482214678,3.757609));
#9605 = ORIENTED_EDGE('NONE',*,*,#12671,.T.) ;
#9606 = EDGE_CURVE('NONE',#11617,#15471,#12019,.T.) ;
#9607 = MECHANICAL_DESIGN_GEOMETRIC_PRESENTATION_REPRESENTATION('',(#11355),#7332) ;
#9608=DIRECTION('NONE',(0.,0.,-1.));
#9609 =(GEOMETRIC_REPRESENTATION_CONTEXT(3) GLOBAL_UNCERTAINTY_ASSIGNED_CONTEXT((#12060)) GLOBAL_UNIT_ASSIGNED_CONTEXT((#2566,#15636,#5075)) REPRESENTATION_CONTEXT('NONE','WORKASPACE'));
#9610 = B_SPLINE_CURVE_WITH_KNOTS('NONE',3,(#5454,#1847,#2933,#10286),.UNSPECIFIED.,.F.,.F.,(4,4),(11.,12.000000000000),.UNSPECIFIED.) ;
#9611 =(NAMED_UNIT(*) SI_UNIT($,.STERADIAN.) SOLID_ANGLE_UNIT());
#9612=VECTOR('NONE',#13012,916.49);
#9613 = FILL_AREA_STYLE('',(#2603)) ;
#9614 = ORIENTED_EDGE('NONE',*,*,#3643,.T.) ;
#9615=CARTESIAN_POINT('NONE',(-6.22788797219,10.428807116553,3.75852549));
#9616=CARTESIAN_POINT('NONE',(-6.046926995746,10.61481860998,3.75852549));
#9617 =(NAMED_UNIT(*) SI_UNIT($,.STERADIAN.) SOLID_ANGLE_UNIT());
#9618=VECTOR('NONE',#7132,916.49);
#9619 = LINE('NONE',#4800,#11058) ;
#9620=DIRECTION('NONE',(0.,0.,1.));
#9621 = LINE('NONE',#2530,#10817) ;
#9622 = EDGE_CURVE('NONE',#5380,#5157,#1230,.T.) ;
#9623=CARTESIAN_POINT('NONE',(-5.812030309628,11.360961024704,3.757609));
#9624 = LINE('NONE',#9302,#8314) ;
#9625 = ORIENTED_EDGE('NONE',*,*,#9675,.T.) ;
#9626=DIRECTION('NONE',(0.,0.,-1.));
#9627 = ORIENTED_EDGE('NONE',*,*,#5543,.T.) ;
#9628 = ORIENTED_EDGE('NONE',*,*,#4370,.T.) ;
#9629 = VERTEX_POINT('NONE',#15483) ;
#9630=VECTOR('NONE',#1157,916.49);
#9631 = ADVANCED_FACE('NONE',(#9736),#13277,.F.) ;
#9632=CARTESIAN_POINT('NONE',(-7.943049412983,11.19593638373,3.75852549));
#9633=DIRECTION('NONE',(0.,0.,-1.));
#9634 = LINE('NONE',#14435,#9419) ;
#9636=DIRECTION('NONE',(0.,0.,-1.));
#9635 = B_SPLINE_CURVE_WITH_KNOTS('NONE',3,(#10617,#9028,#13863,#9101),.UNSPECIFIED.,.F.,.F.,(4,4),(1.,2.000000000000),.UNSPECIFIED.) ;
#9637 = ORIENTED_EDGE('NONE',*,*,#15649,.F.) ;
#9638=DIRECTION('NONE',(0.,0.,-1.));
#9639=CARTESIAN_POINT('NONE',(-6.105913222402,11.033153884647,3.75852549));
#9640=CARTESIAN_POINT('NONE',(-7.935098036513,10.379592909157,3.757609));
#9641 = SURFACE_SIDE_STYLE('',(#2557)) ;
#9642 = LINE('NONE',#8454,#3855) ;
#9643 =(NAMED_UNIT(*) SI_UNIT($,.STERADIAN.) SOLID_ANGLE_UNIT());
#9644=CARTESIAN_POINT('NONE',(-12.372614999999,-4.674098999999,4.399152));
#9645 = ORIENTED_EDGE('NONE',*,*,#15687,.T.) ;
#9646 = ORIENTED_EDGE('NONE',*,*,#8721,.F.) ;
#9647 = VERTEX_POINT('NONE',#11001) ;
#9648=CARTESIAN_POINT('NONE',(10.631284,10.906231,2.2454005));
#9649 = ORIENTED_EDGE('NONE',*,*,#2517,.T.) ;
#9650=DIRECTION('NONE',(0.,0.,-1.));
#9651 =(NAMED_UNIT(*) SI_UNIT($,.STERADIAN.) SOLID_ANGLE_UNIT());
#9652=VECTOR('NONE',#11895,916.49);
#9653=CARTESIAN_POINT('NONE',(-6.373018865883,11.030676272542,3.75852549));
#9654 =(LENGTH_UNIT() NAMED_UNIT(*) SI_UNIT(.MILLI.,.METRE.));
#9655 = FILL_AREA_STYLE_COLOUR('',#4007) ;
#9656 =(NAMED_UNIT(*) SI_UNIT($,.STERADIAN.) SOLID_ANGLE_UNIT());
#9657 = SURFACE_SIDE_STYLE('',(#7431)) ;
#9658=CARTESIAN_POINT('NONE',(-5.872636513431,10.501420209788,3.75852549));
#9659 = FILL_AREA_STYLE_COLOUR('',#12863) ;
#9660=CARTESIAN_POINT('NONE',(-5.988607818503,10.570602763183,3.757609));
#9661 = PRESENTATION_STYLE_ASSIGNMENT((#6026)) ;
#9662 = SURFACE_STYLE_USAGE(.BOTH.,#15571) ;
#9663 =(NAMED_UNIT(*) PLANE_ANGLE_UNIT() SI_UNIT($,.RADIAN.));
#9664 = ADVANCED_FACE('NONE',(#15799),#14625,.F.) ;
#9665 = COLOUR_RGB('',1.,1.,1.) ;
#9666 = MECHANICAL_DESIGN_GEOMETRIC_PRESENTATION_REPRESENTATION('',(#9927),#6397) ;
#9667 = ORIENTED_EDGE('NONE',*,*,#12731,.F.) ;
#9668=CARTESIAN_POINT('NONE',(-8.279658458715,11.087267437159,3.75852549));
#9669 = B_SPLINE_CURVE_WITH_KNOTS('NONE',3,(#9543,#3541,#8133,#8288),.UNSPECIFIED.,.F.,.F.,(4,4),(10.,11.),.UNSPECIFIED.) ;
#9670 = PLANE('NONE',#15205) ;
#9671 = SURFACE_STYLE_FILL_AREA(#8328) ;
#9672 = EDGE_CURVE('NONE',#9817,#14906,#5559,.T.) ;
#9673 = EDGE_CURVE('NONE',#12461,#1365,#5307,.T.) ;
#9674 = ORIENTED_EDGE('NONE',*,*,#1972,.T.) ;
#9675 = EDGE_CURVE('NONE',#2139,#16583,#11614,.T.) ;
#9676=VECTOR('NONE',#14270,916.49);
#9677 = PRESENTATION_LAYER_ASSIGNMENT('','',(#8163)) ;
#9678 = SURFACE_SIDE_STYLE('',(#10782)) ;
#9679=CARTESIAN_POINT('NONE',(-7.230074236952,10.557174223269,3.757609));
#9680 = FACE_BOUND('NONE',#13968,.T.) ;
#9681 = LINE('NONE',#14479,#9048) ;
#9682 =(LENGTH_UNIT() NAMED_UNIT(*) SI_UNIT(.MILLI.,.METRE.));
#9683 = FILL_AREA_STYLE_COLOUR('',#13299) ;
#9684 = ORIENTED_EDGE('NONE',*,*,#5051,.F.) ;
#9685=DIRECTION('NONE',(1.,0.,0.));
#9686 = ORIENTED_EDGE('NONE',*,*,#6457,.T.) ;
#9687 = MECHANICAL_DESIGN_GEOMETRIC_PRESENTATION_REPRESENTATION('',(#11945),#14724) ;
#9688=UNCERTAINTY_MEASURE_WITH_UNIT(LENGTH_MEASURE(9.164900000000001E-6),#13613,'distance_accuracy_value','NONE');
#9689 =(LENGTH_UNIT() NAMED_UNIT(*) SI_UNIT(.MILLI.,.METRE.));
#9690=CARTESIAN_POINT('NONE',(-8.239901475256,10.578378028667,3.757609));
#9691 = ADVANCED_FACE('NONE',(#10200),#6406,.F.) ;
#9692 = ORIENTED_EDGE('NONE',*,*,#11142,.F.) ;
#9693 = FACE_OUTER_BOUND('NONE',#13749,.T.) ;
#9694 = SURFACE_STYLE_USAGE(.BOTH.,#11735) ;
#9695 = PLANE('NONE',#14539) ;
#9696 = EDGE_CURVE('NONE',#7399,#9930,#1773,.T.) ;
#9697 = FACE_OUTER_BOUND('NONE',#5565,.T.) ;
#9698=CARTESIAN_POINT('NONE',(-5.215497548943,11.360961024704,3.75852549));
#9699 =(LENGTH_UNIT() NAMED_UNIT(*) SI_UNIT(.MILLI.,.METRE.));
#9700=UNCERTAINTY_MEASURE_WITH_UNIT(LENGTH_MEASURE(9.164900000000001E-6),#11650,'distance_accuracy_value','NONE');
#9701 = SURFACE_STYLE_FILL_AREA(#1271) ;
#9702 = ORIENTED_EDGE('NONE',*,*,#1191,.T.) ;
#9703 = FACE_OUTER_BOUND('NONE',#16243,.T.) ;
#9704 = ORIENTED_EDGE('NONE',*,*,#3582,.T.) ;
#9705=VECTOR('NONE',#3620,916.49);
#9706 = EDGE_LOOP('NONE',(#16376,#9674,#3305,#3875,#16084,#1396,#12559,#7410)) ;
#9707 = ORIENTED_EDGE('NONE',*,*,#16406,.T.) ;
#9708=CARTESIAN_POINT('NONE',(-7.638245873132,11.301955006286,3.757609));
#9709=CARTESIAN_POINT('NONE',(-8.104727771939,10.753308765996,3.75852549));
#9710 = B_SPLINE_SURFACE_WITH_KNOTS('NONE',3,1,((#10408,#8190),(#1347,#10647),(#4801,#15371),(#11974,#13156)),.UNSPECIFIED.,.F.,.F.,.F.,(4,4),(2,2),(3.000000000000,4.000000000000),(0.,1.),.UNSPECIFIED.) ;
#9711=CARTESIAN_POINT('NONE',(-7.354646037571,10.708250831187,3.75852549));
#9712 = FACE_OUTER_BOUND('NONE',#5987,.T.) ;
#9713=VECTOR('NONE',#16146,916.49);
#9714 = ORIENTED_EDGE('NONE',*,*,#15315,.F.) ;
#9715 = FILL_AREA_STYLE_COLOUR('',#15558) ;
#9716=CARTESIAN_POINT('NONE',(-7.890040101705,10.482961106593,3.757609));
#9717=CARTESIAN_POINT('NONE',(-6.294974084573,10.546779569865,3.757609));
#9718 =(NAMED_UNIT(*) SI_UNIT($,.STERADIAN.) SOLID_ANGLE_UNIT());
#9719 = FILL_AREA_STYLE('',(#1540)) ;
#9720 = PRESENTATION_STYLE_ASSIGNMENT((#4902)) ;
#9721 = EDGE_LOOP('NONE',(#7533,#16385,#7589,#1757)) ;
#9722 = VERTEX_POINT('NONE',#9901) ;
#9723 = ORIENTED_EDGE('NONE',*,*,#11103,.F.) ;
#9724 = SURFACE_STYLE_FILL_AREA(#4906) ;
#9725 = MECHANICAL_DESIGN_GEOMETRIC_PRESENTATION_REPRESENTATION('',(#7699),#3920) ;
#9726 = ORIENTED_EDGE('NONE',*,*,#12942,.T.) ;
#9727=VECTOR('NONE',#4912,916.49);
#9728 = FACE_OUTER_BOUND('NONE',#13409,.T.) ;
#9729 = FILL_AREA_STYLE('',(#4909)) ;
#9730 =(LENGTH_UNIT() NAMED_UNIT(*) SI_UNIT(.MILLI.,.METRE.));
#9731 = FILL_AREA_STYLE('',(#12171)) ;
#9732=CARTESIAN_POINT('NONE',(-6.157180734423,10.530389212863,3.757609));
#9733=CARTESIAN_POINT('NONE',(-5.019003850454,10.720212417221,3.75852549));
#9734=CARTESIAN_POINT('NONE',(-5.498939999999,-11.091166380297,4.307503));
#9735 = EDGE_CURVE('NONE',#5098,#9132,#14701,.T.) ;
#9737 = FILL_AREA_STYLE_COLOUR('',#2219) ;
#9736 = FACE_OUTER_BOUND('NONE',#16072,.T.) ;
#9738 = ADVANCED_FACE('NONE',(#14774),#11220,.T.) ;
#9739=DIRECTION('NONE',(1.,-3.035766082959000E-15,0.));
#9740=CARTESIAN_POINT('NONE',(-5.630878747636,11.030676272542,3.75852549));
#9741 = PRESENTATION_LAYER_ASSIGNMENT('','',(#1932)) ;
#9742 = ORIENTED_EDGE('NONE',*,*,#14275,.F.) ;
#9743=VECTOR('NONE',#15370,916.49);
#9744 = PRESENTATION_LAYER_ASSIGNMENT('','',(#4689)) ;
#9745 = ORIENTED_EDGE('NONE',*,*,#2756,.F.) ;
#9746 = STYLED_ITEM('NONE',(#10910),#13624) ;
#9747=DIRECTION('NONE',(0.,0.,-1.));
#9748=VECTOR('NONE',#6118,916.49);
#9749 = STYLED_ITEM('NONE',(#11967),#8307) ;
#9750 = PRESENTATION_LAYER_ASSIGNMENT('','',(#16536)) ;
#9751=CARTESIAN_POINT('NONE',(-5.99699358255,10.662083825525,3.75852549));
#9752=CARTESIAN_POINT('NONE',(-5.537205951509,10.396788744734,3.75852549));
#9753=CARTESIAN_POINT('NONE',(-6.357772022161,11.167516694961,3.757609));
#9754 = ADVANCED_FACE('NONE',(#14144),#14214,.F.) ;
#9755 = ORIENTED_EDGE('NONE',*,*,#3948,.T.) ;
#9756 = MECHANICAL_DESIGN_GEOMETRIC_PRESENTATION_REPRESENTATION('',(#2407),#1657) ;
#9757 =(NAMED_UNIT(*) SI_UNIT($,.STERADIAN.) SOLID_ANGLE_UNIT());
#9758 = FILL_AREA_STYLE_COLOUR('',#9214) ;
#9759 = ADVANCED_FACE('NONE',(#5605),#15226,.F.) ;
#9760 = ADVANCED_FACE('NONE',(#9226),#12577,.F.) ;
#9761 = SURFACE_STYLE_USAGE(.BOTH.,#15974) ;
#9762=CARTESIAN_POINT('NONE',(0.,0.,2.291225));
#9763=CARTESIAN_POINT('NONE',(-5.104767346399,10.396788744734,3.75852549));
#9764 = FILL_AREA_STYLE_COLOUR('',#10655) ;
#9765 = MECHANICAL_DESIGN_GEOMETRIC_PRESENTATION_REPRESENTATION('',(#15075),#1509) ;
#9766 = MECHANICAL_DESIGN_GEOMETRIC_PRESENTATION_REPRESENTATION('',(#11518),#12520) ;
#9767 =(NAMED_UNIT(*) SI_UNIT($,.STERADIAN.) SOLID_ANGLE_UNIT());
#9768=AXIS2_PLACEMENT_3D('NONE',#6771,#1915,#4493);
#9769 = EDGE_LOOP('NONE',(#4450,#14446)) ;
#9771=VECTOR('NONE',#3407,916.49);
#9770=CARTESIAN_POINT('NONE',(-6.263527469394,10.440814005985,3.757609));
#9772=VECTOR('NONE',#16345,916.49);
#9773 = ORIENTED_EDGE('NONE',*,*,#2069,.F.) ;
#9774 = EDGE_CURVE('NONE',#16259,#7032,#15697,.T.) ;
#9775 =(GEOMETRIC_REPRESENTATION_CONTEXT(3) GLOBAL_UNCERTAINTY_ASSIGNED_CONTEXT((#6996)) GLOBAL_UNIT_ASSIGNED_CONTEXT((#4814,#14674,#7163)) REPRESENTATION_CONTEXT('NONE','WORKASPACE'));
#9776 = PRESENTATION_STYLE_ASSIGNMENT((#13070)) ;
#9777 = MECHANICAL_DESIGN_GEOMETRIC_PRESENTATION_REPRESENTATION('',(#12027),#8501) ;
#9778=VECTOR('NONE',#15655,916.49);
#9779 =(GEOMETRIC_REPRESENTATION_CONTEXT(3) GLOBAL_UNCERTAINTY_ASSIGNED_CONTEXT((#1199)) GLOBAL_UNIT_ASSIGNED_CONTEXT((#8626,#11074,#14623)) REPRESENTATION_CONTEXT('NONE','WORKASPACE'));
#9780 = ADVANCED_FACE('NONE',(#1370),#14441,.F.) ;
#9781=UNCERTAINTY_MEASURE_WITH_UNIT(LENGTH_MEASURE(9.164900000000001E-6),#8070,'distance_accuracy_value','NONE');
#9782 = ORIENTED_EDGE('NONE',*,*,#1433,.T.) ;
#9783=CARTESIAN_POINT('NONE',(-6.263527469394,10.440814005985,3.75852549));
#9784=CARTESIAN_POINT('NONE',(-6.303931605262,11.312361710336,3.757609));
#9785 =(LENGTH_UNIT() NAMED_UNIT(*) SI_UNIT(.MILLI.,.METRE.));
#9786=CARTESIAN_POINT('NONE',(-6.211116444094,10.631208966985,3.75852549));
#9787 =(NAMED_UNIT(*) SI_UNIT($,.STERADIAN.) SOLID_ANGLE_UNIT());
#9788=CARTESIAN_POINT('NONE',(-5.762478067527,10.271383455106,3.75852549));
#9789 = ORIENTED_EDGE('NONE',*,*,#7055,.F.) ;
#9790=CARTESIAN_POINT('NONE',(-6.874911810945,10.766561043261,3.757609));
#9791 = ORIENTED_EDGE('NONE',*,*,#1974,.T.) ;
#9792 = ORIENTED_EDGE('NONE',*,*,#11009,.T.) ;
#9793 = MECHANICAL_DESIGN_GEOMETRIC_PRESENTATION_REPRESENTATION('',(#1976),#8994) ;
#9794 = EDGE_CURVE('NONE',#12641,#11478,#3473,.T.) ;
#9795 = B_SPLINE_CURVE_WITH_KNOTS('NONE',3,(#3430,#13064,#14340,#8343,#4788,#3284,#2352,#11891,#11721,#3515,#4553,#7137,#11960,#10792,#3212,#8028,#16534,#2048,#6893),.UNSPECIFIED.,.F.,.F.,(4,1,1,1,1,1,1,1,1,1,1,1,1,1,1,1,4),(0.,0.079394588438,0.151958790294,0.218848064049,0.281050642909,0.339424412065,0.394771809651,0.447951040604,0.499999999999,0.552048959395,0.605228190348,0.660575587934,0.718949357090,0.781151935950,0.848041209705,0.920605411561,1.),.UNSPECIFIED.) ;
#9796=AXIS2_PLACEMENT_3D('NONE',#1386,#14456,#15479);
#9797 = COLOUR_RGB('',1.,1.,1.) ;
#9798 = B_SPLINE_CURVE_WITH_KNOTS('NONE',3,(#15625,#9717,#3624,#12232),.UNSPECIFIED.,.F.,.F.,(4,4),(9.000000000000,10.),.UNSPECIFIED.) ;
#9799 = ORIENTED_EDGE('NONE',*,*,#16054,.T.) ;
#9800 =(NAMED_UNIT(*) PLANE_ANGLE_UNIT() SI_UNIT($,.RADIAN.));
#9801 = LINE('NONE',#8527,#8433) ;
#9802 = LINE('NONE',#8679,#8765) ;
#9803 = MECHANICAL_DESIGN_GEOMETRIC_PRESENTATION_REPRESENTATION('',(#2734),#3465) ;
#9804 = ORIENTED_EDGE('NONE',*,*,#11206,.F.) ;
#9805 = STYLED_ITEM('NONE',(#7579),#11019) ;
#9806=VECTOR('NONE',#2167,916.49);
#9807=CARTESIAN_POINT('NONE',(-7.245976989894,10.970646810797,3.757609));
#9808 = FACE_OUTER_BOUND('NONE',#11157,.T.) ;
#9810 = PRESENTATION_STYLE_ASSIGNMENT((#16095)) ;
#9809=DIRECTION('NONE',(1.,0.,0.));
#9811=CARTESIAN_POINT('NONE',(5.49894,-11.091166380297,2.1812462));
#9812=CARTESIAN_POINT('NONE',(1.9887833,10.906231,2.291225));
#9813 = EDGE_LOOP('NONE',(#6419,#13482,#3146,#1376)) ;
#9814 = ORIENTED_EDGE('NONE',*,*,#3658,.T.) ;
#9815 = ORIENTED_EDGE('NONE',*,*,#9672,.T.) ;
#9816=CARTESIAN_POINT('NONE',(-8.565908820504,10.816919828312,3.75852549));
#9817 = VERTEX_POINT('NONE',#4749) ;
#9818 = PRESENTATION_LAYER_ASSIGNMENT('','',(#16601)) ;
#9819=UNCERTAINTY_MEASURE_WITH_UNIT(LENGTH_MEASURE(9.164900000000001E-6),#8474,'distance_accuracy_value','NONE');
#9820 = EDGE_CURVE('NONE',#9978,#6208,#8299,.T.) ;
#9821=CARTESIAN_POINT('NONE',(-6.157180734423,10.566028710066,3.75852549));
#9822 = B_SPLINE_SURFACE_WITH_KNOTS('NONE',3,1,((#3568,#12250),(#6265,#6413),(#13440,#1774),(#14775,#14931)),.UNSPECIFIED.,.F.,.F.,.F.,(4,4),(2,2),(4.000000000000,5.000000000000),(0.,1.),.UNSPECIFIED.) ;
#9823=DIRECTION('NONE',(0.,-1.,0.));
#9824=CARTESIAN_POINT('NONE',(-1.163942299999,10.906231,2.291225));
#9825 = LINE('NONE',#8625,#12479) ;
#9826=CARTESIAN_POINT('NONE',(-9.3940225,-10.906231,3.757609));
#9827=CARTESIAN_POINT('NONE',(-6.521485006643,11.030676272542,3.75852549));
#9828=CARTESIAN_POINT('NONE',(-5.239606620581,11.300926577543,3.75852549));
#9829=VECTOR('NONE',#2439,916.49);
#9830=CARTESIAN_POINT('NONE',(-5.943248458425,10.547732497597,3.757609));
#9831 = LINE('NONE',#15716,#12997) ;
#9832 = ORIENTED_EDGE('NONE',*,*,#14746,.T.) ;
#9833 = EDGE_LOOP('NONE',(#8944,#4252,#8283,#12116)) ;
#9834=CARTESIAN_POINT('NONE',(5.49894,-12.418771579374,2.871460314252));
#9835=VECTOR('NONE',#5279,916.49);
#9836 = PRESENTATION_STYLE_ASSIGNMENT((#8557)) ;
#9837 = EDGE_LOOP('NONE',(#6622,#16675,#8970,#10163)) ;
#9838 = EDGE_CURVE('NONE',#8540,#6805,#12082,.T.) ;
#9839 = PRESENTATION_LAYER_ASSIGNMENT('','',(#9308)) ;
#9840=UNCERTAINTY_MEASURE_WITH_UNIT(LENGTH_MEASURE(9.164900000000001E-6),#12113,'distance_accuracy_value','NONE');
#9841=CARTESIAN_POINT('NONE',(-8.324716444077,10.422000519952,3.75852549));
#9842 = PLANE('NONE',#16097) ;
#9843 = PRESENTATION_LAYER_ASSIGNMENT('','',(#4526)) ;
#9844 = ORIENTED_EDGE('NONE',*,*,#14959,.F.) ;
#9845=CARTESIAN_POINT('NONE',(-5.52005325232,11.069555724037,3.757609));
#9846=CARTESIAN_POINT('NONE',(-8.049068035539,10.379592909157,3.75852549));
#9847=CARTESIAN_POINT('NONE',(-6.377592919002,10.726692325804,3.75852549));
#9848=CARTESIAN_POINT('NONE',(6.41543,-10.906231,3.757609));
#9849=CARTESIAN_POINT('NONE',(-6.024914365119,10.537440878084,3.757609));
#9850=CARTESIAN_POINT('NONE',(6.41543,-10.906231,3.757609));
#9851 = ORIENTED_EDGE('NONE',*,*,#12979,.T.) ;
#9852=CARTESIAN_POINT('NONE',(-6.157180734423,10.609482214678,3.75852549));
#9853 = VERTEX_POINT('NONE',#7023) ;
#9854 = STYLED_ITEM('NONE',(#16052),#9456) ;
#9855 = ADVANCED_FACE('NONE',(#11848),#5851,.T.) ;
#9856 = EDGE_CURVE('NONE',#5462,#8867,#12319,.T.) ;
#9857=UNCERTAINTY_MEASURE_WITH_UNIT(LENGTH_MEASURE(9.164900000000001E-6),#5008,'distance_accuracy_value','NONE');
#9858 =(NAMED_UNIT(*) SI_UNIT($,.STERADIAN.) SOLID_ANGLE_UNIT());
#9859=AXIS2_PLACEMENT_3D('NONE',#4705,#14255,#15358);
#9860=CARTESIAN_POINT('NONE',(-7.259229317714,10.970646810797,3.757609));
#9861=CARTESIAN_POINT('NONE',(-4.77486376533,10.721927687138,3.757609));
#9862 = ORIENTED_EDGE('NONE',*,*,#16122,.T.) ;
#9863 = SURFACE_STYLE_USAGE(.BOTH.,#7473) ;
#9864 = LINE('NONE',#13227,#9324) ;
#9865 =(GEOMETRIC_REPRESENTATION_CONTEXT(3) GLOBAL_UNCERTAINTY_ASSIGNED_CONTEXT((#3520)) GLOBAL_UNIT_ASSIGNED_CONTEXT((#9576,#1391,#13120)) REPRESENTATION_CONTEXT('NONE','WORKASPACE'));
#9866=CARTESIAN_POINT('NONE',(-4.697867204527,10.498752012134,3.75852549));
#9867=CARTESIAN_POINT('NONE',(-6.272103818988,10.620345590831,3.75852549));
#9868=CARTESIAN_POINT('NONE',(-6.569607857146,10.988175695663,3.757609));
#9869=CARTESIAN_POINT('NONE',(-5.7308408668,10.299780701542,3.757609));
#9870 = SURFACE_SIDE_STYLE('',(#11121)) ;
#9871 = MECHANICAL_DESIGN_GEOMETRIC_PRESENTATION_REPRESENTATION('',(#16391),#9084) ;
#9872 = EDGE_LOOP('NONE',(#9905,#11712)) ;
#9873=CARTESIAN_POINT('NONE',(-7.993408198034,11.047510453699,3.75852549));
#9874 = ORIENTED_EDGE('NONE',*,*,#1836,.F.) ;
#9875 = EDGE_CURVE('NONE',#6250,#5437,#3933,.T.) ;
#9876=VECTOR('NONE',#12954,916.49);
#9877 = EDGE_CURVE('NONE',#16292,#12161,#7599,.T.) ;
#9878 = ORIENTED_EDGE('NONE',*,*,#10465,.T.) ;
#9879 = STYLED_ITEM('NONE',(#2822),#9984) ;
#9880 = PRESENTATION_STYLE_ASSIGNMENT((#13648)) ;
#9881 = STYLED_ITEM('NONE',(#13176),#1858) ;
#9882 = PRESENTATION_STYLE_ASSIGNMENT((#7341)) ;
#9883=DIRECTION('NONE',(0.,1.,0.));
#9884 = EDGE_CURVE('NONE',#2238,#2483,#14555,.T.) ;
#9885 = VERTEX_POINT('NONE',#12528) ;
#9886 = SURFACE_SIDE_STYLE('',(#11059)) ;
#9887=CARTESIAN_POINT('NONE',(-5.883023425717,10.513236513673,3.757609));
#9889 = PRESENTATION_LAYER_ASSIGNMENT('','',(#15916)) ;
#9888=DIRECTION('NONE',(0.,0.,-1.));
#9890 = ORIENTED_EDGE('NONE',*,*,#7031,.F.) ;
#9891 = EDGE_LOOP('NONE',(#2673,#2190,#11048,#11267)) ;
#9892 = EDGE_LOOP('NONE',(#13163,#13081)) ;

#9894 = EDGE_LOOP('NONE',(#9395,#1079)) ;
#9895=CARTESIAN_POINT('NONE',(-5.943248458425,10.547732497597,3.75852549));
#9896 =(LENGTH_UNIT() NAMED_UNIT(*) SI_UNIT(.MILLI.,.METRE.));
#9897=CARTESIAN_POINT('NONE',(-5.738654874208,10.397360501373,3.75852549));
#9898=DIRECTION('NONE',(0.,1.,3.469446951953000E-16));
#9899 = LINE('NONE',#9732,#4939) ;
#9900=DIRECTION('NONE',(1.,0.,0.));
#9901=CARTESIAN_POINT('NONE',(-6.324419551515,10.468067739143,3.757609));
#9902 =(LENGTH_UNIT() NAMED_UNIT(*) SI_UNIT(.MILLI.,.METRE.));
#9903 = EDGE_CURVE('NONE',#12993,#15962,#7393,.T.) ;
#9904=CARTESIAN_POINT('NONE',(-10.916213642366,7.698516,5.040695));
#9905 = ORIENTED_EDGE('NONE',*,*,#3007,.T.) ;
#9906 = ORIENTED_EDGE('NONE',*,*,#13920,.F.) ;
#9907 = FACE_OUTER_BOUND('NONE',#14219,.T.) ;
#9908 = ORIENTED_EDGE('NONE',*,*,#15800,.F.) ;
#9909 = COLOUR_RGB('',1.,1.,1.) ;
#9910=DIRECTION('NONE',(1.,0.,0.));
#9911 = SURFACE_SIDE_STYLE('',(#15899)) ;
#9912=DIRECTION('NONE',(0.,0.,1.));
#9913=DIRECTION('NONE',(0.,1.,0.));
#9914 = B_SPLINE_CURVE_WITH_KNOTS('NONE',3,(#9333,#5698,#11933,#10755),.UNSPECIFIED.,.F.,.F.,(4,4),(1.,2.000000000000),.UNSPECIFIED.) ;
#9915 = EDGE_LOOP('NONE',(#11594,#1928,#11985,#14934)) ;
#9916=CARTESIAN_POINT('NONE',(-5.480220873091,11.177998900022,3.757609));
#9917 = FACE_OUTER_BOUND('NONE',#6467,.T.) ;
#9918=DIRECTION('NONE',(0.,0.,1.));
#9919 = SURFACE_STYLE_USAGE(.BOTH.,#15907) ;
#9920=VECTOR('NONE',#4663,916.49);
#9921 = FILL_AREA_STYLE_COLOUR('',#11715) ;
#9922=CARTESIAN_POINT('NONE',(-5.056453910348,10.414132029468,3.757609));
#9923 = FACE_OUTER_BOUND('NONE',#4925,.T.) ;
#9924 = ORIENTED_EDGE('NONE',*,*,#7407,.F.) ;
#9925=DIRECTION('NONE',(0.,0.,-1.));
#9926 = ORIENTED_EDGE('NONE',*,*,#6476,.T.) ;
#9927 = STYLED_ITEM('NONE',(#2339),#6099) ;
#9928 = EDGE_CURVE('NONE',#7738,#16315,#14754,.T.) ;
#9929 = SURFACE_STYLE_FILL_AREA(#6435) ;
#9930 = VERTEX_POINT('NONE',#8682) ;
#9931=CARTESIAN_POINT('NONE',(-6.157180734423,10.530389212863,3.75852549));
#9932 = SURFACE_STYLE_USAGE(.BOTH.,#5975) ;
#9933 = SURFACE_SIDE_STYLE('',(#1516)) ;
#9934 =(LENGTH_UNIT() NAMED_UNIT(*) SI_UNIT(.MILLI.,.METRE.));
#9935 = LINE('NONE',#5181,#16049) ;
#9936 = FACE_BOUND('NONE',#2998,.T.) ;
#9937 = SURFACE_STYLE_FILL_AREA(#14666) ;
#9938 = ADVANCED_FACE('NONE',(#11136),#16094,.T.) ;
#9939=CARTESIAN_POINT('NONE',(-5.974980951924,10.390499421698,3.757609));
#9940=VECTOR('NONE',#15432,916.49);
#9941 = MECHANICAL_DESIGN_GEOMETRIC_PRESENTATION_REPRESENTATION('',(#8163),#3120) ;
#9942 = LINE('NONE',#9873,#7276) ;
#9943 = VERTEX_POINT('NONE',#3869) ;
#9944 = B_SPLINE_SURFACE_WITH_KNOTS('NONE',3,1,((#7415,#16238),(#8047,#9056),(#10182,#7730),(#14981,#10410)),.UNSPECIFIED.,.F.,.F.,.F.,(4,4),(2,2),(13.000000000000,14.000000000000),(0.,1.),.UNSPECIFIED.) ;
#9945 = ORIENTED_EDGE('NONE',*,*,#10945,.T.) ;
#9946=CARTESIAN_POINT('NONE',(-5.336709956544,10.396788744734,3.75852549));
#9947 =(LENGTH_UNIT() NAMED_UNIT(*) SI_UNIT(.MILLI.,.METRE.));
#9948=CARTESIAN_POINT('NONE',(-5.943248458425,10.547732497597,3.757609));
#9949 =(NAMED_UNIT(*) PLANE_ANGLE_UNIT() SI_UNIT($,.RADIAN.));
#9950=DIRECTION('NONE',(0.,0.,1.));
#9951 = ORIENTED_EDGE('NONE',*,*,#13625,.T.) ;
#9952 = ADVANCED_FACE('NONE',(#15940),#7414,.T.) ;
#9953 =(NAMED_UNIT(*) PLANE_ANGLE_UNIT() SI_UNIT($,.RADIAN.));
#9954 = B_SPLINE_CURVE_WITH_KNOTS('NONE',3,(#2133,#15448,#7003,#1103),.UNSPECIFIED.,.F.,.F.,(4,4),(5.000000000000,6.000000000000),.UNSPECIFIED.) ;
#9955=DIRECTION('NONE',(1.,0.,0.));
#9956=DIRECTION('NONE',(0.,-1.,0.));
#9958=DIRECTION('NONE',(0.,0.,-1.));
#9957=DIRECTION('NONE',(-0.338535034314,-0.940953787676,0.));
#9959 = COLOUR_RGB('',0.843137254901,0.815686274509,0.752941176470) ;
#9960=CARTESIAN_POINT('NONE',(10.916213642366,0.,5.040695));
#9961=CARTESIAN_POINT('NONE',(-6.176811045716,10.406318022061,3.757609));
#9962 = ORIENTED_EDGE('NONE',*,*,#12072,.F.) ;
#9963 = ORIENTED_EDGE('NONE',*,*,#6564,.F.) ;
#9964 = ORIENTED_EDGE('NONE',*,*,#13207,.T.) ;
#9965 = B_SPLINE_CURVE_WITH_KNOTS('NONE',3,(#6976,#9589,#10778,#2411),.UNSPECIFIED.,.F.,.F.,(4,4),(1.,2.000000000000),.UNSPECIFIED.) ;
#9966 = ORIENTED_EDGE('NONE',*,*,#4758,.F.) ;
#9967 = EDGE_CURVE('NONE',#15007,#13126,#11925,.T.) ;
#9968 = ADVANCED_FACE('NONE',(#3077),#3998,.F.) ;
#9969 = PRESENTATION_LAYER_ASSIGNMENT('','',(#1148)) ;
#9970 =(NAMED_UNIT(*) SI_UNIT($,.STERADIAN.) SOLID_ANGLE_UNIT());
#9971=DIRECTION('NONE',(0.,1.,3.469446951953000E-16));
#9972=CARTESIAN_POINT('NONE',(-5.988607818503,10.570602763183,3.75852549));
#9973=DIRECTION('NONE',(0.,0.,1.));
#9974=CARTESIAN_POINT('NONE',(-6.909367843055,10.583678878908,3.75852549));
#9975 = LINE('NONE',#14538,#16298) ;
#9976 = SURFACE_STYLE_USAGE(.BOTH.,#5376) ;
#9977=CARTESIAN_POINT('NONE',(-7.359947090028,10.55982464839,3.75852549));
#9978 = VERTEX_POINT('NONE',#5883) ;
#9979 = ORIENTED_EDGE('NONE',*,*,#13004,.T.) ;
#9980 = MECHANICAL_DESIGN_GEOMETRIC_PRESENTATION_REPRESENTATION('',(#11976),#8710) ;
#9981 = SURFACE_SIDE_STYLE('',(#6559)) ;
#9982=VECTOR('NONE',#11317,916.49);
#9983 = EDGE_LOOP('NONE',(#16218,#14987,#3499,#4192,#13586,#9605)) ;
#9984 = ADVANCED_FACE('NONE',(#10700),#16428,.F.) ;
#9985 =(GEOMETRIC_REPRESENTATION_CONTEXT(3) GLOBAL_UNCERTAINTY_ASSIGNED_CONTEXT((#10357)) GLOBAL_UNIT_ASSIGNED_CONTEXT((#1712,#11634,#16280)) REPRESENTATION_CONTEXT('NONE','WORKASPACE'));
#9986 = SURFACE_SIDE_STYLE('',(#9016)) ;
#9987=UNCERTAINTY_MEASURE_WITH_UNIT(LENGTH_MEASURE(9.164900000000001E-6),#7374,'distance_accuracy_value','NONE');
#9988=CARTESIAN_POINT('NONE',(-1.163942299999,10.906231,2.2454005));
#9989 =(NAMED_UNIT(*) SI_UNIT($,.STERADIAN.) SOLID_ANGLE_UNIT());
#9990 = FACE_OUTER_BOUND('NONE',#11845,.T.) ;
#9991 = STYLED_ITEM('NONE',(#4691),#5443) ;
#9992 =(NAMED_UNIT(*) SI_UNIT($,.STERADIAN.) SOLID_ANGLE_UNIT());
#9993 = FILL_AREA_STYLE_COLOUR('',#14378) ;
#9994=DIRECTION('NONE',(0.,-1.,0.));
#9995 = EDGE_CURVE('NONE',#11458,#11928,#4576,.T.) ;
#9996 = STYLED_ITEM('NONE',(#6955),#12383) ;
#9997 =(LENGTH_UNIT() NAMED_UNIT(*) SI_UNIT(.MILLI.,.METRE.));
#9998=AXIS2_PLACEMENT_3D('NONE',#8046,#8974,#7960);
#9999=CARTESIAN_POINT('NONE',(-6.243039523141,10.631208966985,3.75852549));
#10000 = PRESENTATION_STYLE_ASSIGNMENT((#14802)) ;
#10001=DIRECTION('NONE',(0.,0.,1.));
#10002 = VERTEX_POINT('NONE',#12286) ;
#10003=AXIS2_PLACEMENT_3D('NONE',#16339,#2006,#9390);
#10004 = COLOUR_RGB('',1.,1.,1.) ;
#10005 = MECHANICAL_DESIGN_GEOMETRIC_PRESENTATION_REPRESENTATION('',(#5446),#13518) ;
#10006 = COLOUR_RGB('',1.,1.,1.) ;
#10007 =(LENGTH_UNIT() NAMED_UNIT(*) SI_UNIT(.MILLI.,.METRE.));
#10008=UNCERTAINTY_MEASURE_WITH_UNIT(LENGTH_MEASURE(9.164900000000001E-6),#9148,'distance_accuracy_value','NONE');
#10009=CARTESIAN_POINT('NONE',(-7.447412332308,10.522718090052,3.75852549));
#10010 = FILL_AREA_STYLE('',(#7559)) ;
#10011=CARTESIAN_POINT('NONE',(10.631284,-10.906231,3.8034335));
#10012=AXIS2_PLACEMENT_3D('NONE',#11613,#8145,#16667);
#10013=AXIS2_PLACEMENT_3D('NONE',#4175,#8989,#11444);
#10014 =(GEOMETRIC_REPRESENTATION_CONTEXT(3) GLOBAL_UNCERTAINTY_ASSIGNED_CONTEXT((#14434)) GLOBAL_UNIT_ASSIGNED_CONTEXT((#5265,#16219,#12297)) REPRESENTATION_CONTEXT('NONE','WORKASPACE'));
#10015=CARTESIAN_POINT('NONE',(-7.990757722358,10.753308765996,3.757609));
#10016 =(LENGTH_UNIT() NAMED_UNIT(*) SI_UNIT(.MILLI.,.METRE.));
#10017 =(LENGTH_UNIT() NAMED_UNIT(*) SI_UNIT(.MILLI.,.METRE.));
#10018=AXIS2_PLACEMENT_3D('NONE',#1560,#10930,#14860);
#10019=CARTESIAN_POINT('NONE',(-6.042543528175,10.560692314762,3.757609));
#10020 = LINE('NONE',#16154,#11271) ;
#10021=DIRECTION('NONE',(0.,0.,1.));
#10022 = PLANE('NONE',#11305) ;
#10023 = ORIENTED_EDGE('NONE',*,*,#3301,.F.) ;
#10024 = ORIENTED_EDGE('NONE',*,*,#10656,.F.) ;
#10025=VECTOR('NONE',#4491,916.49);
#10026 = PRESENTATION_LAYER_ASSIGNMENT('','',(#15809)) ;
#10027 = MECHANICAL_DESIGN_GEOMETRIC_PRESENTATION_REPRESENTATION('',(#16309),#6248) ;
#10028=VECTOR('NONE',#8510,916.49);
#10029 = FILL_AREA_STYLE('',(#5197)) ;
#10030 = PRESENTATION_STYLE_ASSIGNMENT((#16000)) ;
#10031 = ORIENTED_EDGE('NONE',*,*,#3711,.T.) ;
#10032=CARTESIAN_POINT('NONE',(-5.913517113164,10.536678535896,3.75852549));
#10033 =(NAMED_UNIT(*) PLANE_ANGLE_UNIT() SI_UNIT($,.RADIAN.));
#10034=CARTESIAN_POINT('NONE',(-8.454589271874,10.528019142508,3.75852549));
#10035=CIRCLE('NONE',#10538,0.458245);
#10036=VECTOR('NONE',#13174,916.49);
#10037=CARTESIAN_POINT('NONE',(-5.95592239727,11.030676272542,3.75852549));
#10038 = ORIENTED_EDGE('NONE',*,*,#12830,.T.) ;
#10039 = ORIENTED_EDGE('NONE',*,*,#9264,.F.) ;
#10040 = ORIENTED_EDGE('NONE',*,*,#5995,.F.) ;
#10041 = FACE_OUTER_BOUND('NONE',#8668,.T.) ;
#10042 = EDGE_LOOP('NONE',(#8759,#2424)) ;
#10043 = EDGE_CURVE('NONE',#4407,#12792,#2676,.T.) ;
#10044 = FILL_AREA_STYLE_COLOUR('',#12255) ;
#10045 = LINE('NONE',#5299,#15807) ;
#10046 = COLOUR_RGB('',1.,1.,1.) ;
#10047 = STYLED_ITEM('NONE',(#13189),#7454) ;
#10048 = EDGE_CURVE('NONE',#10723,#9603,#5617,.T.) ;
#10049=CARTESIAN_POINT('NONE',(-6.046926995746,10.59118600221,3.75852549));
#10050 = FILL_AREA_STYLE_COLOUR('',#6448) ;
#10051 = PLANE('NONE',#11520) ;
#10052 = FILL_AREA_STYLE('',(#16254)) ;
#10054 = PLANE('NONE',#8757) ;
#10053=CARTESIAN_POINT('NONE',(-5.489083101006,10.726692325804,3.75852549));
#10055=CARTESIAN_POINT('NONE',(-5.803549252808,11.030676272542,3.757609));
#10056 = ORIENTED_EDGE('NONE',*,*,#7775,.T.) ;
#10057 = EDGE_LOOP('NONE',(#14334,#10815,#1144,#11773,#3294,#16491,#11668,#10653,#2567,#8126,#12709,#7333)) ;
#10058=AXIS2_PLACEMENT_3D('NONE',#10558,#9362,#10477);
#10059 = STYLED_ITEM('NONE',(#2127),#11236) ;
#10060 = FACE_OUTER_BOUND('NONE',#12918,.T.) ;
#10061 = EDGE_CURVE('NONE',#2105,#8594,#7700,.T.) ;
#10062 = ORIENTED_EDGE('NONE',*,*,#1359,.F.) ;
#10063 = ADVANCED_FACE('NONE',(#12499),#13713,.F.) ;
#10064=CARTESIAN_POINT('NONE',(-8.396279034525,10.46440792853,3.757609));
#10065=CARTESIAN_POINT('NONE',(5.49894,-12.296305529988,3.8986385259));
#10066=DIRECTION('NONE',(0.884094950248,0.467307306754,0.));
#10067=DIRECTION('NONE',(1.,0.,0.));
#10068 = COLOUR_RGB('',1.,1.,1.) ;
#10069=CARTESIAN_POINT('NONE',(-8.033165181491,11.071364633665,3.757609));
#10070=CARTESIAN_POINT('NONE',(-6.277059043198,10.471879450071,3.75852549));
#10071 = FILL_AREA_STYLE_COLOUR('',#6433) ;
#10072 =(NAMED_UNIT(*) PLANE_ANGLE_UNIT() SI_UNIT($,.RADIAN.));
#10073=DIRECTION('NONE',(0.,0.,1.));
#10074 = EDGE_CURVE('NONE',#3350,#6252,#10444,.T.) ;
#10075=PRODUCT_DEFINITION('δ֪','',#11345,#3691);
#10076 =(GEOMETRIC_REPRESENTATION_CONTEXT(3) GLOBAL_UNCERTAINTY_ASSIGNED_CONTEXT((#15834)) GLOBAL_UNIT_ASSIGNED_CONTEXT((#10449,#15097,#4428)) REPRESENTATION_CONTEXT('NONE','WORKASPACE'));
#10077 = SURFACE_SIDE_STYLE('',(#14648)) ;
#10078 = SURFACE_STYLE_USAGE(.BOTH.,#13390) ;
#10079 = B_SPLINE_SURFACE_WITH_KNOTS('NONE',3,1,((#10391,#15344),(#4539,#13867),(#3053,#6646),(#11482,#16289)),.UNSPECIFIED.,.F.,.F.,.F.,(4,4),(2,2),(2.000000000000,3.000000000000),(0.,1.),.UNSPECIFIED.) ;
#10080=UNCERTAINTY_MEASURE_WITH_UNIT(LENGTH_MEASURE(9.164900000000001E-6),#5168,'distance_accuracy_value','NONE');
#10081 = LINE('NONE',#16060,#3966) ;
#10082 = PRESENTATION_STYLE_ASSIGNMENT((#16062)) ;
#10083 = ORIENTED_EDGE('NONE',*,*,#2570,.T.) ;
#10084=AXIS2_PLACEMENT_3D('NONE',#11863,#15999,#4844);
#10085 = FACE_OUTER_BOUND('NONE',#11286,.T.) ;
#10086=CARTESIAN_POINT('NONE',(-5.769720318295,10.323794480407,3.757609));
#10087=CARTESIAN_POINT('NONE',(-6.134596347157,11.323796843128,3.757609));
#10088 = ORIENTED_EDGE('NONE',*,*,#5257,.F.) ;
#10089=VECTOR('NONE',#5857,916.49);
#10090=CARTESIAN_POINT('NONE',(-12.464263999999,-12.739211,3.757609));
#10091=DIRECTION('NONE',(0.,0.,-1.));
#10092 = COLOUR_RGB('',1.,1.,1.) ;
#10093=DIRECTION('NONE',(0.,0.,1.));
#10094 = FILL_AREA_STYLE_COLOUR('',#5954) ;
#10095=CARTESIAN_POINT('NONE',(-5.498939999999,-11.091166380297,4.307503));
#10096=CARTESIAN_POINT('NONE',(-6.241896009861,11.310074683777,3.75852549));
#10097 = FILL_AREA_STYLE('',(#14821)) ;
#10098 = MECHANICAL_DESIGN_GEOMETRIC_PRESENTATION_REPRESENTATION('',(#6786),#15108) ;
#10099 = EDGE_CURVE('NONE',#10399,#12915,#4403,.T.) ;
#10100=CARTESIAN_POINT('NONE',(-5.99699358255,10.662083825525,3.75852549));
#10101 = ADVANCED_FACE('NONE',(#11674),#8059,.T.) ;
#10102 = ORIENTED_EDGE('NONE',*,*,#10458,.F.) ;
#10103 =(GEOMETRIC_REPRESENTATION_CONTEXT(3) GLOBAL_UNCERTAINTY_ASSIGNED_CONTEXT((#7788)) GLOBAL_UNIT_ASSIGNED_CONTEXT((#12128,#15738,#7317)) REPRESENTATION_CONTEXT('NONE','WORKASPACE'));
#10104 = ORIENTED_EDGE('NONE',*,*,#15133,.T.) ;
#10105 = COLOUR_RGB('',1.,1.,1.) ;
#10106 = PRESENTATION_LAYER_ASSIGNMENT('','',(#16381)) ;
#10107=CARTESIAN_POINT('NONE',(-7.72571121652,10.339836127912,3.757609));
#10108 = EDGE_CURVE('NONE',#5947,#5156,#16043,.T.) ;
#10109 = SURFACE_STYLE_FILL_AREA(#10029) ;
#10110 = SURFACE_STYLE_FILL_AREA(#2995) ;
#10111 = ORIENTED_EDGE('NONE',*,*,#4074,.F.) ;
#10112 =(LENGTH_UNIT() NAMED_UNIT(*) SI_UNIT(.MILLI.,.METRE.));
#10113 = PRESENTATION_LAYER_ASSIGNMENT('','',(#11355)) ;
#10114 = FACE_OUTER_BOUND('NONE',#15347,.T.) ;
#10115=DIRECTION('NONE',(-1.,0.,0.));
#10117 = SURFACE_STYLE_FILL_AREA(#13496) ;
#10116=DIRECTION('NONE',(-0.939844041774,-0.34160383069,0.));
#10118 = LINE('NONE',#16322,#7490) ;
#10119=CARTESIAN_POINT('NONE',(-6.357772022161,11.167516694961,3.75852549));
#10120 = ORIENTED_EDGE('NONE',*,*,#4056,.T.) ;
#10121=CARTESIAN_POINT('NONE',(5.49894,-11.19542767047,2.1812462));
#10122 = VERTEX_POINT('NONE',#15144) ;
#10123 = ORIENTED_EDGE('NONE',*,*,#16513,.F.) ;
#10124 = MECHANICAL_DESIGN_GEOMETRIC_PRESENTATION_REPRESENTATION('',(#9602),#2808) ;
#10125=CARTESIAN_POINT('NONE',(0.,0.,0.));
#10126 = EDGE_CURVE('NONE',#10479,#7291,#3087,.T.) ;
#10127 = EDGE_CURVE('NONE',#7420,#11638,#7825,.T.) ;
#10128 = VERTEX_POINT('NONE',#16410) ;
#10129=CIRCLE('NONE',#6822,1.6955065);
#10130=DIRECTION('NONE',(0.,0.,-1.));
#10131=CARTESIAN_POINT('NONE',(-5.304691584726,11.132258368852,3.75852549));
#10132 = LINE('NONE',#14621,#16323) ;
#10133=CARTESIAN_POINT('NONE',(-5.336709956544,10.439289321614,3.75852549));
#10134=VECTOR('NONE',#15627,916.49);
#10135 =(LENGTH_UNIT() NAMED_UNIT(*) SI_UNIT(.MILLI.,.METRE.));
#10136=DIRECTION('NONE',(0.,0.,-1.));
#10137=CARTESIAN_POINT('NONE',(10.631284,-10.906231,3.8034335));
#10138=CARTESIAN_POINT('NONE',(-10.916213642366,0.,5.040695));
#10139 = ORIENTED_EDGE('NONE',*,*,#12625,.F.) ;
#10140 = EDGE_LOOP('NONE',(#7838,#10361,#13979,#14996)) ;
#10141 = SURFACE_SIDE_STYLE('',(#10294)) ;
#10142 = ORIENTED_EDGE('NONE',*,*,#14207,.F.) ;
#10143 = B_SPLINE_CURVE_WITH_KNOTS('NONE',3,(#9314,#4335,#4584,#14293),.UNSPECIFIED.,.F.,.F.,(4,4),(3.000000000000,4.000000000000),.UNSPECIFIED.) ;
#10144=CARTESIAN_POINT('NONE',(-5.82518071234,10.272717553933,3.75852549));
#10145=UNCERTAINTY_MEASURE_WITH_UNIT(LENGTH_MEASURE(9.164900000000001E-6),#9401,'distance_accuracy_value','NONE');
#10146=CARTESIAN_POINT('NONE',(5.49894,-12.296305529988,2.681759674099));
#10147=CARTESIAN_POINT('NONE',(-8.083524017095,11.087267437159,3.757609));
#10148=CARTESIAN_POINT('NONE',(-6.256380511399,10.513617684765,3.757609));
#10149=CARTESIAN_POINT('NONE',(-6.023389680748,10.437192880602,3.75852549));
#10150 =(NAMED_UNIT(*) SI_UNIT($,.STERADIAN.) SOLID_ANGLE_UNIT());
#10151 = FILL_AREA_STYLE('',(#10071)) ;
#10152 =(NAMED_UNIT(*) PLANE_ANGLE_UNIT() SI_UNIT($,.RADIAN.));
#10153 = ADVANCED_FACE('NONE',(#6544),#10422,.F.) ;
#10154=CARTESIAN_POINT('NONE',(-5.498939999999,-12.40474933837,3.481856478509));
#10155 = LINE('NONE',#10223,#12090) ;
#10156 = ORIENTED_EDGE('NONE',*,*,#13797,.T.) ;
#10157 = EDGE_CURVE('NONE',#5462,#8689,#16249,.T.) ;
#10158 = EDGE_CURVE('NONE',#1434,#7291,#15689,.T.) ;
#10159=CARTESIAN_POINT('NONE',(-6.265814495952,10.390499421698,3.75852549));
#10160=UNCERTAINTY_MEASURE_WITH_UNIT(LENGTH_MEASURE(9.164900000000001E-6),#14682,'distance_accuracy_value','NONE');
#10161 =(LENGTH_UNIT() NAMED_UNIT(*) SI_UNIT(.MILLI.,.METRE.));
#10162=DIRECTION('NONE',(1.,0.,0.));
#10163 = ORIENTED_EDGE('NONE',*,*,#3152,.T.) ;
#10164 =(LENGTH_UNIT() NAMED_UNIT(*) SI_UNIT(.MILLI.,.METRE.));
#10165=CYLINDRICAL_SURFACE('NONE',#16132,0.824841);
#10166=CARTESIAN_POINT('NONE',(-5.081515909722,10.715066607463,3.75852549));
#10167 =(NAMED_UNIT(*) PLANE_ANGLE_UNIT() SI_UNIT($,.RADIAN.));
#10168 = PRESENTATION_LAYER_ASSIGNMENT('','',(#5125)) ;
#10169 = PRESENTATION_STYLE_ASSIGNMENT((#11493)) ;
#10170 = FILL_AREA_STYLE('',(#2833)) ;
#10171 =(LENGTH_UNIT() NAMED_UNIT(*) SI_UNIT(.MILLI.,.METRE.));
#10172 = STYLED_ITEM('NONE',(#2060),#3216) ;
#10173 = EDGE_LOOP('NONE',(#5759,#13602,#14254,#6332)) ;
#10174 = ADVANCED_FACE('NONE',(#9312),#3461,.F.) ;
#10175 = LINE('NONE',#14973,#12025) ;
#10176 = EDGE_CURVE('NONE',#6580,#8525,#9669,.T.) ;
#10177 = SURFACE_STYLE_USAGE(.BOTH.,#8890) ;
#10178 = ORIENTED_EDGE('NONE',*,*,#10708,.F.) ;
#10179=DIRECTION('NONE',(-1.,0.,0.));
#10180 = LINE('NONE',#6327,#11994) ;
#10181=CARTESIAN_POINT('NONE',(-7.137307841109,11.113771941138,3.757609));
#10182=CARTESIAN_POINT('NONE',(-5.998804145243,10.584706093627,3.75852549));
#10183=CARTESIAN_POINT('NONE',(-5.947822511542,10.631208966985,3.757609));
#10184=CARTESIAN_POINT('NONE',(-6.004045247773,11.360961024704,3.757609));
#10185 = ORIENTED_EDGE('NONE',*,*,#13429,.F.) ;
#10186=CARTESIAN_POINT('NONE',(5.49894,-11.091166380297,2.1812462));
#10187 = VERTEX_POINT('NONE',#16573) ;
#10188 = ORIENTED_EDGE('NONE',*,*,#1411,.F.) ;
#10189 = EDGE_LOOP('NONE',(#14009,#8415,#7909,#1897)) ;
#10190 = B_SPLINE_CURVE_WITH_KNOTS('NONE',3,(#1984,#6753,#3221,#11582),.UNSPECIFIED.,.F.,.F.,(4,4),(1.,2.000000000000),.UNSPECIFIED.) ;
#10191=CARTESIAN_POINT('NONE',(-6.214356398385,11.024768120599,3.757609));
#10192 = PRESENTATION_STYLE_ASSIGNMENT((#6613)) ;
#10193 = B_SPLINE_SURFACE_WITH_KNOTS('NONE',3,1,((#2586,#11160),(#10144,#8781),(#15967,#11229),(#5384,#5159)),.UNSPECIFIED.,.F.,.F.,.F.,(4,4),(2,2),(2.000000000000,3.000000000000),(0.,1.),.UNSPECIFIED.) ;
#10194 = PLANE('NONE',#14461) ;
#10195 = SURFACE_STYLE_USAGE(.BOTH.,#12548) ;
#10196 = ORIENTED_EDGE('NONE',*,*,#3227,.T.) ;
#10197 =(LENGTH_UNIT() NAMED_UNIT(*) SI_UNIT(.MILLI.,.METRE.));
#10198 = PRESENTATION_STYLE_ASSIGNMENT((#13835)) ;
#10199 = LINE('NONE',#12704,#8090) ;
#10201=DIRECTION('NONE',(-1.,0.,0.));
#10200 = FACE_OUTER_BOUND('NONE',#10405,.T.) ;
#10202=DIRECTION('NONE',(-1.,0.,0.));
#10203 = FILL_AREA_STYLE('',(#9151)) ;
#10204 = ORIENTED_EDGE('NONE',*,*,#5587,.T.) ;
#10205 = VERTEX_POINT('NONE',#8364) ;
#10206 = ORIENTED_EDGE('NONE',*,*,#13395,.F.) ;
#10207=CARTESIAN_POINT('NONE',(-6.569607857146,11.360961024704,3.75852549));
#10208 = ORIENTED_EDGE('NONE',*,*,#16016,.F.) ;
#10209 = FACE_OUTER_BOUND('NONE',#6072,.T.) ;
#10210 = EDGE_CURVE('NONE',#2662,#7354,#2461,.T.) ;
#10211 = ADVANCED_FACE('NONE',(#11988),#4815,.T.) ;
#10212=CARTESIAN_POINT('NONE',(1.83298,-11.918108463385,2.372234117331));
#10213 = SURFACE_STYLE_USAGE(.BOTH.,#12567) ;
#10214 =(NAMED_UNIT(*) SI_UNIT($,.STERADIAN.) SOLID_ANGLE_UNIT());
#10215 = FILL_AREA_STYLE_COLOUR('',#13589) ;
#10216=CARTESIAN_POINT('NONE',(5.49894,-12.336322777172,3.667248765375));
#10217=CARTESIAN_POINT('NONE',(-6.017005064938,10.647980495079,3.757609));
#10218=DIRECTION('NONE',(0.,0.,-1.));
#10219=CARTESIAN_POINT('NONE',(-4.772767324319,10.709539626615,3.757609));
#10220=VECTOR('NONE',#10162,916.49);
#10221 =(LENGTH_UNIT() NAMED_UNIT(*) SI_UNIT(.MILLI.,.METRE.));
#10222=CARTESIAN_POINT('NONE',(-7.36524794027,10.55982464839,3.757609));
#10223=CARTESIAN_POINT('NONE',(-6.377592919002,10.726692325804,3.757609));
#10224=UNCERTAINTY_MEASURE_WITH_UNIT(LENGTH_MEASURE(9.164900000000001E-6),#15606,'distance_accuracy_value','NONE');
#10225=CARTESIAN_POINT('NONE',(-7.214171382905,10.395495864311,3.757609));
#10226 = STYLED_ITEM('NONE',(#3185),#12294) ;
#10227 = ORIENTED_EDGE('NONE',*,*,#13675,.T.) ;
#10228 = COLOUR_RGB('',1.,1.,1.) ;
#10229 = EDGE_CURVE('NONE',#16173,#5814,#13244,.T.) ;
#10230 = FILL_AREA_STYLE('',(#4135)) ;
#10231 = MECHANICAL_DESIGN_GEOMETRIC_PRESENTATION_REPRESENTATION('',(#9996),#14506) ;
#10232 = EDGE_CURVE('NONE',#9930,#11145,#5524,.T.) ;
#10233 = EDGE_LOOP('NONE',(#4727,#15805)) ;
#10234=VECTOR('NONE',#9296,916.49);
#10235=CARTESIAN_POINT('NONE',(-5.815556142239,10.31140641988,3.75852549));
#10236=CARTESIAN_POINT('NONE',(-5.242846574871,11.31331463807,3.757609));
#10237=CARTESIAN_POINT('NONE',(-6.268101522511,11.282439779529,3.75852549));
#10238 = FACE_BOUND('NONE',#7342,.T.) ;
#10239=DIRECTION('NONE',(1.,0.,0.));
#10240=CARTESIAN_POINT('NONE',(-3.491826899999,10.906231,3.8034335));
#10241 = PRESENTATION_STYLE_ASSIGNMENT((#4379)) ;
#10242 = MECHANICAL_DESIGN_GEOMETRIC_PRESENTATION_REPRESENTATION('',(#11497),#14779) ;
#10243=CARTESIAN_POINT('NONE',(-7.447412332308,11.301955006286,3.75852549));
#10244 = MECHANICAL_DESIGN_GEOMETRIC_PRESENTATION_REPRESENTATION('',(#4435),#6210) ;
#10245 = PRESENTATION_LAYER_ASSIGNMENT('','',(#11217)) ;
#10246 = ORIENTED_EDGE('NONE',*,*,#13525,.F.) ;
#10247 = ADVANCED_FACE('NONE',(#6919),#13861,.F.) ;
#10248=CIRCLE('NONE',#12506,0.824841);
#10249=DIRECTION('NONE',(0.,1.,0.));
#10250=AXIS2_PLACEMENT_3D('NONE',#12784,#12703,#5604);
#10251=VECTOR('NONE',#9219,916.49);
#10252 = COLOUR_RGB('',1.,1.,1.) ;
#10253 = SURFACE_SIDE_STYLE('',(#11424)) ;
#10254 = PRESENTATION_STYLE_ASSIGNMENT((#16313)) ;
#10255 = FILL_AREA_STYLE_COLOUR('',#10796) ;
#10256 = VERTEX_POINT('NONE',#3706) ;
#10257 = PRESENTATION_LAYER_ASSIGNMENT('','',(#5464)) ;
#10258 =(LENGTH_UNIT() NAMED_UNIT(*) SI_UNIT(.MILLI.,.METRE.));
#10259=DIRECTION('NONE',(-1.,0.,0.));
#10261=CARTESIAN_POINT('NONE',(-6.246279477432,11.037918523311,3.75852549));
#10260=CARTESIAN_POINT('NONE',(-5.927334565289,10.489985076993,3.757609));
#10262 = EDGE_CURVE('NONE',#9629,#14130,#7494,.T.) ;
#10263=CARTESIAN_POINT('NONE',(-5.880164642518,10.611959826782,3.757609));
#10264 = ORIENTED_EDGE('NONE',*,*,#14392,.T.) ;
#10265=CARTESIAN_POINT('NONE',(5.49894,-11.091166380297,4.399152));
#10266 = ORIENTED_EDGE('NONE',*,*,#7668,.F.) ;
#10267 = ORIENTED_EDGE('NONE',*,*,#11051,.T.) ;
#10268 = STYLED_ITEM('NONE',(#15754),#13921) ;
#10269=AXIS2_PLACEMENT_3D('NONE',#9931,#7706,#14895);
#10270 =(LENGTH_UNIT() NAMED_UNIT(*) SI_UNIT(.MILLI.,.METRE.));
#10271 = PRESENTATION_LAYER_ASSIGNMENT('','',(#6709)) ;
#10272 = ORIENTED_EDGE('NONE',*,*,#9284,.T.) ;
#10273 = COLOUR_RGB('',0.843137254901,0.815686274509,0.752941176470) ;
#10274 =(NAMED_UNIT(*) PLANE_ANGLE_UNIT() SI_UNIT($,.RADIAN.));
#10275=CARTESIAN_POINT('NONE',(2.666985899999,10.906231,3.757609));
#10276=CARTESIAN_POINT('NONE',(-5.833471183615,10.316742815185,3.75852549));
#10277 = MANIFOLD_SOLID_BREP('͹̨-����6',#8146) ;
#10278 = SURFACE_STYLE_FILL_AREA(#5301) ;
#10279 = SURFACE_STYLE_FILL_AREA(#3154) ;
#10280 =(NAMED_UNIT(*) SI_UNIT($,.STERADIAN.) SOLID_ANGLE_UNIT());
#10281 = ORIENTED_EDGE('NONE',*,*,#2254,.T.) ;
#10282 = MECHANICAL_DESIGN_GEOMETRIC_PRESENTATION_REPRESENTATION('',(#15809),#5224) ;
#10283 = COLOUR_RGB('',1.,1.,1.) ;
#10284 =(NAMED_UNIT(*) PLANE_ANGLE_UNIT() SI_UNIT($,.RADIAN.));
#10285 =(NAMED_UNIT(*) SI_UNIT($,.STERADIAN.) SOLID_ANGLE_UNIT());
#10286=CARTESIAN_POINT('NONE',(-6.27067442739,11.064028743188,3.75852549));
#10288 = FILL_AREA_STYLE('',(#4503)) ;
#10287 = FILL_AREA_STYLE('',(#3246)) ;
#10289 =(NAMED_UNIT(*) SI_UNIT($,.STERADIAN.) SOLID_ANGLE_UNIT());
#10290 =(LENGTH_UNIT() NAMED_UNIT(*) SI_UNIT(.MILLI.,.METRE.));
#10291 = EDGE_LOOP('NONE',(#4506,#1219,#16400,#13185)) ;
#10292 = ORIENTED_EDGE('NONE',*,*,#5257,.T.) ;
#10293 = ORIENTED_EDGE('NONE',*,*,#12003,.F.) ;
#10294 = SURFACE_STYLE_FILL_AREA(#13922) ;
#10295 = ADVANCED_FACE('NONE',(#15930,#10976),#11191,.F.) ;
#10296 = EDGE_CURVE('NONE',#2070,#16171,#16387,.T.) ;
#10297 = ORIENTED_EDGE('NONE',*,*,#9820,.F.) ;
#10298=AXIS2_PLACEMENT_3D('NONE',#11080,#5363,#7818);
#10299 = B_SPLINE_CURVE_WITH_KNOTS('NONE',3,(#14453,#12095,#11069,#11148),.UNSPECIFIED.,.F.,.F.,(4,4),(4.000000000000,5.000000000000),.UNSPECIFIED.) ;
#10300 = STYLED_ITEM('NONE',(#1665),#7288) ;
#10301 = FILL_AREA_STYLE_COLOUR('',#2176) ;
#10302=CARTESIAN_POINT('NONE',(-1.832979999999,-11.918089450997,2.372234117331));
#10303=DIRECTION('NONE',(-0.886348842796,-0.463018065387,0.));
#10304 = SURFACE_SIDE_STYLE('',(#16200)) ;
#10305 = EDGE_CURVE('NONE',#3630,#13651,#5504,.T.) ;
#10306 = SURFACE_STYLE_FILL_AREA(#15169) ;
#10308 =(LENGTH_UNIT() NAMED_UNIT(*) SI_UNIT(.MILLI.,.METRE.));
#10307 = FILL_AREA_STYLE_COLOUR('',#5800) ;
#10309=VECTOR('NONE',#13489,916.49);
#10310=VECTOR('NONE',#15601,916.49);
#10311=DIRECTION('NONE',(0.,0.,-1.));
#10312 = SURFACE_STYLE_FILL_AREA(#2969) ;
#10313 = EDGE_CURVE('NONE',#14629,#6915,#14744,.T.) ;
#10314 = ORIENTED_EDGE('NONE',*,*,#3405,.F.) ;
#10315=CARTESIAN_POINT('NONE',(-7.640896298254,11.460982940121,3.75852549));
#10316=CARTESIAN_POINT('NONE',(-5.52005325232,11.069555724037,3.757609));
#10317=VECTOR('NONE',#2590,916.49);
#10318 = ORIENTED_EDGE('NONE',*,*,#4759,.F.) ;
#10319=CARTESIAN_POINT('NONE',(-5.480220873091,11.177998900022,3.75852549));
#10320=DIRECTION('NONE',(-1.,0.,0.));
#10321 =(NAMED_UNIT(*) SI_UNIT($,.STERADIAN.) SOLID_ANGLE_UNIT());
#10322 = LINE('NONE',#4376,#15236) ;
#10323 =(NAMED_UNIT(*) PLANE_ANGLE_UNIT() SI_UNIT($,.RADIAN.));
#10324=CARTESIAN_POINT('NONE',(-5.8673954109,10.46921125242,3.75852549));
#10325=VECTOR('NONE',#10874,916.49);
#10326=DIRECTION('NONE',(0.,0.,1.));
#10327 = LINE('NONE',#6590,#1554) ;
#10328 = FILL_AREA_STYLE_COLOUR('',#13844) ;
#10329 = ADVANCED_FACE('NONE',(#7879),#12697,.F.) ;
#10330=AXIS2_PLACEMENT_3D('NONE',#4470,#5828,#9289);
#10331 = ORIENTED_EDGE('NONE',*,*,#3287,.F.) ;
#10332=UNCERTAINTY_MEASURE_WITH_UNIT(LENGTH_MEASURE(9.164900000000001E-6),#15905,'distance_accuracy_value','NONE');
#10333 =(GEOMETRIC_REPRESENTATION_CONTEXT(3) GLOBAL_UNCERTAINTY_ASSIGNED_CONTEXT((#14426)) GLOBAL_UNIT_ASSIGNED_CONTEXT((#1625,#6625,#12476)) REPRESENTATION_CONTEXT('NONE','WORKASPACE'));
#10334 = B_SPLINE_CURVE_WITH_KNOTS('NONE',3,(#16484,#4408,#6930,#15464),.UNSPECIFIED.,.F.,.F.,(4,4),(35.000000000000,36.000000000000),.UNSPECIFIED.) ;
#10335 =(LENGTH_UNIT() NAMED_UNIT(*) SI_UNIT(.MILLI.,.METRE.));
#10336=CARTESIAN_POINT('NONE',(-7.72571121652,10.485611733927,3.757609));
#10337=CARTESIAN_POINT('NONE',(-6.236083150692,10.554974748367,3.75852549));
#10338 = VERTEX_POINT('NONE',#12677) ;
#10339=DIRECTION('NONE',(0.,0.,-1.));
#10340 = SURFACE_STYLE_FILL_AREA(#8121) ;
#10341=CARTESIAN_POINT('NONE',(-6.357772022161,11.111675129823,3.75852549));
#10343=CARTESIAN_POINT('NONE',(-6.174905190251,11.024768120599,3.75852549));
#10342=CARTESIAN_POINT('NONE',(-5.919329972333,10.483314582863,3.757609));
#10344=DIRECTION('NONE',(0.,0.,1.));
#10345 = ADVANCED_FACE('NONE',(#1744),#14909,.F.) ;
#10346 = ORIENTED_EDGE('NONE',*,*,#4419,.T.) ;
#10347 = ORIENTED_EDGE('NONE',*,*,#11911,.T.) ;
#10348 = ORIENTED_EDGE('NONE',*,*,#12167,.T.) ;
#10349 = MECHANICAL_DESIGN_GEOMETRIC_PRESENTATION_REPRESENTATION('',(#5304),#8325) ;
#10350 = ORIENTED_EDGE('NONE',*,*,#14845,.F.) ;
#10351 = EDGE_CURVE('NONE',#8689,#4549,#13382,.T.) ;
#10353 = EDGE_CURVE('NONE',#5483,#3931,#3503,.T.) ;
#10352 = FILL_AREA_STYLE_COLOUR('',#8723) ;
#10354=CARTESIAN_POINT('NONE',(-6.377592919002,10.726692325804,3.757609));
#10355 = ADVANCED_FACE('NONE',(#15723),#4260,.F.) ;
#10356=VECTOR('NONE',#10218,916.49);
#10357=UNCERTAINTY_MEASURE_WITH_UNIT(LENGTH_MEASURE(9.164900000000001E-6),#1712,'distance_accuracy_value','NONE');
#10358=CARTESIAN_POINT('NONE',(-6.204064778872,10.390499421698,3.757609));
#10359=DIRECTION('NONE',(0.,0.,1.));
#10360 = STYLED_ITEM('NONE',(#10933),#16291) ;
#10361 = ORIENTED_EDGE('NONE',*,*,#12086,.F.) ;
#10362=CARTESIAN_POINT('NONE',(-8.9357775,10.906231,2.291225));
#10363=CARTESIAN_POINT('NONE',(-6.241419545994,10.669135490747,3.757609));
#10364 =(NAMED_UNIT(*) PLANE_ANGLE_UNIT() SI_UNIT($,.RADIAN.));
#10365 = PLANE('NONE',#13639) ;
#10366 =(LENGTH_UNIT() NAMED_UNIT(*) SI_UNIT(.MILLI.,.METRE.));
#10367 = LINE('NONE',#4104,#2455) ;
#10368 = EDGE_LOOP('NONE',(#15146,#9945)) ;
#10369 = ORIENTED_EDGE('NONE',*,*,#4422,.F.) ;
#10370 = ORIENTED_EDGE('NONE',*,*,#9967,.F.) ;
#10371=CARTESIAN_POINT('NONE',(-6.254569948706,10.432809413031,3.75852549));
#10372 = EDGE_LOOP('NONE',(#9979,#2785,#12257,#5336)) ;
#10373=VECTOR('NONE',#11358,916.49);
#10374 = SURFACE_STYLE_FILL_AREA(#6946) ;
#10375=CARTESIAN_POINT('NONE',(5.49894,-11.922747486017,4.208164082668));
#10376=CARTESIAN_POINT('NONE',(-5.587520535799,10.663036753257,3.757609));
#10377 = PRESENTATION_STYLE_ASSIGNMENT((#11465)) ;
#10378 = EDGE_CURVE('NONE',#12180,#8496,#6820,.T.) ;
#10379=CARTESIAN_POINT('NONE',(-7.03924069613,10.763910517033,3.75852549));
#10380=CARTESIAN_POINT('NONE',(-6.324419551515,10.444244545824,3.757609));
#10382=DIRECTION('NONE',(0.,0.,-1.));
#10381 =(NAMED_UNIT(*) SI_UNIT($,.STERADIAN.) SOLID_ANGLE_UNIT());
#10383=CARTESIAN_POINT('NONE',(-8.136533328375,11.246295219333,3.757609));
#10384 = SURFACE_STYLE_FILL_AREA(#5555) ;
#10385=CARTESIAN_POINT('NONE',(-5.880164642518,10.65731918686,3.757609));
#10386=UNCERTAINTY_MEASURE_WITH_UNIT(LENGTH_MEASURE(9.164900000000001E-6),#13324,'distance_accuracy_value','NONE');
#10387 =(LENGTH_UNIT() NAMED_UNIT(*) SI_UNIT(.MILLI.,.METRE.));
#10388 =(NAMED_UNIT(*) PLANE_ANGLE_UNIT() SI_UNIT($,.RADIAN.));
#10389 = ORIENTED_EDGE('NONE',*,*,#11384,.T.) ;
#10390=CARTESIAN_POINT('NONE',(-4.697867204527,10.498752012134,3.757609));
#10391=CARTESIAN_POINT('NONE',(-7.640896298254,11.460982940121,3.75852549));
#10392=CARTESIAN_POINT('NONE',(-5.583518239321,11.030676272542,3.757609));
#10393 = VERTEX_POINT('NONE',#6189) ;
#10394=CARTESIAN_POINT('NONE',(-5.239606620581,11.300926577543,3.75852549));
#10395 = PRESENTATION_STYLE_ASSIGNMENT((#1884)) ;
#10396 = PRESENTATION_STYLE_ASSIGNMENT((#9360)) ;
#10397=CYLINDRICAL_SURFACE('NONE',#12560,1.2372615);
#10398=CARTESIAN_POINT('NONE',(-5.685005042854,11.030676272542,3.75852549));
#10399 = VERTEX_POINT('NONE',#15814) ;
#10400 = SURFACE_SIDE_STYLE('',(#14184)) ;
#10401 =(NAMED_UNIT(*) PLANE_ANGLE_UNIT() SI_UNIT($,.RADIAN.));
#10402=CARTESIAN_POINT('NONE',(-5.947822511542,10.631208966985,3.75852549));
#10403 = EDGE_CURVE('NONE',#7093,#12557,#5649,.T.) ;
#10404=CARTESIAN_POINT('NONE',(-5.922569926625,10.631208966985,3.757609));
#10405 = EDGE_LOOP('NONE',(#3829,#6690,#15061,#11056)) ;
#10406=CARTESIAN_POINT('NONE',(-7.03924069613,10.655241418801,3.757609));
#10407=CARTESIAN_POINT('NONE',(-6.972979057033,10.514766814689,3.75852549));
#10408=CARTESIAN_POINT('NONE',(-5.242846574871,11.31331463807,3.75852549));
#10409 =(NAMED_UNIT(*) PLANE_ANGLE_UNIT() SI_UNIT($,.RADIAN.));
#10410=CARTESIAN_POINT('NONE',(-5.998804145243,10.595378884234,3.757609));
#10411 = FACE_OUTER_BOUND('NONE',#2431,.T.) ;
#10412 = SURFACE_STYLE_FILL_AREA(#14919) ;
#10413 = COLOUR_RGB('',0.949019607843,0.760784313725,0.180392156862) ;
#10414 = ORIENTED_EDGE('NONE',*,*,#11248,.T.) ;
#10415 = MECHANICAL_DESIGN_GEOMETRIC_PRESENTATION_REPRESENTATION('',(#11929),#12183) ;
#10416=DIRECTION('NONE',(0.,0.,-1.));
#10417 = VERTEX_POINT('NONE',#14470) ;
#10418 = EDGE_LOOP('NONE',(#4809,#14612,#15575,#6229)) ;
#10419 = ORIENTED_EDGE('NONE',*,*,#9169,.T.) ;
#10420 = LINE('NONE',#1998,#1461) ;
#10421 =(LENGTH_UNIT() NAMED_UNIT(*) SI_UNIT(.MILLI.,.METRE.));
#10422 = PLANE('NONE',#10013) ;
#10423 = EDGE_CURVE('NONE',#6002,#5599,#13572,.T.) ;
#10424 = MECHANICAL_DESIGN_GEOMETRIC_PRESENTATION_REPRESENTATION('',(#7128),#5628) ;
#10425=AXIS2_PLACEMENT_3D('NONE',#15877,#6171,#7358);
#10426 = SURFACE_STYLE_USAGE(.BOTH.,#4331) ;
#10427 = SURFACE_STYLE_FILL_AREA(#15145) ;
#10428 = ORIENTED_EDGE('NONE',*,*,#9884,.T.) ;
#10429 = EDGE_CURVE('NONE',#4156,#12067,#10867,.T.) ;
#10430=DIRECTION('NONE',(0.,0.,-1.));
#10431 = FILL_AREA_STYLE('',(#3096)) ;
#10432 = PLANE('NONE',#16144) ;
#10433=CARTESIAN_POINT('NONE',(-5.485843146716,11.040396135416,3.757609));
#10434 = FILL_AREA_STYLE_COLOUR('',#14523) ;
#10435 = SURFACE_STYLE_FILL_AREA(#5459) ;
#10436 = ORIENTED_EDGE('NONE',*,*,#15244,.T.) ;
#10437 = ORIENTED_EDGE('NONE',*,*,#9735,.T.) ;
#10438 = ORIENTED_EDGE('NONE',*,*,#4255,.F.) ;
#10439 = EDGE_CURVE('NONE',#2180,#6699,#4856,.T.) ;
#10440 = EDGE_CURVE('NONE',#13105,#13026,#2501,.T.) ;
#10441 = MECHANICAL_DESIGN_GEOMETRIC_PRESENTATION_REPRESENTATION('',(#12938),#1397) ;
#10442 = EDGE_LOOP('NONE',(#8342,#15159,#4072,#3844)) ;
#10443 = SURFACE_STYLE_FILL_AREA(#8308) ;
#10444 = LINE('NONE',#7748,#11139) ;
#10445 = EDGE_CURVE('NONE',#4890,#13546,#11086,.T.) ;
#10446 =(NAMED_UNIT(*) PLANE_ANGLE_UNIT() SI_UNIT($,.RADIAN.));
#10447 = SURFACE_STYLE_FILL_AREA(#3107) ;
#10448=CARTESIAN_POINT('NONE',(-5.241703061593,11.31331463807,3.757609));
#10449 =(LENGTH_UNIT() NAMED_UNIT(*) SI_UNIT(.MILLI.,.METRE.));
#10450=CARTESIAN_POINT('NONE',(-5.019003850454,10.449009184487,3.75852549));
#10451=VECTOR('NONE',#9050,916.49);
#10453=DIRECTION('NONE',(1.,0.,0.));
#10452 =(NAMED_UNIT(*) PLANE_ANGLE_UNIT() SI_UNIT($,.RADIAN.));
#10454 =(NAMED_UNIT(*) PLANE_ANGLE_UNIT() SI_UNIT($,.RADIAN.));
#10455 =(NAMED_UNIT(*) PLANE_ANGLE_UNIT() SI_UNIT($,.RADIAN.));
#10456 = LINE('NONE',#13934,#2771) ;
#10457 = B_SPLINE_SURFACE_WITH_KNOTS('NONE',3,1,((#2894,#14664),(#10166,#4066),(#2980,#11179),(#3848,#8877)),.UNSPECIFIED.,.F.,.F.,.F.,(4,4),(2,2),(5.000000000000,6.000000000000),(0.,1.),.UNSPECIFIED.) ;
#10458 = EDGE_CURVE('NONE',#10771,#6677,#2810,.T.) ;
#10459 = LINE('NONE',#1948,#5752) ;
#10460 = EDGE_CURVE('NONE',#5373,#7099,#6707,.T.) ;
#10461 = ORIENTED_EDGE('NONE',*,*,#14586,.T.) ;
#10462=UNCERTAINTY_MEASURE_WITH_UNIT(LENGTH_MEASURE(9.164900000000001E-6),#4748,'distance_accuracy_value','NONE');
#10463=CARTESIAN_POINT('NONE',(-5.429620410486,11.234602807345,3.757609));
#10464 =(GEOMETRIC_REPRESENTATION_CONTEXT(3) GLOBAL_UNCERTAINTY_ASSIGNED_CONTEXT((#6186)) GLOBAL_UNIT_ASSIGNED_CONTEXT((#14471,#7054,#8248)) REPRESENTATION_CONTEXT('NONE','WORKASPACE'));
#10465 = EDGE_CURVE('NONE',#10690,#14704,#12774,.T.) ;
#10466 = ADVANCED_FACE('NONE',(#12267),#11445,.F.) ;
#10467 = SURFACE_STYLE_FILL_AREA(#4371) ;
#10468 = ORIENTED_EDGE('NONE',*,*,#13697,.T.) ;
#10469=CARTESIAN_POINT('NONE',(-6.017005064938,10.647980495079,3.75852549));
#10470 = SURFACE_STYLE_FILL_AREA(#8172) ;
#10471 = FACE_OUTER_BOUND('NONE',#15289,.T.) ;
#10472=VECTOR('NONE',#2510,916.49);
#10473=DIRECTION('NONE',(0.,0.,-1.));
#10474 = SURFACE_SIDE_STYLE('',(#9277)) ;
#10475=DIRECTION('NONE',(0.,0.,1.));
#10476=CARTESIAN_POINT('NONE',(-6.157180734423,10.482933411771,3.75852549));
#10477=DIRECTION('NONE',(0.,0.,1.));
#10478 = STYLED_ITEM('NONE',(#15582),#5173) ;
#10479 = VERTEX_POINT('NONE',#9019) ;
#10480 = B_SPLINE_CURVE_WITH_KNOTS('NONE',3,(#6918,#5761,#9220,#14201),.UNSPECIFIED.,.F.,.F.,(4,4),(3.000000000000,4.000000000000),.UNSPECIFIED.) ;
#10481=UNCERTAINTY_MEASURE_WITH_UNIT(LENGTH_MEASURE(9.164900000000001E-6),#4312,'distance_accuracy_value','NONE');
#10482 = LINE('NONE',#7072,#13028) ;
#10483=DIRECTION('NONE',(0.,0.,-1.));
#10484=CARTESIAN_POINT('NONE',(-4.659845387988,10.396788744734,3.75852549));
#10485 = FACE_OUTER_BOUND('NONE',#1300,.T.) ;
#10486=DIRECTION('NONE',(-1.,0.,0.));
#10487 = ORIENTED_EDGE('NONE',*,*,#12671,.F.) ;
#10488=CARTESIAN_POINT('NONE',(-5.880164642518,10.65731918686,3.757609));
#10489 = PRESENTATION_LAYER_ASSIGNMENT('','',(#8946)) ;
#10490=CARTESIAN_POINT('NONE',(-6.177192216809,10.45053386886,3.757609));
#10491 = LINE('NONE',#3138,#9630) ;
#10492 =(LENGTH_UNIT() NAMED_UNIT(*) SI_UNIT(.MILLI.,.METRE.));
#10493=CARTESIAN_POINT('NONE',(-6.357772022161,11.167516694961,3.75852549));
#10494 =(GEOMETRIC_REPRESENTATION_CONTEXT(3) GLOBAL_UNCERTAINTY_ASSIGNED_CONTEXT((#7977)) GLOBAL_UNIT_ASSIGNED_CONTEXT((#2096,#14158,#12880)) REPRESENTATION_CONTEXT('NONE','WORKASPACE'));
#10495 =(NAMED_UNIT(*) SI_UNIT($,.STERADIAN.) SOLID_ANGLE_UNIT());
#10496 = PRESENTATION_LAYER_ASSIGNMENT('','',(#5693)) ;
#10497 = VERTEX_POINT('NONE',#16046) ;
#10498 = PLANE('NONE',#11292) ;
#10499 = VERTEX_POINT('NONE',#11162) ;
#10500 = ORIENTED_EDGE('NONE',*,*,#15421,.F.) ;
#10501 = EDGE_LOOP('NONE',(#4973,#14375,#5905,#14514)) ;
#10502=VECTOR('NONE',#3346,916.49);
#10503 =(GEOMETRIC_REPRESENTATION_CONTEXT(3) GLOBAL_UNCERTAINTY_ASSIGNED_CONTEXT((#14419)) GLOBAL_UNIT_ASSIGNED_CONTEXT((#11653,#10561,#13071)) REPRESENTATION_CONTEXT('NONE','WORKASPACE'));
#10504 =(GEOMETRIC_REPRESENTATION_CONTEXT(3) GLOBAL_UNCERTAINTY_ASSIGNED_CONTEXT((#9032)) GLOBAL_UNIT_ASSIGNED_CONTEXT((#9997,#5250,#13682)) REPRESENTATION_CONTEXT('NONE','WORKASPACE'));
#10505=VECTOR('NONE',#10339,916.49);
#10506 = PLANE('NONE',#13014) ;
#10507=DIRECTION('NONE',(0.,1.,0.));
#10508=UNCERTAINTY_MEASURE_WITH_UNIT(LENGTH_MEASURE(9.164900000000001E-6),#3623,'distance_accuracy_value','NONE');
#10509 = LINE('NONE',#4495,#10692) ;
#10510=DIRECTION('NONE',(-1.,0.,0.));
#10511 = ORIENTED_EDGE('NONE',*,*,#3582,.F.) ;
#10512=CARTESIAN_POINT('NONE',(-5.056453910348,10.414132029468,3.757609));
#10513=CARTESIAN_POINT('NONE',(-10.631284,-10.906231,2.2454005));
#10515=CARTESIAN_POINT('NONE',(-8.9357775,-10.906231,3.8034335));
#10514=DIRECTION('NONE',(0.,1.,0.));
#10516 = PLANE('NONE',#10012) ;
#10517=VECTOR('NONE',#1284,916.49);
#10518 = VERTEX_POINT('NONE',#13530) ;
#10519=VECTOR('NONE',#15841,916.49);
#10520 = ORIENTED_EDGE('NONE',*,*,#5295,.F.) ;
#10521 = ORIENTED_EDGE('NONE',*,*,#13417,.F.) ;
#10522 =(GEOMETRIC_REPRESENTATION_CONTEXT(3) GLOBAL_UNCERTAINTY_ASSIGNED_CONTEXT((#7744)) GLOBAL_UNIT_ASSIGNED_CONTEXT((#11792,#7194,#10321)) REPRESENTATION_CONTEXT('NONE','WORKASPACE'));
#10523=DIRECTION('NONE',(-1.,-1.156482317317000E-16,0.));
#10524 = ADVANCED_FACE('NONE',(#1489),#11233,.T.) ;
#10525 = ORIENTED_EDGE('NONE',*,*,#6140,.T.) ;
#10526 = EDGE_CURVE('NONE',#15403,#14305,#4353,.T.) ;
#10527 = PRESENTATION_LAYER_ASSIGNMENT('','',(#7995)) ;
#10528 = PRESENTATION_LAYER_ASSIGNMENT('','',(#15293)) ;
#10529 = STYLED_ITEM('NONE',(#9375),#13726) ;
#10530 = STYLED_ITEM('NONE',(#1790),#10524) ;
#10531 = STYLED_ITEM('NONE',(#10198),#7046) ;
#10532=CARTESIAN_POINT('NONE',(-4.659845387988,10.396788744734,3.757609));
#10533 = SURFACE_STYLE_USAGE(.BOTH.,#6959) ;
#10534=CARTESIAN_POINT('NONE',(1.83298,-11.091166380297,4.307503));
#10535=CARTESIAN_POINT('NONE',(-5.806979792645,10.31140641988,3.757609));
#10536 = EDGE_CURVE('NONE',#9193,#6557,#16430,.T.) ;
#10537 =(GEOMETRIC_REPRESENTATION_CONTEXT(3) GLOBAL_UNCERTAINTY_ASSIGNED_CONTEXT((#16366)) GLOBAL_UNIT_ASSIGNED_CONTEXT((#8109,#16453,#2192)) REPRESENTATION_CONTEXT('NONE','WORKASPACE'));
#10538=AXIS2_PLACEMENT_3D('NONE',#8768,#13593,#7595);
#10540 =(GEOMETRIC_REPRESENTATION_CONTEXT(3) GLOBAL_UNCERTAINTY_ASSIGNED_CONTEXT((#4652)) GLOBAL_UNIT_ASSIGNED_CONTEXT((#5064,#3714,#6085)) REPRESENTATION_CONTEXT('NONE','WORKASPACE'));
#10539=CARTESIAN_POINT('NONE',(10.631284,-10.906231,3.8034335));
#10541 = EDGE_CURVE('NONE',#8594,#6208,#10605,.T.) ;
#10542=VECTOR('NONE',#12787,916.49);
#10543 = ORIENTED_EDGE('NONE',*,*,#2442,.T.) ;
#10544 = SURFACE_STYLE_USAGE(.BOTH.,#16518) ;
#10545 =(NAMED_UNIT(*) SI_UNIT($,.STERADIAN.) SOLID_ANGLE_UNIT());
#10546=CIRCLE('NONE',#14571,0.458245);
#10547 = ADVANCED_FACE('NONE',(#9162),#9046,.T.) ;
#10548=VECTOR('NONE',#2695,916.49);
#10549 = ORIENTED_EDGE('NONE',*,*,#9172,.F.) ;
#10550 = FILL_AREA_STYLE_COLOUR('',#2165) ;
#10551 = FACE_OUTER_BOUND('NONE',#1299,.T.) ;
#10552 = SURFACE_STYLE_USAGE(.BOTH.,#11809) ;
#10553=CARTESIAN_POINT('NONE',(-5.480220873091,11.177998900022,3.757609));
#10554=DIRECTION('NONE',(-1.,0.,0.));
#10555 = SURFACE_SIDE_STYLE('',(#6987)) ;
#10556 = ORIENTED_EDGE('NONE',*,*,#15439,.F.) ;
#10557=CARTESIAN_POINT('NONE',(-6.235320808505,10.981886372627,3.757609));
#10558=CARTESIAN_POINT('NONE',(-5.163753573053,10.396788744734,3.75852549));
#10559 = SURFACE_STYLE_USAGE(.BOTH.,#16543) ;
#10560 = COLOUR_RGB('',0.949019607843,0.760784313725,0.180392156862) ;
#10561 =(NAMED_UNIT(*) PLANE_ANGLE_UNIT() SI_UNIT($,.RADIAN.));
#10562 = SURFACE_STYLE_FILL_AREA(#5745) ;
#10563=CARTESIAN_POINT('NONE',(-5.489083101006,10.607385773666,3.75852549));
#10564=DIRECTION('NONE',(0.,0.,-1.));
#10565=VECTOR('NONE',#4142,916.49);
#10566 = SURFACE_SIDE_STYLE('',(#2362)) ;
#10567 = EDGE_CURVE('NONE',#16173,#10002,#9332,.T.) ;
#10568 = EDGE_CURVE('NONE',#10696,#1933,#7723,.T.) ;
#10569=CARTESIAN_POINT('NONE',(-5.915327675856,10.440623420438,3.75852549));
#10570 =(NAMED_UNIT(*) SI_UNIT($,.STERADIAN.) SOLID_ANGLE_UNIT());
#10571 = FILL_AREA_STYLE('',(#5832)) ;
#10572=CARTESIAN_POINT('NONE',(-5.429620410486,11.179332998849,3.75852549));
#10573=VECTOR('NONE',#14314,916.49);
#10574 = ORIENTED_EDGE('NONE',*,*,#10074,.F.) ;
#10575=CARTESIAN_POINT('NONE',(-5.80335866726,10.271383455106,3.75852549));
#10576 = ORIENTED_EDGE('NONE',*,*,#9262,.F.) ;
#10577 = ORIENTED_EDGE('NONE',*,*,#11791,.T.) ;
#10578 = ORIENTED_EDGE('NONE',*,*,#14235,.F.) ;
#10579 = ADVANCED_FACE('NONE',(#11695),#12798,.F.) ;
#10580=CARTESIAN_POINT('NONE',(8.9357775,-10.906231,2.2454005));
#10581 = SURFACE_STYLE_USAGE(.BOTH.,#14135) ;
#10582 = SURFACE_SIDE_STYLE('',(#2463)) ;
#10583=CARTESIAN_POINT('NONE',(-12.464263999999,12.739211,2.291225));
#10584 = VERTEX_POINT('NONE',#12010) ;
#10585=CARTESIAN_POINT('NONE',(-6.303931605262,11.312361710336,3.75852549));
#10586 = FILL_AREA_STYLE_COLOUR('',#10283) ;
#10587=CARTESIAN_POINT('NONE',(-7.993408248587,10.379592909157,3.75852549));
#10588 = SURFACE_STYLE_USAGE(.BOTH.,#13011) ;
#10589 = PRESENTATION_LAYER_ASSIGNMENT('','',(#8573)) ;
#10590 =(LENGTH_UNIT() NAMED_UNIT(*) SI_UNIT(.MILLI.,.METRE.));
#10591 = MECHANICAL_DESIGN_GEOMETRIC_PRESENTATION_REPRESENTATION('',(#5292),#1545) ;
#10592 = SURFACE_STYLE_FILL_AREA(#10668) ;
#10593 = PLANE('NONE',#8985) ;
#10594 = EDGE_CURVE('NONE',#13022,#8592,#5001,.T.) ;
#10595 = ORIENTED_EDGE('NONE',*,*,#1383,.F.) ;
#10596 = ORIENTED_EDGE('NONE',*,*,#14654,.F.) ;
#10597 = VERTEX_POINT('NONE',#12170) ;
#10598=VECTOR('NONE',#3409,916.49);
#10599 = LINE('NONE',#2239,#6778) ;
#10600 = ORIENTED_EDGE('NONE',*,*,#14876,.F.) ;
#10601=AXIS2_PLACEMENT_3D('NONE',#8735,#13638,#1522);
#10602 =(NAMED_UNIT(*) PLANE_ANGLE_UNIT() SI_UNIT($,.RADIAN.));
#10603=CARTESIAN_POINT('NONE',(-6.377592919002,10.769574073776,3.75852549));
#10604=CARTESIAN_POINT('NONE',(-6.264670982673,10.505613091809,3.757609));
#10605 = LINE('NONE',#13994,#12292) ;
#10606 = SURFACE_STYLE_USAGE(.BOTH.,#1137) ;
#10607=DIRECTION('NONE',(0.,0.,-1.));
#10608 = STYLED_ITEM('NONE',(#2491),#9631) ;
#10609 = LINE('NONE',#12882,#8078) ;
#10611=CARTESIAN_POINT('NONE',(-6.078659489245,11.003613124933,3.75852549));
#10610=DIRECTION('NONE',(0.,0.,-1.));
#10612 = SURFACE_SIDE_STYLE('',(#5793)) ;
#10613=CIRCLE('NONE',#5315,0.824841);
#10614=CARTESIAN_POINT('NONE',(1.83298,-11.638124505313,2.351814061252));
#10615=CARTESIAN_POINT('NONE',(-5.833471183615,10.316742815185,3.757609));
#10616=VECTOR('NONE',#3572,916.49);
#10617=CARTESIAN_POINT('NONE',(-6.110487275519,10.568125151077,3.757609));
#10618 = ORIENTED_EDGE('NONE',*,*,#14672,.F.) ;
#10619 = COLOUR_RGB('',0.949019607843,0.760784313725,0.180392156862) ;
#10620 = SURFACE_STYLE_USAGE(.BOTH.,#5801) ;
#10621=AXIS2_PLACEMENT_3D('NONE',#14753,#5358,#10115);
#10622=UNCERTAINTY_MEASURE_WITH_UNIT(LENGTH_MEASURE(9.164900000000001E-6),#5852,'distance_accuracy_value','NONE');
#10623=CARTESIAN_POINT('NONE',(-5.448393086819,11.278628068597,3.757609));
#10624=CARTESIAN_POINT('NONE',(-5.984605522025,10.621298518563,3.75852549));
#10625=CARTESIAN_POINT('NONE',(-6.324419551515,10.51781056679,3.757609));
#10626 = EDGE_CURVE('NONE',#11800,#2185,#2291,.T.) ;
#10627 = ORIENTED_EDGE('NONE',*,*,#13561,.T.) ;
#10628 =(NAMED_UNIT(*) PLANE_ANGLE_UNIT() SI_UNIT($,.RADIAN.));
#10629=CARTESIAN_POINT('NONE',(-6.277059043198,10.471879450071,3.757609));
#10630 = PRESENTATION_STYLE_ASSIGNMENT((#3002)) ;
#10631 = FACE_OUTER_BOUND('NONE',#2277,.T.) ;
#10632=CARTESIAN_POINT('NONE',(-5.803549252808,10.988175695663,3.75852549));
#10633 = EDGE_LOOP('NONE',(#13373,#16672,#4190,#3980,#5121)) ;
#10634=DIRECTION('NONE',(0.,0.,1.));
#10635 = ORIENTED_EDGE('NONE',*,*,#3816,.F.) ;
#10636 =(NAMED_UNIT(*) SI_UNIT($,.STERADIAN.) SOLID_ANGLE_UNIT());
#10637=CARTESIAN_POINT('NONE',(-5.927334565289,10.489985076993,3.757609));
#10638 = EDGE_CURVE('NONE',#7084,#12382,#2842,.T.) ;
#10639 = EDGE_CURVE('NONE',#13781,#13955,#8312,.T.) ;
#10640=UNCERTAINTY_MEASURE_WITH_UNIT(LENGTH_MEASURE(9.164900000000001E-6),#4452,'distance_accuracy_value','NONE');
#10641 = FILL_AREA_STYLE_COLOUR('',#8382) ;
#10642=CARTESIAN_POINT('NONE',(-6.163851228551,10.46482778485,3.75852549));
#10643 = SURFACE_SIDE_STYLE('',(#14114)) ;
#10644 = FACE_OUTER_BOUND('NONE',#6092,.T.) ;
#10645=CARTESIAN_POINT('NONE',(-5.970406898808,10.428616531006,3.757609));
#10646=CARTESIAN_POINT('NONE',(-7.844982166897,10.220565177537,3.75852549));
#10647=CARTESIAN_POINT('NONE',(-5.244657137564,11.302070090823,3.757609));
#10648 = LINE('NONE',#15519,#7398) ;
#10649 = LINE('NONE',#2292,#7997) ;
#10650 = B_SPLINE_CURVE_WITH_KNOTS('NONE',3,(#9753,#15656,#15497,#15726),.UNSPECIFIED.,.F.,.F.,(4,4),(2.000000000000,3.000000000000),.UNSPECIFIED.) ;
#10651=DIRECTION('NONE',(0.,0.,1.));
#10652 = VERTEX_POINT('NONE',#13269) ;
#10653 = ORIENTED_EDGE('NONE',*,*,#9673,.T.) ;
#10654 = VERTEX_POINT('NONE',#7037) ;
#10655 = COLOUR_RGB('',1.,1.,1.) ;
#10656 = EDGE_CURVE('NONE',#13083,#16661,#4678,.T.) ;
#10657 = ORIENTED_EDGE('NONE',*,*,#15387,.T.) ;
#10658 = EDGE_CURVE('NONE',#12284,#15776,#13114,.T.) ;
#10659 = FACE_OUTER_BOUND('NONE',#14520,.T.) ;
#10660=UNCERTAINTY_MEASURE_WITH_UNIT(LENGTH_MEASURE(9.164900000000001E-6),#3471,'distance_accuracy_value','NONE');
#10661=DIRECTION('NONE',(1.,0.,0.));
#10662=CARTESIAN_POINT('NONE',(-7.216821808026,11.264848473226,3.757609));
#10663 = ORIENTED_EDGE('NONE',*,*,#7250,.T.) ;
#10664=CARTESIAN_POINT('NONE',(12.372615,-4.674098999999,4.399152));
#10665 = PRESENTATION_LAYER_ASSIGNMENT('','',(#2857)) ;
#10666 = FILL_AREA_STYLE('',(#3387)) ;
#10667=CARTESIAN_POINT('NONE',(-5.919329972333,10.483314582863,3.757609));
#10668 = FILL_AREA_STYLE('',(#10434)) ;
#10669 = SURFACE_SIDE_STYLE('',(#5853)) ;
#10670 = STYLED_ITEM('NONE',(#3672),#1193) ;
#10671 = ORIENTED_EDGE('NONE',*,*,#1166,.F.) ;
#10672 = EDGE_LOOP('NONE',(#7057,#8728,#14761,#3873)) ;
#10673 = EDGE_LOOP('NONE',(#12475,#11576,#14150,#9063)) ;
#10674 = LINE('NONE',#13184,#9568) ;
#10675 = EDGE_LOOP('NONE',(#9804,#12035,#12541,#6608)) ;
#10676=VECTOR('NONE',#4294,916.49);
#10677 = LINE('NONE',#15477,#7739) ;
#10678=CARTESIAN_POINT('NONE',(-6.277059043198,10.48636395161,3.75852549));
#10679 = FACE_OUTER_BOUND('NONE',#2386,.T.) ;
#10680 = FILL_AREA_STYLE('',(#12011)) ;
#10681 =(NAMED_UNIT(*) SI_UNIT($,.STERADIAN.) SOLID_ANGLE_UNIT());
#10682=CARTESIAN_POINT('NONE',(-6.023389680748,10.437192880602,3.757609));
#10683=CARTESIAN_POINT('NONE',(-5.013381576833,10.586611949093,3.75852549));
#10684 = PRESENTATION_STYLE_ASSIGNMENT((#13439)) ;
#10685=CARTESIAN_POINT('NONE',(-5.056453910348,10.753183716771,3.757609));
#10686=VECTOR('NONE',#5813,916.49);
#10687=CARTESIAN_POINT('NONE',(-1.832979999999,-11.463720754286,2.286946209691));
#10688=DIRECTION('NONE',(-0.34160383069,0.939844041774,0.));
#10689=CARTESIAN_POINT('NONE',(-6.047212874065,10.454345579789,3.757609));
#10690 = VERTEX_POINT('NONE',#4910) ;
#10691=DIRECTION('NONE',(0.,0.,-1.));
#10692=VECTOR('NONE',#7978,916.49);
#10693=CARTESIAN_POINT('NONE',(-5.054262176566,10.691624585239,3.75852549));
#10694 = SURFACE_SIDE_STYLE('',(#3504)) ;
#10695 = LINE('NONE',#1151,#3753) ;
#10696 = VERTEX_POINT('NONE',#8226) ;
#10697 = FACE_OUTER_BOUND('NONE',#13208,.T.) ;
#10698=CARTESIAN_POINT('NONE',(-5.95592239727,11.030676272542,3.75852549));
#10699 = FILL_AREA_STYLE('',(#15263)) ;
#10700 = FACE_OUTER_BOUND('NONE',#14221,.T.) ;
#10701=DIRECTION('NONE',(0.,0.,-1.));
#10702 = SURFACE_SIDE_STYLE('',(#2046)) ;
#10703=CARTESIAN_POINT('NONE',(3.4918269,10.906231,2.2454005));
#10704 = ORIENTED_EDGE('NONE',*,*,#1803,.T.) ;
#10705 = SURFACE_SIDE_STYLE('',(#16628)) ;
#10706=CARTESIAN_POINT('NONE',(-5.498939999999,-11.091166380297,2.2728952));
#10707 = B_SPLINE_SURFACE_WITH_KNOTS('NONE',3,1,((#4772,#3496),(#13043,#1398),(#7292,#2258),(#14546,#12110)),.UNSPECIFIED.,.F.,.F.,.F.,(4,4),(2,2),(4.000000000000,5.000000000000),(0.,1.),.UNSPECIFIED.) ;
#10708 = EDGE_CURVE('NONE',#2185,#2483,#6172,.T.) ;
#10709=DIRECTION('NONE',(1.,0.,0.));
#10710 = MECHANICAL_DESIGN_GEOMETRIC_PRESENTATION_REPRESENTATION('',(#10972),#13234) ;
#10711 = EDGE_CURVE('NONE',#6350,#13448,#15436,.T.) ;
#10712=CARTESIAN_POINT('NONE',(-6.138026886995,11.024768120599,3.75852549));
#10713 = FACE_OUTER_BOUND('NONE',#1609,.T.) ;
#10714=UNCERTAINTY_MEASURE_WITH_UNIT(LENGTH_MEASURE(9.164900000000001E-6),#12228,'distance_accuracy_value','NONE');
#10715=CARTESIAN_POINT('NONE',(-5.266288597095,10.769574073776,3.757609));
#10716=CARTESIAN_POINT('NONE',(-5.880164642518,10.611959826782,3.757609));
#10718 = LINE('NONE',#13228,#16564) ;
#10717 = B_SPLINE_CURVE_WITH_KNOTS('NONE',3,(#10828,#7021,#8370,#11847),.UNSPECIFIED.,.F.,.F.,(4,4),(20.,21.),.UNSPECIFIED.) ;
#10719=CARTESIAN_POINT('NONE',(-6.301549285929,10.411463831817,3.75852549));
#10720=CARTESIAN_POINT('NONE',(-5.498939999999,-8.799941380297,2.2728952));
#10721=CARTESIAN_POINT('NONE',(-6.27067442739,11.064028743188,3.757609));
#10722=CARTESIAN_POINT('NONE',(-5.448393086819,11.075273290434,3.757609));
#10723 = VERTEX_POINT('NONE',#7359) ;
#10724=CARTESIAN_POINT('NONE',(1.1639423,10.906231,2.2454005));
#10725 = ORIENTED_EDGE('NONE',*,*,#4056,.F.) ;
#10726 = ORIENTED_EDGE('NONE',*,*,#4848,.F.) ;
#10727 = STYLED_ITEM('NONE',(#15731),#12181) ;
#10728 = EDGE_CURVE('NONE',#2634,#8282,#9218,.T.) ;
#10729 = VERTEX_POINT('NONE',#16679) ;
#10730=AXIS2_PLACEMENT_3D('NONE',#16595,#4598,#9405);
#10731=CARTESIAN_POINT('NONE',(10.631284,10.906231,3.8034335));
#10732 = MECHANICAL_DESIGN_GEOMETRIC_PRESENTATION_REPRESENTATION('',(#8946),#7196) ;
#10733=CARTESIAN_POINT('NONE',(-4.981553790559,10.483886339505,3.757609));
#10734=CARTESIAN_POINT('NONE',(-6.264670982673,10.505613091809,3.75852549));
#10735 = EDGE_CURVE('NONE',#6764,#14954,#1224,.T.) ;
#10736 = EDGE_LOOP('NONE',(#3234,#15390,#3130,#7138,#10023,#10913,#12896,#5291,#1595,#3454,#8851,#12390)) ;
#10737=VECTOR('NONE',#6263,916.49);
#10738 = PRESENTATION_STYLE_ASSIGNMENT((#8604)) ;
#10739=DIRECTION('NONE',(0.,0.,-1.));
#10740 = PLANE('NONE',#2304) ;
#10742=CARTESIAN_POINT('NONE',(-7.990757722358,10.753308765996,3.75852549));
#10741=CARTESIAN_POINT('NONE',(-8.9357775,10.906231,3.8034335));
#10743 = FILL_AREA_STYLE('',(#8071)) ;
#10744 = ORIENTED_EDGE('NONE',*,*,#8872,.F.) ;
#10745 = ORIENTED_EDGE('NONE',*,*,#2740,.F.) ;
#10746 = ORIENTED_EDGE('NONE',*,*,#3557,.T.) ;
#10747 = SURFACE_STYLE_USAGE(.BOTH.,#7179) ;
#10748 = PRESENTATION_LAYER_ASSIGNMENT('','',(#14777)) ;
#10749 = PRESENTATION_LAYER_ASSIGNMENT('','',(#1941)) ;
#10750 = EDGE_LOOP('NONE',(#3799,#15292,#2014,#11855)) ;
#10751 = PRESENTATION_LAYER_ASSIGNMENT('','',(#13521)) ;
#10752=DIRECTION('NONE',(0.,0.,1.));
#10753=DIRECTION('NONE',(0.,0.,-1.));
#10754=CARTESIAN_POINT('NONE',(-4.770861468852,10.700963277019,3.757609));
#10755=CARTESIAN_POINT('NONE',(-5.970406898808,10.428616531006,3.757609));
#10756=CARTESIAN_POINT('NONE',(-5.013381576833,10.633114822451,3.75852549));
#10757 =(GEOMETRIC_REPRESENTATION_CONTEXT(3) GLOBAL_UNCERTAINTY_ASSIGNED_CONTEXT((#16657)) GLOBAL_UNIT_ASSIGNED_CONTEXT((#13699,#8805,#11111)) REPRESENTATION_CONTEXT('NONE','WORKASPACE'));
#10758 = SURFACE_SIDE_STYLE('',(#2171)) ;
#10759 = SURFACE_SIDE_STYLE('',(#9037)) ;
#10760=AXIS2_PLACEMENT_3D('NONE',#12195,#8569,#6362);
#10761 =(NAMED_UNIT(*) SI_UNIT($,.STERADIAN.) SOLID_ANGLE_UNIT());
#10762 = SURFACE_SIDE_STYLE('',(#8628)) ;
#10763 = COLOUR_RGB('',1.,1.,1.) ;
#10764=CARTESIAN_POINT('NONE',(-6.004045247773,10.988175695663,3.757609));
#10765=DIRECTION('NONE',(0.,0.,-1.));
#10766 = ADVANCED_FACE('NONE',(#10679),#14386,.T.) ;
#10767 = PRESENTATION_STYLE_ASSIGNMENT((#16688)) ;
#10768 = PLANE('NONE',#11125) ;
#10769 =(GEOMETRIC_REPRESENTATION_CONTEXT(3) GLOBAL_UNCERTAINTY_ASSIGNED_CONTEXT((#15876)) GLOBAL_UNIT_ASSIGNED_CONTEXT((#14186,#9528,#3292)) REPRESENTATION_CONTEXT('NONE','WORKASPACE'));
#10770=AXIS2_PLACEMENT_3D('NONE',#10731,#14056,#4651);
#10771 = VERTEX_POINT('NONE',#2793) ;
#10772 = MECHANICAL_DESIGN_GEOMETRIC_PRESENTATION_REPRESENTATION('',(#10268),#4712) ;
#10773 = COLOUR_RGB('',1.,1.,1.) ;
#10774=AXIS2_PLACEMENT_3D('NONE',#2249,#11865,#16682);
#10775 = FILL_AREA_STYLE_COLOUR('',#4924) ;
#10776=UNCERTAINTY_MEASURE_WITH_UNIT(LENGTH_MEASURE(9.164900000000001E-6),#10161,'distance_accuracy_value','NONE');
#10777 = EDGE_CURVE('NONE',#15526,#3029,#11216,.T.) ;
#10778=CARTESIAN_POINT('NONE',(-5.7308408668,10.299780701542,3.75852549));
#10779=CARTESIAN_POINT('NONE',(-6.047212874065,10.406127436515,3.75852549));
#10780 = ORIENTED_EDGE('NONE',*,*,#4853,.T.) ;
#10781=DIRECTION('NONE',(0.,1.,0.));
#10782 = SURFACE_STYLE_FILL_AREA(#2664) ;
#10783 = LINE('NONE',#15583,#15269) ;
#10784=VECTOR('NONE',#11071,916.49);
#10785=AXIS2_PLACEMENT_3D('NONE',#12452,#5430,#1900);
#10786=DIRECTION('NONE',(0.,-1.,0.));
#10787=DIRECTION('NONE',(1.,0.,0.));
#10788=CARTESIAN_POINT('NONE',(-5.970406898808,10.428616531006,3.75852549));
#10789 = LINE('NONE',#10632,#10686) ;
#10790=CARTESIAN_POINT('NONE',(-5.584280581509,11.318079276733,3.757609));
#10791 = ORIENTED_EDGE('NONE',*,*,#10353,.F.) ;
#10792=CARTESIAN_POINT('NONE',(5.49894,-12.071354926798,2.584482759178));
#10793 = ORIENTED_EDGE('NONE',*,*,#8645,.F.) ;
#10794=CARTESIAN_POINT('NONE',(-5.785634211432,10.31140641988,3.75852549));
#10795 =(GEOMETRIC_REPRESENTATION_CONTEXT(3) GLOBAL_UNCERTAINTY_ASSIGNED_CONTEXT((#12424)) GLOBAL_UNIT_ASSIGNED_CONTEXT((#4607,#8477,#7047)) REPRESENTATION_CONTEXT('NONE','WORKASPACE'));
#10796 = COLOUR_RGB('',1.,1.,1.) ;
#10797=UNCERTAINTY_MEASURE_WITH_UNIT(LENGTH_MEASURE(9.164900000000001E-6),#16685,'distance_accuracy_value','NONE');
#10798=CARTESIAN_POINT('NONE',(-8.033165181491,11.071364633665,3.75852549));
#10799=CARTESIAN_POINT('NONE',(-5.498939999999,-11.091166380297,4.399152));
#10800 = VERTEX_POINT('NONE',#16184) ;
#10801 =(NAMED_UNIT(*) SI_UNIT($,.STERADIAN.) SOLID_ANGLE_UNIT());
#10802 = FILL_AREA_STYLE_COLOUR('',#6746) ;
#10803=CARTESIAN_POINT('NONE',(-6.268006229738,11.348954135274,3.75852549));
#10804 =(NAMED_UNIT(*) SI_UNIT($,.STERADIAN.) SOLID_ANGLE_UNIT());
#10805=CARTESIAN_POINT('NONE',(-8.9357775,10.906231,3.8034335));
#10806=CARTESIAN_POINT('NONE',(1.1639423,10.906231,3.8034335));
#10807 = LINE('NONE',#14425,#3114) ;
#10808=VECTOR('NONE',#1275,916.49);
#10809=UNCERTAINTY_MEASURE_WITH_UNIT(LENGTH_MEASURE(9.164900000000001E-6),#8684,'distance_accuracy_value','NONE');
#10810=CARTESIAN_POINT('NONE',(-5.8673954109,10.46921125242,3.757609));
#10811 = MECHANICAL_DESIGN_GEOMETRIC_PRESENTATION_REPRESENTATION('',(#7750),#6504) ;
#10812 = VERTEX_POINT('NONE',#1687) ;
#10813=CARTESIAN_POINT('NONE',(-6.877562236067,10.925588875989,3.75852549));
#10814 = VERTEX_POINT('NONE',#1615) ;
#10815 = ORIENTED_EDGE('NONE',*,*,#3020,.T.) ;
#10816 = ORIENTED_EDGE('NONE',*,*,#2756,.T.) ;
#10817=VECTOR('NONE',#15751,916.49);
#10818=CARTESIAN_POINT('NONE',(-7.993408198034,11.047510453699,3.757609));
#10819=UNCERTAINTY_MEASURE_WITH_UNIT(LENGTH_MEASURE(9.164900000000001E-6),#12859,'distance_accuracy_value','NONE');
#10820=CARTESIAN_POINT('NONE',(-8.565908820504,10.930889827337,3.757609));
#10821 =(LENGTH_UNIT() NAMED_UNIT(*) SI_UNIT(.MILLI.,.METRE.));
#10822=DIRECTION('NONE',(-0.355935724364,0.934510438744,0.));
#10823 = ORIENTED_EDGE('NONE',*,*,#11854,.T.) ;
#10824=VECTOR('NONE',#6953,916.49);
#10825 = EDGE_CURVE('NONE',#7605,#13218,#13434,.T.) ;
#10826=CARTESIAN_POINT('NONE',(0.,0.,5.040695));
#10827=CARTESIAN_POINT('NONE',(-5.584280581509,11.318079276733,3.75852549));
#10828=CARTESIAN_POINT('NONE',(-7.993408198034,11.047510453699,3.757609));
#10829=CARTESIAN_POINT('NONE',(-6.265814495952,10.390499421698,3.75852549));
#10830 = SURFACE_STYLE_FILL_AREA(#15395) ;
#10831 =(NAMED_UNIT(*) PLANE_ANGLE_UNIT() SI_UNIT($,.RADIAN.));
#10832 = SURFACE_STYLE_USAGE(.BOTH.,#1297) ;
#10833 = ORIENTED_EDGE('NONE',*,*,#9696,.F.) ;
#10834 = VERTEX_POINT('NONE',#9897) ;
#10835 = VERTEX_POINT('NONE',#5148) ;
#10836=AXIS2_PLACEMENT_3D('NONE',#16281,#16055,#7547);
#10837=CARTESIAN_POINT('NONE',(-6.521485006643,10.439289321614,3.75852549));
#10838 = ORIENTED_EDGE('NONE',*,*,#3663,.T.) ;
#10839 = EDGE_CURVE('NONE',#16350,#12184,#7152,.T.) ;
#10840=VECTOR('NONE',#7578,916.49);
#10841 = EDGE_CURVE('NONE',#12503,#14521,#6261,.T.) ;
#10842 = EDGE_CURVE('NONE',#10338,#4508,#13665,.T.) ;
#10843 =(LENGTH_UNIT() NAMED_UNIT(*) SI_UNIT(.MILLI.,.METRE.));
#10844 = COLOUR_RGB('',1.,1.,1.) ;
#10845 = PRESENTATION_LAYER_ASSIGNMENT('','',(#2029)) ;
#10846=CARTESIAN_POINT('NONE',(-5.164039451376,10.439289321614,3.757609));
#10847 = SURFACE_SIDE_STYLE('',(#7186)) ;
#10848 =(GEOMETRIC_REPRESENTATION_CONTEXT(3) GLOBAL_UNCERTAINTY_ASSIGNED_CONTEXT((#16209)) GLOBAL_UNIT_ASSIGNED_CONTEXT((#13967,#15067,#16398)) REPRESENTATION_CONTEXT('NONE','WORKASPACE'));
#10849=CARTESIAN_POINT('NONE',(-7.230074236952,10.557174223269,3.75852549));
#10850=CARTESIAN_POINT('NONE',(-5.493847739672,11.259569513944,3.75852549));
#10851 = B_SPLINE_CURVE_WITH_KNOTS('NONE',3,(#14697,#4911,#7596,#5149),.UNSPECIFIED.,.F.,.F.,(4,4),(21.,22.000000000000),.UNSPECIFIED.) ;
#10852 = LINE('NONE',#12175,#3543) ;
#10854 = SURFACE_STYLE_FILL_AREA(#12105) ;
#10853 = SURFACE_STYLE_USAGE(.BOTH.,#4769) ;
#10856 = COLOUR_RGB('',1.,1.,1.) ;
#10855 = SURFACE_STYLE_USAGE(.BOTH.,#6345) ;
#10857 = B_SPLINE_SURFACE_WITH_KNOTS('NONE',3,1,((#4496,#12076),(#9462,#3709),(#16574,#9546),(#13094,#15388)),.UNSPECIFIED.,.F.,.F.,.F.,(4,4),(2,2),(2.000000000000,3.000000000000),(0.,1.),.UNSPECIFIED.) ;
#10858 = FILL_AREA_STYLE_COLOUR('',#15821) ;
#10859 = B_SPLINE_CURVE_WITH_KNOTS('NONE',3,(#4075,#12442,#16230,#7878),.UNSPECIFIED.,.F.,.F.,(4,4),(2.000000000000,3.000000000000),.UNSPECIFIED.) ;
#10860=CARTESIAN_POINT('NONE',(-7.267180694184,10.970646810797,3.75852549));
#10861 = ORIENTED_EDGE('NONE',*,*,#14180,.F.) ;
#10862 = EDGE_CURVE('NONE',#16565,#8072,#10132,.T.) ;
#10863=AXIS2_PLACEMENT_3D('NONE',#13137,#7304,#5956);
#10864 = ADVANCED_FACE('NONE',(#3884),#7428,.F.) ;
#10865=CARTESIAN_POINT('NONE',(10.631284,-10.906231,3.8034335));
#10866 = FILL_AREA_STYLE_COLOUR('',#13693) ;
#10867 = LINE('NONE',#5020,#9778) ;
#10868=DIRECTION('NONE',(-1.,0.,0.));
#10869 = ORIENTED_EDGE('NONE',*,*,#4055,.F.) ;
#10870=CARTESIAN_POINT('NONE',(-5.521101472827,11.283011536168,3.75852549));
#10871 = PRESENTATION_LAYER_ASSIGNMENT('','',(#11359)) ;
#10872 = FILL_AREA_STYLE('',(#12120)) ;
#10873=CARTESIAN_POINT('NONE',(-5.812030309628,11.360961024704,3.75852549));
#10874=DIRECTION('NONE',(-1.,0.,0.));
#10875=CARTESIAN_POINT('NONE',(-6.204064778872,10.390499421698,3.75852549));
#10876 = VERTEX_POINT('NONE',#14769) ;
#10877=CARTESIAN_POINT('NONE',(-6.175191068571,10.631208966985,3.757609));
#10878 = VERTEX_POINT('NONE',#3950) ;
#10879 = PRESENTATION_STYLE_ASSIGNMENT((#10559)) ;
#10880=CARTESIAN_POINT('NONE',(-8.1338828527,11.087267437159,3.75852549));
#10881 = PRESENTATION_LAYER_ASSIGNMENT('','',(#8609)) ;
#10882=UNCERTAINTY_MEASURE_WITH_UNIT(LENGTH_MEASURE(9.164900000000001E-6),#15773,'distance_accuracy_value','NONE');
#10883 = VERTEX_POINT('NONE',#6548) ;
#10884=CARTESIAN_POINT('NONE',(-12.464263999999,-12.739211,2.291225));
#10885=CARTESIAN_POINT('NONE',(-6.307266852326,11.170375478161,3.757609));
#10886=DIRECTION('NONE',(-0.943445233083,0.33152841835,0.));
#10887=DIRECTION('NONE',(0.,0.,1.));
#10888 = FILL_AREA_STYLE_COLOUR('',#10006) ;
#10889 = PRESENTATION_STYLE_ASSIGNMENT((#12215)) ;
#10890=CARTESIAN_POINT('NONE',(11.8685455,10.906231,2.2454005));
#10891=CARTESIAN_POINT('NONE',(-5.708351772308,10.356575194414,3.75852549));
#10892=CARTESIAN_POINT('NONE',(-6.36911186218,10.439289321614,3.75852549));
#10893 = ORIENTED_EDGE('NONE',*,*,#3374,.T.) ;
#10894=CARTESIAN_POINT('NONE',(12.3267905,-10.906231,3.8034335));
#10895 = VERTEX_POINT('NONE',#1467) ;
#10896 = EDGE_LOOP('NONE',(#7882,#9684,#3081,#14550)) ;
#10897 = VERTEX_POINT('NONE',#5080) ;
#10898 = EDGE_CURVE('NONE',#7223,#9175,#10035,.T.) ;
#10899 = ADVANCED_FACE('NONE',(#12404),#6409,.T.) ;
#10900=CARTESIAN_POINT('NONE',(-7.638245873132,11.301955006286,3.75852549));
#10901 = PRESENTATION_STYLE_ASSIGNMENT((#10581)) ;
#10902 = FILL_AREA_STYLE_COLOUR('',#3365) ;
#10903=CARTESIAN_POINT('NONE',(-9.3940225,-10.906231,2.2454005));
#10904 = B_SPLINE_CURVE_WITH_KNOTS('NONE',3,(#14483,#1417,#14414,#12200),.UNSPECIFIED.,.F.,.F.,(4,4),(4.000000000000,5.000000000000),.UNSPECIFIED.) ;
#10905 = EDGE_LOOP('NONE',(#8280,#10293,#12339,#4831)) ;
#10906=CARTESIAN_POINT('NONE',(-8.041116608516,11.286052202793,3.75852549));
#10907 = B_SPLINE_CURVE_WITH_KNOTS('NONE',3,(#11004,#2801,#3739,#1395),.UNSPECIFIED.,.F.,.F.,(4,4),(3.000000000000,4.000000000000),.UNSPECIFIED.) ;
#10908=CARTESIAN_POINT('NONE',(-10.631284,10.906231,3.8034335));
#10909 =(LENGTH_UNIT() NAMED_UNIT(*) SI_UNIT(.MILLI.,.METRE.));
#10910 = PRESENTATION_STYLE_ASSIGNMENT((#12083)) ;
#10911 = LINE('NONE',#16509,#11077) ;
#10912 = ORIENTED_EDGE('NONE',*,*,#8752,.F.) ;
#10913 = ORIENTED_EDGE('NONE',*,*,#16177,.F.) ;
#10914 = EDGE_LOOP('NONE',(#5908,#12162,#11777,#4571)) ;
#10915 = PLANE('NONE',#13642) ;
#10916 = ORIENTED_EDGE('NONE',*,*,#14488,.F.) ;
#10917=UNCERTAINTY_MEASURE_WITH_UNIT(LENGTH_MEASURE(9.164900000000001E-6),#2830,'distance_accuracy_value','NONE');
#10918 = EDGE_CURVE('NONE',#2523,#1778,#9142,.T.) ;
#10919=DIRECTION('NONE',(0.,0.,-1.));
#10920=CYLINDRICAL_SURFACE('NONE',#11805,1.6955065);
#10921 = ADVANCED_FACE('NONE',(#8136),#15103,.F.) ;
#10922=CIRCLE('NONE',#11652,1.6955065);
#10923=CARTESIAN_POINT('NONE',(-5.163753573053,10.396788744734,3.75852549));
#10924=CARTESIAN_POINT('NONE',(-5.708351772308,10.356575194414,3.757609));
#10925 = LINE('NONE',#13195,#7197) ;
#10926 = LINE('NONE',#14773,#4293) ;
#10927=CARTESIAN_POINT('NONE',(-5.241703061593,11.31331463807,3.75852549));
#10928 = SURFACE_STYLE_FILL_AREA(#6177) ;
#10929 = ADVANCED_FACE('NONE',(#7829),#10857,.T.) ;
#10930=DIRECTION('NONE',(0.,1.,0.));
#10931 = ORIENTED_EDGE('NONE',*,*,#6849,.F.) ;
#10932=CARTESIAN_POINT('NONE',(-5.915327675856,10.464637199304,3.75852549));
#10933 = PRESENTATION_STYLE_ASSIGNMENT((#4851)) ;
#10934 = MECHANICAL_DESIGN_GEOMETRIC_PRESENTATION_REPRESENTATION('',(#4871),#13432) ;
#10935 = ORIENTED_EDGE('NONE',*,*,#8247,.F.) ;
#10936 = EDGE_CURVE('NONE',#12935,#11949,#6732,.T.) ;
#10937=CARTESIAN_POINT('NONE',(-5.304691584726,11.132258368852,3.75852549));
#10938=DIRECTION('NONE',(0.,-1.,0.));
#10939 = FILL_AREA_STYLE_COLOUR('',#5662) ;
#10940 = ORIENTED_EDGE('NONE',*,*,#14614,.T.) ;
#10941 =(GEOMETRIC_REPRESENTATION_CONTEXT(3) GLOBAL_UNCERTAINTY_ASSIGNED_CONTEXT((#9544)) GLOBAL_UNIT_ASSIGNED_CONTEXT((#14385,#14620,#15952)) REPRESENTATION_CONTEXT('NONE','WORKASPACE'));
#10942 =(NAMED_UNIT(*) PLANE_ANGLE_UNIT() SI_UNIT($,.RADIAN.));
#10943 = FACE_OUTER_BOUND('NONE',#12145,.T.) ;
#10944 = EDGE_CURVE('NONE',#16186,#1352,#13005,.T.) ;
#10945 = EDGE_CURVE('NONE',#2944,#4779,#9024,.T.) ;
#10946 = FILL_AREA_STYLE_COLOUR('',#10844) ;
#10947 = SURFACE_STYLE_USAGE(.BOTH.,#10077) ;
#10948=DIRECTION('NONE',(0.,0.,1.));
#10949 = FACE_OUTER_BOUND('NONE',#3943,.T.) ;
#10950 = B_SPLINE_SURFACE_WITH_KNOTS('NONE',3,1,((#3539,#8655),(#13470,#12287),(#13548,#2753),(#7556,#12365)),.UNSPECIFIED.,.F.,.F.,.F.,(4,4),(2,2),(5.000000000000,6.000000000000),(0.,1.),.UNSPECIFIED.) ;
#10951 = ORIENTED_EDGE('NONE',*,*,#15133,.F.) ;
#10952 =(NAMED_UNIT(*) SI_UNIT($,.STERADIAN.) SOLID_ANGLE_UNIT());
#10953 = VERTEX_POINT('NONE',#4654) ;
#10954 = MECHANICAL_DESIGN_GEOMETRIC_PRESENTATION_REPRESENTATION('',(#13203),#15980) ;
#10955 = ADVANCED_FACE('NONE',(#13170),#13341,.T.) ;
#10956=UNCERTAINTY_MEASURE_WITH_UNIT(LENGTH_MEASURE(9.164900000000001E-6),#13168,'distance_accuracy_value','NONE');
#10957=CARTESIAN_POINT('NONE',(-6.004045247773,10.988175695663,3.75852549));
#10958 = PLANE('NONE',#13516) ;
#10959 = ORIENTED_EDGE('NONE',*,*,#2446,.T.) ;
#10960 = FACE_OUTER_BOUND('NONE',#1851,.T.) ;
#10961=CARTESIAN_POINT('NONE',(-6.036921254552,10.633686579089,3.75852549));
#10962 =(NAMED_UNIT(*) SI_UNIT($,.STERADIAN.) SOLID_ANGLE_UNIT());
#10963=CARTESIAN_POINT('NONE',(-6.521485006643,10.56469461124,3.75852549));
#10964=CARTESIAN_POINT('NONE',(-8.242552026762,10.400796815662,3.757609));
#10965=CARTESIAN_POINT('NONE',(-5.266288597095,10.769574073776,3.75852549));
#10966=UNCERTAINTY_MEASURE_WITH_UNIT(LENGTH_MEASURE(9.164900000000001E-6),#2985,'distance_accuracy_value','NONE');
#10967=CARTESIAN_POINT('NONE',(-5.80335866726,10.271383455106,3.757609));
#10968 =(NAMED_UNIT(*) SI_UNIT($,.STERADIAN.) SOLID_ANGLE_UNIT());
#10969 = ORIENTED_EDGE('NONE',*,*,#5007,.T.) ;
#10970 = EDGE_CURVE('NONE',#10518,#9135,#5999,.T.) ;
#10971 = ORIENTED_EDGE('NONE',*,*,#13525,.T.) ;
#10972 = STYLED_ITEM('NONE',(#8951),#5037) ;
#10973 = ORIENTED_EDGE('NONE',*,*,#7774,.T.) ;
#10974 = ORIENTED_EDGE('NONE',*,*,#11707,.F.) ;
#10975=CARTESIAN_POINT('NONE',(-7.943049412983,11.19593638373,3.757609));
#10976 = FACE_OUTER_BOUND('NONE',#15651,.T.) ;
#10977=CARTESIAN_POINT('NONE',(-8.565908820504,10.816919828312,3.757609));
#10978=CARTESIAN_POINT('NONE',(-5.053213956059,10.478168773108,3.75852549));
#10979 = FILL_AREA_STYLE('',(#5408)) ;
#10980 = ORIENTED_EDGE('NONE',*,*,#8924,.F.) ;
#10981 = SURFACE_SIDE_STYLE('',(#1204)) ;
#10982=VECTOR('NONE',#5807,916.49);
#10983=CARTESIAN_POINT('NONE',(-5.628687013854,11.318079276733,3.75852549));
#10984 =(NAMED_UNIT(*) PLANE_ANGLE_UNIT() SI_UNIT($,.RADIAN.));
#10985 =(NAMED_UNIT(*) SI_UNIT($,.STERADIAN.) SOLID_ANGLE_UNIT());
#10986 = FACE_BOUND('NONE',#12282,.T.) ;
#10987 = PRESENTATION_LAYER_ASSIGNMENT('','',(#2902)) ;
#10988=CARTESIAN_POINT('NONE',(-6.166519426202,11.323796843128,3.75852549));
#10989 = ORIENTED_EDGE('NONE',*,*,#15650,.T.) ;
#10990 = ORIENTED_EDGE('NONE',*,*,#4610,.F.) ;
#10991 = ORIENTED_EDGE('NONE',*,*,#3945,.F.) ;
#10992 =(NAMED_UNIT(*) SI_UNIT($,.STERADIAN.) SOLID_ANGLE_UNIT());
#10993 = EDGE_LOOP('NONE',(#7805,#15212,#2633,#3215,#16457,#14075,#8822)) ;
#10994 = PRESENTATION_LAYER_ASSIGNMENT('','',(#9991)) ;
#10995 = FILL_AREA_STYLE_COLOUR('',#15765) ;
#10996=CARTESIAN_POINT('NONE',(-6.298404624412,10.599000009617,3.757609));
#10997=DIRECTION('NONE',(0.,-8.326672684688000E-17,-1.));
#10998 = LINE('NONE',#15879,#15254) ;
#10999=CARTESIAN_POINT('NONE',(-6.272008526216,10.660940312245,3.757609));
#11000=CARTESIAN_POINT('NONE',(-6.175191068571,10.631208966985,3.75852549));
#11002 =(NAMED_UNIT(*) SI_UNIT($,.STERADIAN.) SOLID_ANGLE_UNIT());
#11001=CARTESIAN_POINT('NONE',(-0.339101299999,10.906231,2.291225));
#11003 = FACE_OUTER_BOUND('NONE',#6183,.T.) ;
#11004=CARTESIAN_POINT('NONE',(-5.053213956059,10.478168773108,3.757609));
#11005=VECTOR('NONE',#10130,916.49);
#11006 = VERTEX_POINT('NONE',#7091) ;
#11007 = EDGE_CURVE('NONE',#3679,#6969,#12607,.T.) ;
#11008=CARTESIAN_POINT('NONE',(5.49894,-11.19542767047,4.399152));
#11009 = EDGE_CURVE('NONE',#8614,#13918,#2378,.T.) ;
#11010 = EDGE_LOOP('NONE',(#2971,#15425)) ;
#11011 = PRESENTATION_STYLE_ASSIGNMENT((#2499)) ;
#11012=VECTOR('NONE',#3817,916.49);
#11013=CARTESIAN_POINT('NONE',(-5.117441285245,10.726692325804,3.75852549));
#11014 = LINE('NONE',#7688,#13999) ;
#11015 = VERTEX_POINT('NONE',#10903) ;
#11016 = LINE('NONE',#14878,#14751) ;
#11017 = SURFACE_STYLE_FILL_AREA(#14336) ;
#11018 = FILL_AREA_STYLE_COLOUR('',#1177) ;
#11019 = ADVANCED_FACE('NONE',(#9712),#14513,.F.) ;
#11020 = EDGE_CURVE('NONE',#13105,#14589,#5198,.T.) ;
#11021 = LINE('NONE',#9847,#1785) ;
#11022=CARTESIAN_POINT('NONE',(-5.498939999999,-11.091166380297,4.399152));
#11023=DIRECTION('NONE',(1.,0.,0.));
#11024=CARTESIAN_POINT('NONE',(-6.033681300261,10.549066596423,3.757609));
#11025 = STYLED_ITEM('NONE',(#8058),#7936) ;
#11026 =(LENGTH_UNIT() NAMED_UNIT(*) SI_UNIT(.MILLI.,.METRE.));
#11027 = STYLED_ITEM('NONE',(#10901),#10174) ;
#11028 = EDGE_LOOP('NONE',(#3533,#2406)) ;
#11030 = COLOUR_RGB('',1.,1.,1.) ;
#11029 =(NAMED_UNIT(*) PLANE_ANGLE_UNIT() SI_UNIT($,.RADIAN.));
#11031 = PRESENTATION_LAYER_ASSIGNMENT('','',(#6235)) ;
#11032 = EDGE_LOOP('NONE',(#7538,#15378,#10227,#15400)) ;
#11033 =(GEOMETRIC_REPRESENTATION_CONTEXT(3) GLOBAL_UNCERTAINTY_ASSIGNED_CONTEXT((#9819)) GLOBAL_UNIT_ASSIGNED_CONTEXT((#8474,#14776,#7531)) REPRESENTATION_CONTEXT('NONE','WORKASPACE'));
#11034 = EDGE_CURVE('NONE',#10499,#4487,#9802,.T.) ;
#11035 = STYLED_ITEM('NONE',(#11952),#11450) ;
#11036=AXIS2_PLACEMENT_3D('NONE',#11579,#2201,#2124);
#11037 = COLOUR_RGB('',1.,1.,1.) ;
#11038 =(NAMED_UNIT(*) SI_UNIT($,.STERADIAN.) SOLID_ANGLE_UNIT());
#11039 = STYLED_ITEM('NONE',(#6103),#6929) ;
#11040 = MECHANICAL_DESIGN_GEOMETRIC_PRESENTATION_REPRESENTATION('',(#7515),#6985) ;
#11041 = ORIENTED_EDGE('NONE',*,*,#11977,.T.) ;
#11042 = SURFACE_STYLE_FILL_AREA(#7634) ;
#11043=DIRECTION('NONE',(0.,1.,0.));
#11044 = FACE_OUTER_BOUND('NONE',#13662,.T.) ;
#11045=CARTESIAN_POINT('NONE',(-5.429620410486,11.234602807345,3.757609));
#11046 =(NAMED_UNIT(*) PLANE_ANGLE_UNIT() SI_UNIT($,.RADIAN.));
#11047 = ORIENTED_EDGE('NONE',*,*,#6193,.F.) ;
#11048 = ORIENTED_EDGE('NONE',*,*,#10440,.F.) ;
#11049 =(GEOMETRIC_REPRESENTATION_CONTEXT(3) GLOBAL_UNCERTAINTY_ASSIGNED_CONTEXT((#5332)) GLOBAL_UNIT_ASSIGNED_CONTEXT((#10387,#5480,#3333)) REPRESENTATION_CONTEXT('NONE','WORKASPACE'));
#11050 = ORIENTED_EDGE('NONE',*,*,#5736,.T.) ;
#11051 = EDGE_CURVE('NONE',#1918,#1949,#12311,.T.) ;
#11052 =(LENGTH_UNIT() NAMED_UNIT(*) SI_UNIT(.MILLI.,.METRE.));
#11053=CARTESIAN_POINT('NONE',(-6.521485006643,11.030676272542,3.75852549));
#11054 = FACE_OUTER_BOUND('NONE',#14824,.T.) ;
#11055=VECTOR('NONE',#4230,916.49);
#11056 = ORIENTED_EDGE('NONE',*,*,#4684,.T.) ;
#11057=AXIS2_PLACEMENT_3D('NONE',#3860,#2841,#8744);
#11058=VECTOR('NONE',#5899,916.49);
#11059 = SURFACE_STYLE_FILL_AREA(#8605) ;
#11060 = PRESENTATION_STYLE_ASSIGNMENT((#11201)) ;
#11061 = FACE_OUTER_BOUND('NONE',#7159,.T.) ;
#11062 = FILL_AREA_STYLE('',(#13351)) ;
#11063 = ORIENTED_EDGE('NONE',*,*,#10594,.T.) ;
#11064 = ORIENTED_EDGE('NONE',*,*,#10842,.F.) ;
#11065 = EDGE_LOOP('NONE',(#10346,#8892,#2909,#1217)) ;
#11066=CARTESIAN_POINT('NONE',(3.4918269,10.906231,3.757609));
#11067 = ORIENTED_EDGE('NONE',*,*,#8694,.T.) ;
#11068 = SURFACE_SIDE_STYLE('',(#15788)) ;
#11069=CARTESIAN_POINT('NONE',(-5.429620410486,11.121585578246,3.75852549));
#11070 = B_SPLINE_SURFACE_WITH_KNOTS('NONE',3,1,((#6992,#3434),(#13068,#8418),(#11821,#14182),(#5968,#2281)),.UNSPECIFIED.,.F.,.F.,.F.,(4,4),(2,2),(1.,2.000000000000),(0.,1.),.UNSPECIFIED.) ;
#11071=DIRECTION('NONE',(-1.,0.,0.));
#11072 = LINE('NONE',#6410,#5185) ;
#11073=DIRECTION('NONE',(0.,-1.,0.));
#11074 =(NAMED_UNIT(*) PLANE_ANGLE_UNIT() SI_UNIT($,.RADIAN.));
#11075=CARTESIAN_POINT('NONE',(-6.157180734423,10.566028710066,3.75852549));
#11076=CARTESIAN_POINT('NONE',(-5.975171537472,10.627969012692,3.75852549));
#11077=VECTOR('NONE',#12084,916.49);
#11078 = ORIENTED_EDGE('NONE',*,*,#9116,.T.) ;
#11079 = ORIENTED_EDGE('NONE',*,*,#13008,.F.) ;
#11080=CARTESIAN_POINT('NONE',(-6.255677727196,10.662965283678,3.75852549));
#11081=CARTESIAN_POINT('NONE',(-8.242552026762,10.400796815662,3.75852549));
#11082 = ORIENTED_EDGE('NONE',*,*,#13449,.T.) ;
#11083=VECTOR('NONE',#5331,916.49);
#11084=CARTESIAN_POINT('NONE',(-8.398929409091,10.822220880767,3.757609));
#11085=UNCERTAINTY_MEASURE_WITH_UNIT(LENGTH_MEASURE(9.164900000000001E-6),#7125,'distance_accuracy_value','NONE');
#11086 = LINE('NONE',#5243,#15295) ;
#11087=CARTESIAN_POINT('NONE',(-6.521485006643,10.607385773666,3.75852549));
#11088 = FILL_AREA_STYLE('',(#10215)) ;
#11089 = PRESENTATION_LAYER_ASSIGNMENT('','',(#13611)) ;
#11090 = EDGE_LOOP('NONE',(#10971,#6333,#3936,#11691)) ;
#11091 = SURFACE_STYLE_FILL_AREA(#10151) ;
#11092=CARTESIAN_POINT('NONE',(-8.398929409091,10.713551782535,3.75852549));
#11093 = LINE('NONE',#11241,#8063) ;
#11094=CARTESIAN_POINT('NONE',(-7.230074236952,10.557174223269,3.757609));
#11095=CARTESIAN_POINT('NONE',(-8.398929409091,10.822220880767,3.757609));
#11096 = SURFACE_SIDE_STYLE('',(#12121)) ;
#11097 = COLOUR_RGB('',0.843137254901,0.815686274509,0.752941176470) ;
#11098=CARTESIAN_POINT('NONE',(-4.981553790559,10.687241117669,3.757609));
#11099 = ORIENTED_EDGE('NONE',*,*,#11791,.F.) ;
#11100 = FILL_AREA_STYLE('',(#13217)) ;
#11101 = ORIENTED_EDGE('NONE',*,*,#8053,.T.) ;
#11102=VECTOR('NONE',#11699,916.49);
#11103 = EDGE_CURVE('NONE',#5755,#15670,#14832,.T.) ;
#11104 =(NAMED_UNIT(*) PLANE_ANGLE_UNIT() SI_UNIT($,.RADIAN.));
#11105=UNCERTAINTY_MEASURE_WITH_UNIT(LENGTH_MEASURE(9.164900000000001E-6),#10270,'distance_accuracy_value','NONE');
#11106 =(LENGTH_UNIT() NAMED_UNIT(*) SI_UNIT(.MILLI.,.METRE.));
#11107 = STYLED_ITEM('NONE',(#8719),#16106) ;
#11108 = LINE('NONE',#13551,#11964) ;
#11109 = LINE('NONE',#10799,#1178) ;
#11110 = EDGE_LOOP('NONE',(#1721,#3854,#15070,#12968)) ;
#11111 =(NAMED_UNIT(*) SI_UNIT($,.STERADIAN.) SOLID_ANGLE_UNIT());
#11112=DIRECTION('NONE',(0.,0.,-1.));
#11113=CARTESIAN_POINT('NONE',(-5.164706500787,11.090138963065,3.75852549));
#11114 = PRESENTATION_LAYER_ASSIGNMENT('','',(#9602)) ;
#11115 = PRESENTATION_STYLE_ASSIGNMENT((#11337)) ;
#11116 = SURFACE_SIDE_STYLE('',(#3773)) ;
#11117=DIRECTION('NONE',(0.,-1.,0.));
#11118 = EDGE_CURVE('NONE',#14046,#11617,#1444,.T.) ;
#11119=CARTESIAN_POINT('NONE',(-5.943248458425,10.669135490747,3.757609));
#11120 = ADVANCED_FACE('NONE',(#6321),#4080,.F.) ;
#11121 = SURFACE_STYLE_FILL_AREA(#7331) ;
#11122 = COLOUR_RGB('',1.,1.,1.) ;
#11123=CARTESIAN_POINT('NONE',(-7.990757772912,10.220565177537,3.757609));
#11124 = ORIENTED_EDGE('NONE',*,*,#13372,.F.) ;
#11125=AXIS2_PLACEMENT_3D('NONE',#10860,#13200,#2405);
#11126 = EDGE_LOOP('NONE',(#10973,#15664,#9313,#5558)) ;
#11127 = COLOUR_RGB('',0.949019607843,0.760784313725,0.180392156862) ;
#11128 = STYLED_ITEM('NONE',(#8895),#1878) ;
#11129 = PLANE('NONE',#16475) ;
#11130=CARTESIAN_POINT('NONE',(-5.013381576833,10.586611949093,3.75852549));
#11131=CARTESIAN_POINT('NONE',(6.41543,-10.906231,3.757609));
#11132 =(NAMED_UNIT(*) PLANE_ANGLE_UNIT() SI_UNIT($,.RADIAN.));
#11133 = ORIENTED_EDGE('NONE',*,*,#8472,.T.) ;
#11134 = SURFACE_STYLE_USAGE(.BOTH.,#9886) ;
#11135 = FACE_OUTER_BOUND('NONE',#11852,.T.) ;
#11136 = FACE_OUTER_BOUND('NONE',#9837,.T.) ;
#11137 = EDGE_CURVE('NONE',#5341,#4890,#13766,.T.) ;
#11139=VECTOR('NONE',#10507,916.49);
#11138=CARTESIAN_POINT('NONE',(-6.301549285929,10.411463831817,3.757609));
#11140=CARTESIAN_POINT('NONE',(-6.204064778872,10.390499421698,3.757609));
#11142 = EDGE_CURVE('NONE',#6269,#13584,#15767,.T.) ;
#11141 = ORIENTED_EDGE('NONE',*,*,#5822,.T.) ;
#11143 = ORIENTED_EDGE('NONE',*,*,#7716,.F.) ;
#11144 = ORIENTED_EDGE('NONE',*,*,#7485,.F.) ;
#11145 = VERTEX_POINT('NONE',#14599) ;
#11146 = ADVANCED_FACE('NONE',(#10485),#14234,.F.) ;
#11147 = SURFACE_STYLE_FILL_AREA(#5145) ;
#11148=CARTESIAN_POINT('NONE',(-5.429620410486,11.179332998849,3.75852549));
#11149=CARTESIAN_POINT('NONE',(-5.079705347029,10.452249138777,3.757609));
#11150=CARTESIAN_POINT('NONE',(-5.215497548943,11.360961024704,3.75852549));
#11151=DIRECTION('NONE',(0.,0.,-1.));
#11152 = FACE_OUTER_BOUND('NONE',#15035,.T.) ;
#11153=DIRECTION('NONE',(1.,0.,0.));
#11154 =(LENGTH_UNIT() NAMED_UNIT(*) SI_UNIT(.MILLI.,.METRE.));
#11155 =(NAMED_UNIT(*) SI_UNIT($,.STERADIAN.) SOLID_ANGLE_UNIT());
#11156 = ORIENTED_EDGE('NONE',*,*,#3287,.T.) ;
#11157 = EDGE_LOOP('NONE',(#10389,#5657,#1994,#9052)) ;
#11158=DIRECTION('NONE',(0.,0.,-1.));
#11159 = ORIENTED_EDGE('NONE',*,*,#16349,.F.) ;
#11160=CARTESIAN_POINT('NONE',(-5.833471183615,10.275195166038,3.757609));
#11161 =(NAMED_UNIT(*) SI_UNIT($,.STERADIAN.) SOLID_ANGLE_UNIT());
#11162=CARTESIAN_POINT('NONE',(-5.708351772308,10.356575194414,3.75852549));
#11163 = SURFACE_STYLE_FILL_AREA(#1570) ;
#11164 =(NAMED_UNIT(*) PLANE_ANGLE_UNIT() SI_UNIT($,.RADIAN.));
#11165=CARTESIAN_POINT('NONE',(-5.498939999999,-12.418771579374,2.871460314252));
#11166 = SURFACE_STYLE_FILL_AREA(#11396) ;
#11167 = SURFACE_STYLE_FILL_AREA(#7378) ;
#11168 = SURFACE_STYLE_USAGE(.BOTH.,#2749) ;
#11169 = PRESENTATION_STYLE_ASSIGNMENT((#6207)) ;
#11170=CIRCLE('NONE',#5874,0.824841);
#11171 = ORIENTED_EDGE('NONE',*,*,#12922,.T.) ;
#11172=DIRECTION('NONE',(1.,0.,0.));
#11173=AXIS2_PLACEMENT_3D('NONE',#14123,#16558,#6906);
#11174=CIRCLE('NONE',#1371,0.824841);
#11175 = PLANE('NONE',#3344) ;
#11176 = LINE('NONE',#12207,#9713) ;
#11177 = SURFACE_STYLE_USAGE(.BOTH.,#14893) ;
#11178 = FILL_AREA_STYLE('',(#5115)) ;
#11179=CARTESIAN_POINT('NONE',(-5.117441285245,10.726692325804,3.757609));
#11180=CARTESIAN_POINT('NONE',(1.1639423,10.906231,2.291225));
#11181 = PRESENTATION_STYLE_ASSIGNMENT((#13479)) ;
#11182=CARTESIAN_POINT('NONE',(-5.583518239321,11.030676272542,3.75852549));
#11183=CARTESIAN_POINT('NONE',(-5.715594023076,10.441004591531,3.75852549));
#11184 = COLOUR_RGB('',1.,1.,1.) ;
#11185 = ORIENTED_EDGE('NONE',*,*,#15638,.T.) ;
#11186 = ADVANCED_FACE('NONE',(#11426),#3072,.F.) ;
#11187 = EDGE_CURVE('NONE',#11441,#8438,#10190,.T.) ;
#11188 = B_SPLINE_SURFACE_WITH_KNOTS('NONE',3,1,((#7924,#12176),(#3641,#4914),(#9828,#15567),(#10927,#8550)),.UNSPECIFIED.,.F.,.F.,.F.,(4,4),(2,2),(1.,2.000000000000),(0.,1.),.UNSPECIFIED.) ;
#11189 = ORIENTED_EDGE('NONE',*,*,#13727,.F.) ;
#11190 = FILL_AREA_STYLE('',(#6387)) ;
#11191 = PLANE('NONE',#5970) ;
#11192=CIRCLE('NONE',#15214,0.824841);
#11193 = PLANE('NONE',#14284) ;
#11194=CARTESIAN_POINT('NONE',(-6.569607857146,10.396788744734,3.757609));
#11195 = VERTEX_POINT('NONE',#15199) ;
#11196 = B_SPLINE_CURVE_WITH_KNOTS('NONE',3,(#6436,#5177,#10009,#6583),.UNSPECIFIED.,.F.,.F.,(4,4),(27.000000000000,28.000000000000),.UNSPECIFIED.) ;
#11197=CARTESIAN_POINT('NONE',(-2.666985899999,10.906231,3.8034335));
#11198=CARTESIAN_POINT('NONE',(-5.489083101006,10.726692325804,3.757609));
#11199 = PRESENTATION_STYLE_ASSIGNMENT((#16093)) ;
#11201 = SURFACE_STYLE_USAGE(.BOTH.,#6244) ;
#11200 = PRESENTATION_STYLE_ASSIGNMENT((#7658)) ;
#11202 = ADVANCED_FACE('NONE',(#8041),#9290,.T.) ;
#11203 =(GEOMETRIC_REPRESENTATION_CONTEXT(3) GLOBAL_UNCERTAINTY_ASSIGNED_CONTEXT((#7444)) GLOBAL_UNIT_ASSIGNED_CONTEXT((#11299,#5451,#10280)) REPRESENTATION_CONTEXT('NONE','WORKASPACE'));
#11204=CARTESIAN_POINT('NONE',(-5.448393086819,11.278628068597,3.75852549));
#11205=CARTESIAN_POINT('NONE',(-5.103433247574,10.769574073776,3.757609));
#11206 = EDGE_CURVE('NONE',#2976,#3800,#16639,.T.) ;
#11207 = VERTEX_POINT('NONE',#12908) ;
#11208 = ORIENTED_EDGE('NONE',*,*,#15268,.T.) ;
#11209 = EDGE_LOOP('NONE',(#13161,#4729,#8803,#10823)) ;
#11210 = ORIENTED_EDGE('NONE',*,*,#14991,.F.) ;
#11211 = B_SPLINE_CURVE_WITH_KNOTS('NONE',3,(#8712,#13612,#13533,#2812),.UNSPECIFIED.,.F.,.F.,(4,4),(5.000000000000,6.000000000000),.UNSPECIFIED.) ;
#11212 = MECHANICAL_DESIGN_GEOMETRIC_PRESENTATION_REPRESENTATION('',(#9178),#14992) ;
#11213 = EDGE_CURVE('NONE',#4006,#12935,#15368,.T.) ;
#11214=CARTESIAN_POINT('NONE',(-6.157180734423,10.504850749624,3.75852549));
#11215 =(NAMED_UNIT(*) PLANE_ANGLE_UNIT() SI_UNIT($,.RADIAN.));
#11216 = LINE('NONE',#8623,#5990) ;
#11217 = STYLED_ITEM('NONE',(#5412),#12069) ;
#11218 = SURFACE_STYLE_USAGE(.BOTH.,#7833) ;
#11219 = FACE_OUTER_BOUND('NONE',#11065,.T.) ;
#11221 =(NAMED_UNIT(*) SI_UNIT($,.STERADIAN.) SOLID_ANGLE_UNIT());
#11220=CYLINDRICAL_SURFACE('NONE',#13634,0.824841);
#11222 = FILL_AREA_STYLE_COLOUR('',#10252) ;
#11223 = B_SPLINE_CURVE_WITH_KNOTS('NONE',3,(#2413,#7207,#13050,#1241,#2340,#15724,#5950),.UNSPECIFIED.,.F.,.F.,(4,3,4),(0.,1.,2.000000000000),.UNSPECIFIED.) ;
#11224 = ORIENTED_EDGE('NONE',*,*,#13676,.T.) ;
#11225 = ORIENTED_EDGE('NONE',*,*,#14586,.F.) ;
#11226=AXIS2_PLACEMENT_3D('NONE',#4618,#10781,#8566);
#11227 = ORIENTED_EDGE('NONE',*,*,#15743,.T.) ;
#11228 =(GEOMETRIC_REPRESENTATION_CONTEXT(3) GLOBAL_UNCERTAINTY_ASSIGNED_CONTEXT((#15077)) GLOBAL_UNIT_ASSIGNED_CONTEXT((#6363,#7458,#8789)) REPRESENTATION_CONTEXT('NONE','WORKASPACE'));
#11229=CARTESIAN_POINT('NONE',(-5.815079678374,10.271383455106,3.757609));
#11230=UNCERTAINTY_MEASURE_WITH_UNIT(LENGTH_MEASURE(9.164900000000001E-6),#12186,'distance_accuracy_value','NONE');
#11231=CARTESIAN_POINT('NONE',(-5.498939999999,-11.395129752005,4.38447561427));
#11232 = PRESENTATION_LAYER_ASSIGNMENT('','',(#2423)) ;
#11233 = PLANE('NONE',#6982) ;
#11234 =(NAMED_UNIT(*) PLANE_ANGLE_UNIT() SI_UNIT($,.RADIAN.));
#11235 = EDGE_CURVE('NONE',#14924,#3029,#10718,.T.) ;
#11236 = ADVANCED_FACE('NONE',(#2361),#7000,.T.) ;
#11237 = STYLED_ITEM('NONE',(#1567),#5529) ;
#11238=DIRECTION('NONE',(0.,1.,0.));
#11239=CARTESIAN_POINT('NONE',(-6.024914365119,10.537440878084,3.75852549));
#11240 =(GEOMETRIC_REPRESENTATION_CONTEXT(3) GLOBAL_UNCERTAINTY_ASSIGNED_CONTEXT((#7234)) GLOBAL_UNIT_ASSIGNED_CONTEXT((#8548,#7430,#9656)) REPRESENTATION_CONTEXT('NONE','WORKASPACE'));
#11241=CARTESIAN_POINT('NONE',(5.49894,-8.799941380297,2.1812462));
#11242 = MECHANICAL_DESIGN_GEOMETRIC_PRESENTATION_REPRESENTATION('',(#3925),#15022) ;
#11243=CARTESIAN_POINT('NONE',(-5.635929264619,10.663036753257,3.75852549));
#11244 = LINE('NONE',#4052,#14308) ;
#11245 = ORIENTED_EDGE('NONE',*,*,#15570,.F.) ;
#11246=VECTOR('NONE',#8173,916.49);
#11247 = PRESENTATION_LAYER_ASSIGNMENT('','',(#9749)) ;
#11248 = EDGE_CURVE('NONE',#8613,#15087,#11969,.T.) ;
#11249=VECTOR('NONE',#2100,916.49);
#11250 = PRESENTATION_LAYER_ASSIGNMENT('','',(#2407)) ;
#11251=CARTESIAN_POINT('NONE',(-5.635929264619,10.663036753257,3.757609));
#11252 = B_SPLINE_CURVE_WITH_KNOTS('NONE',3,(#1620,#4029,#7759,#6481),.UNSPECIFIED.,.F.,.F.,(4,4),(0.,1.),.UNSPECIFIED.) ;
#11253=UNCERTAINTY_MEASURE_WITH_UNIT(LENGTH_MEASURE(9.164900000000001E-6),#12636,'distance_accuracy_value','NONE');
#11254 =(NAMED_UNIT(*) SI_UNIT($,.STERADIAN.) SOLID_ANGLE_UNIT());
#11255=CARTESIAN_POINT('NONE',(-1.163942299999,10.906231,3.757609));
#11256 = ORIENTED_EDGE('NONE',*,*,#8786,.F.) ;
#11257=CARTESIAN_POINT('NONE',(-5.489083101006,10.439289321614,3.75852549));
#11258=CIRCLE('NONE',#4974,0.824841);
#11259=CARTESIAN_POINT('NONE',(-5.915327675856,10.464637199304,3.757609));
#11260=DIRECTION('NONE',(0.,0.,1.));
#11261=DIRECTION('NONE',(0.,0.,-1.));
#11262 = STYLED_ITEM('NONE',(#11851),#2592) ;
#11263 = EDGE_CURVE('NONE',#11006,#4088,#16057,.T.) ;
#11264=CARTESIAN_POINT('NONE',(-5.899604368266,10.665323779815,3.75852549));
#11265=CARTESIAN_POINT('NONE',(-5.972408047046,10.669135490747,3.757609));
#11266=CARTESIAN_POINT('NONE',(-6.388170416835,10.607385773666,3.75852549));
#11267 = ORIENTED_EDGE('NONE',*,*,#11020,.T.) ;
#11268 = ORIENTED_EDGE('NONE',*,*,#5233,.F.) ;
#11269=VECTOR('NONE',#5896,916.49);
#11270 =(GEOMETRIC_REPRESENTATION_CONTEXT(3) GLOBAL_UNCERTAINTY_ASSIGNED_CONTEXT((#9195)) GLOBAL_UNIT_ASSIGNED_CONTEXT((#14508,#1361,#5996)) REPRESENTATION_CONTEXT('NONE','WORKASPACE'));
#11271=VECTOR('NONE',#12436,916.49);
#11272=VECTOR('NONE',#2903,916.49);
#11273=DIRECTION('NONE',(1.,0.,0.));
#11274 = SURFACE_STYLE_FILL_AREA(#12223) ;
#11275 = SURFACE_STYLE_USAGE(.BOTH.,#10253) ;
#11276 =(NAMED_UNIT(*) PLANE_ANGLE_UNIT() SI_UNIT($,.RADIAN.));
#11277 = ORIENTED_EDGE('NONE',*,*,#15244,.F.) ;
#11278 = SURFACE_SIDE_STYLE('',(#15936)) ;
#11279=CARTESIAN_POINT('NONE',(-6.377592919002,10.769574073776,3.757609));
#11280=CARTESIAN_POINT('NONE',(-1.163942299999,10.906231,3.8034335));
#11281 = FACE_OUTER_BOUND('NONE',#9706,.T.) ;
#11282=VECTOR('NONE',#13062,916.49);
#11283 = MECHANICAL_DESIGN_GEOMETRIC_PRESENTATION_REPRESENTATION('',(#8522),#13300) ;
#11284 = MECHANICAL_DESIGN_GEOMETRIC_PRESENTATION_REPRESENTATION('',(#7523),#13047) ;
#11285 =(NAMED_UNIT(*) SI_UNIT($,.STERADIAN.) SOLID_ANGLE_UNIT());
#11286 = EDGE_LOOP('NONE',(#14166,#10991,#14841,#15434)) ;
#11287=AXIS2_PLACEMENT_3D('NONE',#13839,#11534,#14145);
#11288 = EDGE_LOOP('NONE',(#16570,#9423,#7008,#15454)) ;
#11289 = VERTEX_POINT('NONE',#12982) ;
#11290=CARTESIAN_POINT('NONE',(-6.301549285929,10.411463831817,3.757609));
#11291 = ORIENTED_EDGE('NONE',*,*,#6901,.T.) ;
#11292=AXIS2_PLACEMENT_3D('NONE',#16471,#12992,#6763);
#11293=CARTESIAN_POINT('NONE',(-4.888929214939,10.396788744734,3.75852549));
#11294 =(GEOMETRIC_REPRESENTATION_CONTEXT(3) GLOBAL_UNCERTAINTY_ASSIGNED_CONTEXT((#5782)) GLOBAL_UNIT_ASSIGNED_CONTEXT((#3090,#16479,#8991)) REPRESENTATION_CONTEXT('NONE','WORKASPACE'));
#11295 = EDGE_CURVE('NONE',#5061,#10497,#12053,.T.) ;
#11296=UNCERTAINTY_MEASURE_WITH_UNIT(LENGTH_MEASURE(9.164900000000001E-6),#1689,'distance_accuracy_value','NONE');
#11297 = FACE_OUTER_BOUND('NONE',#7464,.T.) ;
#11298=CARTESIAN_POINT('NONE',(10.631284,10.906231,3.8034335));
#11299 =(LENGTH_UNIT() NAMED_UNIT(*) SI_UNIT(.MILLI.,.METRE.));
#11300 = SURFACE_STYLE_FILL_AREA(#6555) ;
#11301 = FILL_AREA_STYLE('',(#5457)) ;
#11302=DIRECTION('NONE',(-1.,0.,0.));
#11303 = ORIENTED_EDGE('NONE',*,*,#10460,.T.) ;
#11304 = VERTEX_POINT('NONE',#1264) ;
#11305=AXIS2_PLACEMENT_3D('NONE',#12598,#11498,#9045);
#11306 = EDGE_CURVE('NONE',#4395,#8670,#9238,.T.) ;
#11307 = ADVANCED_FACE('NONE',(#2286),#7076,.F.) ;
#11308 = SURFACE_STYLE_USAGE(.BOTH.,#10141) ;
#11309 = ORIENTED_EDGE('NONE',*,*,#2932,.T.) ;
#11310 = PRESENTATION_LAYER_ASSIGNMENT('','',(#7293)) ;
#11311=CARTESIAN_POINT('NONE',(1.1639423,10.906231,3.757609));
#11312=CARTESIAN_POINT('NONE',(-5.498939999999,-12.49459610429,3.503826642846));
#11313=DIRECTION('NONE',(-1.,0.,0.));
#11314 = COLOUR_RGB('',0.776470588235,0.458823529411,0.) ;
#11315 = SURFACE_SIDE_STYLE('',(#14709)) ;
#11316=CARTESIAN_POINT('NONE',(-7.230074236952,10.557174223269,3.757609));
#11317=DIRECTION('NONE',(0.,0.,-1.));
#11318 = PLANE('NONE',#9587) ;
#11319 = PRESENTATION_LAYER_ASSIGNMENT('','',(#2520)) ;
#11320 = SURFACE_SIDE_STYLE('',(#9098)) ;
#11321 = FILL_AREA_STYLE_COLOUR('',#1775) ;
#11322 = B_SPLINE_SURFACE_WITH_KNOTS('NONE',3,1,((#3828,#5096),(#8641,#2660),(#7447,#15969),(#13531,#16131)),.UNSPECIFIED.,.F.,.F.,.F.,(4,4),(2,2),(34.000000000000,35.000000000000),(0.,1.),.UNSPECIFIED.) ;
#11323=UNCERTAINTY_MEASURE_WITH_UNIT(LENGTH_MEASURE(9.164900000000001E-6),#7461,'distance_accuracy_value','NONE');
#11324 =(NAMED_UNIT(*) PLANE_ANGLE_UNIT() SI_UNIT($,.RADIAN.));
#11325 = ADVANCED_FACE('NONE',(#13633),#14580,.F.) ;
#11326=VECTOR('NONE',#10311,916.49);
#11327 = ORIENTED_EDGE('NONE',*,*,#4861,.T.) ;
#11328 = ADVANCED_FACE('NONE',(#5180),#14662,.T.) ;
#11329=AXIS2_PLACEMENT_3D('NONE',#12431,#14896,#15038);
#11330=CARTESIAN_POINT('NONE',(-8.398929409091,10.713551782535,3.757609));
#11331 = PRESENTATION_STYLE_ASSIGNMENT((#7789)) ;
#11332 = SURFACE_STYLE_USAGE(.BOTH.,#14958) ;
#11333=CARTESIAN_POINT('NONE',(-6.377592919002,10.769574073776,3.757609));
#11334 = ORIENTED_EDGE('NONE',*,*,#5710,.F.) ;
#11335=DIRECTION('NONE',(0.,0.,-1.));
#11336=VECTOR('NONE',#12617,916.49);
#11337 = SURFACE_STYLE_USAGE(.BOTH.,#3917) ;
#11338 = FILL_AREA_STYLE_COLOUR('',#16541) ;
#11339=DIRECTION('NONE',(0.,0.,-1.));
#11340 = FILL_AREA_STYLE('',(#14900)) ;
#11341=CARTESIAN_POINT('NONE',(-5.920568778386,10.669135490747,3.75852549));
#11342=VECTOR('NONE',#11112,916.49);
#11343=CARTESIAN_POINT('NONE',(-5.073511316766,10.988175695663,3.75852549));
#11344 = PRESENTATION_LAYER_ASSIGNMENT('','',(#2554)) ;
#11345=PRODUCT_DEFINITION_FORMATION('�κ�','',#4790);
#11346 = ORIENTED_EDGE('NONE',*,*,#5048,.T.) ;
#11347 = STYLED_ITEM('NONE',(#1652),#15935) ;
#11348=CIRCLE('NONE',#4031,0.824841);
#11349 = SURFACE_STYLE_FILL_AREA(#6521) ;
#11350=DIRECTION('NONE',(0.,0.,-1.));
#11351 = FILL_AREA_STYLE_COLOUR('',#3263) ;
#11352=CARTESIAN_POINT('NONE',(-5.947822511542,10.631208966985,3.757609));
#11353 = ORIENTED_EDGE('NONE',*,*,#12628,.F.) ;
#11354=CARTESIAN_POINT('NONE',(-6.301549285929,10.411463831817,3.75852549));
#11355 = STYLED_ITEM('NONE',(#15393),#1737) ;
#11356 =(NAMED_UNIT(*) PLANE_ANGLE_UNIT() SI_UNIT($,.RADIAN.));
#11357=CARTESIAN_POINT('NONE',(-5.984605522025,10.621298518563,3.757609));
#11358=DIRECTION('NONE',(0.,-1.,0.));
#11359 = STYLED_ITEM('NONE',(#9029),#16135) ;
#11360=CARTESIAN_POINT('NONE',(9.3940225,10.906231,2.2454005));
#11361 = PLANE('NONE',#6302) ;
#11362 = ORIENTED_EDGE('NONE',*,*,#3899,.F.) ;
#11363 = VERTEX_POINT('NONE',#12818) ;
#11364 = ORIENTED_EDGE('NONE',*,*,#12765,.F.) ;
#11365=AXIS2_PLACEMENT_3D('NONE',#2008,#10514,#15309);
#11366 = FACE_OUTER_BOUND('NONE',#7966,.T.) ;
#11367 = EDGE_CURVE('NONE',#15912,#15340,#12667,.T.) ;
#11368 = EDGE_CURVE('NONE',#1478,#16474,#16354,.T.) ;
#11369 = ORIENTED_EDGE('NONE',*,*,#6028,.T.) ;
#11370=AXIS2_PLACEMENT_3D('NONE',#1248,#13964,#3664);
#11371 = SURFACE_SIDE_STYLE('',(#11147)) ;
#11372=CARTESIAN_POINT('NONE',(-5.266288597095,10.396788744734,3.757609));
#11373=CARTESIAN_POINT('NONE',(-5.235890202422,11.287204418192,3.75852549));
#11374 = VERTEX_POINT('NONE',#6586) ;
#11375 =(NAMED_UNIT(*) SI_UNIT($,.STERADIAN.) SOLID_ANGLE_UNIT());
#11376 = SURFACE_STYLE_USAGE(.BOTH.,#1690) ;
#11378 =(LENGTH_UNIT() NAMED_UNIT(*) SI_UNIT(.MILLI.,.METRE.));
#11377 = SURFACE_SIDE_STYLE('',(#6554)) ;
#11379=CARTESIAN_POINT('NONE',(-5.498939999999,-11.091166380297,2.1812462));
#11380 = PRESENTATION_STYLE_ASSIGNMENT((#7761)) ;
#11381 = ORIENTED_EDGE('NONE',*,*,#8595,.F.) ;
#11382 = VERTEX_POINT('NONE',#2043) ;
#11383 = EDGE_LOOP('NONE',(#12535,#5272,#12002,#5452,#12642,#14710)) ;
#11384 = EDGE_CURVE('NONE',#6115,#16101,#13784,.T.) ;
#11385 = EDGE_CURVE('NONE',#11207,#12152,#7869,.T.) ;
#11386 = EDGE_LOOP('NONE',(#12308,#9326,#12845,#2679)) ;
#11387 = EDGE_CURVE('NONE',#4795,#4892,#11645,.T.) ;
#11388=CARTESIAN_POINT('NONE',(-10.631284,10.906231,3.8034335));
#11389 = B_SPLINE_CURVE_WITH_KNOTS('NONE',3,(#14713,#11239,#6494,#8644),.UNSPECIFIED.,.F.,.F.,(4,4),(4.000000000000,5.000000000000),.UNSPECIFIED.) ;
#11390=CARTESIAN_POINT('NONE',(-1.832979999999,-12.296027659977,2.681759674099));
#11391 =(LENGTH_UNIT() NAMED_UNIT(*) SI_UNIT(.MILLI.,.METRE.));
#11392 = EDGE_CURVE('NONE',#4062,#16173,#5568,.T.) ;
#11393=CARTESIAN_POINT('NONE',(5.49894,-12.336322777172,2.913149434625));
#11394=CARTESIAN_POINT('NONE',(-6.521485006643,10.56469461124,3.75852549));
#11395=DIRECTION('NONE',(0.,0.,-1.));
#11396 = FILL_AREA_STYLE('',(#8787)) ;
#11397 =(NAMED_UNIT(*) SI_UNIT($,.STERADIAN.) SOLID_ANGLE_UNIT());
#11398=CARTESIAN_POINT('NONE',(-5.498939999999,-11.647826370794,4.228584138747));
#11399=CARTESIAN_POINT('NONE',(-7.036590169901,10.44585475047,3.757609));
#11400=CARTESIAN_POINT('NONE',(-5.685005042854,11.030676272542,3.75852549));
#11401 = EDGE_CURVE('NONE',#15298,#12915,#13027,.T.) ;
#11402 = ORIENTED_EDGE('NONE',*,*,#15060,.T.) ;
#11403=UNCERTAINTY_MEASURE_WITH_UNIT(LENGTH_MEASURE(9.164900000000001E-6),#4188,'distance_accuracy_value','NONE');
#11404 =(NAMED_UNIT(*) PLANE_ANGLE_UNIT() SI_UNIT($,.RADIAN.));
#11405 = ADVANCED_FACE('NONE',(#13702),#15486,.F.) ;
#11406=CARTESIAN_POINT('NONE',(-6.134596347157,11.323796843128,3.75852549));
#11407 = EDGE_LOOP('NONE',(#9559,#8077,#5439,#12890,#12340,#3767,#10487,#12458)) ;
#11408 =(GEOMETRIC_REPRESENTATION_CONTEXT(3) GLOBAL_UNCERTAINTY_ASSIGNED_CONTEXT((#12031)) GLOBAL_UNIT_ASSIGNED_CONTEXT((#5169,#1414,#2597)) REPRESENTATION_CONTEXT('NONE','WORKASPACE'));
#11409=CARTESIAN_POINT('NONE',(3.4918269,10.906231,3.757609));
#11410 = FACE_OUTER_BOUND('NONE',#7089,.T.) ;
#11411=CARTESIAN_POINT('NONE',(-5.95592239727,11.318079276733,3.757609));
#11412=CARTESIAN_POINT('NONE',(-6.166519426202,11.323796843128,3.75852549));
#11413 =(NAMED_UNIT(*) PLANE_ANGLE_UNIT() SI_UNIT($,.RADIAN.));
#11414=CARTESIAN_POINT('NONE',(-10.631284,-10.906231,2.2454005));
#11415 =(NAMED_UNIT(*) PLANE_ANGLE_UNIT() SI_UNIT($,.RADIAN.));
#11416 = FILL_AREA_STYLE_COLOUR('',#10105) ;
#11417 = B_SPLINE_CURVE_WITH_KNOTS('NONE',3,(#12716,#8934,#7849,#10448),.UNSPECIFIED.,.F.,.F.,(4,4),(1.,2.000000000000),.UNSPECIFIED.) ;
#11418=CARTESIAN_POINT('NONE',(-7.288384398475,11.156179400271,3.75852549));
#11419 = PRESENTATION_LAYER_ASSIGNMENT('','',(#2625)) ;
#11420 = MECHANICAL_DESIGN_GEOMETRIC_PRESENTATION_REPRESENTATION('',(#15453),#12674) ;
#11421 = ORIENTED_EDGE('NONE',*,*,#10711,.F.) ;
#11422 = B_SPLINE_CURVE_WITH_KNOTS('NONE',3,(#12777,#13827,#4174,#9139),.UNSPECIFIED.,.F.,.F.,(4,4),(0.,1.),.UNSPECIFIED.) ;
#11423=CARTESIAN_POINT('NONE',(-7.990757772912,10.220565177537,3.757609));
#11424 = SURFACE_STYLE_FILL_AREA(#6594) ;
#11425 = LINE('NONE',#1895,#12825) ;
#11426 = FACE_OUTER_BOUND('NONE',#6384,.T.) ;
#11427 = ORIENTED_EDGE('NONE',*,*,#16369,.F.) ;
#11428=AXIS2_PLACEMENT_3D('NONE',#1969,#11568,#11718);
#11429=CARTESIAN_POINT('NONE',(-7.72571121652,10.485611733927,3.757609));
#11430=CARTESIAN_POINT('NONE',(-5.994039506579,10.61481860998,3.757609));
#11433=CARTESIAN_POINT('NONE',(-6.214356398385,11.024768120599,3.757609));
#11432 = PRESENTATION_LAYER_ASSIGNMENT('','',(#8406)) ;
#11431 = FILL_AREA_STYLE('',(#12686)) ;
#11434 = ADVANCED_FACE('NONE',(#16294),#9110,.F.) ;
#11435=CARTESIAN_POINT('NONE',(-8.565908820504,10.710901205753,3.75852549));
#11436=CARTESIAN_POINT('NONE',(-5.713402289293,10.445959815743,3.757609));
#11437 = ORIENTED_EDGE('NONE',*,*,#14885,.T.) ;
#11438 = ORIENTED_EDGE('NONE',*,*,#3527,.F.) ;
#11439 = ORIENTED_EDGE('NONE',*,*,#14167,.F.) ;
#11440 = SURFACE_STYLE_FILL_AREA(#8263) ;
#11441 = VERTEX_POINT('NONE',#6889) ;
#11442 =(LENGTH_UNIT() NAMED_UNIT(*) SI_UNIT(.MILLI.,.METRE.));
#11443 = LINE('NONE',#2856,#1469) ;
#11444=DIRECTION('NONE',(0.,0.,1.));
#11445 = B_SPLINE_SURFACE_WITH_KNOTS('NONE',3,1,((#16130,#12483),(#15014,#10147),(#7446,#5161),(#8711,#14941)),.UNSPECIFIED.,.F.,.F.,.F.,(4,4),(2,2),(19.000000000000,20.),(0.,1.),.UNSPECIFIED.) ;
#11446=DIRECTION('NONE',(1.,0.,0.));
#11447=CARTESIAN_POINT('NONE',(-6.521485006643,10.439289321614,3.757609));
#11448 = ORIENTED_EDGE('NONE',*,*,#5798,.F.) ;
#11449 = PRESENTATION_STYLE_ASSIGNMENT((#8916)) ;
#11450 = ADVANCED_FACE('NONE',(#15350),#12965,.F.) ;
#11451 = SURFACE_SIDE_STYLE('',(#15392)) ;
#11452=CARTESIAN_POINT('NONE',(-5.95592239727,11.156081562169,3.75852549));
#11453 = PRESENTATION_STYLE_ASSIGNMENT((#6857)) ;
#11454=CARTESIAN_POINT('NONE',(-4.777817841302,10.710683139892,3.757609));
#11455=CARTESIAN_POINT('NONE',(-5.019003850454,10.449009184487,3.757609));
#11456 = ORIENTED_EDGE('NONE',*,*,#1481,.T.) ;
#11457 = ORIENTED_EDGE('NONE',*,*,#15265,.T.) ;
#11458 = VERTEX_POINT('NONE',#8408) ;
#11459=CARTESIAN_POINT('NONE',(-6.1818615627,10.981886372627,3.75852549));
#11460=VECTOR('NONE',#4582,916.49);
#11461 = ORIENTED_EDGE('NONE',*,*,#4848,.T.) ;
#11462=CARTESIAN_POINT('NONE',(-6.157180734423,10.530389212863,3.75852549));
#11463=CARTESIAN_POINT('NONE',(-1.832979999999,-12.418841571099,2.871460314252));
#11464=CARTESIAN_POINT('NONE',(5.49894,-11.091166380297,2.2728952));
#11465 = SURFACE_STYLE_USAGE(.BOTH.,#5622) ;
#11466=DIRECTION('NONE',(0.,-1.,0.));
#11467=DIRECTION('NONE',(0.,-1.,0.));
#11468 = EDGE_CURVE('NONE',#12239,#11207,#5726,.T.) ;
#11469 = COLOUR_RGB('',1.,1.,1.) ;
#11470 = EDGE_CURVE('NONE',#3124,#2140,#13545,.T.) ;
#11471=CARTESIAN_POINT('NONE',(-8.9357775,10.906231,3.8034335));
#11472=VECTOR('NONE',#5719,916.49);
#11473 =(NAMED_UNIT(*) SI_UNIT($,.STERADIAN.) SOLID_ANGLE_UNIT());
#11474=UNCERTAINTY_MEASURE_WITH_UNIT(LENGTH_MEASURE(9.164900000000001E-6),#6724,'distance_accuracy_value','NONE');
#11475=CARTESIAN_POINT('NONE',(-6.036921254552,10.633686579089,3.757609));
#11476 = COLOUR_RGB('',1.,1.,1.) ;
#11477=CARTESIAN_POINT('NONE',(-5.790875313962,10.663036753257,3.75852549));
#11478 = VERTEX_POINT('NONE',#14099) ;
#11479 = STYLED_ITEM('NONE',(#8225),#5654) ;
#11480 =(LENGTH_UNIT() NAMED_UNIT(*) SI_UNIT(.MILLI.,.METRE.));
#11481 = EDGE_CURVE('NONE',#4569,#6805,#10783,.T.) ;
#11482=CARTESIAN_POINT('NONE',(-7.958952165924,11.3576147806,3.75852549));
#11483=CARTESIAN_POINT('NONE',(-5.54654464329,11.043636089708,3.757609));
#11484 = STYLED_ITEM('NONE',(#12101),#12447) ;
#11485 = EDGE_CURVE('NONE',#8775,#12237,#2418,.T.) ;
#11486 = ORIENTED_EDGE('NONE',*,*,#6940,.T.) ;
#11487 = PRESENTATION_LAYER_ASSIGNMENT('','',(#6945)) ;
#11488=DIRECTION('NONE',(0.,0.,-1.));
#11489 = FACE_OUTER_BOUND('NONE',#3702,.T.) ;
#11490=DIRECTION('NONE',(1.,0.,0.));
#11491=CARTESIAN_POINT('NONE',(-5.715594023076,10.441004591531,3.75852549));
#11492 = LINE('NONE',#4141,#9184) ;
#11493 = SURFACE_STYLE_USAGE(.BOTH.,#12594) ;
#11494=CARTESIAN_POINT('NONE',(-5.521101472827,11.283011536168,3.757609));
#11496 = MECHANICAL_DESIGN_GEOMETRIC_PRESENTATION_REPRESENTATION('',(#6219),#5445) ;
#11495=CARTESIAN_POINT('NONE',(-5.026627272316,10.503897821893,3.75852549));
#11497 = STYLED_ITEM('NONE',(#7521),#5774) ;
#11498=DIRECTION('NONE',(1.,0.,0.));
#11499 = ADVANCED_FACE('NONE',(#10471),#11962,.T.) ;
#11500=VECTOR('NONE',#1122,916.49);
#11501=VECTOR('NONE',#13141,916.489999999999);
#11502 = ORIENTED_EDGE('NONE',*,*,#9365,.F.) ;
#11503 = PRESENTATION_LAYER_ASSIGNMENT('','',(#9746)) ;
#11504=CARTESIAN_POINT('NONE',(-5.998804145243,10.595378884234,3.757609));
#11505 = PRESENTATION_LAYER_ASSIGNMENT('','',(#9229)) ;
#11506 = PRESENTATION_LAYER_ASSIGNMENT('','',(#1952)) ;
#11507=VECTOR('NONE',#11551,916.49);
#11508 = SURFACE_STYLE_FILL_AREA(#14113) ;
#11509 = ORIENTED_EDGE('NONE',*,*,#8336,.F.) ;
#11510 =(GEOMETRIC_REPRESENTATION_CONTEXT(3) GLOBAL_UNCERTAINTY_ASSIGNED_CONTEXT((#8543)) GLOBAL_UNIT_ASSIGNED_CONTEXT((#3060,#16686,#12668)) REPRESENTATION_CONTEXT('NONE','WORKASPACE'));
#11511=CARTESIAN_POINT('NONE',(-5.52005325232,11.069555724037,3.75852549));
#11512=CARTESIAN_POINT('NONE',(10.631284,10.906231,3.8034335));
#11513=CARTESIAN_POINT('NONE',(-5.628687013854,11.318079276733,3.75852549));
#11514 = EDGE_LOOP('NONE',(#15851,#7569,#12107,#13416)) ;
#11515 = LINE('NONE',#12769,#1234) ;
#11516 = ORIENTED_EDGE('NONE',*,*,#7371,.T.) ;
#11517 = VERTEX_POINT('NONE',#14796) ;
#11518 = STYLED_ITEM('NONE',(#12305),#13817) ;
#11519=VECTOR('NONE',#6828,916.49);
#11520=AXIS2_PLACEMENT_3D('NONE',#5453,#5374,#12702);
#11521 = STYLED_ITEM('NONE',(#11615),#2561) ;
#11522 = ORIENTED_EDGE('NONE',*,*,#9189,.F.) ;
#11523 = EDGE_CURVE('NONE',#12284,#9305,#12996,.T.) ;
#11524 =(NAMED_UNIT(*) SI_UNIT($,.STERADIAN.) SOLID_ANGLE_UNIT());
#11525=CARTESIAN_POINT('NONE',(3.9500719,10.906231,2.2454005));
#11526 = LINE('NONE',#7673,#3354) ;
#11527=CARTESIAN_POINT('NONE',(-5.988607818503,10.570602763183,3.757609));
#11528 = STYLED_ITEM('NONE',(#13885),#8120) ;
#11529 = VERTEX_POINT('NONE',#3752) ;
#11530 = COLOUR_RGB('',0.949019607843,0.760784313725,0.180392156862) ;
#11531 = LINE('NONE',#4180,#6199) ;
#11532 = COLOUR_RGB('',1.,1.,1.) ;
#11533 = FACE_OUTER_BOUND('NONE',#7652,.T.) ;
#11534=DIRECTION('NONE',(0.,0.,1.));
#11535=CARTESIAN_POINT('NONE',(-5.3557685112,10.56469461124,3.757609));
#11536 = ORIENTED_EDGE('NONE',*,*,#4836,.T.) ;
#11537 = EDGE_LOOP('NONE',(#15701,#8458,#10123,#4756)) ;
#11538 = VERTEX_POINT('NONE',#15819) ;
#11539=CARTESIAN_POINT('NONE',(-7.166462921869,11.193285908054,3.75852549));
#11540 = EDGE_LOOP('NONE',(#12538,#10791,#4866,#13136)) ;
#11541 =(GEOMETRIC_REPRESENTATION_CONTEXT(3) GLOBAL_UNCERTAINTY_ASSIGNED_CONTEXT((#3561)) GLOBAL_UNIT_ASSIGNED_CONTEXT((#12446,#7408,#1662)) REPRESENTATION_CONTEXT('NONE','WORKASPACE'));
#11542=CIRCLE('NONE',#10785,0.824841);
#11543=CARTESIAN_POINT('NONE',(-1.832979999999,-11.312547917796,2.195922585729));
#11544 = FACE_OUTER_BOUND('NONE',#3371,.T.) ;
#11545=DIRECTION('NONE',(0.,0.,-1.));
#11546 = FILL_AREA_STYLE_COLOUR('',#9194) ;
#11547 =(NAMED_UNIT(*) SI_UNIT($,.STERADIAN.) SOLID_ANGLE_UNIT());
#11549 =(NAMED_UNIT(*) PLANE_ANGLE_UNIT() SI_UNIT($,.RADIAN.));
#11548=DIRECTION('NONE',(-0.467307306754,0.884094950248,0.));
#11550 =(GEOMETRIC_REPRESENTATION_CONTEXT(3) GLOBAL_UNCERTAINTY_ASSIGNED_CONTEXT((#8621)) GLOBAL_UNIT_ASSIGNED_CONTEXT((#10821,#11990,#9385)) REPRESENTATION_CONTEXT('NONE','WORKASPACE'));
#11551=DIRECTION('NONE',(-1.,0.,0.));
#11552=CARTESIAN_POINT('NONE',(-7.447412332308,10.477660256352,3.757609));
#11553=CARTESIAN_POINT('NONE',(-5.336709956544,10.396788744734,3.75852549));
#11554 = ADVANCED_FACE('NONE',(#14474),#6361,.F.) ;
#11555=CARTESIAN_POINT('NONE',(-6.046926995746,10.59118600221,3.757609));
#11556 = VERTEX_POINT('NONE',#2594) ;
#11557 = EDGE_CURVE('NONE',#15471,#13781,#7305,.T.) ;
#11558=VECTOR('NONE',#3688,916.49);
#11559 = B_SPLINE_CURVE_WITH_KNOTS('NONE',3,(#7325,#10961,#9616,#3769),.UNSPECIFIED.,.F.,.F.,(4,4),(6.000000000000,7.000000000000),.UNSPECIFIED.) ;
#11560=UNCERTAINTY_MEASURE_WITH_UNIT(LENGTH_MEASURE(9.164900000000001E-6),#1390,'distance_accuracy_value','NONE');
#11561 =(LENGTH_UNIT() NAMED_UNIT(*) SI_UNIT(.MILLI.,.METRE.));
#11562 = SURFACE_SIDE_STYLE('',(#1955)) ;
#11563 = PRESENTATION_LAYER_ASSIGNMENT('','',(#1525)) ;
#11564 = EDGE_LOOP('NONE',(#11747,#5172,#11185,#3558)) ;
#11565 = SURFACE_STYLE_USAGE(.BOTH.,#11807) ;
#11566 = PRESENTATION_STYLE_ASSIGNMENT((#1960)) ;
#11567=CARTESIAN_POINT('NONE',(-10.631284,-10.906231,3.8034335));
#11568=DIRECTION('NONE',(0.,0.,-1.));
#11569=VECTOR('NONE',#1296,916.49);
#11570 = PRESENTATION_STYLE_ASSIGNMENT((#14178)) ;
#11571 = FILL_AREA_STYLE('',(#9115)) ;
#11572 = FACE_OUTER_BOUND('NONE',#14484,.T.) ;
#11573=CARTESIAN_POINT('NONE',(-7.132006990866,10.970646810797,3.75852549));
#11574 =(GEOMETRIC_REPRESENTATION_CONTEXT(3) GLOBAL_UNCERTAINTY_ASSIGNED_CONTEXT((#2429)) GLOBAL_UNIT_ASSIGNED_CONTEXT((#13194,#1226,#2694)) REPRESENTATION_CONTEXT('NONE','WORKASPACE'));
#11575 = EDGE_CURVE('NONE',#14924,#15230,#1332,.T.) ;
#11576 = ORIENTED_EDGE('NONE',*,*,#7859,.F.) ;
#11577=UNCERTAINTY_MEASURE_WITH_UNIT(LENGTH_MEASURE(9.164900000000001E-6),#7598,'distance_accuracy_value','NONE');
#11578=VECTOR('NONE',#8462,916.49);
#11579=CARTESIAN_POINT('NONE',(-6.521485006643,10.607385773666,3.75852549));
#11580 = LINE('NONE',#9198,#1196) ;
#11581 = LINE('NONE',#10337,#9835) ;
#11582=CARTESIAN_POINT('NONE',(-6.1818615627,10.981886372627,3.75852549));
#11583 = EDGE_CURVE('NONE',#12237,#10883,#6040,.T.) ;
#11584 = ORIENTED_EDGE('NONE',*,*,#9486,.T.) ;
#11585=AXIS2_PLACEMENT_3D('NONE',#15598,#15918,#8426);
#11586 = ADVANCED_FACE('NONE',(#10943),#4937,.F.) ;
#11587 = SURFACE_SIDE_STYLE('',(#5580)) ;
#11588 = FACE_OUTER_BOUND('NONE',#7226,.T.) ;
#11589 = LINE('NONE',#4317,#3168) ;
#11590=AXIS2_PLACEMENT_3D('NONE',#14256,#11820,#16629);
#11591 = EDGE_LOOP('NONE',(#9667,#10188)) ;
#11592 = STYLED_ITEM('NONE',(#2319),#16615) ;
#11593=CARTESIAN_POINT('NONE',(-5.733127893359,10.988175695663,3.757609));
#11594 = ORIENTED_EDGE('NONE',*,*,#2731,.T.) ;
#11595 = EDGE_LOOP('NONE',(#2850,#5440,#14679,#8812)) ;
#11596 = PRESENTATION_LAYER_ASSIGNMENT('','',(#1801)) ;
#11597 = ORIENTED_EDGE('NONE',*,*,#3701,.T.) ;
#11598 = COLOUR_RGB('',0.843137254901,0.815686274509,0.752941176470) ;
#11599 = LINE('NONE',#3377,#8500) ;
#11600=VECTOR('NONE',#12622,916.49);
#11601=UNCERTAINTY_MEASURE_WITH_UNIT(LENGTH_MEASURE(9.164900000000001E-6),#6796,'distance_accuracy_value','NONE');
#11602=CARTESIAN_POINT('NONE',(-5.218165746594,10.726692325804,3.757609));
#11603 = SURFACE_SIDE_STYLE('',(#10427)) ;
#11604=CARTESIAN_POINT('NONE',(-6.307266852326,11.170375478161,3.757609));
#11605 = MECHANICAL_DESIGN_GEOMETRIC_PRESENTATION_REPRESENTATION('',(#11359),#15639) ;
#11606 = ADVANCED_FACE('NONE',(#6932),#14212,.F.) ;
#11607 = EDGE_LOOP('NONE',(#6977,#3670)) ;
#11608=CARTESIAN_POINT('NONE',(-5.498939999999,-12.224577336448,3.840558939134));
#11609=CARTESIAN_POINT('NONE',(-6.298404624412,10.599000009617,3.75852549));
#11610=DIRECTION('NONE',(0.338535034295,0.940953787683,0.));
#11612=CARTESIAN_POINT('NONE',(-5.498939999999,-8.340058999999,4.399152));
#11611 = SURFACE_STYLE_FILL_AREA(#3097) ;
#11614=CIRCLE('NONE',#5816,1.6955065);
#11613=CARTESIAN_POINT('NONE',(0.,0.,3.757609));
#11615 = PRESENTATION_STYLE_ASSIGNMENT((#12707)) ;
#11616 = EDGE_LOOP('NONE',(#15211,#8243,#2261,#9066)) ;
#11617 = VERTEX_POINT('NONE',#11683) ;
#11618 = ORIENTED_EDGE('NONE',*,*,#6097,.T.) ;
#11619 = LINE('NONE',#3253,#16396) ;
#11620 = PRESENTATION_LAYER_ASSIGNMENT('','',(#16391)) ;
#11621 = ADVANCED_FACE('NONE',(#1922),#5796,.T.) ;
#11622 = EDGE_CURVE('NONE',#15828,#14760,#10717,.T.) ;
#11623=AXIS2_PLACEMENT_3D('NONE',#9155,#15401,#14151);
#11624 = ORIENTED_EDGE('NONE',*,*,#11813,.T.) ;
#11625=VECTOR('NONE',#13655,916.49);
#11626 =(NAMED_UNIT(*) PLANE_ANGLE_UNIT() SI_UNIT($,.RADIAN.));
#11627 = B_SPLINE_CURVE_WITH_KNOTS('NONE',3,(#1286,#5059,#4739,#8447),.UNSPECIFIED.,.F.,.F.,(4,4),(2.000000000000,3.000000000000),.UNSPECIFIED.) ;
#11628 = FILL_AREA_STYLE('',(#9404)) ;
#11629=CARTESIAN_POINT('NONE',(-5.843095753715,10.663036753257,3.757609));
#11630=DIRECTION('NONE',(0.,0.,1.));
#11631 = FACE_OUTER_BOUND('NONE',#2991,.T.) ;
#11632=CARTESIAN_POINT('NONE',(9.3940225,10.906231,3.757609));
#11633=CARTESIAN_POINT('NONE',(-3.491826899999,10.906231,2.2454005));
#11634 =(NAMED_UNIT(*) PLANE_ANGLE_UNIT() SI_UNIT($,.RADIAN.));
#11635=CARTESIAN_POINT('NONE',(-6.157180734423,10.437955222787,3.75852549));
#11636=UNCERTAINTY_MEASURE_WITH_UNIT(LENGTH_MEASURE(9.164900000000001E-6),#14427,'distance_accuracy_value','NONE');
#11637 = FACE_OUTER_BOUND('NONE',#10057,.T.) ;
#11638 = VERTEX_POINT('NONE',#11917) ;
#11639=CARTESIAN_POINT('NONE',(-6.341858129024,11.066696940839,3.757609));
#11640 =(NAMED_UNIT(*) SI_UNIT($,.STERADIAN.) SOLID_ANGLE_UNIT());
#11641 =(NAMED_UNIT(*) SI_UNIT($,.STERADIAN.) SOLID_ANGLE_UNIT());
#11642 = VERTEX_POINT('NONE',#7346) ;
#11643=CARTESIAN_POINT('NONE',(0.,0.,3.757609));
#11644=CARTESIAN_POINT('NONE',(-4.3166679,10.906231,3.8034335));
#11645 = LINE('NONE',#8876,#4492) ;
#11646=CARTESIAN_POINT('NONE',(3.4918269,10.906231,3.8034335));
#11647 =(LENGTH_UNIT() NAMED_UNIT(*) SI_UNIT(.MILLI.,.METRE.));
#11648=CARTESIAN_POINT('NONE',(-5.159941862124,10.769574073776,3.75852549));
#11649=DIRECTION('NONE',(0.,0.,-1.));
#11650 =(LENGTH_UNIT() NAMED_UNIT(*) SI_UNIT(.MILLI.,.METRE.));
#11651 = ORIENTED_EDGE('NONE',*,*,#13395,.T.) ;
#11652=AXIS2_PLACEMENT_3D('NONE',#8339,#7134,#11957);
#11653 =(LENGTH_UNIT() NAMED_UNIT(*) SI_UNIT(.MILLI.,.METRE.));
#11654 = PRESENTATION_STYLE_ASSIGNMENT((#15495)) ;
#11655=CARTESIAN_POINT('NONE',(-7.72571121652,10.339836127912,3.757609));
#11656=CARTESIAN_POINT('NONE',(-5.587520535799,10.663036753257,3.75852549));
#11657 = SURFACE_STYLE_USAGE(.BOTH.,#10566) ;
#11658 = ORIENTED_EDGE('NONE',*,*,#2908,.F.) ;
#11659 = PRESENTATION_STYLE_ASSIGNMENT((#2129)) ;
#11660 =(NAMED_UNIT(*) SI_UNIT($,.STERADIAN.) SOLID_ANGLE_UNIT());
#11661 = FACE_OUTER_BOUND('NONE',#3304,.T.) ;
#11662 = ADVANCED_FACE('NONE',(#13347),#1294,.T.) ;
#11663 = PLANE('NONE',#1281) ;
#11664 = EDGE_CURVE('NONE',#3862,#10696,#4103,.T.) ;
#11665=AXIS2_PLACEMENT_3D('NONE',#12638,#13916,#3098);
#11666 = ORIENTED_EDGE('NONE',*,*,#10898,.T.) ;
#11667=AXIS2_PLACEMENT_3D('NONE',#11802,#16444,#9420);
#11668 = ORIENTED_EDGE('NONE',*,*,#8541,.T.) ;
#11669 = ORIENTED_EDGE('NONE',*,*,#7140,.F.) ;
#11670 = B_SPLINE_CURVE_WITH_KNOTS('NONE',3,(#8649,#1501,#15908,#10788),.UNSPECIFIED.,.F.,.F.,(4,4),(1.,2.000000000000),.UNSPECIFIED.) ;
#11671 = ORIENTED_EDGE('NONE',*,*,#13196,.T.) ;
#11672 =(LENGTH_UNIT() NAMED_UNIT(*) SI_UNIT(.MILLI.,.METRE.));
#11673 = LINE('NONE',#13167,#10025) ;
#11674 = FACE_OUTER_BOUND('NONE',#16119,.T.) ;
#11675 = STYLED_ITEM('NONE',(#4764),#6213) ;
#11676=DIRECTION('NONE',(-1.,0.,0.));
#11678 = ADVANCED_FACE('NONE',(#6159),#4986,.F.) ;
#11677=CARTESIAN_POINT('NONE',(-10.631284,-10.906231,3.8034335));
#11679=CARTESIAN_POINT('NONE',(-5.235890202422,11.287204418192,3.757609));
#11680 = VERTEX_POINT('NONE',#7503) ;
#11681 = EDGE_CURVE('NONE',#12239,#3010,#10180,.T.) ;
#11682=DIRECTION('NONE',(0.,0.,-1.));
#11683=CARTESIAN_POINT('NONE',(6.41543,-10.906231,2.291225));
#11684 = LINE('NONE',#4268,#13303) ;
#11685 =(NAMED_UNIT(*) PLANE_ANGLE_UNIT() SI_UNIT($,.RADIAN.));
#11686 = ORIENTED_EDGE('NONE',*,*,#14013,.F.) ;
#11687 = EDGE_LOOP('NONE',(#4017,#11923,#13714,#14616,#9272,#12217,#13237,#12124,#8367,#9359,#6404,#7028,#3055,#16651,#13147)) ;
#11688 = VERTEX_POINT('NONE',#6396) ;
#11689=DIRECTION('NONE',(0.,0.,-1.));
#11690 = COLOUR_RGB('',1.,1.,1.) ;
#11691 = ORIENTED_EDGE('NONE',*,*,#4130,.T.) ;
#11692 = EDGE_CURVE('NONE',#9519,#16038,#6211,.T.) ;
#11693 = FILL_AREA_STYLE('',(#2093)) ;
#11694 = PRESENTATION_STYLE_ASSIGNMENT((#7109)) ;
#11695 = FACE_OUTER_BOUND('NONE',#2536,.T.) ;
#11696 = LINE('NONE',#6867,#15753) ;
#11697=CARTESIAN_POINT('NONE',(-5.95592239727,11.318079276733,3.75852549));
#11698 =(GEOMETRIC_REPRESENTATION_CONTEXT(3) GLOBAL_UNCERTAINTY_ASSIGNED_CONTEXT((#15386)) GLOBAL_UNIT_ASSIGNED_CONTEXT((#2994,#3929,#7649)) REPRESENTATION_CONTEXT('NONE','WORKASPACE'));
#11700=CARTESIAN_POINT('NONE',(-6.106103807948,10.989128623395,3.757609));
#11699=DIRECTION('NONE',(0.,0.,-1.));
#11701 = SURFACE_STYLE_USAGE(.BOTH.,#9339) ;
#11702=CARTESIAN_POINT('NONE',(-5.498939999999,-12.224577336448,2.739839260865));
#11703=CARTESIAN_POINT('NONE',(-5.126684684252,10.988175695663,3.75852549));
#11704 = VERTEX_POINT('NONE',#12317) ;
#11705 = ADVANCED_FACE('NONE',(#11135),#15938,.T.) ;
#11706=CARTESIAN_POINT('NONE',(-8.242552026762,10.400796815662,3.757609));
#11707 = EDGE_CURVE('NONE',#5599,#9538,#12231,.T.) ;
#11708=UNCERTAINTY_MEASURE_WITH_UNIT(LENGTH_MEASURE(9.164900000000001E-6),#10492,'distance_accuracy_value','NONE');
#11709 = PRESENTATION_LAYER_ASSIGNMENT('','',(#14748)) ;
#11710 = FILL_AREA_STYLE('',(#12734)) ;
#11711=CARTESIAN_POINT('NONE',(-6.1818615627,10.981886372627,3.75852549));
#11712 = ORIENTED_EDGE('NONE',*,*,#3597,.T.) ;
#11713=VECTOR('NONE',#14240,916.49);
#11714 =(NAMED_UNIT(*) PLANE_ANGLE_UNIT() SI_UNIT($,.RADIAN.));
#11715 = COLOUR_RGB('',0.196078431372,0.368627450980,0.560784313725) ;
#11716 = FACE_BOUND('NONE',#4414,.T.) ;
#11717=CARTESIAN_POINT('NONE',(-5.943248458425,10.390499421698,3.757609));
#11718=DIRECTION('NONE',(-1.,0.,0.));
#11719=CARTESIAN_POINT('NONE',(-6.157180734423,10.504850749624,3.75852549));
#11720 = ORIENTED_EDGE('NONE',*,*,#12370,.T.) ;
#11721=CARTESIAN_POINT('NONE',(5.49894,-12.40474933837,3.481856478509));
#11722 = ADVANCED_FACE('NONE',(#2846),#11842,.F.) ;
#11723=CARTESIAN_POINT('NONE',(-5.3557685112,10.607385773666,3.757609));
#11724 = COLOUR_RGB('',1.,1.,1.) ;
#11725 = FILL_AREA_STYLE('',(#15360)) ;
#11726=VECTOR('NONE',#5490,916.49);
#11727=CARTESIAN_POINT('NONE',(-6.569607857146,10.769574073776,3.75852549));
#11728 = PRESENTATION_LAYER_ASSIGNMENT('','',(#2915)) ;
#11729=UNCERTAINTY_MEASURE_WITH_UNIT(LENGTH_MEASURE(9.164900000000001E-6),#11948,'distance_accuracy_value','NONE');
#11730=CARTESIAN_POINT('NONE',(-6.177192216809,10.45053386886,3.757609));
#11731 = EDGE_CURVE('NONE',#14704,#10690,#4176,.T.) ;
#11732 = ADVANCED_FACE('NONE',(#12839,#3298),#14041,.F.) ;
#11733 = FILL_AREA_STYLE_COLOUR('',#4443) ;
#11734 = FILL_AREA_STYLE_COLOUR('',#9301) ;
#11735 = SURFACE_SIDE_STYLE('',(#13152)) ;
#11736=CARTESIAN_POINT('NONE',(-5.970406898808,10.428616531006,3.75852549));
#11737=AXIS2_PLACEMENT_3D('NONE',#10865,#3900,#8560);
#11738 =(LENGTH_UNIT() NAMED_UNIT(*) SI_UNIT(.MILLI.,.METRE.));
#11739 = FILL_AREA_STYLE('',(#12910)) ;
#11740=CARTESIAN_POINT('NONE',(-7.370548790513,10.395495864311,3.75852549));
#11741 = COLOUR_RGB('',1.,1.,1.) ;
#11742 = SURFACE_STYLE_USAGE(.BOTH.,#2136) ;
#11743=VECTOR('NONE',#13578,916.49);
#11744 = ORIENTED_EDGE('NONE',*,*,#16357,.T.) ;
#11745 =(NAMED_UNIT(*) PLANE_ANGLE_UNIT() SI_UNIT($,.RADIAN.));
#11746 = ORIENTED_EDGE('NONE',*,*,#7261,.T.) ;
#11747 = ORIENTED_EDGE('NONE',*,*,#9794,.F.) ;
#11748 = EDGE_LOOP('NONE',(#2450,#11961)) ;
#11749 = COLOUR_RGB('',1.,1.,1.) ;
#11750 =(GEOMETRIC_REPRESENTATION_CONTEXT(3) GLOBAL_UNCERTAINTY_ASSIGNED_CONTEXT((#9366)) GLOBAL_UNIT_ASSIGNED_CONTEXT((#8871,#5340,#14728)) REPRESENTATION_CONTEXT('NONE','WORKASPACE'));
#11751=AXIS2_PLACEMENT_3D('NONE',#8692,#7357,#13188);
#11752 = STYLED_ITEM('NONE',(#5553),#2152) ;
#11753=CARTESIAN_POINT('NONE',(-4.853099132189,10.498752012134,3.75852549));
#11754 = B_SPLINE_CURVE_WITH_KNOTS('NONE',3,(#14247,#8023,#3424,#8251),.UNSPECIFIED.,.F.,.F.,(4,4),(2.000000000000,3.000000000000),.UNSPECIFIED.) ;
#11755=CARTESIAN_POINT('NONE',(-6.078659489245,11.049734827198,3.757609));
#11756=UNCERTAINTY_MEASURE_WITH_UNIT(LENGTH_MEASURE(9.164900000000001E-6),#5974,'distance_accuracy_value','NONE');
#11757 =(LENGTH_UNIT() NAMED_UNIT(*) SI_UNIT(.MILLI.,.METRE.));
#11758 =(LENGTH_UNIT() NAMED_UNIT(*) SI_UNIT(.MILLI.,.METRE.));
#11759 = FACE_OUTER_BOUND('NONE',#15156,.T.) ;
#11760 = ORIENTED_EDGE('NONE',*,*,#7973,.F.) ;
#11761=DIRECTION('NONE',(0.,0.,-1.));
#11762 = SURFACE_SIDE_STYLE('',(#9315)) ;
#11763=CARTESIAN_POINT('NONE',(-4.7821060161,10.695817467263,3.75852549));
#11765=DIRECTION('NONE',(0.,0.,-1.));
#11764=DIRECTION('NONE',(-1.,0.,0.));
#11766=VECTOR('NONE',#2323,916.49);
#11767 = COLOUR_RGB('',1.,1.,1.) ;
#11768=CARTESIAN_POINT('NONE',(0.,0.,4.399152));
#11769=VECTOR('NONE',#1894,916.49);
#11770=DIRECTION('NONE',(0.,0.,1.));
#11771 = VERTEX_POINT('NONE',#14980) ;
#11772 = COLOUR_RGB('',1.,1.,1.) ;
#11773 = ORIENTED_EDGE('NONE',*,*,#12166,.T.) ;
#11774 = VERTEX_POINT('NONE',#11429) ;
#11775=DIRECTION('NONE',(0.,0.,-1.));
#11776 = B_SPLINE_CURVE_WITH_KNOTS('NONE',3,(#7862,#6644,#12661,#13694),.UNSPECIFIED.,.F.,.F.,(4,4),(1.,2.000000000000),.UNSPECIFIED.) ;
#11777 = ORIENTED_EDGE('NONE',*,*,#3327,.F.) ;
#11778 = EDGE_CURVE('NONE',#15816,#14846,#15285,.T.) ;
#11779 =(GEOMETRIC_REPRESENTATION_CONTEXT(3) GLOBAL_UNCERTAINTY_ASSIGNED_CONTEXT((#4516)) GLOBAL_UNIT_ASSIGNED_CONTEXT((#5267,#13476,#10962)) REPRESENTATION_CONTEXT('NONE','WORKASPACE'));
#11780 = STYLED_ITEM('NONE',(#1161),#14129) ;
#11781 = SURFACE_STYLE_FILL_AREA(#11693) ;
#11782=VECTOR('NONE',#10066,916.49);
#11783=CIRCLE('NONE',#8260,0.458245);
#11784 = LINE('NONE',#16593,#5890) ;
#11785=CARTESIAN_POINT('NONE',(-6.307266852326,11.170375478161,3.757609));
#11786 = PLANE('NONE',#3255) ;
#11787=CARTESIAN_POINT('NONE',(-6.026629635039,10.395835817,3.757609));
#11788 =(NAMED_UNIT(*) SI_UNIT($,.STERADIAN.) SOLID_ANGLE_UNIT());
#11789=CARTESIAN_POINT('NONE',(-8.096776395469,10.54127136922,3.75852549));
#11790 = LINE('NONE',#15240,#9334) ;
#11791 = EDGE_CURVE('NONE',#4062,#7354,#4389,.T.) ;
#11792 =(LENGTH_UNIT() NAMED_UNIT(*) SI_UNIT(.MILLI.,.METRE.));
#11793 = EDGE_CURVE('NONE',#2185,#6927,#7885,.T.) ;
#11794=DIRECTION('NONE',(1.,0.,0.));
#11795=CARTESIAN_POINT('NONE',(1.83298,-11.093584248689,2.2728952));
#11796=CARTESIAN_POINT('NONE',(-7.370548790513,10.395495864311,3.757609));
#11797=VECTOR('NONE',#9823,916.49);
#11798 = B_SPLINE_CURVE_WITH_KNOTS('NONE',3,(#13596,#3812,#10999,#3955),.UNSPECIFIED.,.F.,.F.,(4,4),(0.,1.),.UNSPECIFIED.) ;
#11799 = PRESENTATION_LAYER_ASSIGNMENT('','',(#5743)) ;
#11800 = VERTEX_POINT('NONE',#6671) ;
#11801=CARTESIAN_POINT('NONE',(-8.208095969375,10.294778193103,3.757609));
#11802=CARTESIAN_POINT('NONE',(0.,0.,3.757609));
#11803=VECTOR('NONE',#11941,916.49);
#11804=CARTESIAN_POINT('NONE',(3.4918269,10.906231,2.291225));
#11805=AXIS2_PLACEMENT_3D('NONE',#8544,#16020,#7896);
#11806 = ORIENTED_EDGE('NONE',*,*,#14104,.T.) ;
#11807 = SURFACE_SIDE_STYLE('',(#2186)) ;
#11808=DIRECTION('NONE',(0.,0.,-1.));
#11809 = SURFACE_SIDE_STYLE('',(#16620)) ;
#11810 =(NAMED_UNIT(*) SI_UNIT($,.STERADIAN.) SOLID_ANGLE_UNIT());
#11811=CARTESIAN_POINT('NONE',(-5.498939999999,-4.674098999999,4.307503));
#11812 =(NAMED_UNIT(*) PLANE_ANGLE_UNIT() SI_UNIT($,.RADIAN.));
#11813 = EDGE_CURVE('NONE',#15720,#11441,#6386,.T.) ;
#11814=DIRECTION('NONE',(-1.,0.,0.));
#11815 = ORIENTED_EDGE('NONE',*,*,#7930,.F.) ;
#11816=DIRECTION('NONE',(0.,0.,-1.));
#11817 = EDGE_CURVE('NONE',#12710,#12005,#7717,.T.) ;
#11818 = VERTEX_POINT('NONE',#15131) ;
#11819 = PRESENTATION_STYLE_ASSIGNMENT((#6989)) ;
#11820=DIRECTION('NONE',(0.,0.,-1.));
#11821=CARTESIAN_POINT('NONE',(-6.142600940111,10.669135490747,3.75852549));
#11822 = STYLED_ITEM('NONE',(#2879),#8598) ;
#11823=CARTESIAN_POINT('NONE',(-5.943248458425,10.547732497597,3.75852549));
#11824=CARTESIAN_POINT('NONE',(-7.447412332308,10.477660256352,3.75852549));
#11825 = PLANE('NONE',#5036) ;
#11826=DIRECTION('NONE',(0.,0.,-1.));
#11827 = PRESENTATION_LAYER_ASSIGNMENT('','',(#3760)) ;
#11828 = LINE('NONE',#3223,#10505) ;
#11829=DIRECTION('NONE',(0.,0.,-1.));
#11830 = FILL_AREA_STYLE('',(#5361)) ;
#11831 = MECHANICAL_DESIGN_GEOMETRIC_PRESENTATION_REPRESENTATION('',(#2520),#7803) ;
#11832 = EDGE_LOOP('NONE',(#7667,#2519)) ;
#11833=CARTESIAN_POINT('NONE',(0.339101299999,10.906231,3.8034335));
#11834 = EDGE_LOOP('NONE',(#5668,#15222,#15610,#10461)) ;
#11835 = ORIENTED_EDGE('NONE',*,*,#4216,.T.) ;
#11836 = VERTEX_POINT('NONE',#14121) ;
#11837=VECTOR('NONE',#3265,916.49);
#11838 = STYLED_ITEM('NONE',(#15671),#9076) ;
#11839 = SURFACE_SIDE_STYLE('',(#8057)) ;
#11840=CARTESIAN_POINT('NONE',(-5.877401152094,10.425567162263,3.757609));
#11841=CARTESIAN_POINT('NONE',(-5.498939999999,-8.799941380297,2.2728952));
#11842 = B_SPLINE_SURFACE_WITH_KNOTS('NONE',3,1,((#5203,#9887),(#2778,#16006),(#10032,#14837),(#16557,#12762)),.UNSPECIFIED.,.F.,.F.,.F.,(4,4),(2,2),(15.000000000000,16.000000000000),(0.,1.),.UNSPECIFIED.) ;
#11843=DIRECTION('NONE',(1.,0.,0.));
#11844=CARTESIAN_POINT('NONE',(-12.372615,-8.340058999999,4.399152));
#11845 = EDGE_LOOP('NONE',(#7630,#14355)) ;
#11846=CARTESIAN_POINT('NONE',(-5.242846574871,11.31331463807,3.757609));
#11847=CARTESIAN_POINT('NONE',(-7.638245873132,11.301955006286,3.757609));
#11849 =(NAMED_UNIT(*) SI_UNIT($,.STERADIAN.) SOLID_ANGLE_UNIT());
#11848 = FACE_OUTER_BOUND('NONE',#9134,.T.) ;
#11850 = PRESENTATION_LAYER_ASSIGNMENT('','',(#3035)) ;
#11851 = PRESENTATION_STYLE_ASSIGNMENT((#9471)) ;
#11852 = EDGE_LOOP('NONE',(#8818,#2316,#13392,#12310)) ;
#11853 = ORIENTED_EDGE('NONE',*,*,#5509,.T.) ;
#11854 = EDGE_CURVE('NONE',#9454,#3862,#11589,.T.) ;
#11855 = ORIENTED_EDGE('NONE',*,*,#1453,.T.) ;
#11856=CARTESIAN_POINT('NONE',(-5.759142820463,10.348951772551,3.757609));
#11857 = VERTEX_POINT('NONE',#16393) ;
#11858 =(GEOMETRIC_REPRESENTATION_CONTEXT(3) GLOBAL_UNCERTAINTY_ASSIGNED_CONTEXT((#15982)) GLOBAL_UNIT_ASSIGNED_CONTEXT((#8904,#15071,#8984)) REPRESENTATION_CONTEXT('NONE','WORKASPACE'));
#11859 = MECHANICAL_DESIGN_GEOMETRIC_PRESENTATION_REPRESENTATION('',(#13110),#2044) ;
#11860=CARTESIAN_POINT('NONE',(-5.429620410486,11.179332998849,3.757609));
#11861=CARTESIAN_POINT('NONE',(-5.498939999999,-11.091166380297,2.1812462));
#11862=CARTESIAN_POINT('NONE',(4.3166679,10.906231,3.8034335));
#11863=CARTESIAN_POINT('NONE',(-10.631284,10.906231,3.757609));
#11864 = COLOUR_RGB('',1.,1.,1.) ;
#11865=DIRECTION('NONE',(0.,0.,-1.));
#11866=CARTESIAN_POINT('NONE',(-7.993408248587,10.586329304028,3.757609));
#11867=DIRECTION('NONE',(0.,0.,-1.));
#11868=CARTESIAN_POINT('NONE',(-5.159941862124,10.769574073776,3.757609));
#11869=VECTOR('NONE',#3957,916.49);
#11870=CARTESIAN_POINT('NONE',(-5.498939999999,-12.071354926798,2.584482759178));
#11871 = ADVANCED_FACE('NONE',(#5581),#9710,.T.) ;
#11872 = STYLED_ITEM('NONE',(#5633),#16212) ;
#11873 = FILL_AREA_STYLE('',(#7368)) ;
#11874 =(LENGTH_UNIT() NAMED_UNIT(*) SI_UNIT(.MILLI.,.METRE.));
#11875 = EDGE_CURVE('NONE',#10812,#4420,#5436,.T.) ;
#11876 = ORIENTED_EDGE('NONE',*,*,#7669,.T.) ;
#11877 = MECHANICAL_DESIGN_GEOMETRIC_PRESENTATION_REPRESENTATION('',(#9879),#13139) ;
#11878=CARTESIAN_POINT('NONE',(-6.357772022161,11.167516694961,3.757609));
#11879=VECTOR('NONE',#7306,916.49);
#11880 = SURFACE_STYLE_FILL_AREA(#7300) ;
#11881 = ORIENTED_EDGE('NONE',*,*,#16542,.T.) ;
#11882=CARTESIAN_POINT('NONE',(-7.259229317714,10.970646810797,3.75852549));
#11883=DIRECTION('NONE',(0.,0.,-1.));
#11884 = COLOUR_RGB('',1.,1.,1.) ;
#11885 = EDGE_CURVE('NONE',#2515,#12459,#2438,.T.) ;
#11886=CARTESIAN_POINT('NONE',(-5.951634222472,10.504660164078,3.757609));
#11887 = PRESENTATION_STYLE_ASSIGNMENT((#5884)) ;
#11888=DIRECTION('NONE',(-1.,0.,0.));
#11889=CARTESIAN_POINT('NONE',(-7.245976989894,10.970646810797,3.757609));
#11890 = ORIENTED_EDGE('NONE',*,*,#6393,.F.) ;
#11891=CARTESIAN_POINT('NONE',(5.49894,-12.336322777172,3.667248765375));
#11892 = SURFACE_SIDE_STYLE('',(#15438)) ;
#11893 = ADVANCED_FACE('NONE',(#4566,#15518),#4641,.T.) ;
#11894=UNCERTAINTY_MEASURE_WITH_UNIT(LENGTH_MEASURE(9.164900000000001E-6),#13874,'distance_accuracy_value','NONE');
#11895=DIRECTION('NONE',(0.,0.,-1.));
#11896=CARTESIAN_POINT('NONE',(-6.373018865883,11.030676272542,3.75852549));
#11897 = FILL_AREA_STYLE_COLOUR('',#8495) ;
#11898=CARTESIAN_POINT('NONE',(-5.922569926625,10.631208966985,3.75852549));
#11899 =(LENGTH_UNIT() NAMED_UNIT(*) SI_UNIT(.MILLI.,.METRE.));
#11900=CARTESIAN_POINT('NONE',(-5.8673954109,10.46921125242,3.757609));
#11901 = FILL_AREA_STYLE('',(#10888)) ;
#11902 = LINE('NONE',#9623,#2871) ;
#11903=DIRECTION('NONE',(0.,-1.,0.));
#11904 = EDGE_LOOP('NONE',(#3839,#6254,#2387,#10083)) ;
#11905 = ORIENTED_EDGE('NONE',*,*,#4839,.F.) ;
#11906 = VERTEX_POINT('NONE',#3687) ;
#11907 = PRESENTATION_LAYER_ASSIGNMENT('','',(#12168)) ;
#11908 = ORIENTED_EDGE('NONE',*,*,#1383,.T.) ;
#11909 =(LENGTH_UNIT() NAMED_UNIT(*) SI_UNIT(.MILLI.,.METRE.));
#11910=UNCERTAINTY_MEASURE_WITH_UNIT(LENGTH_MEASURE(9.164900000000001E-6),#10258,'distance_accuracy_value','NONE');
#11911 = EDGE_CURVE('NONE',#7969,#1778,#3364,.T.) ;
#11912 = SURFACE_STYLE_FILL_AREA(#6238) ;
#11913=CARTESIAN_POINT('NONE',(-5.8673954109,10.444816302462,3.75852549));
#11914 = ORIENTED_EDGE('NONE',*,*,#12412,.F.) ;
#11915=CARTESIAN_POINT('NONE',(-5.498939999999,-12.336322777172,2.913149434625));
#11916=CARTESIAN_POINT('NONE',(-5.537205951509,10.396788744734,3.75852549));
#11917=CARTESIAN_POINT('NONE',(-7.214171382905,10.395495864311,3.757609));
#11918=CARTESIAN_POINT('NONE',(-5.336709956544,10.396788744734,3.757609));
#11919 = LINE('NONE',#3717,#14439) ;
#11920=DIRECTION('NONE',(0.,0.,-1.));
#11921=CARTESIAN_POINT('NONE',(-7.508373020058,11.460982940121,3.75852549));
#11922 = ORIENTED_EDGE('NONE',*,*,#12829,.T.) ;
#11923 = ORIENTED_EDGE('NONE',*,*,#2164,.F.) ;
#11924 = ORIENTED_EDGE('NONE',*,*,#4019,.T.) ;
#11925 = B_SPLINE_CURVE_WITH_KNOTS('NONE',3,(#12613,#10342,#13894,#2270),.UNSPECIFIED.,.F.,.F.,(4,4),(2.000000000000,3.000000000000),.UNSPECIFIED.) ;
#11926=CARTESIAN_POINT('NONE',(-7.245976989894,10.970646810797,3.75852549));
#11927 = EDGE_CURVE('NONE',#2031,#16465,#7211,.T.) ;
#11928 = VERTEX_POINT('NONE',#13075) ;
#11929 = STYLED_ITEM('NONE',(#11331),#6027) ;
#11930 = SURFACE_STYLE_USAGE(.BOTH.,#11068) ;
#11931 = ADVANCED_FACE('NONE',(#7082),#16631,.F.) ;
#11932=CARTESIAN_POINT('NONE',(-5.570272543836,11.360961024704,3.75852549));
#11933=CARTESIAN_POINT('NONE',(-5.933719181097,10.428616531006,3.757609));
#11934 =(NAMED_UNIT(*) PLANE_ANGLE_UNIT() SI_UNIT($,.RADIAN.));
#11935 = SURFACE_STYLE_USAGE(.BOTH.,#15239) ;
#11936=CARTESIAN_POINT('NONE',(-5.480220873091,11.177998900022,3.75852549));
#11937 =(NAMED_UNIT(*) PLANE_ANGLE_UNIT() SI_UNIT($,.RADIAN.));
#11938=CARTESIAN_POINT('NONE',(6.41543,-10.906231,2.291225));
#11939 =(GEOMETRIC_REPRESENTATION_CONTEXT(3) GLOBAL_UNCERTAINTY_ASSIGNED_CONTEXT((#4613)) GLOBAL_UNIT_ASSIGNED_CONTEXT((#9515,#5960,#4785)) REPRESENTATION_CONTEXT('NONE','WORKASPACE'));
#11940 = MECHANICAL_DESIGN_GEOMETRIC_PRESENTATION_REPRESENTATION('',(#4887),#10941) ;
#11941=DIRECTION('NONE',(0.,0.,-1.));
#11942 = ORIENTED_EDGE('NONE',*,*,#9233,.F.) ;
#11943 = B_SPLINE_CURVE_WITH_KNOTS('NONE',3,(#10319,#9109,#16525,#1881),.UNSPECIFIED.,.F.,.F.,(4,4),(4.000000000000,5.000000000000),.UNSPECIFIED.) ;
#11944 =(NAMED_UNIT(*) SI_UNIT($,.STERADIAN.) SOLID_ANGLE_UNIT());
#11945 = STYLED_ITEM('NONE',(#2223),#6381) ;
#11946 = ADVANCED_FACE('NONE',(#13559,#9936),#14582,.T.) ;
#11947=CARTESIAN_POINT('NONE',(-8.004010100733,11.32580918625,3.75852549));
#11948 =(LENGTH_UNIT() NAMED_UNIT(*) SI_UNIT(.MILLI.,.METRE.));
#11949 = VERTEX_POINT('NONE',#12302) ;
#11950 =(LENGTH_UNIT() NAMED_UNIT(*) SI_UNIT(.MILLI.,.METRE.));
#11951=CARTESIAN_POINT('NONE',(-6.388170416835,10.607385773666,3.75852549));
#11952 = PRESENTATION_STYLE_ASSIGNMENT((#10552)) ;
#11953 = COLOUR_RGB('',1.,1.,1.) ;
#11954=CARTESIAN_POINT('NONE',(-5.803549252808,11.030676272542,3.75852549));
#11955=DIRECTION('NONE',(0.,0.,-1.));
#11956=CARTESIAN_POINT('NONE',(9.163813426757,-6.233769380297,2.2728952));
#11957=DIRECTION('NONE',(-1.,0.,0.));
#11958=CARTESIAN_POINT('NONE',(-5.489083101006,10.439289321614,3.757609));
#11959 = VERTEX_POINT('NONE',#7480) ;
#11960=CARTESIAN_POINT('NONE',(5.49894,-12.224577336448,2.739839260865));
#11961 = ORIENTED_EDGE('NONE',*,*,#5394,.T.) ;
#11962 = B_SPLINE_SURFACE_WITH_KNOTS('NONE',3,1,((#3585,#7834),(#5027,#14646),(#6282,#8647),(#9000,#8489),(#9846,#15906),(#8568,#2508)),.UNSPECIFIED.,.F.,.F.,.F.,(4,2,4),(2,2),(2.000000000000,3.000000000000,4.000000000000),(0.,1.),.UNSPECIFIED.) ;
#11963 =(NAMED_UNIT(*) SI_UNIT($,.STERADIAN.) SOLID_ANGLE_UNIT());
#11964=VECTOR('NONE',#6509,916.49);
#11965 = ADVANCED_FACE('NONE',(#7708),#5268,.T.) ;
#11966=CARTESIAN_POINT('NONE',(-6.078659489245,11.049734827198,3.75852549));
#11967 = PRESENTATION_STYLE_ASSIGNMENT((#13150)) ;
#11968 = ORIENTED_EDGE('NONE',*,*,#2134,.F.) ;
#11969 = LINE('NONE',#5747,#3238) ;
#11970 = FILL_AREA_STYLE('',(#16553)) ;
#11971=CARTESIAN_POINT('NONE',(-8.208095969375,10.294778193103,3.75852549));
#11972=DIRECTION('NONE',(-1.,0.,0.));
#11973 = B_SPLINE_CURVE_WITH_KNOTS('NONE',3,(#12042,#10875,#4865,#14480),.UNSPECIFIED.,.F.,.F.,(4,4),(6.000000000000,7.000000000000),.UNSPECIFIED.) ;
#11974=CARTESIAN_POINT('NONE',(-5.248945312361,11.287204418192,3.75852549));
#11975=CARTESIAN_POINT('NONE',(-6.110487275519,10.568125151077,3.757609));
#11976 = STYLED_ITEM('NONE',(#4042),#4346) ;
#11977 = EDGE_CURVE('NONE',#5437,#8539,#2981,.T.) ;
#11978 = PLANE('NONE',#14551) ;
#11979 = EDGE_CURVE('NONE',#6348,#11928,#11492,.T.) ;
#11980 =(NAMED_UNIT(*) PLANE_ANGLE_UNIT() SI_UNIT($,.RADIAN.));
#11981 = ADVANCED_FACE('NONE',(#12669),#16451,.F.) ;
#11982 = MECHANICAL_DESIGN_GEOMETRIC_PRESENTATION_REPRESENTATION('',(#2911),#9448) ;
#11983 = ORIENTED_EDGE('NONE',*,*,#2482,.F.) ;
#11984 = ORIENTED_EDGE('NONE',*,*,#15649,.T.) ;
#11985 = ORIENTED_EDGE('NONE',*,*,#9042,.F.) ;
#11986 = EDGE_LOOP('NONE',(#3101,#6943)) ;
#11987=VECTOR('NONE',#6262,916.49);
#11988 = FACE_OUTER_BOUND('NONE',#10675,.T.) ;
#11989=CARTESIAN_POINT('NONE',(-8.520850904654,11.039558925569,3.757609));
#11990 =(NAMED_UNIT(*) PLANE_ANGLE_UNIT() SI_UNIT($,.RADIAN.));
#11991 = SURFACE_SIDE_STYLE('',(#7168)) ;
#11992 = ORIENTED_EDGE('NONE',*,*,#9672,.F.) ;
#11993 =(GEOMETRIC_REPRESENTATION_CONTEXT(3) GLOBAL_UNCERTAINTY_ASSIGNED_CONTEXT((#15442)) GLOBAL_UNIT_ASSIGNED_CONTEXT((#5938,#9249,#8085)) REPRESENTATION_CONTEXT('NONE','WORKASPACE'));
#11994=VECTOR('NONE',#8606,916.49);
#11995 = FILL_AREA_STYLE_COLOUR('',#13267) ;
#11996 = SURFACE_STYLE_USAGE(.BOTH.,#5919) ;
#11997 = FILL_AREA_STYLE('',(#4340)) ;
#11998 = SURFACE_STYLE_FILL_AREA(#9719) ;
#11999=CARTESIAN_POINT('NONE',(-7.640896298254,11.460982940121,3.75852549));
#12000 = ORIENTED_EDGE('NONE',*,*,#7716,.T.) ;
#12001 = ORIENTED_EDGE('NONE',*,*,#9119,.T.) ;
#12002 = ORIENTED_EDGE('NONE',*,*,#3463,.F.) ;
#12003 = EDGE_CURVE('NONE',#4315,#14641,#10322,.T.) ;
#12004=VECTOR('NONE',#3054,916.49);
#12005 = VERTEX_POINT('NONE',#3280) ;
#12006 =(GEOMETRIC_REPRESENTATION_CONTEXT(3) GLOBAL_UNCERTAINTY_ASSIGNED_CONTEXT((#10882)) GLOBAL_UNIT_ASSIGNED_CONTEXT((#15773,#7411,#12080)) REPRESENTATION_CONTEXT('NONE','WORKASPACE'));
#12007 = PRESENTATION_LAYER_ASSIGNMENT('','',(#3184)) ;
#12008 = SURFACE_STYLE_FILL_AREA(#14383) ;
#12009 =(LENGTH_UNIT() NAMED_UNIT(*) SI_UNIT(.MILLI.,.METRE.));
#12010=CARTESIAN_POINT('NONE',(-6.388170416835,10.56469461124,3.75852549));
#12011 = FILL_AREA_STYLE_COLOUR('',#2174) ;
#12012 = PRESENTATION_STYLE_ASSIGNMENT((#8385)) ;
#12013 = COLOUR_RGB('',1.,1.,1.) ;
#12014 = B_SPLINE_CURVE_WITH_KNOTS('NONE',3,(#15481,#10235,#4601,#7038),.UNSPECIFIED.,.F.,.F.,(4,4),(4.000000000000,5.000000000000),.UNSPECIFIED.) ;
#12015=CARTESIAN_POINT('NONE',(-6.521485006643,10.726692325804,3.75852549));
#12016=CARTESIAN_POINT('NONE',(-5.99785121751,10.428616531006,3.757609));
#12017 = PRESENTATION_LAYER_ASSIGNMENT('','',(#6700)) ;
#12018=DIRECTION('NONE',(-1.,0.,0.));
#12019 = LINE('NONE',#11938,#2300) ;
#12020 = STYLED_ITEM('NONE',(#11115),#13132) ;
#12021=CARTESIAN_POINT('NONE',(-6.101910925924,11.362104537985,3.757609));
#12022=CARTESIAN_POINT('NONE',(-12.372615,9.073251,3.757609));
#12023 = LINE('NONE',#8635,#10616) ;
#12024 = PRESENTATION_LAYER_ASSIGNMENT('','',(#10059)) ;
#12025=VECTOR('NONE',#11273,916.49);
#12026 = ORIENTED_EDGE('NONE',*,*,#2482,.T.) ;
#12027 = STYLED_ITEM('NONE',(#2062),#13798) ;
#12028 = COLOUR_RGB('',1.,1.,1.) ;
#12029 = COLOUR_RGB('',0.949019607843,0.760784313725,0.180392156862) ;
#12030=CARTESIAN_POINT('NONE',(-7.121405088169,10.403447240782,3.75852549));
#12031=UNCERTAINTY_MEASURE_WITH_UNIT(LENGTH_MEASURE(9.164900000000001E-6),#5169,'distance_accuracy_value','NONE');
#12032=CARTESIAN_POINT('NONE',(-5.927334565289,10.489985076993,3.75852549));
#12033=DIRECTION('NONE',(0.,0.,-1.));
#12034=DIRECTION('NONE',(-0.34160383069,0.939844041774,0.));
#12035 = ORIENTED_EDGE('NONE',*,*,#15081,.F.) ;
#12036=CARTESIAN_POINT('NONE',(-5.806979792645,10.31140641988,3.757609));
#12037 =(LENGTH_UNIT() NAMED_UNIT(*) SI_UNIT(.MILLI.,.METRE.));
#12038 =(GEOMETRIC_REPRESENTATION_CONTEXT(3) GLOBAL_UNCERTAINTY_ASSIGNED_CONTEXT((#5477)) GLOBAL_UNIT_ASSIGNED_CONTEXT((#12043,#9601,#9767)) REPRESENTATION_CONTEXT('NONE','WORKASPACE'));
#12039 =(GEOMETRIC_REPRESENTATION_CONTEXT(3) GLOBAL_UNCERTAINTY_ASSIGNED_CONTEXT((#14136)) GLOBAL_UNIT_ASSIGNED_CONTEXT((#6670,#13962,#11660)) REPRESENTATION_CONTEXT('NONE','WORKASPACE'));
#12040 = PLANE('NONE',#11370) ;
#12041=CARTESIAN_POINT('NONE',(-7.72571121652,10.512116389569,3.75852549));
#12042=CARTESIAN_POINT('NONE',(-6.239990154395,10.390499421698,3.75852549));
#12043 =(LENGTH_UNIT() NAMED_UNIT(*) SI_UNIT(.MILLI.,.METRE.));
#12044 = VERTEX_POINT('NONE',#5346) ;
#12045 = EDGE_CURVE('NONE',#7210,#6550,#9185,.T.) ;
#12046 = ORIENTED_EDGE('NONE',*,*,#3401,.T.) ;
#12047=CARTESIAN_POINT('NONE',(9.163813426757,-6.233769380297,2.1812462));
#12048=VECTOR('NONE',#7892,916.49);
#12049=CIRCLE('NONE',#2948,1.6955065);
#12050=UNCERTAINTY_MEASURE_WITH_UNIT(LENGTH_MEASURE(9.164900000000001E-6),#2961,'distance_accuracy_value','NONE');
#12051 = ORIENTED_EDGE('NONE',*,*,#11187,.T.) ;
#12052=CARTESIAN_POINT('NONE',(-1.6221873,10.906231,3.8034335));
#12053 = LINE('NONE',#2207,#7277) ;
#12054 = SURFACE_STYLE_FILL_AREA(#11178) ;
#12055=CARTESIAN_POINT('NONE',(-8.208095969375,10.294778193103,3.757609));
#12056=DIRECTION('NONE',(1.,0.,0.));
#12057 = SURFACE_STYLE_FILL_AREA(#11901) ;
#12058=DIRECTION('NONE',(0.,1.,0.));
#12059 =(GEOMETRIC_REPRESENTATION_CONTEXT(3) GLOBAL_UNCERTAINTY_ASSIGNED_CONTEXT((#1869)) GLOBAL_UNIT_ASSIGNED_CONTEXT((#8127,#11745,#15757)) REPRESENTATION_CONTEXT('NONE','WORKASPACE'));
#12060=UNCERTAINTY_MEASURE_WITH_UNIT(LENGTH_MEASURE(9.164900000000001E-6),#2566,'distance_accuracy_value','NONE');
#12061=CARTESIAN_POINT('NONE',(-5.708351772308,10.356575194414,3.757609));
#12062 = MECHANICAL_DESIGN_GEOMETRIC_PRESENTATION_REPRESENTATION('',(#8778),#6015) ;
#12063=CARTESIAN_POINT('NONE',(-5.480220873091,11.224501773379,3.757609));
#12064 = EDGE_CURVE('NONE',#11015,#14591,#8455,.T.) ;
#12065 = ORIENTED_EDGE('NONE',*,*,#15339,.F.) ;
#12066=CARTESIAN_POINT('NONE',(-1.9887833,10.906231,3.8034335));
#12067 = VERTEX_POINT('NONE',#15264) ;
#12068 = ORIENTED_EDGE('NONE',*,*,#9735,.F.) ;
#12069 = ADVANCED_FACE('NONE',(#4302,#10238),#12819,.F.) ;
#12070 = EDGE_LOOP('NONE',(#12620,#3621,#3079,#11050)) ;
#12071=AXIS2_PLACEMENT_3D('NONE',#11180,#16077,#5269);
#12072 = EDGE_CURVE('NONE',#3724,#10883,#3588,.T.) ;
#12073=DIRECTION('NONE',(0.,0.,-1.));
#12074=CARTESIAN_POINT('NONE',(-10.631284,-10.906231,3.8034335));
#12075=CARTESIAN_POINT('NONE',(-4.981553790559,10.483886339505,3.75852549));
#12076=CARTESIAN_POINT('NONE',(-6.277059043198,10.471879450071,3.757609));
#12077 = SURFACE_STYLE_FILL_AREA(#7499) ;
#12078 = VERTEX_POINT('NONE',#14478) ;
#12079=VECTOR('NONE',#12034,916.49);
#12080 =(NAMED_UNIT(*) SI_UNIT($,.STERADIAN.) SOLID_ANGLE_UNIT());
#12081=DIRECTION('NONE',(0.,0.,-1.));
#12082 = LINE('NONE',#2384,#15910) ;
#12083 = SURFACE_STYLE_USAGE(.BOTH.,#3871) ;
#12084=DIRECTION('NONE',(0.,0.,-1.));
#12085 = FILL_AREA_STYLE('',(#4829)) ;
#12086 = EDGE_CURVE('NONE',#14529,#6702,#13213,.T.) ;
#12087 = ORIENTED_EDGE('NONE',*,*,#6991,.F.) ;
#12088 = ORIENTED_EDGE('NONE',*,*,#14948,.T.) ;
#12089 = ORIENTED_EDGE('NONE',*,*,#6660,.F.) ;
#12090=VECTOR('NONE',#8865,916.49);
#12091 = ORIENTED_EDGE('NONE',*,*,#1682,.F.) ;
#12092 = MECHANICAL_DESIGN_GEOMETRIC_PRESENTATION_REPRESENTATION('',(#16617),#5779) ;
#12093 = EDGE_CURVE('NONE',#14529,#12936,#1249,.T.) ;
#12094 = EDGE_CURVE('NONE',#2051,#9086,#15505,.T.) ;
#12095=CARTESIAN_POINT('NONE',(-5.448393086819,11.075273290434,3.75852549));
#12096 = PRESENTATION_LAYER_ASSIGNMENT('','',(#1278)) ;
#12097 = MECHANICAL_DESIGN_GEOMETRIC_PRESENTATION_REPRESENTATION('',(#1279),#15611) ;
#12098=DIRECTION('NONE',(0.,0.,1.));
#12099=DIRECTION('NONE',(0.,0.,-1.));
#12100=CARTESIAN_POINT('NONE',(10.631284,-10.906231,2.291225));
#12101 = PRESENTATION_STYLE_ASSIGNMENT((#14457)) ;
#12102=CARTESIAN_POINT('NONE',(-7.447412332308,10.522718090052,3.757609));
#12103=CARTESIAN_POINT('NONE',(-7.36524794027,10.55982464839,3.75852549));
#12105 = FILL_AREA_STYLE('',(#14317)) ;
#12104=DIRECTION('NONE',(0.,0.,-1.));
#12106=CARTESIAN_POINT('NONE',(-6.36911186218,10.396788744734,3.75852549));
#12107 = ORIENTED_EDGE('NONE',*,*,#7608,.F.) ;
#12108 = B_SPLINE_SURFACE_WITH_KNOTS('NONE',3,1,((#11926,#15703),(#11573,#12824),(#3876,#5573),(#13953,#5211)),.UNSPECIFIED.,.F.,.F.,.F.,(4,4),(2,2),(23.000000000000,24.000000000000),(0.,1.),.UNSPECIFIED.) ;
#12109 = ADVANCED_FACE('NONE',(#10631,#8258),#2116,.T.) ;
#12110=CARTESIAN_POINT('NONE',(-5.054262176566,10.691624585239,3.757609));
#12111 = ORIENTED_EDGE('NONE',*,*,#16408,.F.) ;
#12112=VECTOR('NONE',#4603,916.49);
#12113 =(LENGTH_UNIT() NAMED_UNIT(*) SI_UNIT(.MILLI.,.METRE.));
#12114 = SURFACE_SIDE_STYLE('',(#9671)) ;
#12115 =(NAMED_UNIT(*) SI_UNIT($,.STERADIAN.) SOLID_ANGLE_UNIT());
#12116 = ORIENTED_EDGE('NONE',*,*,#13033,.T.) ;
#12117=CARTESIAN_POINT('NONE',(-5.833471183615,10.316742815185,3.757609));
#12118=CARTESIAN_POINT('NONE',(-8.398929409091,10.822220880767,3.75852549));
#12119=CARTESIAN_POINT('NONE',(6.415429999999,-12.739211,2.291225));
#12120 = FILL_AREA_STYLE_COLOUR('',#6078) ;
#12121 = SURFACE_STYLE_FILL_AREA(#7460) ;
#12122 = SURFACE_STYLE_USAGE(.BOTH.,#8340) ;
#12123 = PRESENTATION_LAYER_ASSIGNMENT('','',(#3289)) ;
#12124 = ORIENTED_EDGE('NONE',*,*,#16429,.F.) ;
#12125 = LINE('NONE',#5105,#4026) ;
#12126 = ORIENTED_EDGE('NONE',*,*,#8814,.T.) ;
#12127 = B_SPLINE_CURVE_WITH_KNOTS('NONE',3,(#10402,#11898,#5746,#4636),.UNSPECIFIED.,.F.,.F.,(4,4),(10.,11.),.UNSPECIFIED.) ;
#12128 =(LENGTH_UNIT() NAMED_UNIT(*) SI_UNIT(.MILLI.,.METRE.));
#12129 = MECHANICAL_DESIGN_GEOMETRIC_PRESENTATION_REPRESENTATION('',(#13902),#15404) ;
#12130 = FACE_OUTER_BOUND('NONE',#9539,.T.) ;
#12131 = ORIENTED_EDGE('NONE',*,*,#14970,.F.) ;
#12132 = LINE('NONE',#10884,#2203) ;
#12133=CARTESIAN_POINT('NONE',(-6.972979057033,10.514766814689,3.75852549));
#12134 =(LENGTH_UNIT() NAMED_UNIT(*) SI_UNIT(.MILLI.,.METRE.));
#12135=CARTESIAN_POINT('NONE',(-4.77486376533,10.721927687138,3.75852549));
#12136 = SURFACE_STYLE_USAGE(.BOTH.,#7240) ;
#12137=CARTESIAN_POINT('NONE',(12.3267905,10.906231,3.8034335));
#12138 = SURFACE_STYLE_FILL_AREA(#5739) ;
#12139=CARTESIAN_POINT('NONE',(-6.033681300261,10.549066596423,3.757609));
#12140 = FACE_BOUND('NONE',#4903,.T.) ;
#12141 = ORIENTED_EDGE('NONE',*,*,#5635,.T.) ;
#12142 = LINE('NONE',#12066,#10808) ;
#12143 = EDGE_LOOP('NONE',(#13106,#10556,#13356,#4574)) ;
#12144 = ORIENTED_EDGE('NONE',*,*,#15337,.F.) ;
#12145 = EDGE_LOOP('NONE',(#9890,#3631,#4310,#5985)) ;
#12146 = FILL_AREA_STYLE_COLOUR('',#6705) ;
#12147 =(NAMED_UNIT(*) PLANE_ANGLE_UNIT() SI_UNIT($,.RADIAN.));
#12148=CARTESIAN_POINT('NONE',(6.415429999999,-12.739211,3.757609));
#12149 = EDGE_CURVE('NONE',#10878,#15398,#9427,.T.) ;
#12150=DIRECTION('NONE',(0.,0.,1.));
#12151 = SURFACE_STYLE_USAGE(.BOTH.,#7793) ;
#12152 = VERTEX_POINT('NONE',#11811) ;
#12153 = EDGE_CURVE('NONE',#6853,#15804,#3508,.T.) ;
#12154=DIRECTION('NONE',(-1.,0.,0.));
#12155=CARTESIAN_POINT('NONE',(-6.105913222402,11.033153884647,3.757609));
#12156=CARTESIAN_POINT('NONE',(-7.890040101705,10.54127136922,3.75852549));
#12157 = PRESENTATION_STYLE_ASSIGNMENT((#15865)) ;
#12159 = FACE_BOUND('NONE',#5687,.T.) ;
#12158=CARTESIAN_POINT('NONE',(-5.915327675856,10.464637199304,3.75852549));
#12160 = SURFACE_STYLE_USAGE(.BOTH.,#14608) ;
#12161 = VERTEX_POINT('NONE',#3347) ;
#12162 = ORIENTED_EDGE('NONE',*,*,#14746,.F.) ;
#12163 = ORIENTED_EDGE('NONE',*,*,#14947,.T.) ;
#12164 =(NAMED_UNIT(*) PLANE_ANGLE_UNIT() SI_UNIT($,.RADIAN.));
#12165 = EDGE_LOOP('NONE',(#10595,#13587,#9061,#11063)) ;
#12166 = EDGE_CURVE('NONE',#2691,#10584,#2187,.T.) ;
#12167 = EDGE_CURVE('NONE',#9132,#15670,#9188,.T.) ;
#12168 = STYLED_ITEM('NONE',(#9776),#3904) ;
#12169 = SURFACE_STYLE_USAGE(.BOTH.,#13361) ;
#12170=CARTESIAN_POINT('NONE',(-5.635929264619,10.663036753257,3.75852549));
#12171 = FILL_AREA_STYLE_COLOUR('',#9200) ;
#12172=CARTESIAN_POINT('NONE',(-10.631284,-10.906231,2.2454005));
#12173=CARTESIAN_POINT('NONE',(-8.239901475256,10.578378028667,3.75852549));
#12174 =(GEOMETRIC_REPRESENTATION_CONTEXT(3) GLOBAL_UNCERTAINTY_ASSIGNED_CONTEXT((#8100)) GLOBAL_UNIT_ASSIGNED_CONTEXT((#14257,#13148,#11963)) REPRESENTATION_CONTEXT('NONE','WORKASPACE'));
#12175=CARTESIAN_POINT('NONE',(-6.373018865883,10.988175695663,3.75852549));
#12177=CARTESIAN_POINT('NONE',(-7.36524794027,10.55982464839,3.75852549));
#12176=CARTESIAN_POINT('NONE',(-5.235890202422,11.287204418192,3.757609));
#12178=DIRECTION('NONE',(-1.,0.,0.));
#12179=CARTESIAN_POINT('NONE',(-5.708637650627,10.462540758292,3.75852549));
#12180 = VERTEX_POINT('NONE',#6984) ;
#12181 = ADVANCED_FACE('NONE',(#4783,#9680,#6890,#11716,#14251,#16528,#15352,#3978,#1574),#4942,.T.) ;
#12182=DIRECTION('NONE',(-1.,0.,0.));
#12183 =(GEOMETRIC_REPRESENTATION_CONTEXT(3) GLOBAL_UNCERTAINTY_ASSIGNED_CONTEXT((#10776)) GLOBAL_UNIT_ASSIGNED_CONTEXT((#10161,#8947,#3271)) REPRESENTATION_CONTEXT('NONE','WORKASPACE'));
#12184 = VERTEX_POINT('NONE',#5029) ;
#12185 = B_SPLINE_CURVE_WITH_KNOTS('NONE',3,(#6543,#10191,#8838,#3014),.UNSPECIFIED.,.F.,.F.,(4,4),(11.,12.000000000000),.UNSPECIFIED.) ;
#12186 =(LENGTH_UNIT() NAMED_UNIT(*) SI_UNIT(.MILLI.,.METRE.));
#12187=UNCERTAINTY_MEASURE_WITH_UNIT(LENGTH_MEASURE(9.164900000000001E-6),#5485,'distance_accuracy_value','NONE');
#12188=DIRECTION('NONE',(0.,0.,1.));
#12189=CARTESIAN_POINT('NONE',(-8.075572640625,11.240994293262,3.75852549));
#12190=CARTESIAN_POINT('NONE',(-6.415429999999,-10.906231,3.757609));
#12191 = VERTEX_POINT('NONE',#6121) ;
#12192=AXIS2_PLACEMENT_3D('NONE',#10240,#9187,#4069);
#12193 = PRESENTATION_LAYER_ASSIGNMENT('','',(#9400)) ;
#12194 = FILL_AREA_STYLE('',(#9758)) ;
#12195=CARTESIAN_POINT('NONE',(-4.606672020505,10.396788744734,3.75852549));
#12196 = SURFACE_STYLE_FILL_AREA(#2669) ;
#12197 = B_SPLINE_SURFACE_WITH_KNOTS('NONE',3,1,((#2757,#1882),(#5409,#14159),(#9575,#16598),(#3057,#5939)),.UNSPECIFIED.,.F.,.F.,.F.,(4,4),(2,2),(9.000000000000,10.),(0.,1.),.UNSPECIFIED.) ;
#12198=DIRECTION('NONE',(0.,0.,-1.));
#12199 = ORIENTED_EDGE('NONE',*,*,#7551,.T.) ;
#12200=CARTESIAN_POINT('NONE',(-4.962781114222,10.587946047917,3.757609));
#12201 = ORIENTED_EDGE('NONE',*,*,#8207,.T.) ;
#12202 = EDGE_CURVE('NONE',#3893,#7839,#13616,.T.) ;
#12203 = EDGE_CURVE('NONE',#7101,#6157,#5619,.T.) ;
#12204=VECTOR('NONE',#15766,916.49);
#12205 = B_SPLINE_CURVE_WITH_KNOTS('NONE',3,(#8416,#15829,#1339,#9770),.UNSPECIFIED.,.F.,.F.,(4,4),(2.000000000000,3.000000000000),.UNSPECIFIED.) ;
#12206=UNCERTAINTY_MEASURE_WITH_UNIT(LENGTH_MEASURE(9.164900000000001E-6),#10335,'distance_accuracy_value','NONE');
#12207=CARTESIAN_POINT('NONE',(-6.264670982673,10.505613091809,3.75852549));
#12208 = FILL_AREA_STYLE('',(#15741)) ;
#12209 = ORIENTED_EDGE('NONE',*,*,#14168,.F.) ;
#12210 = PRESENTATION_STYLE_ASSIGNMENT((#8185)) ;
#12211=CARTESIAN_POINT('NONE',(-6.27067442739,11.064028743188,3.757609));
#12212=CARTESIAN_POINT('NONE',(-6.22236099134,11.367250347742,3.757609));
#12213 = FACE_OUTER_BOUND('NONE',#10905,.T.) ;
#12214 = FILL_AREA_STYLE('',(#7395)) ;
#12215 = SURFACE_STYLE_USAGE(.BOTH.,#13231) ;
#12216=CARTESIAN_POINT('NONE',(-6.047212874065,10.406127436515,3.757609));
#12217 = ORIENTED_EDGE('NONE',*,*,#15387,.F.) ;
#12218 = ORIENTED_EDGE('NONE',*,*,#6541,.T.) ;
#12219 = ORIENTED_EDGE('NONE',*,*,#13332,.F.) ;
#12220 = ORIENTED_EDGE('NONE',*,*,#7956,.F.) ;
#12221 = EDGE_CURVE('NONE',#16445,#9454,#8460,.T.) ;
#12222=CARTESIAN_POINT('NONE',(-5.266288597095,10.396788744734,3.757609));
#12223 = FILL_AREA_STYLE('',(#2547)) ;
#12224=CARTESIAN_POINT('NONE',(-4.962781114222,10.530198627314,3.75852549));
#12225 =(NAMED_UNIT(*) SI_UNIT($,.STERADIAN.) SOLID_ANGLE_UNIT());
#12226 = PRESENTATION_LAYER_ASSIGNMENT('','',(#9178)) ;
#12227 = ORIENTED_EDGE('NONE',*,*,#3711,.F.) ;
#12228 =(LENGTH_UNIT() NAMED_UNIT(*) SI_UNIT(.MILLI.,.METRE.));
#12229=VECTOR('NONE',#8936,916.49);
#12230=CARTESIAN_POINT('NONE',(-6.174905190251,11.024768120599,3.757609));
#12231 = LINE('NONE',#1448,#11743) ;
#12232=CARTESIAN_POINT('NONE',(-6.324419551515,10.468067739143,3.757609));
#12234 = FILL_AREA_STYLE('',(#8751)) ;
#12233=CARTESIAN_POINT('NONE',(-5.947822511542,10.631208966985,3.757609));
#12235 = STYLED_ITEM('NONE',(#6633),#12353) ;
#12236=DIRECTION('NONE',(-1.,0.,0.));
#12237 = VERTEX_POINT('NONE',#11094) ;
#12238 = ORIENTED_EDGE('NONE',*,*,#9169,.F.) ;
#12239 = VERTEX_POINT('NONE',#11022) ;
#12240=AXIS2_PLACEMENT_3D('NONE',#12100,#8227,#16680);
#12241 = ORIENTED_EDGE('NONE',*,*,#11854,.F.) ;
#12242 = MECHANICAL_DESIGN_GEOMETRIC_PRESENTATION_REPRESENTATION('',(#9991),#12975) ;
#12243 = PRESENTATION_LAYER_ASSIGNMENT('','',(#6928)) ;
#12244 =(LENGTH_UNIT() NAMED_UNIT(*) SI_UNIT(.MILLI.,.METRE.));
#12245 = FACE_OUTER_BOUND('NONE',#1188,.T.) ;
#12246 =(GEOMETRIC_REPRESENTATION_CONTEXT(3) GLOBAL_UNCERTAINTY_ASSIGNED_CONTEXT((#1841)) GLOBAL_UNIT_ASSIGNED_CONTEXT((#3526,#16645,#2210)) REPRESENTATION_CONTEXT('NONE','WORKASPACE'));
#12247=UNCERTAINTY_MEASURE_WITH_UNIT(LENGTH_MEASURE(9.164900000000001E-6),#1896,'distance_accuracy_value','NONE');
#12248=CARTESIAN_POINT('NONE',(-6.373018865883,10.988175695663,3.75852549));
#12249=DIRECTION('NONE',(0.,0.,-1.));
#12250=CARTESIAN_POINT('NONE',(-6.16699589007,11.367250347742,3.757609));
#12251=CARTESIAN_POINT('NONE',(-4.77600727861,10.721927687138,3.75852549));
#12252 = MECHANICAL_DESIGN_GEOMETRIC_PRESENTATION_REPRESENTATION('',(#3174),#15781) ;
#12253 =(GEOMETRIC_REPRESENTATION_CONTEXT(3) GLOBAL_UNCERTAINTY_ASSIGNED_CONTEXT((#12831)) GLOBAL_UNIT_ASSIGNED_CONTEXT((#8423,#13399,#7232)) REPRESENTATION_CONTEXT('NONE','WORKASPACE'));
#12254=CARTESIAN_POINT('NONE',(-5.711496433825,10.453202066511,3.75852549));
#12255 = COLOUR_RGB('',1.,1.,1.) ;
#12256 = EDGE_LOOP('NONE',(#6503,#14127,#4345,#1995)) ;
#12257 = ORIENTED_EDGE('NONE',*,*,#13240,.F.) ;
#12258 = PRESENTATION_LAYER_ASSIGNMENT('','',(#14530)) ;
#12259 = EDGE_CURVE('NONE',#16585,#11006,#14564,.T.) ;
#12260=AXIS2_PLACEMENT_3D('NONE',#11646,#14021,#1967);
#12261 = ORIENTED_EDGE('NONE',*,*,#5071,.T.) ;
#12262=AXIS2_PLACEMENT_3D('NONE',#7732,#5516,#12616);
#12263 = PRESENTATION_LAYER_ASSIGNMENT('','',(#3684)) ;
#12264 = STYLED_ITEM('NONE',(#6846),#5877) ;
#12265=VECTOR('NONE',#4360,916.49);
#12266 = SURFACE_STYLE_USAGE(.BOTH.,#5019) ;
#12267 = FACE_OUTER_BOUND('NONE',#4830,.T.) ;
#12268=CARTESIAN_POINT('NONE',(-5.013381576833,10.633114822451,3.757609));
#12269 = ADVANCED_FACE('NONE',(#7380),#1142,.F.) ;
#12270=VECTOR('NONE',#3772,916.49);
#12271 = ADVANCED_FACE('NONE',(#16363),#5650,.F.) ;
#12272 = EDGE_LOOP('NONE',(#2617,#14866,#10725,#6010,#10206,#4917,#3745,#11099)) ;
#12273 = LINE('NONE',#6196,#9982) ;
#12274=DIRECTION('NONE',(0.,0.,-1.));
#12275 =(NAMED_UNIT(*) PLANE_ANGLE_UNIT() SI_UNIT($,.RADIAN.));
#12276=CARTESIAN_POINT('NONE',(-8.565908820504,10.816919828312,3.75852549));
#12277 = SURFACE_STYLE_USAGE(.BOTH.,#14717) ;
#12278=UNCERTAINTY_MEASURE_WITH_UNIT(LENGTH_MEASURE(9.164900000000001E-6),#7760,'distance_accuracy_value','NONE');
#12279 = STYLED_ITEM('NONE',(#15688),#8032) ;
#12280 = COLOUR_RGB('',0.949019607843,0.760784313725,0.180392156862) ;
#12281=CARTESIAN_POINT('NONE',(-4.962781114222,10.643215856416,3.757609));
#12282 = EDGE_LOOP('NONE',(#12430,#3696,#5088,#4773,#7335,#9908)) ;
#12283=CARTESIAN_POINT('NONE',(-6.157180734423,10.566028710066,3.757609));
#12284 = VERTEX_POINT('NONE',#7855) ;
#12285 = COLOUR_RGB('',1.,1.,1.) ;
#12286=CARTESIAN_POINT('NONE',(5.49894,-11.091166380297,2.1812462));
#12287=CARTESIAN_POINT('NONE',(-5.769720318295,10.323794480407,3.757609));
#12288 = PRESENTATION_LAYER_ASSIGNMENT('','',(#6719)) ;
#12289=VECTOR('NONE',#9367,916.49);
#12290 = LINE('NONE',#4060,#3647) ;
#12291 = SURFACE_SIDE_STYLE('',(#3677)) ;
#12292=VECTOR('NONE',#10303,916.49);
#12293 = PRESENTATION_LAYER_ASSIGNMENT('','',(#3457)) ;
#12294 = ADVANCED_FACE('NONE',(#14002),#3129,.T.) ;
#12295 = PRESENTATION_LAYER_ASSIGNMENT('','',(#1720)) ;
#12296 = ORIENTED_EDGE('NONE',*,*,#3034,.F.) ;
#12297 =(NAMED_UNIT(*) SI_UNIT($,.STERADIAN.) SOLID_ANGLE_UNIT());
#12298 = LINE('NONE',#3915,#6308) ;
#12299 = SURFACE_STYLE_USAGE(.BOTH.,#9933) ;
#12300 = EDGE_CURVE('NONE',#13944,#10652,#15017,.T.) ;
#12301 = FILL_AREA_STYLE('',(#2760)) ;
#12302=CARTESIAN_POINT('NONE',(1.9887833,10.906231,2.2454005));
#12303 =(NAMED_UNIT(*) PLANE_ANGLE_UNIT() SI_UNIT($,.RADIAN.));
#12304=CARTESIAN_POINT('NONE',(-4.777817841302,10.710683139892,3.75852549));
#12305 = PRESENTATION_STYLE_ASSIGNMENT((#13480)) ;
#12306=CARTESIAN_POINT('NONE',(-0.339101299999,10.906231,3.8034335));
#12307=CARTESIAN_POINT('NONE',(-11.8685455,-10.906231,2.2454005));
#12308 = ORIENTED_EDGE('NONE',*,*,#8969,.T.) ;
#12309 = PRESENTATION_LAYER_ASSIGNMENT('','',(#9268)) ;
#12310 = ORIENTED_EDGE('NONE',*,*,#6129,.T.) ;
#12311 = LINE('NONE',#3790,#13053) ;
#12312 = COLOUR_RGB('',1.,1.,1.) ;
#12313 = VERTEX_POINT('NONE',#12652) ;
#12314 = STYLED_ITEM('NONE',(#7167),#10955) ;
#12315 = COLOUR_RGB('',0.776470588235,0.458823529411,0.) ;
#12316=CARTESIAN_POINT('NONE',(-6.110487275519,10.568125151077,3.757609));
#12317=CARTESIAN_POINT('NONE',(-5.880164642518,10.65731918686,3.75852549));
#12318 =(NAMED_UNIT(*) PLANE_ANGLE_UNIT() SI_UNIT($,.RADIAN.));
#12319 = LINE('NONE',#13421,#10373) ;
#12320=CARTESIAN_POINT('NONE',(-6.177192216809,10.45053386886,3.75852549));
#12321 = ORIENTED_EDGE('NONE',*,*,#2541,.T.) ;
#12322 = VERTEX_POINT('NONE',#8859) ;
#12323 = ORIENTED_EDGE('NONE',*,*,#5927,.T.) ;
#12324=CARTESIAN_POINT('NONE',(-9.163813426757,-6.233769380297,2.1812462));
#12325 = ORIENTED_EDGE('NONE',*,*,#2546,.T.) ;
#12326 = COLOUR_RGB('',0.776470588235,0.458823529411,0.) ;
#12327=UNCERTAINTY_MEASURE_WITH_UNIT(LENGTH_MEASURE(9.164900000000001E-6),#1850,'distance_accuracy_value','NONE');
#12328 = MECHANICAL_DESIGN_GEOMETRIC_PRESENTATION_REPRESENTATION('',(#11822),#12564) ;
#12329 = FACE_OUTER_BOUND('NONE',#5142,.T.) ;
#12330 = SURFACE_STYLE_USAGE(.BOTH.,#15641) ;
#12331 = B_SPLINE_SURFACE_WITH_KNOTS('NONE',3,1,((#3842,#9690),(#13316,#8349),(#1512,#6298),(#8502,#9525)),.UNSPECIFIED.,.F.,.F.,.F.,(4,4),(2,2),(17.000000000000,18.000000000000),(0.,1.),.UNSPECIFIED.) ;
#12332 = SURFACE_SIDE_STYLE('',(#15791)) ;
#12333=CARTESIAN_POINT('NONE',(-7.36524794027,10.55982464839,3.757609));
#12334=CARTESIAN_POINT('NONE',(3.4918269,10.906231,3.757609));
#12335=DIRECTION('NONE',(0.,1.,0.));
#12336 = PRESENTATION_LAYER_ASSIGNMENT('','',(#15096)) ;
#12337=CARTESIAN_POINT('NONE',(-5.8673954109,10.46921125242,3.75852549));
#12338 = LINE('NONE',#13517,#15030) ;
#12339 = ORIENTED_EDGE('NONE',*,*,#16310,.F.) ;
#12340 = ORIENTED_EDGE('NONE',*,*,#4556,.T.) ;
#12341 = PRESENTATION_LAYER_ASSIGNMENT('','',(#8797)) ;
#12342=CARTESIAN_POINT('NONE',(-6.309935049978,11.032772713554,3.75852549));
#12343 = ORIENTED_EDGE('NONE',*,*,#13066,.F.) ;
#12344 = COLOUR_RGB('',0.843137254901,0.815686274509,0.752941176470) ;
#12345 = PRESENTATION_LAYER_ASSIGNMENT('','',(#16126)) ;
#12346 = FACE_OUTER_BOUND('NONE',#2623,.T.) ;
#12347=UNCERTAINTY_MEASURE_WITH_UNIT(LENGTH_MEASURE(9.164900000000001E-6),#9682,'distance_accuracy_value','NONE');
#12348=DIRECTION('NONE',(0.,0.,1.));
#12349 = FILL_AREA_STYLE('',(#7541)) ;
#12350=VECTOR('NONE',#11808,916.49);
#12351=CARTESIAN_POINT('NONE',(-5.498939999999,-12.296305529988,2.681759674099));
#12352 = FILL_AREA_STYLE('',(#4047)) ;
#12353 = ADVANCED_FACE('NONE',(#13680),#2548,.F.) ;
#12354 = EDGE_CURVE('NONE',#4464,#1374,#1528,.T.) ;
#12355=DIRECTION('NONE',(0.,0.,-1.));
#12356=VECTOR('NONE',#9598,916.49);
#12357 = PRESENTATION_STYLE_ASSIGNMENT((#10947)) ;
#12358=CARTESIAN_POINT('NONE',(-7.03924069613,10.763910517033,3.75852549));
#12359 = PRESENTATION_STYLE_ASSIGNMENT((#11168)) ;
#12360=CARTESIAN_POINT('NONE',(-8.359172425633,11.201237309804,3.757609));
#12361 =(NAMED_UNIT(*) PLANE_ANGLE_UNIT() SI_UNIT($,.RADIAN.));
#12362 = ORIENTED_EDGE('NONE',*,*,#8972,.F.) ;
#12363=AXIS2_PLACEMENT_3D('NONE',#3262,#9250,#12018);
#12364=UNCERTAINTY_MEASURE_WITH_UNIT(LENGTH_MEASURE(9.164900000000001E-6),#4666,'distance_accuracy_value','NONE');
#12365=CARTESIAN_POINT('NONE',(-5.806979792645,10.31140641988,3.757609));
#12366 = ADVANCED_FACE('NONE',(#15168),#9435,.F.) ;
#12367 =(GEOMETRIC_REPRESENTATION_CONTEXT(3) GLOBAL_UNCERTAINTY_ASSIGNED_CONTEXT((#8793)) GLOBAL_UNIT_ASSIGNED_CONTEXT((#13393,#12361,#7785)) REPRESENTATION_CONTEXT('NONE','WORKASPACE'));
#12368=CARTESIAN_POINT('NONE',(-5.759142820463,10.348951772551,3.757609));
#12369 = SURFACE_STYLE_USAGE(.BOTH.,#8802) ;
#12370 = EDGE_CURVE('NONE',#9175,#7223,#16514,.T.) ;
#12371=CARTESIAN_POINT('NONE',(-5.248945312361,11.287204418192,3.757609));
#12372 = FILL_AREA_STYLE('',(#16074)) ;
#12373=CARTESIAN_POINT('NONE',(-6.268006229738,11.348954135274,3.757609));
#12374 = SURFACE_SIDE_STYLE('',(#1648)) ;
#12375 = LINE('NONE',#15676,#11558) ;
#12376=CARTESIAN_POINT('NONE',(-4.7821060161,10.695817467263,3.75852549));
#12377=CARTESIAN_POINT('NONE',(-5.630878747636,11.030676272542,3.75852549));
#12378=DIRECTION('NONE',(0.,0.,-1.));
#12379 = COLOUR_RGB('',1.,1.,1.) ;
#12380 = B_SPLINE_CURVE_WITH_KNOTS('NONE',3,(#4185,#12862,#15227,#10433),.UNSPECIFIED.,.F.,.F.,(4,4),(5.000000000000,6.000000000000),.UNSPECIFIED.) ;
#12381 = PRESENTATION_STYLE_ASSIGNMENT((#12437)) ;
#12382 = VERTEX_POINT('NONE',#10450) ;
#12383 = ADVANCED_FACE('NONE',(#15327),#9489,.F.) ;
#12384 = ORIENTED_EDGE('NONE',*,*,#12513,.T.) ;
#12385 = FACE_OUTER_BOUND('NONE',#11110,.T.) ;
#12386 = SURFACE_SIDE_STYLE('',(#3857)) ;
#12387=AXIS2_PLACEMENT_3D('NONE',#12685,#2779,#10259);
#12388=CARTESIAN_POINT('NONE',(-6.033681300261,10.549066596423,3.75852549));
#12389=CARTESIAN_POINT('NONE',(-9.163813426757,-3.301001380297,2.2728952));
#12390 = ORIENTED_EDGE('NONE',*,*,#15555,.F.) ;
#12391 = FILL_AREA_STYLE('',(#6597)) ;
#12392 = FILL_AREA_STYLE_COLOUR('',#5002) ;
#12393 = SURFACE_SIDE_STYLE('',(#7886)) ;
#12395 = FACE_BOUND('NONE',#10736,.T.) ;
#12394=CARTESIAN_POINT('NONE',(-5.943248458425,10.390499421698,3.75852549));
#12396 =(NAMED_UNIT(*) SI_UNIT($,.STERADIAN.) SOLID_ANGLE_UNIT());
#12397=CARTESIAN_POINT('NONE',(-12.3267905,10.906231,3.8034335));
#12398 = ORIENTED_EDGE('NONE',*,*,#10639,.F.) ;
#12399 = ORIENTED_EDGE('NONE',*,*,#14541,.F.) ;
#12400 = EDGE_LOOP('NONE',(#6380,#15355,#8643,#14611)) ;
#12401 = ORIENTED_EDGE('NONE',*,*,#13085,.F.) ;
#12402 = ADVANCED_FACE('NONE',(#16434,#4522),#9335,.T.) ;
#12403=UNCERTAINTY_MEASURE_WITH_UNIT(LENGTH_MEASURE(9.164900000000001E-6),#2646,'distance_accuracy_value','NONE');
#12404 = FACE_OUTER_BOUND('NONE',#7389,.T.) ;
#12405=CARTESIAN_POINT('NONE',(-5.833471183615,10.275195166038,3.757609));
#12406 = PLANE('NONE',#1436) ;
#12407 = SURFACE_SIDE_STYLE('',(#1923)) ;
#12408 =(NAMED_UNIT(*) SI_UNIT($,.STERADIAN.) SOLID_ANGLE_UNIT());
#12409 = LINE('NONE',#8773,#13024) ;
#12410=CARTESIAN_POINT('NONE',(-5.626781158386,11.360961024704,3.757609));
#12411 = ORIENTED_EDGE('NONE',*,*,#9877,.F.) ;
#12412 = EDGE_CURVE('NONE',#5158,#6859,#9899,.T.) ;
#12413 = ORIENTED_EDGE('NONE',*,*,#7841,.F.) ;
#12414 = ORIENTED_EDGE('NONE',*,*,#7661,.T.) ;
#12415=CARTESIAN_POINT('NONE',(-8.324716444077,10.422000519952,3.75852549));
#12416=CARTESIAN_POINT('NONE',(-5.498939999999,-11.091166380297,4.399152));
#12417=CARTESIAN_POINT('NONE',(-7.990757772912,10.220565177537,3.75852549));
#12418=CARTESIAN_POINT('NONE',(-6.263527469394,10.440814005985,3.75852549));
#12419=CARTESIAN_POINT('NONE',(-5.480220873091,11.131496026664,3.75852549));
#12420 = MECHANICAL_DESIGN_GEOMETRIC_PRESENTATION_REPRESENTATION('',(#15693),#14193) ;
#12421 = FILL_AREA_STYLE('',(#1334)) ;
#12422 = LINE('NONE',#12576,#11083) ;
#12423 = PRESENTATION_LAYER_ASSIGNMENT('','',(#11929)) ;
#12424=UNCERTAINTY_MEASURE_WITH_UNIT(LENGTH_MEASURE(9.164900000000001E-6),#4607,'distance_accuracy_value','NONE');
#12425=CARTESIAN_POINT('NONE',(-6.972979057033,10.514766814689,3.757609));
#12426 = SURFACE_SIDE_STYLE('',(#10312)) ;
#12427 = ORIENTED_EDGE('NONE',*,*,#3964,.T.) ;
#12428=DIRECTION('NONE',(0.,-1.,0.));
#12429=CARTESIAN_POINT('NONE',(-7.222122759376,10.395495864311,3.75852549));
#12430 = ORIENTED_EDGE('NONE',*,*,#12300,.F.) ;
#12431=CARTESIAN_POINT('NONE',(-4.748658252679,10.769574073776,3.75852549));
#12432 = SURFACE_SIDE_STYLE('',(#11042)) ;
#12433 = FILL_AREA_STYLE('',(#16075)) ;
#12434=CARTESIAN_POINT('NONE',(-6.157180734423,10.566028710066,3.757609));
#12435 =(NAMED_UNIT(*) PLANE_ANGLE_UNIT() SI_UNIT($,.RADIAN.));
#12436=DIRECTION('NONE',(0.,0.,-1.));
#12437 = SURFACE_STYLE_USAGE(.BOTH.,#6446) ;
#12438 = ORIENTED_EDGE('NONE',*,*,#4488,.T.) ;
#12439 = EDGE_CURVE('NONE',#1908,#5056,#6568,.T.) ;
#12440 = B_SPLINE_SURFACE_WITH_KNOTS('NONE',3,1,((#15714,#4915),(#8551,#13039),(#3642,#2252),(#12177,#8319)),.UNSPECIFIED.,.F.,.F.,.F.,(4,4),(2,2),(26.000000000000,27.000000000000),(0.,1.),.UNSPECIFIED.) ;
#12441 = ORIENTED_EDGE('NONE',*,*,#12920,.T.) ;
#12442=CARTESIAN_POINT('NONE',(-5.116678943059,10.439289321614,3.757609));
#12443 = COLOUR_RGB('',0.843137254901,0.815686274509,0.752941176470) ;
#12444=CARTESIAN_POINT('NONE',(-6.521485006643,10.726692325804,3.75852549));
#12445 =(NAMED_UNIT(*) SI_UNIT($,.STERADIAN.) SOLID_ANGLE_UNIT());
#12446 =(LENGTH_UNIT() NAMED_UNIT(*) SI_UNIT(.MILLI.,.METRE.));
#12447 = ADVANCED_FACE('NONE',(#13365),#2577,.F.) ;
#12448 = ORIENTED_EDGE('NONE',*,*,#8112,.F.) ;
#12449 = EDGE_CURVE('NONE',#14048,#11774,#13274,.T.) ;
#12450 = EDGE_CURVE('NONE',#9086,#5591,#9825,.T.) ;
#12451=CARTESIAN_POINT('NONE',(-5.485843146716,11.040396135416,3.75852549));
#12452=CARTESIAN_POINT('NONE',(-1.163942299999,10.906231,3.8034335));
#12453=CARTESIAN_POINT('NONE',(-10.631284,10.906231,3.8034335));
#12454 = FACE_BOUND('NONE',#14179,.T.) ;
#12455 = MECHANICAL_DESIGN_GEOMETRIC_PRESENTATION_REPRESENTATION('',(#15729),#5652) ;
#12456 = FILL_AREA_STYLE('',(#12687)) ;
#12457 = FILL_AREA_STYLE('',(#2848)) ;
#12458 = ORIENTED_EDGE('NONE',*,*,#5861,.F.) ;
#12459 = VERTEX_POINT('NONE',#6341) ;
#12460 = VERTEX_POINT('NONE',#1312) ;
#12461 = VERTEX_POINT('NONE',#12015) ;
#12462=VECTOR('NONE',#5803,916.49);
#12463 = FILL_AREA_STYLE_COLOUR('',#4172) ;
#12464 = FILL_AREA_STYLE_COLOUR('',#16058) ;
#12465 =(NAMED_UNIT(*) SI_UNIT($,.STERADIAN.) SOLID_ANGLE_UNIT());
#12466 = FILL_AREA_STYLE('',(#15220)) ;
#12467=AXIS2_PLACEMENT_3D('NONE',#15430,#14337,#14174);
#12468=CARTESIAN_POINT('NONE',(-6.017005064938,10.647980495079,3.757609));
#12469=CARTESIAN_POINT('NONE',(-6.298404624412,10.644359369696,3.75852549));
#12470 = EDGE_CURVE('NONE',#13218,#7514,#3565,.T.) ;
#12472 = FACE_OUTER_BOUND('NONE',#1477,.T.) ;
#12471 = PRESENTATION_STYLE_ASSIGNMENT((#5229)) ;
#12473 = EDGE_CURVE('NONE',#13442,#4795,#10925,.T.) ;
#12474 = EDGE_LOOP('NONE',(#7275,#8506,#3233,#5442)) ;
#12475 = ORIENTED_EDGE('NONE',*,*,#7355,.T.) ;
#12476 =(NAMED_UNIT(*) SI_UNIT($,.STERADIAN.) SOLID_ANGLE_UNIT());
#12477 = MECHANICAL_DESIGN_GEOMETRIC_PRESENTATION_REPRESENTATION('',(#15247),#4672) ;
#12478 = ORIENTED_EDGE('NONE',*,*,#2932,.F.) ;
#12479=VECTOR('NONE',#11073,916.49);
#12480=DIRECTION('NONE',(0.,0.,-1.));
#12481=UNCERTAINTY_MEASURE_WITH_UNIT(LENGTH_MEASURE(9.164900000000001E-6),#9541,'distance_accuracy_value','NONE');
#12482=CARTESIAN_POINT('NONE',(-5.498939999999,-12.418771579374,3.708937885747));
#12483=CARTESIAN_POINT('NONE',(-8.1338828527,11.087267437159,3.757609));
#12484 =(GEOMETRIC_REPRESENTATION_CONTEXT(3) GLOBAL_UNCERTAINTY_ASSIGNED_CONTEXT((#10145)) GLOBAL_UNIT_ASSIGNED_CONTEXT((#9401,#10602,#2092)) REPRESENTATION_CONTEXT('NONE','WORKASPACE'));
#12485 = SURFACE_STYLE_FILL_AREA(#2880) ;
#12486=CARTESIAN_POINT('NONE',(-5.480220873091,11.131496026664,3.757609));
#12487=DIRECTION('NONE',(0.,0.,1.));
#12488=CARTESIAN_POINT('NONE',(-4.77486376533,10.721927687138,3.75852549));
#12489 = COLOUR_RGB('',1.,1.,1.) ;
#12490=DIRECTION('NONE',(0.,0.,-1.));
#12491 = PRESENTATION_STYLE_ASSIGNMENT((#13933)) ;
#12492 =(NAMED_UNIT(*) SI_UNIT($,.STERADIAN.) SOLID_ANGLE_UNIT());
#12493=DIRECTION('NONE',(0.,0.,-1.));
#12494 = EDGE_LOOP('NONE',(#13104,#10314,#5670,#5379)) ;
#12495 = MECHANICAL_DESIGN_GEOMETRIC_PRESENTATION_REPRESENTATION('',(#9749),#12253) ;
#12496=CIRCLE('NONE',#1953,0.458245);
#12497 =(GEOMETRIC_REPRESENTATION_CONTEXT(3) GLOBAL_UNCERTAINTY_ASSIGNED_CONTEXT((#15785)) GLOBAL_UNIT_ASSIGNED_CONTEXT((#10112,#16091,#5281)) REPRESENTATION_CONTEXT('NONE','WORKASPACE'));
#12498 = B_SPLINE_CURVE_WITH_KNOTS('NONE',3,(#11130,#10756,#6389,#5865),.UNSPECIFIED.,.F.,.F.,(4,4),(4.000000000000,5.000000000000),.UNSPECIFIED.) ;
#12499 = FACE_OUTER_BOUND('NONE',#14904,.T.) ;
#12500=UNCERTAINTY_MEASURE_WITH_UNIT(LENGTH_MEASURE(9.164900000000001E-6),#9577,'distance_accuracy_value','NONE');
#12501 =(NAMED_UNIT(*) SI_UNIT($,.STERADIAN.) SOLID_ANGLE_UNIT());
#12502=CARTESIAN_POINT('NONE',(-12.3267905,10.906231,2.291225));
#12503 = VERTEX_POINT('NONE',#2722) ;
#12504 = SURFACE_SIDE_STYLE('',(#14817)) ;
#12505=CARTESIAN_POINT('NONE',(-5.976219757977,10.513808270312,3.757609));
#12506=AXIS2_PLACEMENT_3D('NONE',#2385,#8373,#14683);
#12507 =(GEOMETRIC_REPRESENTATION_CONTEXT(3) GLOBAL_UNCERTAINTY_ASSIGNED_CONTEXT((#7319)) GLOBAL_UNIT_ASSIGNED_CONTEXT((#9069,#5593,#9140)) REPRESENTATION_CONTEXT('NONE','WORKASPACE'));
#12508=VECTOR('NONE',#7236,916.49);
#12509 = FACE_OUTER_BOUND('NONE',#2480,.T.) ;
#12510 = SURFACE_STYLE_FILL_AREA(#12214) ;
#12511 = FACE_BOUND('NONE',#11383,.T.) ;
#12512 =(GEOMETRIC_REPRESENTATION_CONTEXT(3) GLOBAL_UNCERTAINTY_ASSIGNED_CONTEXT((#11403)) GLOBAL_UNIT_ASSIGNED_CONTEXT((#4188,#13019,#4590)) REPRESENTATION_CONTEXT('NONE','WORKASPACE'));
#12513 = EDGE_CURVE('NONE',#1121,#5156,#7526,.T.) ;
#12514 = EDGE_CURVE('NONE',#5156,#5947,#3924,.T.) ;
#12515 = MECHANICAL_DESIGN_GEOMETRIC_PRESENTATION_REPRESENTATION('',(#15531),#11510) ;
#12516 = FACE_OUTER_BOUND('NONE',#10750,.T.) ;
#12517 = ORIENTED_EDGE('NONE',*,*,#13309,.T.) ;
#12518=AXIS2_PLACEMENT_3D('NONE',#8806,#7561,#2682);
#12519=VECTOR('NONE',#14596,916.49);
#12520 =(GEOMETRIC_REPRESENTATION_CONTEXT(3) GLOBAL_UNCERTAINTY_ASSIGNED_CONTEXT((#13686)) GLOBAL_UNIT_ASSIGNED_CONTEXT((#5049,#4967,#8588)) REPRESENTATION_CONTEXT('NONE','WORKASPACE'));
#12521 = PRESENTATION_LAYER_ASSIGNMENT('','',(#16309)) ;
#12522 =(NAMED_UNIT(*) SI_UNIT($,.STERADIAN.) SOLID_ANGLE_UNIT());
#12523=CARTESIAN_POINT('NONE',(-5.883023425717,10.513236513673,3.757609));
#12524 = EDGE_LOOP('NONE',(#10281,#16670,#2920,#11334)) ;
#12525 = EDGE_CURVE('NONE',#8438,#1542,#15711,.T.) ;
#12526 = SURFACE_STYLE_USAGE(.BOTH.,#8746) ;
#12527 = FACE_OUTER_BOUND('NONE',#3712,.T.) ;
#12528=CARTESIAN_POINT('NONE',(-5.429620410486,11.179332998849,3.757609));
#12529 = ADVANCED_FACE('NONE',(#7189),#7316,.F.) ;
#12530 = MECHANICAL_DESIGN_GEOMETRIC_PRESENTATION_REPRESENTATION('',(#11780),#6486) ;
#12531=CARTESIAN_POINT('NONE',(-5.489083101006,10.726692325804,3.75852549));
#12532 = MECHANICAL_DESIGN_GEOMETRIC_PRESENTATION_REPRESENTATION('',(#8011),#12039) ;
#12533=DIRECTION('NONE',(0.,0.,-1.));
#12534 = EDGE_CURVE('NONE',#8496,#15403,#13667,.T.) ;
#12535 = ORIENTED_EDGE('NONE',*,*,#2984,.F.) ;
#12536=VECTOR('NONE',#16420,916.49);
#12537=CARTESIAN_POINT('NONE',(5.49894,-11.676922941879,2.264400376919));
#12538 = ORIENTED_EDGE('NONE',*,*,#16229,.F.) ;
#12539 = ORIENTED_EDGE('NONE',*,*,#2049,.T.) ;
#12540=DIRECTION('NONE',(0.,0.,1.));
#12541 = ORIENTED_EDGE('NONE',*,*,#13727,.T.) ;
#12542 = ADVANCED_FACE('NONE',(#6618),#4918,.F.) ;
#12543 = COLOUR_RGB('',0.843137254901,0.815686274509,0.752941176470) ;
#12544 = LINE('NONE',#3149,#6475) ;
#12545 = PRESENTATION_LAYER_ASSIGNMENT('','',(#10047)) ;
#12546=CARTESIAN_POINT('NONE',(-8.398929409091,10.822220880767,3.75852549));
#12547 = B_SPLINE_CURVE_WITH_KNOTS('NONE',3,(#5770,#2010,#3474,#13103),.UNSPECIFIED.,.F.,.F.,(4,4),(34.000000000000,35.000000000000),.UNSPECIFIED.) ;
#12548 = SURFACE_SIDE_STYLE('',(#8914)) ;
#12549 = ORIENTED_EDGE('NONE',*,*,#13938,.T.) ;
#12550 = EDGE_CURVE('NONE',#13164,#10338,#11531,.T.) ;
#12551=CARTESIAN_POINT('NONE',(-6.036921254552,10.633686579089,3.757609));
#12552 = LINE('NONE',#2862,#3720) ;
#12554 = PLANE('NONE',#1729) ;
#12553=DIRECTION('NONE',(1.,0.,0.));
#12555 =(NAMED_UNIT(*) SI_UNIT($,.STERADIAN.) SOLID_ANGLE_UNIT());
#12556=DIRECTION('NONE',(0.,0.,-1.));
#12557 = VERTEX_POINT('NONE',#3021) ;
#12558 = ORIENTED_EDGE('NONE',*,*,#1655,.T.) ;
#12559 = ORIENTED_EDGE('NONE',*,*,#8463,.T.) ;
#12560=AXIS2_PLACEMENT_3D('NONE',#15359,#13952,#12746);
#12561 = FILL_AREA_STYLE_COLOUR('',#2543) ;
#12562 = VERTEX_POINT('NONE',#14771) ;
#12563 = EDGE_CURVE('NONE',#6915,#5930,#3954,.T.) ;
#12564 =(GEOMETRIC_REPRESENTATION_CONTEXT(3) GLOBAL_UNCERTAINTY_ASSIGNED_CONTEXT((#6826)) GLOBAL_UNIT_ASSIGNED_CONTEXT((#6358,#11164,#2811)) REPRESENTATION_CONTEXT('NONE','WORKASPACE'));
#12565 = PLANE('NONE',#2923) ;
#12566=CARTESIAN_POINT('NONE',(-1.832979999999,-11.091166380297,4.399152));
#12567 = SURFACE_SIDE_STYLE('',(#7771)) ;
#12568=DIRECTION('NONE',(1.,0.,0.));
#12569 = MECHANICAL_DESIGN_GEOMETRIC_PRESENTATION_REPRESENTATION('',(#6024),#12807) ;
#12570 = SURFACE_STYLE_USAGE(.BOTH.,#13679) ;
#12571=CARTESIAN_POINT('NONE',(5.49894,-11.878504670639,2.453084392149));
#12572 = LINE('NONE',#7451,#3660) ;
#12573=CARTESIAN_POINT('NONE',(-6.377592919002,10.726692325804,3.75852549));
#12574 =(NAMED_UNIT(*) SI_UNIT($,.STERADIAN.) SOLID_ANGLE_UNIT());
#12575=CARTESIAN_POINT('NONE',(-8.454589271874,10.528019142508,3.75852549));
#12576=CARTESIAN_POINT('NONE',(-12.464263999999,12.739211,3.757609));
#12577 = B_SPLINE_SURFACE_WITH_KNOTS('NONE',3,1,((#12637,#5921),(#9553,#10667),(#6007,#7268),(#12158,#2311)),.UNSPECIFIED.,.F.,.F.,.F.,(4,4),(2,2),(2.000000000000,3.000000000000),(0.,1.),.UNSPECIFIED.) ;
#12578=UNCERTAINTY_MEASURE_WITH_UNIT(LENGTH_MEASURE(9.164900000000001E-6),#16098,'distance_accuracy_value','NONE');
#12579 = LINE('NONE',#1802,#6247) ;
#12580=DIRECTION('NONE',(0.,0.,-1.));
#12581 = B_SPLINE_CURVE_WITH_KNOTS('NONE',3,(#7870,#12021,#8237,#2331),.UNSPECIFIED.,.F.,.F.,(4,4),(5.000000000000,6.000000000000),.UNSPECIFIED.) ;
#12582=VECTOR('NONE',#8456,916.489999999999);
#12583 = ORIENTED_EDGE('NONE',*,*,#10638,.F.) ;
#12584 = ADVANCED_FACE('NONE',(#7597),#12406,.T.) ;
#12585=CARTESIAN_POINT('NONE',(-7.638245873132,11.301955006286,3.75852549));
#12586 = B_SPLINE_CURVE_WITH_KNOTS('NONE',3,(#8589,#12063,#7397,#1273),.UNSPECIFIED.,.F.,.F.,(4,4),(4.000000000000,5.000000000000),.UNSPECIFIED.) ;
#12587=CARTESIAN_POINT('NONE',(-6.105341465761,11.31655459236,3.757609));
#12588 = VERTEX_POINT('NONE',#12858) ;
#12589=DIRECTION('NONE',(0.,0.,-1.));
#12590=VECTOR('NONE',#11158,916.49);
#12591=AXIS2_PLACEMENT_3D('NONE',#6761,#10344,#6603);
#12592=CARTESIAN_POINT('NONE',(-11.8685455,10.906231,2.2454005));
#12593=CARTESIAN_POINT('NONE',(-6.36911186218,10.439289321614,3.757609));
#12594 = SURFACE_SIDE_STYLE('',(#5270)) ;
#12595=CARTESIAN_POINT('NONE',(-9.3940225,10.906231,2.2454005));
#12596=VECTOR('NONE',#8234,916.49);
#12597=CARTESIAN_POINT('NONE',(-5.053213956059,10.478168773108,3.75852549));
#12598=CARTESIAN_POINT('NONE',(-6.004045247773,10.988175695663,3.75852549));
#12599 = COLOUR_RGB('',0.949019607843,0.760784313725,0.180392156862) ;
#12600 = VERTEX_POINT('NONE',#3312) ;
#12601 = COLOUR_RGB('',1.,1.,1.) ;
#12602=CARTESIAN_POINT('NONE',(-5.630592869317,10.988175695663,3.75852549));
#12603=DIRECTION('NONE',(0.,0.,1.));
#12604=CARTESIAN_POINT('NONE',(-6.569607857146,11.360961024704,3.75852549));
#12605 = SURFACE_SIDE_STYLE('',(#10110)) ;
#12607 = B_SPLINE_CURVE_WITH_KNOTS('NONE',3,(#3464,#4740,#14206,#4820),.UNSPECIFIED.,.F.,.F.,(4,4),(16.000000000000,17.000000000000),.UNSPECIFIED.) ;
#12606=CARTESIAN_POINT('NONE',(-5.947822511542,10.631208966985,3.75852549));
#12608 = ORIENTED_EDGE('NONE',*,*,#7049,.F.) ;
#12609=VECTOR('NONE',#16340,916.49);
#12610=DIRECTION('NONE',(0.,0.,1.));
#12611 = SURFACE_STYLE_USAGE(.BOTH.,#7814) ;
#12612 =(LENGTH_UNIT() NAMED_UNIT(*) SI_UNIT(.MILLI.,.METRE.));
#12614 = SURFACE_SIDE_STYLE('',(#13810)) ;
#12613=CARTESIAN_POINT('NONE',(-5.927334565289,10.489985076993,3.757609));
#12615=VECTOR('NONE',#6966,916.49);
#12616=DIRECTION('NONE',(1.,0.,0.));
#12617=DIRECTION('NONE',(-1.,0.,0.));
#12618 = EDGE_LOOP('NONE',(#11291,#3913,#2064,#7572)) ;
#12619 = ORIENTED_EDGE('NONE',*,*,#10232,.T.) ;
#12620 = ORIENTED_EDGE('NONE',*,*,#1090,.F.) ;
#12621 =(GEOMETRIC_REPRESENTATION_CONTEXT(3) GLOBAL_UNCERTAINTY_ASSIGNED_CONTEXT((#13149)) GLOBAL_UNIT_ASSIGNED_CONTEXT((#15543,#13177,#15775)) REPRESENTATION_CONTEXT('NONE','WORKASPACE'));
#12622=DIRECTION('NONE',(0.,0.,-1.));
#12623 = ORIENTED_EDGE('NONE',*,*,#14407,.F.) ;
#12624=VECTOR('NONE',#8533,916.49);
#12625 = EDGE_CURVE('NONE',#10876,#1908,#10334,.T.) ;
#12626 = PLANE('NONE',#3418) ;
#12627=DIRECTION('NONE',(0.,1.,0.));
#12628 = EDGE_CURVE('NONE',#5157,#12675,#5240,.T.) ;
#12629=CARTESIAN_POINT('NONE',(-4.853099132189,10.498752012134,3.75852549));
#12630 = SURFACE_STYLE_USAGE(.BOTH.,#13831) ;
#12631 = FILL_AREA_STYLE('',(#7830)) ;
#12632 = VERTEX_POINT('NONE',#11846) ;
#12633=VECTOR('NONE',#15076,916.49);
#12634 = FILL_AREA_STYLE('',(#3734)) ;
#12635 = SURFACE_STYLE_USAGE(.BOTH.,#16253) ;
#12636 =(LENGTH_UNIT() NAMED_UNIT(*) SI_UNIT(.MILLI.,.METRE.));
#12638=CARTESIAN_POINT('NONE',(-1.163942299999,10.906231,3.8034335));
#12637=CARTESIAN_POINT('NONE',(-5.927334565289,10.489985076993,3.75852549));
#12639 = SURFACE_STYLE_FILL_AREA(#4186) ;
#12640 = PRESENTATION_STYLE_ASSIGNMENT((#2866)) ;
#12641 = VERTEX_POINT('NONE',#10362) ;
#12642 = ORIENTED_EDGE('NONE',*,*,#8705,.F.) ;
#12643 = ORIENTED_EDGE('NONE',*,*,#15638,.F.) ;
#12644=CARTESIAN_POINT('NONE',(-5.242846574871,11.31331463807,3.75852549));
#12646 = EDGE_CURVE('NONE',#3630,#15720,#4677,.T.) ;
#12645 = B_SPLINE_CURVE_WITH_KNOTS('NONE',3,(#13199,#14237,#6029,#6109),.UNSPECIFIED.,.F.,.F.,(4,4),(5.000000000000,6.000000000000),.UNSPECIFIED.) ;
#12647 = EDGE_LOOP('NONE',(#12163,#9075,#4996,#1087)) ;
#12648 = EDGE_CURVE('NONE',#9853,#16671,#2153,.T.) ;
#12649=CARTESIAN_POINT('NONE',(-1.832979999999,-11.390158866083,4.399152));
#12650=CARTESIAN_POINT('NONE',(-6.190437912294,10.436049367321,3.757609));
#12651 = FILL_AREA_STYLE_COLOUR('',#5517) ;
#12652=CARTESIAN_POINT('NONE',(-5.126684684252,10.988175695663,3.757609));
#12653 = LINE('NONE',#1865,#13881) ;
#12654 =(NAMED_UNIT(*) PLANE_ANGLE_UNIT() SI_UNIT($,.RADIAN.));
#12655 = EDGE_CURVE('NONE',#5805,#2540,#14455,.T.) ;
#12656 = SURFACE_SIDE_STYLE('',(#10384)) ;
#12657 = SURFACE_STYLE_FILL_AREA(#8165) ;
#12658 =(NAMED_UNIT(*) SI_UNIT($,.STERADIAN.) SOLID_ANGLE_UNIT());
#12659 = EDGE_LOOP('NONE',(#4168,#1322,#2392,#13748,#14507,#6075)) ;
#12660=UNCERTAINTY_MEASURE_WITH_UNIT(LENGTH_MEASURE(9.164900000000001E-6),#6672,'distance_accuracy_value','NONE');
#12661=CARTESIAN_POINT('NONE',(-7.508373020058,11.460982940121,3.757609));
#12662=CARTESIAN_POINT('NONE',(-5.943248458425,10.390499421698,3.757609));
#12663 = FACE_OUTER_BOUND('NONE',#6617,.T.) ;
#12664 = EDGE_LOOP('NONE',(#1357,#6825,#12199,#7705)) ;
#12665 = MECHANICAL_DESIGN_GEOMETRIC_PRESENTATION_REPRESENTATION('',(#8395),#7120) ;
#12666=CARTESIAN_POINT('NONE',(-5.163753573053,10.396788744734,3.75852549));
#12667 = LINE('NONE',#7795,#14834) ;
#12668 =(NAMED_UNIT(*) SI_UNIT($,.STERADIAN.) SOLID_ANGLE_UNIT());
#12669 = FACE_OUTER_BOUND('NONE',#8397,.T.) ;
#12670 = SURFACE_STYLE_USAGE(.BOTH.,#13706) ;
#12671 = EDGE_CURVE('NONE',#16033,#8540,#16577,.T.) ;
#12672=CARTESIAN_POINT('NONE',(-5.947822511542,10.631208966985,3.75852549));
#12673 =(GEOMETRIC_REPRESENTATION_CONTEXT(3) GLOBAL_UNCERTAINTY_ASSIGNED_CONTEXT((#16612)) GLOBAL_UNIT_ASSIGNED_CONTEXT((#7396,#5184,#9787)) REPRESENTATION_CONTEXT('NONE','WORKASPACE'));
#12674 =(GEOMETRIC_REPRESENTATION_CONTEXT(3) GLOBAL_UNCERTAINTY_ASSIGNED_CONTEXT((#12481)) GLOBAL_UNIT_ASSIGNED_CONTEXT((#9541,#14362,#5175)) REPRESENTATION_CONTEXT('NONE','WORKASPACE'));
#12675 = VERTEX_POINT('NONE',#16416) ;
#12676=CARTESIAN_POINT('NONE',(-5.998804145243,10.606051674839,3.757609));
#12677=CARTESIAN_POINT('NONE',(-5.073511316766,10.988175695663,3.75852549));
#12678=DIRECTION('NONE',(0.,0.,1.));
#12679 = FILL_AREA_STYLE_COLOUR('',#14602) ;
#12680 = ORIENTED_EDGE('NONE',*,*,#10176,.T.) ;
#12681 = PLANE('NONE',#1197) ;
#12682=AXIS2_PLACEMENT_3D('NONE',#3349,#10475,#8177);
#12683=CARTESIAN_POINT('NONE',(-5.8673954109,10.486745122703,3.757609));
#12684 = FILL_AREA_STYLE_COLOUR('',#4423) ;
#12685=CARTESIAN_POINT('NONE',(-10.631284,-10.906231,2.2454005));
#12686 = FILL_AREA_STYLE_COLOUR('',#14907) ;
#12687 = FILL_AREA_STYLE_COLOUR('',#7476) ;
#12688 = ORIENTED_EDGE('NONE',*,*,#14767,.F.) ;
#12689 = ORIENTED_EDGE('NONE',*,*,#9564,.T.) ;
#12690 = ORIENTED_EDGE('NONE',*,*,#8931,.F.) ;
#12691=CARTESIAN_POINT('NONE',(-5.336709956544,10.439289321614,3.757609));
#12692 = ORIENTED_EDGE('NONE',*,*,#4775,.F.) ;
#12693 = PRESENTATION_LAYER_ASSIGNMENT('','',(#3633)) ;
#12694=DIRECTION('NONE',(9.130123557772000E-17,1.,0.));
#12695=DIRECTION('NONE',(0.,1.,0.));
#12696=DIRECTION('NONE',(0.,0.,1.));
#12697 = B_SPLINE_SURFACE_WITH_KNOTS('NONE',3,1,((#16086,#9121),(#15198,#12835),(#4236,#8964),(#7720,#5278)),.UNSPECIFIED.,.F.,.F.,.F.,(4,4),(2,2),(3.000000000000,4.000000000000),(0.,1.),.UNSPECIFIED.) ;
#12698=UNCERTAINTY_MEASURE_WITH_UNIT(LENGTH_MEASURE(9.164900000000001E-6),#14752,'distance_accuracy_value','NONE');
#12699 = SURFACE_SIDE_STYLE('',(#5371)) ;
#12700 = PRESENTATION_STYLE_ASSIGNMENT((#10195)) ;
#12701 = VERTEX_POINT('NONE',#14064) ;
#12702=DIRECTION('NONE',(0.,0.,1.));
#12703=DIRECTION('NONE',(-1.284980352575000E-16,1.,0.));
#12704=CARTESIAN_POINT('NONE',(-4.697867204527,10.498752012134,3.757609));
#12706 = FACE_OUTER_BOUND('NONE',#9813,.T.) ;
#12705 =(NAMED_UNIT(*) SI_UNIT($,.STERADIAN.) SOLID_ANGLE_UNIT());
#12707 = SURFACE_STYLE_USAGE(.BOTH.,#3099) ;
#12708 = VERTEX_POINT('NONE',#4500) ;
#12709 = ORIENTED_EDGE('NONE',*,*,#4938,.T.) ;
#12710 = VERTEX_POINT('NONE',#5767) ;
#12711=CARTESIAN_POINT('NONE',(-7.137307841109,11.113771941138,3.75852549));
#12712 = VERTEX_POINT('NONE',#6775) ;
#12713=DIRECTION('NONE',(0.,0.,1.));
#12714=CARTESIAN_POINT('NONE',(1.83298,-11.389364044877,4.399152));
#12715=CARTESIAN_POINT('NONE',(-6.125043246636,10.987318060703,3.75852549));
#12716=CARTESIAN_POINT('NONE',(-5.235890202422,11.287204418192,3.757609));
#12717=CYLINDRICAL_SURFACE('NONE',#10084,1.2372615);
#12718=CARTESIAN_POINT('NONE',(-7.230074236952,10.557174223269,3.75852549));
#12719 = B_SPLINE_CURVE_WITH_KNOTS('NONE',3,(#11966,#8422,#10712,#14489),.UNSPECIFIED.,.F.,.F.,(4,4),(12.000000000000,13.000000000000),.UNSPECIFIED.) ;
#12720 = PRESENTATION_STYLE_ASSIGNMENT((#13930)) ;
#12721 = EDGE_CURVE('NONE',#8902,#4407,#15391,.T.) ;
#12722 = FILL_AREA_STYLE_COLOUR('',#16537) ;
#12723=CARTESIAN_POINT('NONE',(-7.36524794027,10.55982464839,3.75852549));
#12724 = LINE('NONE',#11703,#12582) ;
#12725=UNCERTAINTY_MEASURE_WITH_UNIT(LENGTH_MEASURE(9.164900000000001E-6),#5252,'distance_accuracy_value','NONE');
#12726=CARTESIAN_POINT('NONE',(-8.136533328375,11.246295219333,3.757609));
#12727=VECTOR('NONE',#10787,916.49);
#12728 = SURFACE_SIDE_STYLE('',(#16282)) ;
#12729 = ORIENTED_EDGE('NONE',*,*,#6128,.F.) ;
#12730 = EDGE_CURVE('NONE',#13241,#6623,#10143,.T.) ;
#12731 = EDGE_CURVE('NONE',#9201,#13972,#16266,.T.) ;
#12732 = COLOUR_RGB('',1.,1.,1.) ;
#12733 = LINE('NONE',#14012,#6131) ;
#12734 = FILL_AREA_STYLE_COLOUR('',#15233) ;
#12735 = FILL_AREA_STYLE('',(#3123)) ;
#12736 = ORIENTED_EDGE('NONE',*,*,#1359,.T.) ;
#12737=DIRECTION('NONE',(-1.,0.,0.));
#12738=CYLINDRICAL_SURFACE('NONE',#14617,1.6955065);
#12739 = SURFACE_SIDE_STYLE('',(#7940)) ;
#12740 = PLANE('NONE',#6960) ;
#12741 = SURFACE_STYLE_FILL_AREA(#1815) ;
#12742=CARTESIAN_POINT('NONE',(6.415429999999,-12.739211,3.757609));
#12743=DIRECTION('NONE',(-1.,0.,0.));
#12744=AXIS2_PLACEMENT_3D('NONE',#13298,#9918,#1247);
#12745 = PRESENTATION_LAYER_ASSIGNMENT('','',(#5446)) ;
#12746=DIRECTION('NONE',(-1.,0.,0.));
#12747 =(NAMED_UNIT(*) PLANE_ANGLE_UNIT() SI_UNIT($,.RADIAN.));
#12748 =(GEOMETRIC_REPRESENTATION_CONTEXT(3) GLOBAL_UNCERTAINTY_ASSIGNED_CONTEXT((#8912)) GLOBAL_UNIT_ASSIGNED_CONTEXT((#2608,#1428,#1518)) REPRESENTATION_CONTEXT('NONE','WORKASPACE'));
#12749 = B_SPLINE_CURVE_WITH_KNOTS('NONE',3,(#3690,#12304,#13637,#12376),.UNSPECIFIED.,.F.,.F.,(4,4),(3.000000000000,4.000000000000),.UNSPECIFIED.) ;
#12750 = ORIENTED_EDGE('NONE',*,*,#1682,.T.) ;
#12751 = EDGE_CURVE('NONE',#11207,#4062,#9005,.T.) ;
#12752 = MECHANICAL_DESIGN_GEOMETRIC_PRESENTATION_REPRESENTATION('',(#4701),#8981) ;
#12754 =(GEOMETRIC_REPRESENTATION_CONTEXT(3) GLOBAL_UNCERTAINTY_ASSIGNED_CONTEXT((#1341)) GLOBAL_UNIT_ASSIGNED_CONTEXT((#15217,#3150,#2001)) REPRESENTATION_CONTEXT('NONE','WORKASPACE'));
#12753 =(NAMED_UNIT(*) PLANE_ANGLE_UNIT() SI_UNIT($,.RADIAN.));
#12755 = STYLED_ITEM('NONE',(#12210),#6734) ;
#12756=VECTOR('NONE',#5086,916.489999999999);
#12757=DIRECTION('NONE',(0.,0.,-1.));
#12758 = VERTEX_POINT('NONE',#7981) ;
#12759 = MECHANICAL_DESIGN_GEOMETRIC_PRESENTATION_REPRESENTATION('',(#3944),#15045) ;
#12760=CARTESIAN_POINT('NONE',(-5.915327675856,10.464637199304,3.75852549));
#12761 = FILL_AREA_STYLE('',(#8045)) ;
#12762=CARTESIAN_POINT('NONE',(-5.943248458425,10.547732497597,3.757609));
#12763 = LINE('NONE',#15584,#12356) ;
#12764=CARTESIAN_POINT('NONE',(-5.493466568576,11.095284772822,3.75852549));
#12765 = EDGE_CURVE('NONE',#10205,#3781,#15761,.T.) ;
#12766=CARTESIAN_POINT('NONE',(-5.218165746594,10.439289321614,3.75852549));
#12767 = SURFACE_STYLE_USAGE(.BOTH.,#16170) ;
#12768 = ORIENTED_EDGE('NONE',*,*,#7734,.F.) ;
#12769=CARTESIAN_POINT('NONE',(5.49894,-11.091166380297,4.307503));
#12770 = ORIENTED_EDGE('NONE',*,*,#7356,.T.) ;
#12771 = EDGE_LOOP('NONE',(#10574,#11144,#4645,#14720)) ;
#12772 = MECHANICAL_DESIGN_GEOMETRIC_PRESENTATION_REPRESENTATION('',(#15293),#1962) ;
#12773=VECTOR('NONE',#5585,916.49);
#12774=CIRCLE('NONE',#7233,1.6955065);
#12775=AXIS2_PLACEMENT_3D('NONE',#9392,#16669,#2235);
#12776 = EDGE_LOOP('NONE',(#1446,#6605,#16245,#6484)) ;
#12777=CARTESIAN_POINT('NONE',(-6.1818615627,10.981886372627,3.75852549));
#12778=DIRECTION('NONE',(0.,0.,-1.));
#12779 = PRESENTATION_STYLE_ASSIGNMENT((#3155)) ;
#12780 = MECHANICAL_DESIGN_GEOMETRIC_PRESENTATION_REPRESENTATION('',(#2974),#10537) ;
#12781 = ORIENTED_EDGE('NONE',*,*,#15060,.F.) ;
#12782=CARTESIAN_POINT('NONE',(-5.498939999999,-12.40474933837,3.481856478509));
#12783 =(NAMED_UNIT(*) SI_UNIT($,.STERADIAN.) SOLID_ANGLE_UNIT());
#12784=CARTESIAN_POINT('NONE',(-12.372614999999,-4.674098999999,4.399152));
#12785 = COLOUR_RGB('',1.,1.,1.) ;
#12786 = SURFACE_STYLE_USAGE(.BOTH.,#5850) ;
#12787=DIRECTION('NONE',(1.,0.,0.));
#12788 = EDGE_LOOP('NONE',(#9047,#2652,#1610,#6323)) ;
#12789 = ORIENTED_EDGE('NONE',*,*,#16429,.T.) ;
#12790 = ORIENTED_EDGE('NONE',*,*,#10970,.T.) ;
#12791 = FILL_AREA_STYLE_COLOUR('',#12344) ;
#12792 = VERTEX_POINT('NONE',#8368) ;
#12793 = MECHANICAL_DESIGN_GEOMETRIC_PRESENTATION_REPRESENTATION('',(#3977),#13311) ;
#12794=VECTOR('NONE',#7241,916.49);
#12795 = PLANE('NONE',#11751) ;
#12796=CARTESIAN_POINT('NONE',(-10.631284,-10.906231,3.757609));
#12797=CARTESIAN_POINT('NONE',(-6.277059043198,10.48636395161,3.757609));
#12798 = PLANE('NONE',#6258) ;
#12799 = SURFACE_STYLE_USAGE(.BOTH.,#4119) ;
#12800 = SURFACE_STYLE_FILL_AREA(#5548) ;
#12801 =(NAMED_UNIT(*) PLANE_ANGLE_UNIT() SI_UNIT($,.RADIAN.));
#12802=CARTESIAN_POINT('NONE',(-4.853099132189,10.498752012134,3.757609));
#12803=DIRECTION('NONE',(1.,0.,0.));
#12804 = SURFACE_SIDE_STYLE('',(#12657)) ;
#12805 = LINE('NONE',#2335,#12615) ;
#12806 = ORIENTED_EDGE('NONE',*,*,#4245,.T.) ;
#12807 =(GEOMETRIC_REPRESENTATION_CONTEXT(3) GLOBAL_UNCERTAINTY_ASSIGNED_CONTEXT((#16056)) GLOBAL_UNIT_ASSIGNED_CONTEXT((#10017,#2982,#1816)) REPRESENTATION_CONTEXT('NONE','WORKASPACE'));
#12808=CARTESIAN_POINT('NONE',(-6.357772022161,11.111675129823,3.75852549));
#12809=UNCERTAINTY_MEASURE_WITH_UNIT(LENGTH_MEASURE(9.164900000000001E-6),#13854,'distance_accuracy_value','NONE');
#12810 = FACE_OUTER_BOUND('NONE',#14652,.T.) ;
#12811 = ADVANCED_FACE('NONE',(#4823,#15621),#13345,.F.) ;
#12812 = SURFACE_STYLE_FILL_AREA(#11710) ;
#12813=VECTOR('NONE',#16048,916.49);
#12814 = EDGE_CURVE('NONE',#7938,#4251,#3622,.T.) ;
#12815 = ORIENTED_EDGE('NONE',*,*,#9622,.F.) ;
#12816=CARTESIAN_POINT('NONE',(-5.80335866726,10.271383455106,3.75852549));
#12817=DIRECTION('NONE',(-1.,0.,0.));
#12818=CARTESIAN_POINT('NONE',(-5.013381576833,10.586611949093,3.75852549));
#12819 = PLANE('NONE',#7468) ;
#12820=CARTESIAN_POINT('NONE',(-5.998804145243,10.595378884234,3.757609));
#12821 = MECHANICAL_DESIGN_GEOMETRIC_PRESENTATION_REPRESENTATION('',(#4000),#2275) ;
#12822=CARTESIAN_POINT('NONE',(-6.177192216809,10.45053386886,3.75852549));
#12823 = FILL_AREA_STYLE_COLOUR('',#5760) ;
#12824=CARTESIAN_POINT('NONE',(-7.132006990866,10.970646810797,3.757609));
#12825=VECTOR('NONE',#6522,916.49);
#12826 = B_SPLINE_SURFACE_WITH_KNOTS('NONE',3,1,((#13464,#3187),(#6803,#1870),(#8008,#16512),(#12888,#12726)),.UNSPECIFIED.,.F.,.F.,.F.,(4,4),(2,2),(4.000000000000,5.000000000000),(0.,1.),.UNSPECIFIED.) ;
#12827 = EDGE_LOOP('NONE',(#13331,#3373,#10272,#11671)) ;
#12829 = EDGE_CURVE('NONE',#15995,#2318,#7344,.T.) ;
#12828 = B_SPLINE_CURVE_WITH_KNOTS('NONE',3,(#8281,#1108,#16401,#2065),.UNSPECIFIED.,.F.,.F.,(4,4),(4.000000000000,5.000000000000),.UNSPECIFIED.) ;
#12830 = EDGE_CURVE('NONE',#6334,#2160,#6158,.T.) ;
#12831=UNCERTAINTY_MEASURE_WITH_UNIT(LENGTH_MEASURE(9.164900000000001E-6),#8423,'distance_accuracy_value','NONE');
#12832=CIRCLE('NONE',#11623,1.6955065);
#12833=AXIS2_PLACEMENT_3D('NONE',#14354,#10651,#5983);
#12834 = SURFACE_STYLE_FILL_AREA(#3290) ;
#12835=CARTESIAN_POINT('NONE',(-4.962781114222,10.643215856416,3.757609));
#12836 = FILL_AREA_STYLE('',(#4385)) ;
#12837 = VERTEX_POINT('NONE',#9807) ;
#12838=VECTOR('NONE',#2268,916.49);
#12839 = FACE_OUTER_BOUND('NONE',#9894,.T.) ;
#12840=DIRECTION('NONE',(0.,1.,0.));
#12841 = FACE_BOUND('NONE',#9586,.T.) ;
#12842 = ADVANCED_FACE('NONE',(#2381),#5914,.F.) ;
#12843=CARTESIAN_POINT('NONE',(-6.134596347157,11.323796843128,3.757609));
#12844=CIRCLE('NONE',#12363,1.2372615);
#12845 = ORIENTED_EDGE('NONE',*,*,#4438,.F.) ;
#12846=AXIS2_PLACEMENT_3D('NONE',#1611,#14844,#8760);
#12847=CARTESIAN_POINT('NONE',(-6.078659489245,11.352003504017,3.75852549));
#12848 = ORIENTED_EDGE('NONE',*,*,#5350,.T.) ;
#12849 = ORIENTED_EDGE('NONE',*,*,#13561,.F.) ;
#12850 = ORIENTED_EDGE('NONE',*,*,#11793,.T.) ;
#12851 = STYLED_ITEM('NONE',(#8646),#9417) ;
#12852 = LINE('NONE',#2071,#8232) ;
#12853=UNCERTAINTY_MEASURE_WITH_UNIT(LENGTH_MEASURE(9.164900000000001E-6),#10135,'distance_accuracy_value','NONE');
#12854 =(GEOMETRIC_REPRESENTATION_CONTEXT(3) GLOBAL_UNCERTAINTY_ASSIGNED_CONTEXT((#11253)) GLOBAL_UNIT_ASSIGNED_CONTEXT((#12636,#9003,#6553)) REPRESENTATION_CONTEXT('NONE','WORKASPACE'));
#12855 = FILL_AREA_STYLE_COLOUR('',#14813) ;
#12856 = MECHANICAL_DESIGN_GEOMETRIC_PRESENTATION_REPRESENTATION('',(#11872),#7070) ;
#12857 = EDGE_LOOP('NONE',(#14685,#15762,#9773,#13413)) ;
#12858=CARTESIAN_POINT('NONE',(-5.336709956544,10.439289321614,3.75852549));
#12859 =(LENGTH_UNIT() NAMED_UNIT(*) SI_UNIT(.MILLI.,.METRE.));
#12860 = SURFACE_STYLE_USAGE(.BOTH.,#11451) ;
#12861=CARTESIAN_POINT('NONE',(-12.372615,-8.340058999999,5.040695));
#12862=CARTESIAN_POINT('NONE',(-5.571606642663,10.988175695663,3.757609));
#12863 = COLOUR_RGB('',1.,1.,1.) ;
#12864 =(NAMED_UNIT(*) PLANE_ANGLE_UNIT() SI_UNIT($,.RADIAN.));
#12865 = ORIENTED_EDGE('NONE',*,*,#16203,.T.) ;
#12866 = ORIENTED_EDGE('NONE',*,*,#11368,.F.) ;
#12867 = ORIENTED_EDGE('NONE',*,*,#4699,.F.) ;
#12868 = ADVANCED_FACE('NONE',(#5201),#1600,.T.) ;
#12869=DIRECTION('NONE',(0.365858921669,-0.930670322636,0.));
#12870 = EDGE_CURVE('NONE',#7367,#13260,#7653,.T.) ;
#12871 = STYLED_ITEM('NONE',(#12157),#1872) ;
#12872=AXIS2_PLACEMENT_3D('NONE',#13375,#1480,#12182);
#12873 = ORIENTED_EDGE('NONE',*,*,#14132,.T.) ;
#12874 = STYLED_ITEM('NONE',(#10630),#9968) ;
#12875=CARTESIAN_POINT('NONE',(-5.429620410486,11.179332998849,3.75852549));
#12876=CARTESIAN_POINT('NONE',(-6.206732976523,10.669135490747,3.75852549));
#12877=CARTESIAN_POINT('NONE',(-6.207400025936,10.428807116553,3.75852549));
#12878=DIRECTION('NONE',(1.,0.,0.));
#12879 = SURFACE_SIDE_STYLE('',(#16356)) ;
#12880 =(NAMED_UNIT(*) SI_UNIT($,.STERADIAN.) SOLID_ANGLE_UNIT());
#12881 = EDGE_CURVE('NONE',#1833,#8021,#7581,.T.) ;
#12882=CARTESIAN_POINT('NONE',(-5.242846574871,11.31331463807,3.75852549));
#12883 = SURFACE_STYLE_USAGE(.BOTH.,#8087) ;
#12884=CARTESIAN_POINT('NONE',(5.49894,-11.091166380297,4.307503));
#12885=CARTESIAN_POINT('NONE',(-1.832979999999,-11.628422639831,4.228584138747));
#12886 =(LENGTH_UNIT() NAMED_UNIT(*) SI_UNIT(.MILLI.,.METRE.));
#12887=UNCERTAINTY_MEASURE_WITH_UNIT(LENGTH_MEASURE(9.164900000000001E-6),#2918,'distance_accuracy_value','NONE');
#12888=CARTESIAN_POINT('NONE',(-8.136533328375,11.246295219333,3.75852549));
#12889=DIRECTION('NONE',(0.,0.,1.));
#12890 = ORIENTED_EDGE('NONE',*,*,#1681,.F.) ;
#12891 = ADVANCED_FACE('NONE',(#4082),#1535,.F.) ;
#12892 = B_SPLINE_CURVE_WITH_KNOTS('NONE',3,(#1245,#3423,#1080,#14335),.UNSPECIFIED.,.F.,.F.,(4,4),(6.000000000000,7.000000000000),.UNSPECIFIED.) ;
#12893 = EDGE_CURVE('NONE',#10518,#1344,#5131,.T.) ;
#12894 = FILL_AREA_STYLE_COLOUR('',#13989) ;
#12895 = LINE('NONE',#4449,#3431) ;
#12896 = ORIENTED_EDGE('NONE',*,*,#16433,.F.) ;
#12897=CARTESIAN_POINT('NONE',(-8.441336868224,11.11907286721,3.757609));
#12898 = LINE('NONE',#10698,#12350) ;
#12899 =(LENGTH_UNIT() NAMED_UNIT(*) SI_UNIT(.MILLI.,.METRE.));
#12900=CARTESIAN_POINT('NONE',(-5.715594023076,10.441004591531,3.757609));
#12901 = SURFACE_STYLE_USAGE(.BOTH.,#16624) ;
#12902=DIRECTION('NONE',(0.,-1.,0.));
#12903 = VERTEX_POINT('NONE',#11197) ;
#12904=CARTESIAN_POINT('NONE',(-6.309935049978,11.032772713554,3.757609));
#12905=CARTESIAN_POINT('NONE',(-5.920568778386,10.669135490747,3.757609));
#12906=CARTESIAN_POINT('NONE',(-5.26695564651,11.360961024704,3.757609));
#12907=DIRECTION('NONE',(0.,0.,-1.));
#12908=CARTESIAN_POINT('NONE',(-5.498939999999,-11.091166380297,4.307503));
#12909=CARTESIAN_POINT('NONE',(-6.16699589007,11.367250347742,3.75852549));
#12910 = FILL_AREA_STYLE_COLOUR('',#14017) ;
#12911=DIRECTION('NONE',(0.,1.,0.));
#12912=DIRECTION('NONE',(0.,0.,-1.));
#12913 = SURFACE_STYLE_FILL_AREA(#5664) ;
#12914 = EDGE_CURVE('NONE',#9193,#5231,#16004,.T.) ;
#12915 = VERTEX_POINT('NONE',#4008) ;
#12916=AXIS2_PLACEMENT_3D('NONE',#10937,#2658,#13529);
#12917 = ORIENTED_EDGE('NONE',*,*,#1589,.F.) ;
#12918 = EDGE_LOOP('NONE',(#7860,#5891,#9593,#11461)) ;
#12919 = ORIENTED_EDGE('NONE',*,*,#4980,.T.) ;
#12920 = EDGE_CURVE('NONE',#8518,#6563,#8823,.T.) ;
#12922 = EDGE_CURVE('NONE',#2299,#12237,#13701,.T.) ;
#12921=CARTESIAN_POINT('NONE',(-6.219502208143,10.522003448814,3.757609));
#12923 =(NAMED_UNIT(*) SI_UNIT($,.STERADIAN.) SOLID_ANGLE_UNIT());
#12924 = SURFACE_STYLE_USAGE(.BOTH.,#9383) ;
#12925 = PRESENTATION_LAYER_ASSIGNMENT('','',(#13954)) ;
#12926=CARTESIAN_POINT('NONE',(-5.054262176566,10.691624585239,3.757609));
#12927 = ORIENTED_EDGE('NONE',*,*,#5406,.F.) ;
#12928=CARTESIAN_POINT('NONE',(-6.339856980786,11.275769285399,3.75852549));
#12929 = FILL_AREA_STYLE('',(#13010)) ;
#12930 = FILL_AREA_STYLE_COLOUR('',#8963) ;
#12931=CARTESIAN_POINT('NONE',(-5.685005042854,11.030676272542,3.757609));
#12933=CARTESIAN_POINT('NONE',(-6.521485006643,11.030676272542,3.757609));
#12932 =(NAMED_UNIT(*) PLANE_ANGLE_UNIT() SI_UNIT($,.RADIAN.));
#12934 = ORIENTED_EDGE('NONE',*,*,#14867,.F.) ;
#12935 = VERTEX_POINT('NONE',#2058) ;
#12936 = VERTEX_POINT('NONE',#12984) ;
#12937=CARTESIAN_POINT('NONE',(-6.986231384852,11.066063581208,3.75852549));
#12938 = STYLED_ITEM('NONE',(#9882),#6464) ;
#12939 = ORIENTED_EDGE('NONE',*,*,#10541,.T.) ;
#12940 = SURFACE_SIDE_STYLE('',(#10443)) ;
#12941 = FACE_OUTER_BOUND('NONE',#9473,.T.) ;
#12942 = EDGE_CURVE('NONE',#10895,#5098,#6184,.T.) ;
#12943 = SURFACE_STYLE_FILL_AREA(#1135) ;
#12944=CARTESIAN_POINT('NONE',(-8.565908820504,10.710901205753,3.757609));
#12945=DIRECTION('NONE',(0.,0.,-1.));
#12946 = ADVANCED_FACE('NONE',(#6756),#6896,.F.) ;
#12947=DIRECTION('NONE',(0.,0.,1.));
#12948 = PRESENTATION_STYLE_ASSIGNMENT((#8158)) ;
#12949 = SURFACE_STYLE_USAGE(.BOTH.,#2250) ;
#12950=CARTESIAN_POINT('NONE',(-5.489083101006,10.607385773666,3.757609));
#12951=CARTESIAN_POINT('NONE',(-5.498939999999,-11.381475988787,2.286946209691));
#12952 = LINE('NONE',#11635,#11569) ;
#12953=AXIS2_PLACEMENT_3D('NONE',#1843,#5303,#10359);
#12954=DIRECTION('NONE',(1.,0.,0.));
#12955 = ORIENTED_EDGE('NONE',*,*,#1201,.F.) ;
#12956=CARTESIAN_POINT('NONE',(8.9357775,-10.906231,2.291225));
#12957=UNCERTAINTY_MEASURE_WITH_UNIT(LENGTH_MEASURE(9.164900000000001E-6),#14143,'distance_accuracy_value','NONE');
#12958 = FILL_AREA_STYLE('',(#8168)) ;
#12959 = FACE_OUTER_BOUND('NONE',#13689,.T.) ;
#12960=DIRECTION('NONE',(-1.,0.,0.));
#12961 = ORIENTED_EDGE('NONE',*,*,#6313,.F.) ;
#12962 = MECHANICAL_DESIGN_GEOMETRIC_PRESENTATION_REPRESENTATION('',(#8939),#3397) ;
#12963=CARTESIAN_POINT('NONE',(-5.806979792645,10.31140641988,3.75852549));
#12964=CARTESIAN_POINT('NONE',(-5.241703061593,11.31331463807,3.75852549));
#12965 = PLANE('NONE',#3417) ;
#12966 = MECHANICAL_DESIGN_GEOMETRIC_PRESENTATION_REPRESENTATION('',(#14491),#9985) ;
#12967=DIRECTION('NONE',(0.,1.,0.));
#12968 = ORIENTED_EDGE('NONE',*,*,#12003,.T.) ;
#12969=CARTESIAN_POINT('NONE',(-6.569607857146,11.360961024704,3.757609));
#12970 = ORIENTED_EDGE('NONE',*,*,#4649,.F.) ;
#12971=CARTESIAN_POINT('NONE',(-5.974980951924,10.390499421698,3.757609));
#12972 = SURFACE_STYLE_FILL_AREA(#1971) ;
#12973=VECTOR('NONE',#3259,916.49);
#12974 = FILL_AREA_STYLE_COLOUR('',#16137) ;
#12975 =(GEOMETRIC_REPRESENTATION_CONTEXT(3) GLOBAL_UNCERTAINTY_ASSIGNED_CONTEXT((#3969)) GLOBAL_UNIT_ASSIGNED_CONTEXT((#8014,#3270,#14169)) REPRESENTATION_CONTEXT('NONE','WORKASPACE'));
#12976 = FACE_OUTER_BOUND('NONE',#7472,.T.) ;
#12977 =(GEOMETRIC_REPRESENTATION_CONTEXT(3) GLOBAL_UNCERTAINTY_ASSIGNED_CONTEXT((#1096)) GLOBAL_UNIT_ASSIGNED_CONTEXT((#10197,#5305,#11375)) REPRESENTATION_CONTEXT('NONE','WORKASPACE'));
#12978=UNCERTAINTY_MEASURE_WITH_UNIT(LENGTH_MEASURE(9.164900000000001E-6),#14094,'distance_accuracy_value','NONE');
#12979 = EDGE_CURVE('NONE',#6832,#14592,#11828,.T.) ;
#12980 = FACE_BOUND('NONE',#1330,.T.) ;
#12981 = EDGE_CURVE('NONE',#5483,#16690,#3362,.T.) ;
#12982=CARTESIAN_POINT('NONE',(-5.95592239727,11.198772724595,3.757609));
#12983 = FILL_AREA_STYLE('',(#8187)) ;
#12984=CARTESIAN_POINT('NONE',(-5.790875313962,10.663036753257,3.75852549));
#12985 = STYLED_ITEM('NONE',(#16247),#5772) ;
#12986=CARTESIAN_POINT('NONE',(-5.3557685112,10.56469461124,3.75852549));
#12987=DIRECTION('NONE',(1.,0.,0.));
#12988=CARTESIAN_POINT('NONE',(-12.3267905,10.906231,2.2454005));
#12989 = FACE_OUTER_BOUND('NONE',#2056,.T.) ;
#12990=CARTESIAN_POINT('NONE',(-12.372615,9.073251,4.399152));
#12991 = ORIENTED_EDGE('NONE',*,*,#7973,.T.) ;
#12992=DIRECTION('NONE',(-1.,0.,0.));
#12993 = VERTEX_POINT('NONE',#7883) ;
#12994 = ORIENTED_EDGE('NONE',*,*,#8320,.F.) ;
#12995 = ORIENTED_EDGE('NONE',*,*,#9189,.T.) ;
#12996=CIRCLE('NONE',#12744,0.824841);
#12997=VECTOR('NONE',#6267,916.49);
#12998 = PRESENTATION_LAYER_ASSIGNMENT('','',(#8497)) ;
#12999=CARTESIAN_POINT('NONE',(5.49894,-8.799941380297,2.2728952));
#13000=CARTESIAN_POINT('NONE',(-6.521485006643,10.607385773666,3.75852549));
#13001 =(NAMED_UNIT(*) SI_UNIT($,.STERADIAN.) SOLID_ANGLE_UNIT());
#13002=UNCERTAINTY_MEASURE_WITH_UNIT(LENGTH_MEASURE(9.164900000000001E-6),#13003,'distance_accuracy_value','NONE');
#13003 =(LENGTH_UNIT() NAMED_UNIT(*) SI_UNIT(.MILLI.,.METRE.));
#13004 = EDGE_CURVE('NONE',#8886,#15452,#9372,.T.) ;
#13005 = LINE('NONE',#2224,#14332) ;
#13006=CARTESIAN_POINT('NONE',(-10.631284,10.906231,2.291225));
#13007 = ORIENTED_EDGE('NONE',*,*,#13568,.F.) ;
#13008 = EDGE_CURVE('NONE',#9306,#1434,#15283,.T.) ;
#13009=CARTESIAN_POINT('NONE',(-5.498939999999,-11.190552435893,4.307503));
#13010 = FILL_AREA_STYLE_COLOUR('',#15053) ;
#13011 = SURFACE_SIDE_STYLE('',(#8211)) ;
#13013=DIRECTION('NONE',(-1.,0.,0.));
#13012=DIRECTION('NONE',(0.,0.,-1.));
#13014=AXIS2_PLACEMENT_3D('NONE',#16409,#9311,#14134);
#13015 = MECHANICAL_DESIGN_GEOMETRIC_PRESENTATION_REPRESENTATION('',(#15793),#14296) ;
#13016=CARTESIAN_POINT('NONE',(-7.638245873132,11.301955006286,3.75852549));
#13017=VECTOR('NONE',#14829,916.49);
#13018 = MECHANICAL_DESIGN_GEOMETRIC_PRESENTATION_REPRESENTATION('',(#4199),#10757) ;
#13019 =(NAMED_UNIT(*) PLANE_ANGLE_UNIT() SI_UNIT($,.RADIAN.));
#13020 = ORIENTED_EDGE('NONE',*,*,#3288,.T.) ;
#13021 =(GEOMETRIC_REPRESENTATION_CONTEXT(3) GLOBAL_UNCERTAINTY_ASSIGNED_CONTEXT((#5260)) GLOBAL_UNIT_ASSIGNED_CONTEXT((#8374,#1214,#9320)) REPRESENTATION_CONTEXT('NONE','WORKASPACE'));
#13022 = VERTEX_POINT('NONE',#9294) ;
#13023 = ORIENTED_EDGE('NONE',*,*,#1378,.T.) ;
#13024=VECTOR('NONE',#13279,916.49);
#13025=CARTESIAN_POINT('NONE',(-6.569607857146,11.360961024704,3.757609));
#13026 = VERTEX_POINT('NONE',#4475) ;
#13027=CIRCLE('NONE',#6980,0.458245);
#13028=VECTOR('NONE',#4634,916.49);
#13029=AXIS2_PLACEMENT_3D('NONE',#8650,#12493,#4127);
#13030 =(LENGTH_UNIT() NAMED_UNIT(*) SI_UNIT(.MILLI.,.METRE.));
#13031 =(NAMED_UNIT(*) PLANE_ANGLE_UNIT() SI_UNIT($,.RADIAN.));
#13032 =(GEOMETRIC_REPRESENTATION_CONTEXT(3) GLOBAL_UNCERTAINTY_ASSIGNED_CONTEXT((#4675)) GLOBAL_UNIT_ASSIGNED_CONTEXT((#11391,#1569,#9989)) REPRESENTATION_CONTEXT('NONE','WORKASPACE'));
#13033 = EDGE_CURVE('NONE',#3897,#2070,#9442,.T.) ;
#13034 = FACE_OUTER_BOUND('NONE',#15107,.T.) ;
#13035=DIRECTION('NONE',(0.,0.,-1.));
#13036=CARTESIAN_POINT('NONE',(-5.738654874208,10.397360501373,3.75852549));
#13037 =(NAMED_UNIT(*) PLANE_ANGLE_UNIT() SI_UNIT($,.RADIAN.));
#13039=CARTESIAN_POINT('NONE',(-7.354646138679,10.557174223269,3.757609));
#13038 = FILL_AREA_STYLE('',(#10307)) ;
#13040=DIRECTION('NONE',(-1.,0.,0.));
#13041=CARTESIAN_POINT('NONE',(-5.498939999999,-11.647826370794,2.351814061252));
#13042 = EDGE_CURVE('NONE',#6915,#7101,#16643,.T.) ;
#13043=CARTESIAN_POINT('NONE',(-5.013381576833,10.633114822451,3.75852549));
#13044 = ADVANCED_FACE('NONE',(#4639),#12681,.F.) ;
#13045=VECTOR('NONE',#12099,916.49);
#13047 =(GEOMETRIC_REPRESENTATION_CONTEXT(3) GLOBAL_UNCERTAINTY_ASSIGNED_CONTEXT((#10508)) GLOBAL_UNIT_ASSIGNED_CONTEXT((#3623,#11356,#16235)) REPRESENTATION_CONTEXT('NONE','WORKASPACE'));
#13046 = FACE_OUTER_BOUND('NONE',#13500,.T.) ;
#13048 = ORIENTED_EDGE('NONE',*,*,#2053,.F.) ;
#13049 = LINE('NONE',#14400,#7898) ;
#13050=CARTESIAN_POINT('NONE',(-7.890040101705,10.427301370193,3.75852549));
#13051 = PRESENTATION_LAYER_ASSIGNMENT('','',(#1506)) ;
#13052 = SURFACE_STYLE_USAGE(.BOTH.,#2184) ;
#13053=VECTOR('NONE',#13414,916.49);
#13054=AXIS2_PLACEMENT_3D('NONE',#5781,#3323,#10752);
#13055 = VERTEX_POINT('NONE',#2528) ;
#13056 =(NAMED_UNIT(*) PLANE_ANGLE_UNIT() SI_UNIT($,.RADIAN.));
#13057=CARTESIAN_POINT('NONE',(9.3940225,10.906231,3.8034335));
#13058=CARTESIAN_POINT('NONE',(-8.136533328375,11.246295219333,3.757609));
#13059 = FILL_AREA_STYLE_COLOUR('',#9453) ;
#13060 = FILL_AREA_STYLE('',(#5571)) ;
#13061=CARTESIAN_POINT('NONE',(-7.03924069613,10.763910517033,3.757609));
#13062=DIRECTION('NONE',(1.,0.,0.));
#13063 = ORIENTED_EDGE('NONE',*,*,#14361,.T.) ;
#13064=CARTESIAN_POINT('NONE',(5.49894,-11.190552435893,4.307503));
#13065 = LINE('NONE',#2921,#3794) ;
#13066 = EDGE_CURVE('NONE',#4106,#9603,#2436,.T.) ;
#13067 = EDGE_CURVE('NONE',#6334,#16329,#4722,.T.) ;
#13068=CARTESIAN_POINT('NONE',(-6.110487275519,10.635592434555,3.75852549));
#13069 = MECHANICAL_DESIGN_GEOMETRIC_PRESENTATION_REPRESENTATION('',(#9215),#8294) ;
#13070 = SURFACE_STYLE_USAGE(.BOTH.,#1172) ;
#13071 =(NAMED_UNIT(*) SI_UNIT($,.STERADIAN.) SOLID_ANGLE_UNIT());
#13072 = PLANE('NONE',#10269) ;
#13073=DIRECTION('NONE',(1.,0.,0.));
#13074=CARTESIAN_POINT('NONE',(-8.107378298168,10.220565177537,3.75852549));
#13075=CARTESIAN_POINT('NONE',(-8.398929409091,10.822220880767,3.757609));
#13076 = ADVANCED_FACE('NONE',(#12213),#14363,.F.) ;
#13077=DIRECTION('NONE',(0.,1.,0.));
#13078 = SURFACE_STYLE_FILL_AREA(#2212) ;
#13079=AXIS2_PLACEMENT_3D('NONE',#7650,#6999,#16551);
#13080 = SURFACE_SIDE_STYLE('',(#15373)) ;
#13081 = ORIENTED_EDGE('NONE',*,*,#15668,.F.) ;
#13082 = FILL_AREA_STYLE('',(#3451)) ;
#13083 = VERTEX_POINT('NONE',#10719) ;
#13084 = ORIENTED_EDGE('NONE',*,*,#12259,.F.) ;
#13085 = EDGE_CURVE('NONE',#8129,#2351,#7079,.T.) ;
#13086 = EDGE_LOOP('NONE',(#6465,#5775,#12623,#4807)) ;
#13087 = STYLED_ITEM('NONE',(#5754),#15725) ;
#13088 = B_SPLINE_CURVE_WITH_KNOTS('NONE',3,(#11889,#15587,#8261,#13061),.UNSPECIFIED.,.F.,.F.,(4,4),(23.000000000000,24.000000000000),.UNSPECIFIED.) ;
#13089=VECTOR('NONE',#9425,916.49);
#13090 = SURFACE_SIDE_STYLE('',(#4738)) ;
#13091=DIRECTION('NONE',(1.,0.,0.));
#13092=PRODUCT_DEFINITION_SHAPE('NONE','NONE',#10075);
#13093=DIRECTION('NONE',(0.,0.,1.));
#13094=CARTESIAN_POINT('NONE',(-6.263527469394,10.440814005985,3.75852549));
#13095 = LINE('NONE',#10583,#11460) ;
#13096 = ORIENTED_EDGE('NONE',*,*,#2355,.F.) ;
#13097 = B_SPLINE_CURVE_WITH_KNOTS('NONE',3,(#15323,#9566,#4674,#12876),.UNSPECIFIED.,.F.,.F.,(4,4),(1.,2.000000000000),.UNSPECIFIED.) ;
#13098=CARTESIAN_POINT('NONE',(-5.498939999999,-12.336322777172,3.667248765375));
#13099 = PRESENTATION_STYLE_ASSIGNMENT((#15224)) ;
#13100=CARTESIAN_POINT('NONE',(-7.890040101705,10.482961106593,3.75852549));
#13101=DIRECTION('NONE',(-0.934510438742,-0.355935724369,0.));
#13102=CARTESIAN_POINT('NONE',(-7.791972805064,10.663192946932,3.75852549));
#13103=CARTESIAN_POINT('NONE',(-6.874911810945,10.766561043261,3.757609));
#13104 = ORIENTED_EDGE('NONE',*,*,#13825,.T.) ;
#13105 = VERTEX_POINT('NONE',#15674) ;
#13106 = ORIENTED_EDGE('NONE',*,*,#3065,.T.) ;
#13107=VECTOR('NONE',#7130,916.49);
#13108 = EDGE_CURVE('NONE',#13911,#15539,#7868,.T.) ;
#13109 = ORIENTED_EDGE('NONE',*,*,#10099,.F.) ;
#13110 = STYLED_ITEM('NONE',(#11169),#16040) ;
#13111 = SURFACE_STYLE_FILL_AREA(#16592) ;
#13112 = LINE('NONE',#8309,#11766) ;
#13113=CARTESIAN_POINT('NONE',(-6.272866161175,10.497608498856,3.75852549));
#13114 = LINE('NONE',#11862,#9260) ;
#13115 = LINE('NONE',#4679,#14498) ;
#13116 = SURFACE_STYLE_FILL_AREA(#2774) ;
#13117=DIRECTION('NONE',(0.,1.,0.));
#13118=CARTESIAN_POINT('NONE',(-5.812030309628,11.360961024704,3.75852549));
#13119 = SURFACE_STYLE_FILL_AREA(#8317) ;
#13121 = SURFACE_STYLE_FILL_AREA(#1392) ;
#13120 =(NAMED_UNIT(*) SI_UNIT($,.STERADIAN.) SOLID_ANGLE_UNIT());
#13122 = SURFACE_STYLE_USAGE(.BOTH.,#6961) ;
#13123 = FILL_AREA_STYLE('',(#15569)) ;
#13124 = COLOUR_RGB('',0.949019607843,0.760784313725,0.180392156862) ;
#13125 = ADVANCED_FACE('NONE',(#9529,#9697),#3685,.F.) ;
#13126 = VERTEX_POINT('NONE',#11259) ;
#13127=UNCERTAINTY_MEASURE_WITH_UNIT(LENGTH_MEASURE(9.164900000000001E-6),#6322,'distance_accuracy_value','NONE');
#13128=DIRECTION('NONE',(0.,0.,1.));
#13129=CARTESIAN_POINT('NONE',(-6.047212874065,10.454345579789,3.75852549));
#13130 = EDGE_CURVE('NONE',#3429,#7029,#9935,.T.) ;
#13131=CARTESIAN_POINT('NONE',(-6.010167808456,10.435048793202,3.75852549));
#13132 = ADVANCED_FACE('NONE',(#12509),#10457,.T.) ;
#13133 = VERTEX_POINT('NONE',#14820) ;
#13134 = EDGE_CURVE('NONE',#6208,#3937,#9570,.T.) ;
#13135=CARTESIAN_POINT('NONE',(-5.498939999999,-11.19542767047,4.399152));
#13136 = ORIENTED_EDGE('NONE',*,*,#6839,.T.) ;
#13137=CARTESIAN_POINT('NONE',(-5.790875313962,10.663036753257,3.75852549));
#13138 = SURFACE_STYLE_FILL_AREA(#8334) ;
#13139 =(GEOMETRIC_REPRESENTATION_CONTEXT(3) GLOBAL_UNCERTAINTY_ASSIGNED_CONTEXT((#15669)) GLOBAL_UNIT_ASSIGNED_CONTEXT((#13691,#11626,#14808)) REPRESENTATION_CONTEXT('NONE','WORKASPACE'));
#13140=CARTESIAN_POINT('NONE',(-4.942102582425,10.396788744734,3.75852549));
#13141=DIRECTION('NONE',(-0.328346164812,0.94455746043,0.));
#13142=DIRECTION('NONE',(-1.,0.,0.));
#13143 = SURFACE_STYLE_FILL_AREA(#14252) ;
#13144=CARTESIAN_POINT('NONE',(-8.136533328375,11.246295219333,3.75852549));
#13145 = VERTEX_POINT('NONE',#12592) ;
#13146=CARTESIAN_POINT('NONE',(-6.521485006643,10.607385773666,3.757609));
#13147 = ORIENTED_EDGE('NONE',*,*,#6191,.F.) ;
#13148 =(NAMED_UNIT(*) PLANE_ANGLE_UNIT() SI_UNIT($,.RADIAN.));
#13149=UNCERTAINTY_MEASURE_WITH_UNIT(LENGTH_MEASURE(9.164900000000001E-6),#15543,'distance_accuracy_value','NONE');
#13150 = SURFACE_STYLE_USAGE(.BOTH.,#12291) ;
#13151=CARTESIAN_POINT('NONE',(-5.988607818503,10.570602763183,3.75852549));
#13152 = SURFACE_STYLE_FILL_AREA(#4563) ;
#13153 = EDGE_CURVE('NONE',#14305,#1483,#13703,.T.) ;
#13154 = FILL_AREA_STYLE('',(#5978)) ;
#13155=CARTESIAN_POINT('NONE',(-5.721311589473,10.462921929384,3.75852549));
#13156=CARTESIAN_POINT('NONE',(-5.248945312361,11.287204418192,3.757609));
#13157=CARTESIAN_POINT('NONE',(-5.822607807463,11.198772724595,3.757609));
#13158=UNCERTAINTY_MEASURE_WITH_UNIT(LENGTH_MEASURE(9.164900000000001E-6),#7858,'distance_accuracy_value','NONE');
#13159 = SURFACE_SIDE_STYLE('',(#9701)) ;
#13160=CARTESIAN_POINT('NONE',(-10.916213642366,-6.965323999999,5.040695));
#13161 = ORIENTED_EDGE('NONE',*,*,#11664,.T.) ;
#13162 = PRESENTATION_STYLE_ASSIGNMENT((#7085)) ;
#13163 = ORIENTED_EDGE('NONE',*,*,#16591,.F.) ;
#13164 = VERTEX_POINT('NONE',#15921) ;
#13165 = PRESENTATION_LAYER_ASSIGNMENT('','',(#5602)) ;
#13166 = EDGE_LOOP('NONE',(#13238,#5691,#7893,#10618)) ;
#13167=CARTESIAN_POINT('NONE',(-6.41543,-12.739211,3.757609));
#13168 =(LENGTH_UNIT() NAMED_UNIT(*) SI_UNIT(.MILLI.,.METRE.));
#13169=UNCERTAINTY_MEASURE_WITH_UNIT(LENGTH_MEASURE(9.164900000000001E-6),#3901,'distance_accuracy_value','NONE');
#13170 = FACE_OUTER_BOUND('NONE',#7698,.T.) ;
#13171=CARTESIAN_POINT('NONE',(-6.219502208143,10.522003448814,3.75852549));
#13172 = EDGE_LOOP('NONE',(#1891,#8565,#10039,#14472)) ;
#13173=VECTOR('NONE',#15544,916.49);
#13174=DIRECTION('NONE',(-0.990328603988,-0.138741688482,0.));
#13175 = SURFACE_STYLE_USAGE(.BOTH.,#2468) ;
#13176 = PRESENTATION_STYLE_ASSIGNMENT((#15939)) ;
#13178=CARTESIAN_POINT('NONE',(-7.839681164994,10.718852733886,3.75852549));
#13177 =(NAMED_UNIT(*) PLANE_ANGLE_UNIT() SI_UNIT($,.RADIAN.));
#13179=CARTESIAN_POINT('NONE',(-6.36911186218,10.396788744734,3.75852549));
#13180 = PRESENTATION_LAYER_ASSIGNMENT('','',(#10670)) ;
#13181 = ORIENTED_EDGE('NONE',*,*,#14183,.F.) ;
#13182 = VERTEX_POINT('NONE',#5116) ;
#13183 = ORIENTED_EDGE('NONE',*,*,#5325,.F.) ;
#13184=CARTESIAN_POINT('NONE',(-5.537205951509,10.769574073776,3.757609));
#13185 = ORIENTED_EDGE('NONE',*,*,#16003,.T.) ;
#13186 = PRESENTATION_LAYER_ASSIGNMENT('','',(#8667)) ;
#13187 = PRESENTATION_LAYER_ASSIGNMENT('','',(#9927)) ;
#13188=DIRECTION('NONE',(0.,0.,-1.));
#13189 = PRESENTATION_STYLE_ASSIGNMENT((#9330)) ;
#13190=UNCERTAINTY_MEASURE_WITH_UNIT(LENGTH_MEASURE(9.164900000000001E-6),#12037,'distance_accuracy_value','NONE');
#13191 = PRESENTATION_STYLE_ASSIGNMENT((#12169)) ;
#13192=DIRECTION('NONE',(-1.156482317317000E-16,1.,0.));
#13193 = FACE_OUTER_BOUND('NONE',#13555,.T.) ;
#13194 =(LENGTH_UNIT() NAMED_UNIT(*) SI_UNIT(.MILLI.,.METRE.));
#13195=CARTESIAN_POINT('NONE',(-5.179572173419,11.132258368852,3.75852549));
#13196 = EDGE_CURVE('NONE',#12322,#12191,#3989,.T.) ;
#13197 = LINE('NONE',#10764,#15031) ;
#13198 = FILL_AREA_STYLE('',(#1232)) ;
#13199=CARTESIAN_POINT('NONE',(-6.078659489245,11.352003504017,3.75852549));
#13200=DIRECTION('NONE',(0.,1.,0.));
#13201 = EDGE_LOOP('NONE',(#3758,#3923)) ;
#13202=CARTESIAN_POINT('NONE',(-8.398929409091,10.822220880767,3.75852549));
#13203 = STYLED_ITEM('NONE',(#9461),#6390) ;
#13204=CARTESIAN_POINT('NONE',(-5.976219757977,10.513808270312,3.75852549));
#13205=CARTESIAN_POINT('NONE',(-5.266288597095,10.769574073776,3.75852549));
#13206=DIRECTION('NONE',(0.,0.,-1.));
#13207 = EDGE_CURVE('NONE',#3506,#9516,#13948,.T.) ;
#13208 = EDGE_LOOP('NONE',(#11669,#11651,#8960,#2563)) ;
#13209 = PLANE('NONE',#11226) ;
#13210 = PLANE('NONE',#4281) ;
#13211=VECTOR('NONE',#12589,916.49);
#13212 = EDGE_CURVE('NONE',#8737,#3479,#12581,.T.) ;
#13213 = LINE('NONE',#2271,#2699) ;
#13214=CARTESIAN_POINT('NONE',(-7.72571121652,10.50151448687,3.75852549));
#13215 = FACE_OUTER_BOUND('NONE',#5665,.T.) ;
#13216 = ORIENTED_EDGE('NONE',*,*,#9481,.F.) ;
#13217 = FILL_AREA_STYLE_COLOUR('',#7320) ;
#13218 = VERTEX_POINT('NONE',#11491) ;
#13219 = EDGE_CURVE('NONE',#2351,#2070,#13197,.T.) ;
#13220 = ADVANCED_FACE('NONE',(#3126),#1885,.T.) ;
#13221=CARTESIAN_POINT('NONE',(10.631284,-10.906231,2.2454005));
#13222 = STYLED_ITEM('NONE',(#3577),#4150) ;
#13223=CARTESIAN_POINT('NONE',(-7.990757722358,10.753308765996,3.757609));
#13224 = STYLED_ITEM('NONE',(#4067),#11965) ;
#13225=UNCERTAINTY_MEASURE_WITH_UNIT(LENGTH_MEASURE(9.164900000000001E-6),#2364,'distance_accuracy_value','NONE');
#13226 = ORIENTED_EDGE('NONE',*,*,#15933,.F.) ;
#13227=CARTESIAN_POINT('NONE',(-4.748658252679,10.769574073776,3.75852549));
#13228=CARTESIAN_POINT('NONE',(9.163813426757,-3.301001380297,21.407686738066));
#13229=CARTESIAN_POINT('NONE',(-5.3557685112,10.988175695663,3.75852549));
#13230 = LINE('NONE',#12137,#3230) ;
#13231 = SURFACE_SIDE_STYLE('',(#12138)) ;
#13232 = LINE('NONE',#11975,#3610) ;
#13233 = FACE_OUTER_BOUND('NONE',#4789,.T.) ;
#13234 =(GEOMETRIC_REPRESENTATION_CONTEXT(3) GLOBAL_UNCERTAINTY_ASSIGNED_CONTEXT((#13127)) GLOBAL_UNIT_ASSIGNED_CONTEXT((#6322,#11132,#5566)) REPRESENTATION_CONTEXT('NONE','WORKASPACE'));
#13235 = ORIENTED_EDGE('NONE',*,*,#12550,.F.) ;
#13236=DIRECTION('NONE',(-1.,0.,0.));
#13237 = ORIENTED_EDGE('NONE',*,*,#4019,.F.) ;
#13238 = ORIENTED_EDGE('NONE',*,*,#7263,.F.) ;
#13239 = EDGE_CURVE('NONE',#12382,#2540,#4301,.T.) ;
#13240 = EDGE_CURVE('NONE',#5993,#11704,#2255,.T.) ;
#13241 = VERTEX_POINT('NONE',#8389) ;
#13242 = MECHANICAL_DESIGN_GEOMETRIC_PRESENTATION_REPRESENTATION('',(#2423),#5916) ;
#13243 = PRESENTATION_STYLE_ASSIGNMENT((#1283)) ;
#13244 = LINE('NONE',#6077,#10517) ;
#13245=VECTOR('NONE',#9910,916.49);
#13246=CARTESIAN_POINT('NONE',(-4.748658252679,10.769574073776,3.75852549));
#13247 = EDGE_CURVE('NONE',#11818,#7666,#9111,.T.) ;
#13248 = ADVANCED_FACE('NONE',(#4226),#12740,.F.) ;
#13249 = ORIENTED_EDGE('NONE',*,*,#13380,.F.) ;
#13250=VECTOR('NONE',#13834,916.49);
#13251=VECTOR('NONE',#1988,916.49);
#13252 = SURFACE_STYLE_FILL_AREA(#14366) ;
#13253 = SURFACE_STYLE_FILL_AREA(#15623) ;
#13254=CARTESIAN_POINT('NONE',(-8.565908820504,10.816919828312,3.757609));
#13256=DIRECTION('NONE',(0.,0.,-1.));
#13255 = PRESENTATION_STYLE_ASSIGNMENT((#14294)) ;
#13257=CARTESIAN_POINT('NONE',(-5.915327675856,10.464637199304,3.75852549));
#13258=CARTESIAN_POINT('NONE',(-4.77600727861,10.721927687138,3.75852549));
#13259 = ORIENTED_EDGE('NONE',*,*,#10594,.F.) ;
#13260 = VERTEX_POINT('NONE',#8702) ;
#13261 = ORIENTED_EDGE('NONE',*,*,#6948,.F.) ;
#13262=DIRECTION('NONE',(0.,0.,1.));
#13263 = PRESENTATION_LAYER_ASSIGNMENT('','',(#1694)) ;
#13264=CIRCLE('NONE',#4963,1.2372615);
#13265 =(GEOMETRIC_REPRESENTATION_CONTEXT(3) GLOBAL_UNCERTAINTY_ASSIGNED_CONTEXT((#3049)) GLOBAL_UNIT_ASSIGNED_CONTEXT((#3183,#10454,#15245)) REPRESENTATION_CONTEXT('NONE','WORKASPACE'));
#13266 = ORIENTED_EDGE('NONE',*,*,#12354,.T.) ;
#13267 = COLOUR_RGB('',1.,1.,1.) ;
#13268=AXIS2_PLACEMENT_3D('NONE',#10806,#9620,#12987);
#13269=CARTESIAN_POINT('NONE',(-6.373018865883,11.030676272542,3.757609));
#13270 =(NAMED_UNIT(*) SI_UNIT($,.STERADIAN.) SOLID_ANGLE_UNIT());
#13271 =(GEOMETRIC_REPRESENTATION_CONTEXT(3) GLOBAL_UNCERTAINTY_ASSIGNED_CONTEXT((#5236)) GLOBAL_UNIT_ASSIGNED_CONTEXT((#5136,#14756,#1373)) REPRESENTATION_CONTEXT('NONE','WORKASPACE'));
#13272 = STYLED_ITEM('NONE',(#5194),#10247) ;
#13273 = STYLED_ITEM('NONE',(#8507),#6748) ;
#13274 = LINE('NONE',#8386,#7964) ;
#13275=CARTESIAN_POINT('NONE',(-7.410305875078,10.55982464839,3.757609));
#13276=DIRECTION('NONE',(0.,-1.,0.));
#13277 = PLANE('NONE',#13391) ;
#13278=VECTOR('NONE',#7042,916.49);
#13279=DIRECTION('NONE',(0.,0.,-1.));
#13280 = B_SPLINE_CURVE_WITH_KNOTS('NONE',3,(#1860,#7769,#16127,#6629),.UNSPECIFIED.,.F.,.F.,(4,4),(8.000000000000,9.000000000000),.UNSPECIFIED.) ;
#13281 = SURFACE_STYLE_FILL_AREA(#16031) ;
#13282 = VERTEX_POINT('NONE',#7433) ;
#13283 = FACE_OUTER_BOUND('NONE',#15758,.T.) ;
#13284=CARTESIAN_POINT('NONE',(-8.004010100733,11.32580918625,3.757609));
#13285 = PRESENTATION_LAYER_ASSIGNMENT('','',(#2471)) ;
#13286=CIRCLE('NONE',#14800,1.2372615);
#13287 = ORIENTED_EDGE('NONE',*,*,#7485,.T.) ;
#13288=AXIS2_PLACEMENT_3D('NONE',#11512,#13657,#13581);
#13289 =(GEOMETRIC_REPRESENTATION_CONTEXT(3) GLOBAL_UNCERTAINTY_ASSIGNED_CONTEXT((#1385)) GLOBAL_UNIT_ASSIGNED_CONTEXT((#13759,#7687,#1706)) REPRESENTATION_CONTEXT('NONE','WORKASPACE'));
#13290 = PRESENTATION_LAYER_ASSIGNMENT('','',(#5971)) ;
#13291 = STYLED_ITEM('NONE',(#14083),#2815) ;
#13292=UNCERTAINTY_MEASURE_WITH_UNIT(LENGTH_MEASURE(9.164900000000001E-6),#11442,'distance_accuracy_value','NONE');
#13293=CARTESIAN_POINT('NONE',(5.49894,-11.091166380297,4.399152));
#13294=CARTESIAN_POINT('NONE',(-7.958952165924,11.3576147806,3.757609));
#13295=CARTESIAN_POINT('NONE',(-6.307266852326,11.170375478161,3.75852549));
#13296 = VERTEX_POINT('NONE',#12337) ;
#13297 = FILL_AREA_STYLE('',(#7376)) ;
#13298=CARTESIAN_POINT('NONE',(3.4918269,10.906231,3.8034335));
#13299 = COLOUR_RGB('',1.,1.,1.) ;
#13300 =(GEOMETRIC_REPRESENTATION_CONTEXT(3) GLOBAL_UNCERTAINTY_ASSIGNED_CONTEXT((#5934)) GLOBAL_UNIT_ASSIGNED_CONTEXT((#9730,#13362,#3403)) REPRESENTATION_CONTEXT('NONE','WORKASPACE'));
#13301=CARTESIAN_POINT('NONE',(-12.372615,-8.340058999999,5.040695));
#13302 = FACE_OUTER_BOUND('NONE',#12256,.T.) ;
#13303=VECTOR('NONE',#3159,916.49);
#13304 = PRESENTATION_STYLE_ASSIGNMENT((#1576)) ;
#13305=CARTESIAN_POINT('NONE',(-5.548355205985,11.306453558394,3.757609));
#13306 = ORIENTED_EDGE('NONE',*,*,#13239,.T.) ;
#13307 = SURFACE_STYLE_FILL_AREA(#7385) ;
#13308 = ORIENTED_EDGE('NONE',*,*,#9170,.T.) ;
#13309 = EDGE_CURVE('NONE',#1949,#15026,#5992,.T.) ;
#13310 = MECHANICAL_DESIGN_GEOMETRIC_PRESENTATION_REPRESENTATION('',(#7520),#13824) ;
#13311 =(GEOMETRIC_REPRESENTATION_CONTEXT(3) GLOBAL_UNCERTAINTY_ASSIGNED_CONTEXT((#8310)) GLOBAL_UNIT_ASSIGNED_CONTEXT((#4154,#14035,#6523)) REPRESENTATION_CONTEXT('NONE','WORKASPACE'));
#13312 = COLOUR_RGB('',0.776470588235,0.458823529411,0.) ;
#13313 = ADVANCED_FACE('NONE',(#1559),#14543,.F.) ;
#13314=UNCERTAINTY_MEASURE_WITH_UNIT(LENGTH_MEASURE(9.164900000000001E-6),#10421,'distance_accuracy_value','NONE');
#13315 = SURFACE_STYLE_FILL_AREA(#14420) ;
#13316=CARTESIAN_POINT('NONE',(-8.332667769993,10.620785487798,3.75852549));
#13317 = VERTEX_POINT('NONE',#1475) ;
#13318=CARTESIAN_POINT('NONE',(-6.254569948706,10.432809413031,3.757609));
#13319 = SURFACE_STYLE_FILL_AREA(#5114) ;
#13320 = PRESENTATION_STYLE_ASSIGNMENT((#8509)) ;
#13321=DIRECTION('NONE',(0.,1.,0.));
#13322=DIRECTION('NONE',(0.,0.,-1.));
#13323 = PRESENTATION_STYLE_ASSIGNMENT((#8511)) ;
#13324 =(LENGTH_UNIT() NAMED_UNIT(*) SI_UNIT(.MILLI.,.METRE.));
#13325 = COLOUR_RGB('',1.,1.,1.) ;
#13326=AXIS2_PLACEMENT_3D('NONE',#10011,#10091,#10320);
#13327 = SURFACE_STYLE_USAGE(.BOTH.,#6309) ;
#13328 = B_SPLINE_CURVE_WITH_KNOTS('NONE',3,(#14022,#10096,#2896,#8880),.UNSPECIFIED.,.F.,.F.,(4,4),(8.000000000000,9.000000000000),.UNSPECIFIED.) ;
#13329 = ORIENTED_EDGE('NONE',*,*,#14418,.T.) ;
#13330=CARTESIAN_POINT('NONE',(-7.137307841109,11.113771941138,3.757609));
#13331 = ORIENTED_EDGE('NONE',*,*,#4370,.F.) ;
#13332 = EDGE_CURVE('NONE',#14749,#8613,#12409,.T.) ;
#13333 = ORIENTED_EDGE('NONE',*,*,#10262,.T.) ;
#13334 = ADVANCED_FACE('NONE',(#3738),#6105,.F.) ;
#13335 = B_SPLINE_SURFACE_WITH_KNOTS('NONE',3,1,((#15971,#9845),(#13458,#2663),(#12419,#12486),(#2959,#9916)),.UNSPECIFIED.,.F.,.F.,.F.,(4,4),(2,2),(3.000000000000,4.000000000000),(0.,1.),.UNSPECIFIED.) ;
#13336 = ORIENTED_EDGE('NONE',*,*,#7669,.F.) ;
#13337 = B_SPLINE_CURVE_WITH_KNOTS('NONE',3,(#12333,#13275,#12102,#2578),.UNSPECIFIED.,.F.,.F.,(4,4),(27.000000000000,28.000000000000),.UNSPECIFIED.) ;
#13338 = STYLED_ITEM('NONE',(#3907),#15148) ;
#13339=DIRECTION('NONE',(0.,-1.,0.));
#13340=DIRECTION('NONE',(0.,0.,-1.));
#13341 = PLANE('NONE',#4481) ;
#13342=CARTESIAN_POINT('NONE',(-6.078659489245,11.049734827198,3.75852549));
#13343 = ADVANCED_FACE('NONE',(#11003),#7927,.T.) ;
#13344 = ORIENTED_EDGE('NONE',*,*,#14876,.T.) ;
#13345 = PLANE('NONE',#1447) ;
#13346=CARTESIAN_POINT('NONE',(-6.078659489245,11.049734827198,3.75852549));
#13347 = FACE_OUTER_BOUND('NONE',#6886,.T.) ;
#13348=CARTESIAN_POINT('NONE',(-7.72571121652,10.485611733927,3.757609));
#13350 = LINE('NONE',#14443,#13173) ;
#13349 = PRESENTATION_STYLE_ASSIGNMENT((#16665)) ;
#13351 = FILL_AREA_STYLE_COLOUR('',#6292) ;
#13352 = EDGE_LOOP('NONE',(#15234,#16652,#4273,#11208)) ;
#13353 = ORIENTED_EDGE('NONE',*,*,#9774,.F.) ;
#13354 = ORIENTED_EDGE('NONE',*,*,#11387,.T.) ;
#13355=CIRCLE('NONE',#8055,1.6955065);
#13356 = ORIENTED_EDGE('NONE',*,*,#7731,.F.) ;
#13357 =(GEOMETRIC_REPRESENTATION_CONTEXT(3) GLOBAL_UNCERTAINTY_ASSIGNED_CONTEXT((#14109)) GLOBAL_UNIT_ASSIGNED_CONTEXT((#9038,#5410,#13632)) REPRESENTATION_CONTEXT('NONE','WORKASPACE'));
#13358 = B_SPLINE_CURVE_WITH_KNOTS('NONE',3,(#12904,#5738,#10557,#7220),.UNSPECIFIED.,.F.,.F.,(4,4),(1.,2.000000000000),.UNSPECIFIED.) ;
#13359=CARTESIAN_POINT('NONE',(4.3166679,10.906231,2.291225));
#13360=CIRCLE('NONE',#4015,0.824841);
#13361 = SURFACE_SIDE_STYLE('',(#8622)) ;
#13362 =(NAMED_UNIT(*) PLANE_ANGLE_UNIT() SI_UNIT($,.RADIAN.));
#13363=DIRECTION('NONE',(0.,0.,-1.));
#13364 = STYLED_ITEM('NONE',(#7733),#15677) ;
#13365 = FACE_OUTER_BOUND('NONE',#8486,.T.) ;
#13366 = FILL_AREA_STYLE('',(#15712)) ;
#13367=DIRECTION('NONE',(0.,0.,-1.));
#13369=CARTESIAN_POINT('NONE',(-5.721311589473,10.462921929384,3.75852549));
#13368=CARTESIAN_POINT('NONE',(-7.640896298254,11.460982940121,3.75852549));
#13370 = ADVANCED_FACE('NONE',(#15001),#2865,.T.) ;
#13371=CARTESIAN_POINT('NONE',(-7.354646138679,10.557174223269,3.75852549));
#13372 = EDGE_CURVE('NONE',#6658,#2707,#4030,.T.) ;
#13373 = ORIENTED_EDGE('NONE',*,*,#2077,.T.) ;
#13374 = LINE('NONE',#1235,#11803) ;
#13375=CARTESIAN_POINT('NONE',(3.4918269,10.906231,3.8034335));
#13376=VECTOR('NONE',#3011,916.49);
#13377 = ORIENTED_EDGE('NONE',*,*,#6028,.F.) ;
#13378 =(GEOMETRIC_REPRESENTATION_CONTEXT(3) GLOBAL_UNCERTAINTY_ASSIGNED_CONTEXT((#8116)) GLOBAL_UNIT_ASSIGNED_CONTEXT((#3328,#10452,#4285)) REPRESENTATION_CONTEXT('NONE','WORKASPACE'));
#13379=CARTESIAN_POINT('NONE',(-5.984605522025,10.621298518563,3.75852549));
#13380 = EDGE_CURVE('NONE',#4464,#8149,#10367,.T.) ;
#13381=DIRECTION('NONE',(0.,0.,1.));
#13382 = LINE('NONE',#9590,#2474) ;
#13383 = FACE_OUTER_BOUND('NONE',#2672,.T.) ;
#13384 = ORIENTED_EDGE('NONE',*,*,#12893,.F.) ;
#13385=DIRECTION('NONE',(1.,0.,0.));
#13386 = SURFACE_STYLE_USAGE(.BOTH.,#7213) ;
#13387 =(LENGTH_UNIT() NAMED_UNIT(*) SI_UNIT(.MILLI.,.METRE.));
#13388 = B_SPLINE_CURVE_WITH_KNOTS('NONE',3,(#5868,#2097,#11789,#5705,#14316,#3567),.UNSPECIFIED.,.F.,.F.,(4,2,4),(2.000000000000,3.000000000000,4.000000000000),.UNSPECIFIED.) ;
#13389=CARTESIAN_POINT('NONE',(-5.498939999999,-11.091166380297,4.307503));
#13390 = SURFACE_SIDE_STYLE('',(#8574)) ;
#13391=AXIS2_PLACEMENT_3D('NONE',#9492,#6176,#12104);
#13392 = ORIENTED_EDGE('NONE',*,*,#8645,.T.) ;
#13393 =(LENGTH_UNIT() NAMED_UNIT(*) SI_UNIT(.MILLI.,.METRE.));
#13394 = EDGE_CURVE('NONE',#15403,#2236,#8921,.T.) ;
#13395 = EDGE_CURVE('NONE',#1612,#14924,#2936,.T.) ;
#13396 = VERTEX_POINT('NONE',#1621) ;
#13397=VECTOR('NONE',#6836,916.49);
#13398 = MECHANICAL_DESIGN_GEOMETRIC_PRESENTATION_REPRESENTATION('',(#12874),#14651) ;
#13399 =(NAMED_UNIT(*) PLANE_ANGLE_UNIT() SI_UNIT($,.RADIAN.));
#13400 = EDGE_LOOP('NONE',(#11078,#6681,#8830,#12218)) ;
#13401=CARTESIAN_POINT('NONE',(-5.966690480651,10.55688060383,3.75852549));
#13402 = PRESENTATION_STYLE_ASSIGNMENT((#12299)) ;
#13403 = SURFACE_SIDE_STYLE('',(#12054)) ;
#13404=CARTESIAN_POINT('NONE',(-6.298404624412,10.599000009617,3.757609));
#13405=DIRECTION('NONE',(0.,0.,1.));
#13406=CARTESIAN_POINT('NONE',(-6.16699589007,11.367250347742,3.757609));
#13407=DIRECTION('NONE',(0.,-1.,0.));
#13408 =(LENGTH_UNIT() NAMED_UNIT(*) SI_UNIT(.MILLI.,.METRE.));
#13409 = EDGE_LOOP('NONE',(#8637,#4583,#1256,#4657)) ;
#13410 = PLANE('NONE',#6745) ;
#13411 = ORIENTED_EDGE('NONE',*,*,#16155,.F.) ;
#13412 = ORIENTED_EDGE('NONE',*,*,#12300,.T.) ;
#13413 = ORIENTED_EDGE('NONE',*,*,#3878,.T.) ;
#13414=DIRECTION('NONE',(0.,0.,-1.));
#13415 =(LENGTH_UNIT() NAMED_UNIT(*) SI_UNIT(.MILLI.,.METRE.));
#13416 = ORIENTED_EDGE('NONE',*,*,#5235,.T.) ;
#13417 = EDGE_CURVE('NONE',#10002,#13133,#1776,.T.) ;
#13418=CARTESIAN_POINT('NONE',(-5.548355205985,11.306453558394,3.75852549));
#13419 = SURFACE_STYLE_USAGE(.BOTH.,#8824) ;
#13420 = FACE_OUTER_BOUND('NONE',#1857,.T.) ;
#13422 = PLANE('NONE',#16446) ;
#13421=CARTESIAN_POINT('NONE',(-5.833471183615,10.275195166038,3.75852549));
#13423 = COLOUR_RGB('',0.776470588235,0.458823529411,0.) ;
#13424 = ORIENTED_EDGE('NONE',*,*,#13066,.T.) ;
#13425 = ORIENTED_EDGE('NONE',*,*,#10061,.T.) ;
#13426 = VERTEX_POINT('NONE',#7097) ;
#13427=CARTESIAN_POINT('NONE',(-7.4129563002,10.398146289432,3.757609));
#13428 = ORIENTED_EDGE('NONE',*,*,#2643,.F.) ;
#13429 = EDGE_CURVE('NONE',#10883,#14467,#8224,.T.) ;
#13430 = EDGE_CURVE('NONE',#12708,#10876,#12547,.T.) ;
#13431=CARTESIAN_POINT('NONE',(-5.714355217025,10.441004591531,3.75852549));
#13432 =(GEOMETRIC_REPRESENTATION_CONTEXT(3) GLOBAL_UNCERTAINTY_ASSIGNED_CONTEXT((#10622)) GLOBAL_UNIT_ASSIGNED_CONTEXT((#5852,#2312,#9718)) REPRESENTATION_CONTEXT('NONE','WORKASPACE'));
#13433 = SURFACE_SIDE_STYLE('',(#6018)) ;
#13434 = LINE('NONE',#14852,#10784) ;
#13435 = LINE('NONE',#5081,#11987) ;
#13436=CARTESIAN_POINT('NONE',(-5.715594023076,10.441004591531,3.75852549));
#13437 = COLOUR_RGB('',1.,1.,1.) ;
#13438 = FILL_AREA_STYLE_COLOUR('',#12379) ;
#13440=CARTESIAN_POINT('NONE',(-6.268006229738,11.348954135274,3.75852549));
#13439 = SURFACE_STYLE_USAGE(.BOTH.,#10762) ;
#13441=CARTESIAN_POINT('NONE',(-6.078659489245,11.301688919731,3.75852549));
#13442 = VERTEX_POINT('NONE',#14297) ;
#13443 = ORIENTED_EDGE('NONE',*,*,#8611,.T.) ;
#13444=CARTESIAN_POINT('NONE',(5.49894,-12.13007241769,4.067036689331));
#13445 = SURFACE_STYLE_FILL_AREA(#3896) ;
#13446 = MECHANICAL_DESIGN_GEOMETRIC_PRESENTATION_REPRESENTATION('',(#2625),#14203) ;
#13447 = COLOUR_RGB('',1.,1.,1.) ;
#13448 = VERTEX_POINT('NONE',#2313) ;
#13449 = EDGE_CURVE('NONE',#15962,#8555,#5685,.T.) ;
#13450 = EDGE_CURVE('NONE',#10771,#16241,#14216,.T.) ;
#13451=UNCERTAINTY_MEASURE_WITH_UNIT(LENGTH_MEASURE(9.164900000000001E-6),#4451,'distance_accuracy_value','NONE');
#13452 = FACE_OUTER_BOUND('NONE',#11090,.T.) ;
#13453=CARTESIAN_POINT('NONE',(-5.081515909722,10.715066607463,3.75852549));
#13454 = LINE('NONE',#15900,#5174) ;
#13455 = LINE('NONE',#12190,#16607) ;
#13456 = ORIENTED_EDGE('NONE',*,*,#5319,.T.) ;
#13457 = COLOUR_RGB('',0.949019607843,0.760784313725,0.180392156862) ;
#13458=CARTESIAN_POINT('NONE',(-5.493466568576,11.095284772822,3.75852549));
#13459 = FILL_AREA_STYLE('',(#11018)) ;
#13460 = FILL_AREA_STYLE_COLOUR('',#16633) ;
#13461=CARTESIAN_POINT('NONE',(-8.279658458715,11.087267437159,3.757609));
#13462=CARTESIAN_POINT('NONE',(-5.976219757977,10.513808270312,3.75852549));
#13463 = B_SPLINE_SURFACE_WITH_KNOTS('NONE',3,1,((#13485,#10818),(#9632,#10975),(#6076,#8443),(#10900,#9708)),.UNSPECIFIED.,.F.,.F.,.F.,(4,4),(2,2),(20.,21.),(0.,1.),.UNSPECIFIED.) ;
#13464=CARTESIAN_POINT('NONE',(-8.075572640625,11.240994293262,3.75852549));
#13465 = ORIENTED_EDGE('NONE',*,*,#9349,.F.) ;
#13466 = ORIENTED_EDGE('NONE',*,*,#2427,.T.) ;
#13467=AXIS2_PLACEMENT_3D('NONE',#3153,#12778,#11676);
#13468 = SURFACE_SIDE_STYLE('',(#15981)) ;
#13469=UNCERTAINTY_MEASURE_WITH_UNIT(LENGTH_MEASURE(9.164900000000001E-6),#11052,'distance_accuracy_value','NONE');
#13470=CARTESIAN_POINT('NONE',(-5.769720318295,10.323794480407,3.75852549));
#13471 = LINE('NONE',#6297,#7934) ;
#13472=CARTESIAN_POINT('NONE',(-5.988607818503,10.570602763183,3.75852549));
#13473 = ORIENTED_EDGE('NONE',*,*,#4861,.F.) ;
#13474 = SURFACE_STYLE_FILL_AREA(#13782) ;
#13475=CARTESIAN_POINT('NONE',(-7.839681164994,10.718852733886,3.75852549));
#13476 =(NAMED_UNIT(*) PLANE_ANGLE_UNIT() SI_UNIT($,.RADIAN.));
#13477 = LINE('NONE',#12135,#10028) ;
#13478 = SURFACE_STYLE_USAGE(.BOTH.,#12374) ;
#13479 = SURFACE_STYLE_USAGE(.BOTH.,#14584) ;
#13480 = SURFACE_STYLE_USAGE(.BOTH.,#14499) ;
#13481 =(LENGTH_UNIT() NAMED_UNIT(*) SI_UNIT(.MILLI.,.METRE.));
#13482 = ORIENTED_EDGE('NONE',*,*,#2767,.F.) ;
#13483 =(GEOMETRIC_REPRESENTATION_CONTEXT(3) GLOBAL_UNCERTAINTY_ASSIGNED_CONTEXT((#2410)) GLOBAL_UNIT_ASSIGNED_CONTEXT((#3310,#8528,#14600)) REPRESENTATION_CONTEXT('NONE','WORKASPACE'));
#13484 = VERTEX_POINT('NONE',#16488) ;
#13485=CARTESIAN_POINT('NONE',(-7.993408198034,11.047510453699,3.75852549));
#13486 =(NAMED_UNIT(*) SI_UNIT($,.STERADIAN.) SOLID_ANGLE_UNIT());
#13487 = FACE_OUTER_BOUND('NONE',#11209,.T.) ;
#13488 = SURFACE_STYLE_USAGE(.BOTH.,#6320) ;
#13489=DIRECTION('NONE',(0.,0.,-1.));
#13490 = ORIENTED_EDGE('NONE',*,*,#7140,.T.) ;
#13491=DIRECTION('NONE',(-1.,0.,0.));
#13492 = PRESENTATION_LAYER_ASSIGNMENT('','',(#15247)) ;
#13493=CARTESIAN_POINT('NONE',(-6.243039523141,10.631208966985,3.757609));
#13494=CARTESIAN_POINT('NONE',(-6.286302442207,10.39755108692,3.75852549));
#13496 = FILL_AREA_STYLE('',(#7506)) ;
#13495=CARTESIAN_POINT('NONE',(-5.485843146716,11.31159936815,3.757609));
#13497=VECTOR('NONE',#15975,916.49);
#13498 = VERTEX_POINT('NONE',#13016) ;
#13499 = ORIENTED_EDGE('NONE',*,*,#1674,.T.) ;
#13500 = EDGE_LOOP('NONE',(#11227,#9212)) ;
#13501=DIRECTION('NONE',(1.,0.,0.));
#13502 = ORIENTED_EDGE('NONE',*,*,#8930,.T.) ;
#13503 = ADVANCED_FACE('NONE',(#15547),#4751,.T.) ;
#13504 = SURFACE_STYLE_FILL_AREA(#13737) ;
#13505 =(NAMED_UNIT(*) PLANE_ANGLE_UNIT() SI_UNIT($,.RADIAN.));
#13506 = ADVANCED_FACE('NONE',(#1128),#10516,.F.) ;
#13507 = MECHANICAL_DESIGN_GEOMETRIC_PRESENTATION_REPRESENTATION('',(#4689),#16523) ;
#13508 = FILL_AREA_STYLE('',(#8695)) ;
#13509=CARTESIAN_POINT('NONE',(-6.972979057033,10.514766814689,3.75852549));
#13510=CARTESIAN_POINT('NONE',(-6.1818615627,10.981886372627,3.75852549));
#13511=CARTESIAN_POINT('NONE',(-4.837852288461,10.540871417921,3.75852549));
#13512=CARTESIAN_POINT('NONE',(-5.974980951924,10.390499421698,3.75852549));
#13513 = SURFACE_STYLE_USAGE(.BOTH.,#8701) ;
#13514 =(NAMED_UNIT(*) SI_UNIT($,.STERADIAN.) SOLID_ANGLE_UNIT());
#13515 = PRESENTATION_LAYER_ASSIGNMENT('','',(#4692)) ;
#13516=AXIS2_PLACEMENT_3D('NONE',#12429,#15985,#2891);
#13517=CARTESIAN_POINT('NONE',(-4.606672020505,10.396788744734,3.757609));
#13518 =(GEOMETRIC_REPRESENTATION_CONTEXT(3) GLOBAL_UNCERTAINTY_ASSIGNED_CONTEXT((#13292)) GLOBAL_UNIT_ASSIGNED_CONTEXT((#11442,#6405,#14055)) REPRESENTATION_CONTEXT('NONE','WORKASPACE'));
#13519 = ORIENTED_EDGE('NONE',*,*,#8130,.F.) ;
#13520 = ORIENTED_EDGE('NONE',*,*,#3976,.T.) ;
#13521 = STYLED_ITEM('NONE',(#16165),#12868) ;
#13522 = PRESENTATION_LAYER_ASSIGNMENT('','',(#9466)) ;
#13523 = B_SPLINE_CURVE_WITH_KNOTS('NONE',3,(#4803,#4883,#1183,#11740),.UNSPECIFIED.,.F.,.F.,(4,4),(28.000000000000,29.000000000000),.UNSPECIFIED.) ;
#13524 = ORIENTED_EDGE('NONE',*,*,#8514,.F.) ;
#13525 = EDGE_CURVE('NONE',#13182,#6115,#15311,.T.) ;
#13526 = PRESENTATION_LAYER_ASSIGNMENT('','',(#4701)) ;
#13527 = LINE('NONE',#6185,#13245) ;
#13528 =(GEOMETRIC_REPRESENTATION_CONTEXT(3) GLOBAL_UNCERTAINTY_ASSIGNED_CONTEXT((#14575)) GLOBAL_UNIT_ASSIGNED_CONTEXT((#9947,#12147,#7647)) REPRESENTATION_CONTEXT('NONE','WORKASPACE'));
#13529=DIRECTION('NONE',(0.,0.,1.));
#13530=CARTESIAN_POINT('NONE',(-5.95592239727,11.318079276733,3.75852549));
#13531=CARTESIAN_POINT('NONE',(-6.874911810945,10.766561043261,3.75852549));
#13532=VECTOR('NONE',#8663,916.49);
#13533=CARTESIAN_POINT('NONE',(-6.042543528175,10.560692314762,3.75852549));
#13534=DIRECTION('NONE',(-1.,0.,0.));
#13535 =(NAMED_UNIT(*) SI_UNIT($,.STERADIAN.) SOLID_ANGLE_UNIT());
#13536 = ADVANCED_FACE('NONE',(#6782),#5607,.F.) ;
#13537=DIRECTION('NONE',(0.,0.,-1.));
#13538=CARTESIAN_POINT('NONE',(-4.77600727861,10.721927687138,3.75852549));
#13539 = PRESENTATION_STYLE_ASSIGNMENT((#7856)) ;
#13540=DIRECTION('NONE',(0.920917203017,-0.389758265065,0.));
#13541 =(GEOMETRIC_REPRESENTATION_CONTEXT(3) GLOBAL_UNCERTAINTY_ASSIGNED_CONTEXT((#3219)) GLOBAL_UNIT_ASSIGNED_CONTEXT((#11909,#15533,#2072)) REPRESENTATION_CONTEXT('NONE','WORKASPACE'));
#13542 = MECHANICAL_DESIGN_GEOMETRIC_PRESENTATION_REPRESENTATION('',(#4456),#5479) ;
#13543 = PRESENTATION_LAYER_ASSIGNMENT('','',(#4457)) ;
#13544 =(GEOMETRIC_REPRESENTATION_CONTEXT(3) GLOBAL_UNCERTAINTY_ASSIGNED_CONTEXT((#5763)) GLOBAL_UNIT_ASSIGNED_CONTEXT((#6692,#8917,#13743)) REPRESENTATION_CONTEXT('NONE','WORKASPACE'));
#13545 = B_SPLINE_CURVE_WITH_KNOTS('NONE',3,(#15428,#3279,#8252,#13058),.UNSPECIFIED.,.F.,.F.,(4,4),(4.000000000000,5.000000000000),.UNSPECIFIED.) ;
#13546 = VERTEX_POINT('NONE',#2705) ;
#13547=CARTESIAN_POINT('NONE',(-8.239901475256,10.578378028667,3.757609));
#13548=CARTESIAN_POINT('NONE',(-5.785634211432,10.31140641988,3.75852549));
#13549 = PRESENTATION_LAYER_ASSIGNMENT('','',(#16306)) ;
#13550 = MECHANICAL_DESIGN_GEOMETRIC_PRESENTATION_REPRESENTATION('',(#11528),#6720) ;
#13551=CARTESIAN_POINT('NONE',(-7.267180694184,10.970646810797,3.75852549));
#13552=CIRCLE('NONE',#2966,1.6955065);
#13553 = MECHANICAL_DESIGN_GEOMETRIC_PRESENTATION_REPRESENTATION('',(#7768),#13815) ;
#13554 =(GEOMETRIC_REPRESENTATION_CONTEXT(3) GLOBAL_UNCERTAINTY_ASSIGNED_CONTEXT((#12500)) GLOBAL_UNIT_ASSIGNED_CONTEXT((#9577,#4846,#3737)) REPRESENTATION_CONTEXT('NONE','WORKASPACE'));
#13555 = EDGE_LOOP('NONE',(#14071,#15527,#8095,#13216)) ;
#13556 = LINE('NONE',#12133,#4536) ;
#13557=DIRECTION('NONE',(0.,-1.,0.));
#13558=DIRECTION('NONE',(0.,0.,1.));
#13559 = FACE_OUTER_BOUND('NONE',#13986,.T.) ;
#13560=CARTESIAN_POINT('NONE',(-6.373018865883,10.988175695663,3.757609));
#13561 = EDGE_CURVE('NONE',#16661,#5539,#2042,.T.) ;
#13562 = ORIENTED_EDGE('NONE',*,*,#16519,.F.) ;
#13563 = COLOUR_RGB('',1.,1.,1.) ;
#13564=VECTOR('NONE',#7149,916.49);
#13565 = ORIENTED_EDGE('NONE',*,*,#11118,.T.) ;
#13566 = SURFACE_STYLE_FILL_AREA(#11190) ;
#13567=CARTESIAN_POINT('NONE',(-6.105913222402,11.033153884647,3.757609));
#13568 = EDGE_CURVE('NONE',#10002,#7161,#4991,.T.) ;
#13569=CARTESIAN_POINT('NONE',(-6.22788797219,10.428807116553,3.757609));
#13570 = LINE('NONE',#12389,#10840) ;
#13572 = B_SPLINE_CURVE_WITH_KNOTS('NONE',3,(#8400,#6036,#9841,#3827),.UNSPECIFIED.,.F.,.F.,(4,4),(8.000000000000,9.000000000000),.UNSPECIFIED.) ;
#13571=DIRECTION('NONE',(0.,0.,-1.));
#13573 =(GEOMETRIC_REPRESENTATION_CONTEXT(3) GLOBAL_UNCERTAINTY_ASSIGNED_CONTEXT((#5632)) GLOBAL_UNIT_ASSIGNED_CONTEXT((#14739,#4888,#2537)) REPRESENTATION_CONTEXT('NONE','WORKASPACE'));
#13574 = ORIENTED_EDGE('NONE',*,*,#5965,.T.) ;
#13575 = COLOUR_RGB('',0.843137254901,0.815686274509,0.752941176470) ;
#13576 = PRESENTATION_STYLE_ASSIGNMENT((#12526)) ;
#13577 = SURFACE_STYLE_FILL_AREA(#8747) ;
#13578=DIRECTION('NONE',(0.,0.,-1.));
#13579 = FILL_AREA_STYLE('',(#16168)) ;
#13580=CARTESIAN_POINT('NONE',(-6.177192216809,10.45053386886,3.75852549));
#13581=DIRECTION('NONE',(-1.,0.,0.));
#13582 = LINE('NONE',#10037,#15880) ;
#13583 = EDGE_CURVE('NONE',#14846,#7007,#15630,.T.) ;
#13584 = VERTEX_POINT('NONE',#6008) ;
#13585 = ORIENTED_EDGE('NONE',*,*,#2767,.T.) ;
#13586 = ORIENTED_EDGE('NONE',*,*,#13852,.F.) ;
#13587 = ORIENTED_EDGE('NONE',*,*,#3727,.F.) ;
#13588=AXIS2_PLACEMENT_3D('NONE',#1269,#4882,#1348);
#13589 = COLOUR_RGB('',1.,1.,1.) ;
#13590 = PLANE('NONE',#9216) ;
#13591 = B_SPLINE_SURFACE_WITH_KNOTS('NONE',3,1,((#8973,#2845),(#6598,#12683),(#3000,#16092),(#5282,#7655)),.UNSPECIFIED.,.F.,.F.,.F.,(4,4),(2,2),(16.000000000000,17.000000000000),(0.,1.),.UNSPECIFIED.) ;
#13592 = PRESENTATION_STYLE_ASSIGNMENT((#13830)) ;
#13593=DIRECTION('NONE',(0.,0.,1.));
#13594 = LINE('NONE',#1468,#6444) ;
#13595=CARTESIAN_POINT('NONE',(-6.298404624412,10.644359369696,3.75852549));
#13596=CARTESIAN_POINT('NONE',(-6.206732976523,10.669135490747,3.757609));
#13597=DIRECTION('NONE',(0.,0.,-1.));
#13599 = FACE_OUTER_BOUND('NONE',#11904,.T.) ;
#13598 = FILL_AREA_STYLE('',(#3024)) ;
#13600 = SURFACE_SIDE_STYLE('',(#15802)) ;
#13601 = FACE_OUTER_BOUND('NONE',#10501,.T.) ;
#13602 = ORIENTED_EDGE('NONE',*,*,#1479,.F.) ;
#13603 = EDGE_LOOP('NONE',(#2604,#11256,#11658,#7902)) ;
#13604 = B_SPLINE_CURVE_WITH_KNOTS('NONE',3,(#14667,#11045,#5982,#8513),.UNSPECIFIED.,.F.,.F.,(4,4),(3.000000000000,4.000000000000),.UNSPECIFIED.) ;
#13605 = EDGE_LOOP('NONE',(#5773,#16654)) ;
#13606 = COLOUR_RGB('',1.,1.,1.) ;
#13607=CARTESIAN_POINT('NONE',(-8.396279034525,10.46440792853,3.75852549));
#13608=UNCERTAINTY_MEASURE_WITH_UNIT(LENGTH_MEASURE(9.164900000000001E-6),#12244,'distance_accuracy_value','NONE');
#13609=CARTESIAN_POINT('NONE',(-5.943248458425,10.669135490747,3.75852549));
#13610=DIRECTION('NONE',(0.,0.,-1.));
#13611 = STYLED_ITEM('NONE',(#7560),#9087) ;
#13612=CARTESIAN_POINT('NONE',(-6.046926995746,10.574795645206,3.75852549));
#13613 =(LENGTH_UNIT() NAMED_UNIT(*) SI_UNIT(.MILLI.,.METRE.));
#13614 = ADVANCED_FACE('NONE',(#11061),#15868,.F.) ;
#13615 = LINE('NONE',#1573,#8570) ;
#13616 = LINE('NONE',#13538,#13497) ;
#13617=CARTESIAN_POINT('NONE',(-1.6221873,10.906231,2.2454005));
#13619=CARTESIAN_POINT('NONE',(-8.075572640625,11.240994293262,3.75852549));
#13618 = MECHANICAL_DESIGN_GEOMETRIC_PRESENTATION_REPRESENTATION('',(#11592),#8080) ;
#13620=VECTOR('NONE',#11649,916.49);
#13621=DIRECTION('NONE',(0.,0.,-1.));
#13622 = ORIENTED_EDGE('NONE',*,*,#5048,.F.) ;
#13623 = EDGE_CURVE('NONE',#15469,#5214,#10248,.T.) ;
#13624 = ADVANCED_FACE('NONE',(#4901),#7349,.T.) ;
#13625 = EDGE_CURVE('NONE',#6550,#7990,#2191,.T.) ;
#13626=CARTESIAN_POINT('NONE',(-5.485843146716,11.040396135416,3.75852549));
#13627 = MECHANICAL_DESIGN_GEOMETRIC_PRESENTATION_REPRESENTATION('',(#11107),#12367) ;
#13628=CARTESIAN_POINT('NONE',(4.3166679,10.906231,2.2454005));
#13629=DIRECTION('NONE',(0.,0.,-1.));
#13630 = ORIENTED_EDGE('NONE',*,*,#8801,.F.) ;
#13631 = LINE('NONE',#2828,#14535) ;
#13632 =(NAMED_UNIT(*) SI_UNIT($,.STERADIAN.) SOLID_ANGLE_UNIT());
#13633 = FACE_OUTER_BOUND('NONE',#13751,.T.) ;
#13634=AXIS2_PLACEMENT_3D('NONE',#6779,#15394,#11764);
#13635 =(NAMED_UNIT(*) PLANE_ANGLE_UNIT() SI_UNIT($,.RADIAN.));
#13636=CARTESIAN_POINT('NONE',(-6.211116444094,10.631208966985,3.757609));
#13637=CARTESIAN_POINT('NONE',(-4.779818989539,10.701916204751,3.75852549));
#13638=DIRECTION('NONE',(0.,0.,1.));
#13639=AXIS2_PLACEMENT_3D('NONE',#1619,#14999,#16189);
#13640 = FILL_AREA_STYLE('',(#10328)) ;
#13641 = ORIENTED_EDGE('NONE',*,*,#13239,.F.) ;
#13642=AXIS2_PLACEMENT_3D('NONE',#2636,#3478,#6013);
#13643 = ORIENTED_EDGE('NONE',*,*,#4556,.F.) ;
#13644 = MECHANICAL_DESIGN_GEOMETRIC_PRESENTATION_REPRESENTATION('',(#8609),#6817) ;
#13645 = EDGE_CURVE('NONE',#4868,#4464,#14635,.T.) ;
#13646=CARTESIAN_POINT('NONE',(-5.485843146716,11.040396135416,3.75852549));
#13647 = ADVANCED_FACE('NONE',(#9058),#6673,.T.) ;
#13648 = SURFACE_STYLE_USAGE(.BOTH.,#12386) ;
#13649 =(GEOMETRIC_REPRESENTATION_CONTEXT(3) GLOBAL_UNCERTAINTY_ASSIGNED_CONTEXT((#12660)) GLOBAL_UNIT_ASSIGNED_CONTEXT((#6672,#10409,#4478)) REPRESENTATION_CONTEXT('NONE','WORKASPACE'));
#13650=CARTESIAN_POINT('NONE',(-4.837852288461,10.540871417921,3.75852549));
#13651 = VERTEX_POINT('NONE',#16096) ;
#13652 = FILL_AREA_STYLE_COLOUR('',#15771) ;
#13653 = PRESENTATION_STYLE_ASSIGNMENT((#13419)) ;
#13654=CARTESIAN_POINT('NONE',(-5.943248458425,10.547732497597,3.75852549));
#13656 =(NAMED_UNIT(*) PLANE_ANGLE_UNIT() SI_UNIT($,.RADIAN.));
#13655=DIRECTION('NONE',(-0.355935724369,0.934510438742,0.));
#13657=DIRECTION('NONE',(0.,0.,-1.));
#13658 = VERTEX_POINT('NONE',#12531) ;
#13659 = EDGE_LOOP('NONE',(#14194,#3615,#12608,#4397)) ;
#13660 = VERTEX_POINT('NONE',#11360) ;
#13661 =(NAMED_UNIT(*) PLANE_ANGLE_UNIT() SI_UNIT($,.RADIAN.));
#13662 = EDGE_LOOP('NONE',(#11362,#8720,#14404,#14074)) ;
#13663 = FACE_OUTER_BOUND('NONE',#5041,.T.) ;
#13664 =(LENGTH_UNIT() NAMED_UNIT(*) SI_UNIT(.MILLI.,.METRE.));
#13665 = LINE('NONE',#5302,#9014) ;
#13666=CARTESIAN_POINT('NONE',(-5.762478067527,10.271383455106,3.757609));
#13667 = LINE('NONE',#9077,#13250) ;
#13668=DIRECTION('NONE',(0.,1.,0.));
#13669 = SURFACE_SIDE_STYLE('',(#1474)) ;
#13670 = ORIENTED_EDGE('NONE',*,*,#14132,.F.) ;
#13671 = ORIENTED_EDGE('NONE',*,*,#1239,.F.) ;
#13672 = ORIENTED_EDGE('NONE',*,*,#6561,.T.) ;
#13673 = MECHANICAL_DESIGN_GEOMETRIC_PRESENTATION_REPRESENTATION('',(#5602),#5112) ;
#13674=DIRECTION('NONE',(-1.,0.,0.));
#13675 = EDGE_CURVE('NONE',#14906,#9452,#10118,.T.) ;
#13676 = EDGE_CURVE('NONE',#8518,#12993,#15379,.T.) ;
#13677=CARTESIAN_POINT('NONE',(-5.498939999999,-12.296305529988,3.8986385259));
#13678 = FILL_AREA_STYLE('',(#1631)) ;
#13679 = SURFACE_SIDE_STYLE('',(#5162)) ;
#13680 = FACE_OUTER_BOUND('NONE',#2873,.T.) ;
#13681 = SURFACE_STYLE_FILL_AREA(#7615) ;
#13682 =(NAMED_UNIT(*) SI_UNIT($,.STERADIAN.) SOLID_ANGLE_UNIT());
#13683 =(NAMED_UNIT(*) PLANE_ANGLE_UNIT() SI_UNIT($,.RADIAN.));
#13684 =(NAMED_UNIT(*) SI_UNIT($,.STERADIAN.) SOLID_ANGLE_UNIT());
#13685=VECTOR('NONE',#15033,916.49);
#13686=UNCERTAINTY_MEASURE_WITH_UNIT(LENGTH_MEASURE(9.164900000000001E-6),#5049,'distance_accuracy_value','NONE');
#13687=DIRECTION('NONE',(0.,0.,-1.));
#13688=CARTESIAN_POINT('NONE',(10.631284,-10.906231,3.757609));
#13689 = EDGE_LOOP('NONE',(#5362,#13889,#4398,#5072)) ;
#13690 = EDGE_CURVE('NONE',#5838,#11800,#8959,.T.) ;
#13691 =(LENGTH_UNIT() NAMED_UNIT(*) SI_UNIT(.MILLI.,.METRE.));
#13692=VECTOR('NONE',#9278,916.49);
#13693 = COLOUR_RGB('',0.776470588235,0.458823529411,0.) ;
#13694=CARTESIAN_POINT('NONE',(-7.640896298254,11.460982940121,3.757609));
#13695 = PRESENTATION_STYLE_ASSIGNMENT((#11332)) ;
#13696 = PRESENTATION_STYLE_ASSIGNMENT((#12369)) ;
#13697 = EDGE_CURVE('NONE',#6315,#6002,#6365,.T.) ;
#13698 = ORIENTED_EDGE('NONE',*,*,#5295,.T.) ;
#13699 =(LENGTH_UNIT() NAMED_UNIT(*) SI_UNIT(.MILLI.,.METRE.));
#13700=CARTESIAN_POINT('NONE',(-3.491826899999,10.906231,3.8034335));
#13702 = FACE_OUTER_BOUND('NONE',#4234,.T.) ;
#13701 = B_SPLINE_CURVE_WITH_KNOTS('NONE',3,(#7957,#10406,#6833,#8188),.UNSPECIFIED.,.F.,.F.,(4,4),(24.000000000000,25.000000000000),.UNSPECIFIED.) ;
#13703 = LINE('NONE',#1814,#13532) ;
#13704 =(NAMED_UNIT(*) PLANE_ANGLE_UNIT() SI_UNIT($,.RADIAN.));
#13705=CARTESIAN_POINT('NONE',(-5.248945312361,11.287204418192,3.75852549));
#13706 = SURFACE_SIDE_STYLE('',(#16223)) ;
#13707 = FACE_OUTER_BOUND('NONE',#10914,.T.) ;
#13708 = EDGE_CURVE('NONE',#13448,#15091,#7889,.T.) ;
#13709=DIRECTION('NONE',(9.130123557772000E-17,1.,0.));
#13710 = PRESENTATION_LAYER_ASSIGNMENT('','',(#5391)) ;
#13711 = B_SPLINE_CURVE_WITH_KNOTS('NONE',3,(#8241,#16368,#15489,#2260),.UNSPECIFIED.,.F.,.F.,(4,4),(9.000000000000,10.),.UNSPECIFIED.) ;
#13712 = B_SPLINE_CURVE_WITH_KNOTS('NONE',3,(#2580,#14628,#7366,#6346),.UNSPECIFIED.,.F.,.F.,(4,4),(5.000000000000,6.000000000000),.UNSPECIFIED.) ;
#13713 = B_SPLINE_SURFACE_WITH_KNOTS('NONE',3,1,((#2752,#8798),(#7555,#4058),(#10159,#9160),(#6792,#7998)),.UNSPECIFIED.,.F.,.F.,.F.,(4,4),(2,2),(7.000000000000,8.000000000000),(0.,1.),.UNSPECIFIED.) ;
#13714 = ORIENTED_EDGE('NONE',*,*,#4611,.F.) ;
#13715 = EDGE_CURVE('NONE',#12161,#8886,#3521,.T.) ;
#13716=CARTESIAN_POINT('NONE',(-7.990757772912,10.220565177537,3.75852549));
#13717 = LINE('NONE',#8821,#15474) ;
#13718=CARTESIAN_POINT('NONE',(-6.373018865883,10.988175695663,3.75852549));
#13719=DIRECTION('NONE',(0.,1.,0.));
#13720 = EDGE_LOOP('NONE',(#16415,#6483,#9080,#14505)) ;
#13721=DIRECTION('NONE',(0.,0.,-1.));
#13722 =(NAMED_UNIT(*) SI_UNIT($,.STERADIAN.) SOLID_ANGLE_UNIT());
#13724 = FACE_BOUND('NONE',#7403,.T.) ;
#13723 =(NAMED_UNIT(*) SI_UNIT($,.STERADIAN.) SOLID_ANGLE_UNIT());
#13725 = STYLED_ITEM('NONE',(#12779),#4813) ;
#13726 = ADVANCED_FACE('NONE',(#15066),#4246,.T.) ;
#13727 = EDGE_CURVE('NONE',#11517,#2585,#5903,.T.) ;
#13728 =(LENGTH_UNIT() NAMED_UNIT(*) SI_UNIT(.MILLI.,.METRE.));
#13729 = ORIENTED_EDGE('NONE',*,*,#2900,.T.) ;
#13730 = SURFACE_STYLE_USAGE(.BOTH.,#3080) ;
#13731 = EDGE_LOOP('NONE',(#11303,#15777)) ;
#13732 = ORIENTED_EDGE('NONE',*,*,#5406,.T.) ;
#13733 = ORIENTED_EDGE('NONE',*,*,#3128,.F.) ;
#13734=UNCERTAINTY_MEASURE_WITH_UNIT(LENGTH_MEASURE(9.164900000000001E-6),#1825,'distance_accuracy_value','NONE');
#13735 = MECHANICAL_DESIGN_GEOMETRIC_PRESENTATION_REPRESENTATION('',(#13222),#10464) ;
#13736 = EDGE_CURVE('NONE',#16038,#9519,#15294,.T.) ;
#13737 = FILL_AREA_STYLE('',(#10044)) ;
#13738=DIRECTION('NONE',(0.,0.,-1.));
#13739=DIRECTION('NONE',(0.,-1.,0.));
#13740=DIRECTION('NONE',(-1.,0.,0.));
#13741 = EDGE_LOOP('NONE',(#4129,#4166,#3268,#7718)) ;
#13742 = FILL_AREA_STYLE('',(#10050)) ;
#13743 =(NAMED_UNIT(*) SI_UNIT($,.STERADIAN.) SOLID_ANGLE_UNIT());
#13744 = SURFACE_SIDE_STYLE('',(#4267)) ;
#13745 =(NAMED_UNIT(*) PLANE_ANGLE_UNIT() SI_UNIT($,.RADIAN.));
#13746 = SURFACE_STYLE_USAGE(.BOTH.,#6621) ;
#13747 = SURFACE_SIDE_STYLE('',(#4105)) ;
#13748 = ORIENTED_EDGE('NONE',*,*,#12094,.T.) ;
#13749 = EDGE_LOOP('NONE',(#2066,#3100,#5839,#6704)) ;
#13750=VECTOR('NONE',#13363,916.49);
#13751 = EDGE_LOOP('NONE',(#1173,#7811,#10578,#5926)) ;
#13752=DIRECTION('NONE',(0.,0.,-1.));
#13753 = COLOUR_RGB('',1.,1.,1.) ;
#13754 = EDGE_CURVE('NONE',#1492,#11538,#5400,.T.) ;
#13755 = ORIENTED_EDGE('NONE',*,*,#15243,.T.) ;
#13756 = FACE_OUTER_BOUND('NONE',#3008,.T.) ;
#13757=UNCERTAINTY_MEASURE_WITH_UNIT(LENGTH_MEASURE(9.164900000000001E-6),#11480,'distance_accuracy_value','NONE');
#13758=CARTESIAN_POINT('NONE',(1.83298,-12.418841285419,3.708937885747));
#13759 =(LENGTH_UNIT() NAMED_UNIT(*) SI_UNIT(.MILLI.,.METRE.));
#13760=CARTESIAN_POINT('NONE',(-5.970406898808,10.428616531006,3.757609));
#13761 = MECHANICAL_DESIGN_GEOMETRIC_PRESENTATION_REPRESENTATION('',(#14512),#7450) ;
#13762=CARTESIAN_POINT('NONE',(1.83298,-11.091166380297,2.2728952));
#13763 = LINE('NONE',#11394,#3151) ;
#13764=CARTESIAN_POINT('NONE',(-6.263527469394,10.440814005985,3.75852549));
#13765=CARTESIAN_POINT('NONE',(-4.77486376533,10.721927687138,3.757609));
#13766 = B_SPLINE_CURVE_WITH_KNOTS('NONE',3,(#15858,#1363,#6155,#10978),.UNSPECIFIED.,.F.,.F.,(4,4),(2.000000000000,3.000000000000),.UNSPECIFIED.) ;
#13767 = MECHANICAL_DESIGN_GEOMETRIC_PRESENTATION_REPRESENTATION('',(#4951),#4708) ;
#13768=CARTESIAN_POINT('NONE',(-8.454589271874,10.528019142508,3.757609));
#13769=CARTESIAN_POINT('NONE',(-7.410305875078,10.55982464839,3.757609));
#13770=CARTESIAN_POINT('NONE',(-5.164039451376,10.439289321614,3.757609));
#13771 =(NAMED_UNIT(*) PLANE_ANGLE_UNIT() SI_UNIT($,.RADIAN.));
#13772 = ORIENTED_EDGE('NONE',*,*,#7423,.T.) ;
#13773 =(GEOMETRIC_REPRESENTATION_CONTEXT(3) GLOBAL_UNCERTAINTY_ASSIGNED_CONTEXT((#10809)) GLOBAL_UNIT_ASSIGNED_CONTEXT((#8684,#10831,#6330)) REPRESENTATION_CONTEXT('NONE','WORKASPACE'));
#13774 = PRESENTATION_LAYER_ASSIGNMENT('','',(#5444)) ;
#13775=VECTOR('NONE',#10919,916.49);
#13776 = STYLED_ITEM('NONE',(#9661),#2336) ;
#13777 = COLOUR_RGB('',1.,1.,1.) ;
#13778=UNCERTAINTY_MEASURE_WITH_UNIT(LENGTH_MEASURE(9.164900000000001E-6),#2469,'distance_accuracy_value','NONE');
#13779=DIRECTION('NONE',(0.,0.,-1.));
#13780=CARTESIAN_POINT('NONE',(-6.105341465761,11.31655459236,3.75852549));
#13781 = VERTEX_POINT('NONE',#8194) ;
#13782 = FILL_AREA_STYLE('',(#4063)) ;
#13783=CARTESIAN_POINT('NONE',(-6.005665224919,10.525624574197,3.757609));
#13784 = LINE('NONE',#4065,#8034) ;
#13785=AXIS2_PLACEMENT_3D('NONE',#12766,#5663,#6759);
#13786=AXIS2_PLACEMENT_3D('NONE',#12074,#9633,#8445);
#13787 = PRESENTATION_LAYER_ASSIGNMENT('','',(#12755)) ;
#13788 = SURFACE_STYLE_FILL_AREA(#12301) ;
#13789=DIRECTION('NONE',(-1.,0.,0.));
#13790 = FACE_OUTER_BOUND('NONE',#10633,.T.) ;
#13791 = MECHANICAL_DESIGN_GEOMETRIC_PRESENTATION_REPRESENTATION('',(#11262),#9500) ;
#13792 = PLANE('NONE',#11428) ;
#13793 =(NAMED_UNIT(*) SI_UNIT($,.STERADIAN.) SOLID_ANGLE_UNIT());
#13794=AXIS2_PLACEMENT_3D('NONE',#3815,#3644,#2726);
#13795=CARTESIAN_POINT('NONE',(-5.013381576833,10.586611949093,3.757609));
#13796=CARTESIAN_POINT('NONE',(-6.157180734423,10.437955222787,3.75852549));
#13797 = EDGE_CURVE('NONE',#1352,#3254,#10649,.T.) ;
#13798 = ADVANCED_FACE('NONE',(#12989),#3140,.T.) ;
#13799 = ORIENTED_EDGE('NONE',*,*,#12473,.T.) ;
#13800=VECTOR('NONE',#12198,916.49);
#13801=CARTESIAN_POINT('NONE',(-4.888929214939,10.396788744734,3.757609));
#13802 = SURFACE_STYLE_USAGE(.BOTH.,#4077) ;
#13803 = FILL_AREA_STYLE_COLOUR('',#3894) ;
#13804 =(LENGTH_UNIT() NAMED_UNIT(*) SI_UNIT(.MILLI.,.METRE.));
#13805 = EDGE_LOOP('NONE',(#13971,#3393,#8903,#9964)) ;
#13806=DIRECTION('NONE',(1.,0.,0.));
#13807=CARTESIAN_POINT('NONE',(-5.498939999999,-11.091166380297,2.2728952));
#13808 = SURFACE_STYLE_USAGE(.BOTH.,#8975) ;
#13810 = SURFACE_STYLE_FILL_AREA(#4244) ;
#13809=CARTESIAN_POINT('NONE',(-5.685005042854,11.318079276733,3.75852549));
#13811 = EDGE_CURVE('NONE',#15720,#10814,#16397,.T.) ;
#13812 = COLOUR_RGB('',1.,1.,1.) ;
#13813=DIRECTION('NONE',(-1.,0.,0.));
#13814 = PRESENTATION_LAYER_ASSIGNMENT('','',(#8522)) ;
#13815 =(GEOMETRIC_REPRESENTATION_CONTEXT(3) GLOBAL_UNCERTAINTY_ASSIGNED_CONTEXT((#10819)) GLOBAL_UNIT_ASSIGNED_CONTEXT((#12859,#6856,#1536)) REPRESENTATION_CONTEXT('NONE','WORKASPACE'));
#13816=CARTESIAN_POINT('NONE',(-5.708637650627,10.462540758292,3.75852549));
#13817 = ADVANCED_FACE('NONE',(#10411),#9580,.F.) ;
#13818 = ORIENTED_EDGE('NONE',*,*,#4364,.F.) ;
#13819 = FILL_AREA_STYLE_COLOUR('',#12543) ;
#13820 = ORIENTED_EDGE('NONE',*,*,#9001,.T.) ;
#13821 = ORIENTED_EDGE('NONE',*,*,#13676,.F.) ;
#13822=CARTESIAN_POINT('NONE',(-5.935339158244,10.496655571122,3.757609));
#13823 = VERTEX_POINT('NONE',#14587) ;
#13824 =(GEOMETRIC_REPRESENTATION_CONTEXT(3) GLOBAL_UNCERTAINTY_ASSIGNED_CONTEXT((#4051)) GLOBAL_UNIT_ASSIGNED_CONTEXT((#3820,#13969,#5014)) REPRESENTATION_CONTEXT('NONE','WORKASPACE'));
#13825 = EDGE_CURVE('NONE',#13260,#9885,#1167,.T.) ;
#13826=DIRECTION('NONE',(0.341603830681,-0.939844041777,0.));
#13827=CARTESIAN_POINT('NONE',(-6.140504499099,10.981886372627,3.75852549));
#13828 = COLOUR_RGB('',0.843137254901,0.815686274509,0.752941176470) ;
#13829=VECTOR('NONE',#9402,916.49);
#13830 = SURFACE_STYLE_USAGE(.BOTH.,#1766) ;
#13831 = SURFACE_SIDE_STYLE('',(#10279)) ;
#13832 = FACE_OUTER_BOUND('NONE',#11537,.T.) ;
#13833 = ORIENTED_EDGE('NONE',*,*,#15620,.F.) ;
#13834=DIRECTION('NONE',(-1.,0.,0.));
#13835 = SURFACE_STYLE_USAGE(.BOTH.,#8999) ;
#13836=CARTESIAN_POINT('NONE',(9.163813426757,-6.233769380297,2.2728952));
#13837=DIRECTION('NONE',(-1.,0.,0.));
#13839=CARTESIAN_POINT('NONE',(3.4918269,10.906231,2.2454005));
#13838=DIRECTION('NONE',(1.,0.,0.));
#13840=DIRECTION('NONE',(0.,0.,-1.));
#13841 = ORIENTED_EDGE('NONE',*,*,#13450,.T.) ;
#13842 = ORIENTED_EDGE('NONE',*,*,#1911,.F.) ;
#13843 = ORIENTED_EDGE('NONE',*,*,#5360,.T.) ;
#13844 = COLOUR_RGB('',1.,1.,1.) ;
#13845 =(NAMED_UNIT(*) PLANE_ANGLE_UNIT() SI_UNIT($,.RADIAN.));
#13846 = ORIENTED_EDGE('NONE',*,*,#11468,.T.) ;
#13847=VECTOR('NONE',#12945,916.49);
#13848=CARTESIAN_POINT('NONE',(1.83298,-11.312884986508,2.195922585729));
#13849=DIRECTION('NONE',(0.,0.,-1.));
#13850=CARTESIAN_POINT('NONE',(-6.256380511399,10.513617684765,3.75852549));
#13851=AXIS2_PLACEMENT_3D('NONE',#11567,#9428,#10554);
#13852 = EDGE_CURVE('NONE',#16033,#5538,#15604,.T.) ;
#13853 = LINE('NONE',#4205,#11472) ;
#13854 =(LENGTH_UNIT() NAMED_UNIT(*) SI_UNIT(.MILLI.,.METRE.));
#13856 = FACE_OUTER_BOUND('NONE',#1318,.T.) ;
#13855=CARTESIAN_POINT('NONE',(-8.441336868224,11.11907286721,3.75852549));
#13857 = COLOUR_RGB('',0.949019607843,0.760784313725,0.180392156862) ;
#13858 = SURFACE_STYLE_USAGE(.BOTH.,#9026) ;
#13859=CARTESIAN_POINT('NONE',(-7.447412332308,10.522718090052,3.75852549));
#13860=DIRECTION('NONE',(0.,-1.,0.));
#13861 = B_SPLINE_SURFACE_WITH_KNOTS('NONE',3,1,((#4893,#14745),(#9709,#4979),(#14510,#1441),(#8820,#1362)),.UNSPECIFIED.,.F.,.F.,.F.,(4,4),(2,2),(16.000000000000,17.000000000000),(0.,1.),.UNSPECIFIED.) ;
#13862=UNCERTAINTY_MEASURE_WITH_UNIT(LENGTH_MEASURE(9.164900000000001E-6),#14901,'distance_accuracy_value','NONE');
#13863=CARTESIAN_POINT('NONE',(-6.142600940111,10.669135490747,3.757609));
#13864=VECTOR('NONE',#2026,916.49);
#13865 = ORIENTED_EDGE('NONE',*,*,#16054,.F.) ;
#13866 = PRESENTATION_LAYER_ASSIGNMENT('','',(#6786)) ;
#13867=CARTESIAN_POINT('NONE',(-7.757516772955,11.460982940121,3.757609));
#13868 =(NAMED_UNIT(*) PLANE_ANGLE_UNIT() SI_UNIT($,.RADIAN.));
#13869 = B_SPLINE_CURVE_WITH_KNOTS('NONE',3,(#2626,#13418,#10827,#10983),.UNSPECIFIED.,.F.,.F.,(4,4),(5.000000000000,6.000000000000),.UNSPECIFIED.) ;
#13870 = ORIENTED_EDGE('NONE',*,*,#14970,.T.) ;
#13871 = PRESENTATION_LAYER_ASSIGNMENT('','',(#6314)) ;
#13872=DIRECTION('NONE',(0.,0.,-1.));
#13873 =(LENGTH_UNIT() NAMED_UNIT(*) SI_UNIT(.MILLI.,.METRE.));
#13874 =(LENGTH_UNIT() NAMED_UNIT(*) SI_UNIT(.MILLI.,.METRE.));
#13875 = MECHANICAL_DESIGN_GEOMETRIC_PRESENTATION_REPRESENTATION('',(#13087),#16635) ;
#13876 = PRESENTATION_STYLE_ASSIGNMENT((#13122)) ;
#13877 = SURFACE_STYLE_USAGE(.BOTH.,#7709) ;
#13878=CARTESIAN_POINT('NONE',(-7.137307841109,11.113771941138,3.75852549));
#13879 = SURFACE_STYLE_FILL_AREA(#10097) ;
#13880=CARTESIAN_POINT('NONE',(-8.9357775,10.906231,3.757609));
#13881=VECTOR('NONE',#11466,916.49);
#13882 = ORIENTED_EDGE('NONE',*,*,#15363,.T.) ;
#13883 = STYLED_ITEM('NONE',(#10241),#15914) ;
#13884 = COLOUR_RGB('',1.,1.,1.) ;
#13885 = PRESENTATION_STYLE_ASSIGNMENT((#9049)) ;
#13886=CARTESIAN_POINT('NONE',(0.339101299999,10.906231,3.8034335));
#13887=CARTESIAN_POINT('NONE',(-6.241896009861,11.310074683777,3.757609));
#13888=CARTESIAN_POINT('NONE',(-5.880164642518,10.611959826782,3.757609));
#13889 = ORIENTED_EDGE('NONE',*,*,#3976,.F.) ;
#13890 = PRESENTATION_LAYER_ASSIGNMENT('','',(#6338)) ;
#13891 = FACE_OUTER_BOUND('NONE',#5230,.T.) ;
#13892 =(LENGTH_UNIT() NAMED_UNIT(*) SI_UNIT(.MILLI.,.METRE.));
#13893 =(NAMED_UNIT(*) SI_UNIT($,.STERADIAN.) SOLID_ANGLE_UNIT());
#13895 = FACE_OUTER_BOUND('NONE',#1416,.T.) ;
#13894=CARTESIAN_POINT('NONE',(-5.915327675856,10.474928818818,3.757609));
#13896=AXIS2_PLACEMENT_3D('NONE',#10539,#12889,#4530);
#13897 = SURFACE_STYLE_USAGE(.BOTH.,#2782) ;
#13898 = ORIENTED_EDGE('NONE',*,*,#7668,.T.) ;
#13899=CARTESIAN_POINT('NONE',(-7.36524794027,10.55982464839,3.757609));
#13900 = VERTEX_POINT('NONE',#6224) ;
#13901 = ORIENTED_EDGE('NONE',*,*,#11583,.T.) ;
#13902 = STYLED_ITEM('NONE',(#11453),#9760) ;
#13903 = ORIENTED_EDGE('NONE',*,*,#10862,.F.) ;
#13904=VECTOR('NONE',#2081,916.49);
#13905=CARTESIAN_POINT('NONE',(-5.489083101006,10.56469461124,3.75852549));
#13906 = LINE('NONE',#15143,#15792) ;
#13907 = EDGE_CURVE('NONE',#9885,#2238,#13604,.T.) ;
#13908 = SURFACE_SIDE_STYLE('',(#10278)) ;
#13909=CARTESIAN_POINT('NONE',(-5.336709956544,10.396788744734,3.757609));
#13910 = LINE('NONE',#10133,#7683) ;
#13911 = VERTEX_POINT('NONE',#10810) ;
#13912=AXIS2_PLACEMENT_3D('NONE',#12796,#5107,#6505);
#13913 = PRESENTATION_STYLE_ASSIGNMENT((#11376)) ;
#13914=CARTESIAN_POINT('NONE',(-6.339856980786,11.275769285399,3.75852549));
#13916=DIRECTION('NONE',(0.,0.,-1.));
#13915 =(NAMED_UNIT(*) PLANE_ANGLE_UNIT() SI_UNIT($,.RADIAN.));
#13917 = ORIENTED_EDGE('NONE',*,*,#10127,.T.) ;
#13918 = VERTEX_POINT('NONE',#7330) ;
#13919 = EDGE_LOOP('NONE',(#9230,#5018,#3466,#10292)) ;
#13920 = EDGE_CURVE('NONE',#15854,#10518,#3776,.T.) ;
#13921 = ADVANCED_FACE('NONE',(#12140,#13233),#11978,.F.) ;
#13922 = FILL_AREA_STYLE('',(#7843)) ;
#13923 = EDGE_LOOP('NONE',(#8688,#12927,#6226,#15470)) ;
#13924=CARTESIAN_POINT('NONE',(-6.569607857146,10.988175695663,3.75852549));
#13925=CARTESIAN_POINT('NONE',(5.49894,-11.19542767047,2.1812462));
#13926=DIRECTION('NONE',(0.,0.,1.));
#13927=DIRECTION('NONE',(-1.,0.,0.));
#13928=CARTESIAN_POINT('NONE',(5.49894,-12.071354926798,3.995915440821));
#13929 = PLANE('NONE',#4023) ;
#13931=CARTESIAN_POINT('NONE',(-10.631284,10.906231,2.2454005));
#13930 = SURFACE_STYLE_USAGE(.BOTH.,#9095) ;
#13932=DIRECTION('NONE',(0.573576436351,-0.819152044289,0.));
#13933 = SURFACE_STYLE_USAGE(.BOTH.,#11320) ;
#13934=CARTESIAN_POINT('NONE',(-5.304691584726,11.132258368852,3.75852549));
#13935 = EDGE_CURVE('NONE',#6563,#15945,#2872,.T.) ;
#13936=CARTESIAN_POINT('NONE',(-4.712732877155,10.540871417921,3.757609));
#13937=CARTESIAN_POINT('NONE',(-5.733127893359,10.988175695663,3.75852549));
#13938 = EDGE_CURVE('NONE',#6584,#10876,#10020,.T.) ;
#13939 = VERTEX_POINT('NONE',#7710) ;
#13940=UNCERTAINTY_MEASURE_WITH_UNIT(LENGTH_MEASURE(9.164900000000001E-6),#8122,'distance_accuracy_value','NONE');
#13941 = SURFACE_SIDE_STYLE('',(#2889)) ;
#13942 = ADVANCED_FACE('NONE',(#13707),#1285,.F.) ;
#13943 =(NAMED_UNIT(*) PLANE_ANGLE_UNIT() SI_UNIT($,.RADIAN.));
#13944 = VERTEX_POINT('NONE',#13560) ;
#13945=AXIS2_PLACEMENT_3D('NONE',#5769,#11765,#13013);
#13946 = FILL_AREA_STYLE_COLOUR('',#9192) ;
#13947 = FILL_AREA_STYLE_COLOUR('',#2033) ;
#13948 = LINE('NONE',#4770,#5215) ;
#13949 =(NAMED_UNIT(*) PLANE_ANGLE_UNIT() SI_UNIT($,.RADIAN.));
#13950=DIRECTION('NONE',(0.,0.,-1.));
#13951 = FILL_AREA_STYLE('',(#9431)) ;
#13952=DIRECTION('NONE',(0.,0.,-1.));
#13953=CARTESIAN_POINT('NONE',(-7.03924069613,10.763910517033,3.75852549));
#13954 = STYLED_ITEM('NONE',(#8732),#3536) ;
#13955 = VERTEX_POINT('NONE',#1590) ;
#13956=UNCERTAINTY_MEASURE_WITH_UNIT(LENGTH_MEASURE(9.164900000000001E-6),#6360,'distance_accuracy_value','NONE');
#13957 = SURFACE_STYLE_USAGE(.BOTH.,#10400) ;
#13958 =(LENGTH_UNIT() NAMED_UNIT(*) SI_UNIT(.MILLI.,.METRE.));
#13959 = SURFACE_STYLE_FILL_AREA(#14911) ;
#13960 = ORIENTED_EDGE('NONE',*,*,#2535,.F.) ;
#13961 = FILL_AREA_STYLE_COLOUR('',#11741) ;
#13962 =(NAMED_UNIT(*) PLANE_ANGLE_UNIT() SI_UNIT($,.RADIAN.));
#13963=DIRECTION('NONE',(0.,0.,1.));
#13964=DIRECTION('NONE',(0.,0.,1.));
#13965=VECTOR('NONE',#1551,916.49);
#13966 =(LENGTH_UNIT() NAMED_UNIT(*) SI_UNIT(.MILLI.,.METRE.));
#13967 =(LENGTH_UNIT() NAMED_UNIT(*) SI_UNIT(.MILLI.,.METRE.));
#13968 = EDGE_LOOP('NONE',(#3634,#3143)) ;
#13969 =(NAMED_UNIT(*) PLANE_ANGLE_UNIT() SI_UNIT($,.RADIAN.));
#13970 = VERTEX_POINT('NONE',#12595) ;
#13971 = ORIENTED_EDGE('NONE',*,*,#15617,.T.) ;
#13972 = VERTEX_POINT('NONE',#8733) ;
#13973=DIRECTION('NONE',(1.,0.,0.));
#13974=CARTESIAN_POINT('NONE',(-7.935098036513,10.379592909157,3.757609));
#13975 = PRESENTATION_STYLE_ASSIGNMENT((#5672)) ;
#13976=UNCERTAINTY_MEASURE_WITH_UNIT(LENGTH_MEASURE(9.164900000000001E-6),#9173,'distance_accuracy_value','NONE');
#13977 = SURFACE_STYLE_FILL_AREA(#2074) ;
#13978 = PRESENTATION_LAYER_ASSIGNMENT('','',(#3131)) ;
#13979 = ORIENTED_EDGE('NONE',*,*,#7370,.F.) ;
#13980=CARTESIAN_POINT('NONE',(-5.498939999999,-11.190552435893,2.2728952));
#13981=CARTESIAN_POINT('NONE',(-5.159941862124,10.769574073776,3.75852549));
#13982=CARTESIAN_POINT('NONE',(9.163813426757,-3.301001380297,2.2728952));
#13983 = FACE_OUTER_BOUND('NONE',#10233,.T.) ;
#13984 = ORIENTED_EDGE('NONE',*,*,#2446,.F.) ;
#13985 = ORIENTED_EDGE('NONE',*,*,#7608,.T.) ;
#13986 = EDGE_LOOP('NONE',(#7968,#3033,#16081,#6166,#5091,#12850,#15049)) ;
#13987=CARTESIAN_POINT('NONE',(-6.22788797219,10.428807116553,3.75852549));
#13988 = ADVANCED_FACE('NONE',(#4070),#2280,.T.) ;
#13989 = COLOUR_RGB('',1.,1.,1.) ;
#13990 = ORIENTED_EDGE('NONE',*,*,#9903,.T.) ;
#13991 = EDGE_CURVE('NONE',#11642,#6667,#4733,.T.) ;
#13992 = FACE_OUTER_BOUND('NONE',#7488,.T.) ;
#13993 = SURFACE_STYLE_FILL_AREA(#3169) ;
#13994=CARTESIAN_POINT('NONE',(-7.436810429611,10.848725536406,3.757609));
#13995=CARTESIAN_POINT('NONE',(-6.277059043198,10.459110218454,3.75852549));
#13996 = PRESENTATION_STYLE_ASSIGNMENT((#6495)) ;
#13998 = FACE_OUTER_BOUND('NONE',#10140,.T.) ;
#13997 = LINE('NONE',#5790,#6540) ;
#13999=VECTOR('NONE',#13610,916.49);
#14000=CARTESIAN_POINT('NONE',(-8.324716444077,10.422000519952,3.757609));
#14001 = PRESENTATION_LAYER_ASSIGNMENT('','',(#2911)) ;
#14002 = FACE_OUTER_BOUND('NONE',#11595,.T.) ;
#14003 = FACE_OUTER_BOUND('NONE',#7422,.T.) ;
#14004=UNCERTAINTY_MEASURE_WITH_UNIT(LENGTH_MEASURE(9.164900000000001E-6),#11874,'distance_accuracy_value','NONE');
#14005 = EDGE_CURVE('NONE',#5930,#7621,#4305,.T.) ;
#14006 =(NAMED_UNIT(*) SI_UNIT($,.STERADIAN.) SOLID_ANGLE_UNIT());
#14007=CARTESIAN_POINT('NONE',(-6.110487275519,10.396788744734,3.757609));
#14008 = EDGE_CURVE('NONE',#5714,#15926,#9279,.T.) ;
#14009 = ORIENTED_EDGE('NONE',*,*,#15084,.T.) ;
#14010=CIRCLE('NONE',#7193,0.824841);
#14011=CARTESIAN_POINT('NONE',(-6.263527469394,10.440814005985,3.75852549));
#14012=CARTESIAN_POINT('NONE',(-12.372615,-8.340058999999,4.399152));
#14013 = EDGE_CURVE('NONE',#3167,#6832,#6434,.T.) ;
#14014 = ADVANCED_FACE('NONE',(#5496,#16531),#15267,.F.) ;
#14015 = PRESENTATION_LAYER_ASSIGNMENT('','',(#11484)) ;
#14016 = VERTEX_POINT('NONE',#12969) ;
#14017 = COLOUR_RGB('',1.,1.,1.) ;
#14018=DIRECTION('NONE',(0.,0.,-1.));
#14019=CARTESIAN_POINT('NONE',(-5.733127893359,11.360961024704,3.757609));
#14020=CARTESIAN_POINT('NONE',(-8.049068035539,10.379592909157,3.757609));
#14021=DIRECTION('NONE',(0.,0.,-1.));
#14022=CARTESIAN_POINT('NONE',(-6.268101522511,11.282439779529,3.75852549));
#14023=DIRECTION('NONE',(1.,0.,0.));
#14024 = STYLED_ITEM('NONE',(#5681),#11621) ;
#14025 = FACE_OUTER_BOUND('NONE',#11832,.T.) ;
#14026=CARTESIAN_POINT('NONE',(-5.899604368266,10.665323779815,3.757609));
#14027 = ORIENTED_EDGE('NONE',*,*,#8752,.T.) ;
#14028 = COLOUR_RGB('',0.196078431372,0.368627450980,0.560784313725) ;
#14029=CARTESIAN_POINT('NONE',(-7.36524794027,10.55982464839,3.75852549));
#14031 = PRESENTATION_LAYER_ASSIGNMENT('','',(#1470)) ;
#14030=CARTESIAN_POINT('NONE',(-5.803549252808,10.988175695663,3.757609));
#14032 = PRESENTATION_LAYER_ASSIGNMENT('','',(#13273)) ;
#14033 = FACE_OUTER_BOUND('NONE',#6485,.T.) ;
#14034 = SURFACE_STYLE_USAGE(.BOTH.,#3442) ;
#14035 =(NAMED_UNIT(*) PLANE_ANGLE_UNIT() SI_UNIT($,.RADIAN.));
#14036 = VERTEX_POINT('NONE',#11648) ;
#14037 =(GEOMETRIC_REPRESENTATION_CONTEXT(3) GLOBAL_UNCERTAINTY_ASSIGNED_CONTEXT((#8690)) GLOBAL_UNIT_ASSIGNED_CONTEXT((#1733,#13635,#14964)) REPRESENTATION_CONTEXT('NONE','WORKASPACE'));
#14038 = B_SPLINE_CURVE_WITH_KNOTS('NONE',3,(#11706,#11801,#5948,#8327),.UNSPECIFIED.,.F.,.F.,(4,4),(9.000000000000,10.),.UNSPECIFIED.) ;
#14039 = ADVANCED_FACE('NONE',(#14102),#14485,.T.) ;
#14040=CARTESIAN_POINT('NONE',(-5.915327675856,10.464637199304,3.757609));
#14041 = PLANE('NONE',#9998) ;
#14042=CARTESIAN_POINT('NONE',(-5.880164642518,10.65731918686,3.75852549));
#14043 = LINE('NONE',#10184,#11336) ;
#14044 = VERTEX_POINT('NONE',#7135) ;
#14045 = PRESENTATION_STYLE_ASSIGNMENT((#9210)) ;
#14046 = VERTEX_POINT('NONE',#9850) ;
#14047 = COLOUR_RGB('',1.,1.,1.) ;
#14048 = VERTEX_POINT('NONE',#4945) ;
#14049 = COLOUR_RGB('',1.,1.,1.) ;
#14050 = PRESENTATION_LAYER_ASSIGNMENT('','',(#11518)) ;
#14051 = PRESENTATION_LAYER_ASSIGNMENT('','',(#5225)) ;
#14052=VECTOR('NONE',#13321,916.49);
#14053 = ORIENTED_EDGE('NONE',*,*,#2479,.T.) ;
#14054 = EDGE_CURVE('NONE',#13658,#2591,#15827,.T.) ;
#14055 =(NAMED_UNIT(*) SI_UNIT($,.STERADIAN.) SOLID_ANGLE_UNIT());
#14056=DIRECTION('NONE',(0.,0.,-1.));
#14057 = SURFACE_STYLE_FILL_AREA(#5528) ;
#14058 = FILL_AREA_STYLE_COLOUR('',#16225) ;
#14059 = PRESENTATION_STYLE_ASSIGNMENT((#12630)) ;
#14060 = LINE('NONE',#4178,#15487) ;
#14061 = MECHANICAL_DESIGN_GEOMETRIC_PRESENTATION_REPRESENTATION('',(#8255),#12038) ;
#14062 = VERTEX_POINT('NONE',#11958) ;
#14063 = MECHANICAL_DESIGN_GEOMETRIC_PRESENTATION_REPRESENTATION('',(#5743),#9523) ;
#14064=CARTESIAN_POINT('NONE',(-6.017005064938,10.647980495079,3.75852549));
#14065 = FACE_OUTER_BOUND('NONE',#1375,.T.) ;
#14066 = SURFACE_SIDE_STYLE('',(#9225)) ;
#14067 = STYLED_ITEM('NONE',(#8920),#2910) ;
#14068 = LINE('NONE',#9552,#16674) ;
#14069 = FILL_AREA_STYLE_COLOUR('',#14028) ;
#14070=DIRECTION('NONE',(0.,0.,1.));
#14071 = ORIENTED_EDGE('NONE',*,*,#12731,.T.) ;
#14072 = EDGE_CURVE('NONE',#4091,#12641,#13552,.T.) ;
#14073 = VERTEX_POINT('NONE',#6044) ;
#14074 = ORIENTED_EDGE('NONE',*,*,#2181,.T.) ;
#14075 = ORIENTED_EDGE('NONE',*,*,#13825,.F.) ;
#14076 = PRESENTATION_LAYER_ASSIGNMENT('','',(#5013)) ;
#14077=AXIS2_PLACEMENT_3D('NONE',#14532,#1466,#9971);
#14078 = SURFACE_STYLE_FILL_AREA(#14155) ;
#14079=CARTESIAN_POINT('NONE',(-5.498939999999,-11.922747486017,2.372234117331));
#14080 = LINE('NONE',#7772,#7445) ;
#14081=CARTESIAN_POINT('NONE',(-6.521485006643,11.360961024704,3.75852549));
#14083 = PRESENTATION_STYLE_ASSIGNMENT((#8088)) ;
#14082 = FILL_AREA_STYLE_COLOUR('',#11598) ;
#14084 = B_SPLINE_CURVE_WITH_KNOTS('NONE',3,(#9561,#3555,#13427,#6095),.UNSPECIFIED.,.F.,.F.,(4,4),(28.000000000000,29.000000000000),.UNSPECIFIED.) ;
#14085 = PRESENTATION_LAYER_ASSIGNMENT('','',(#7750)) ;
#14086=CARTESIAN_POINT('NONE',(-5.498939999999,-11.190552435893,2.2728952));
#14087=CARTESIAN_POINT('NONE',(-6.078659489245,11.003613124933,3.75852549));
#14088=CARTESIAN_POINT('NONE',(0.,0.,3.75852549));
#14089 = ORIENTED_EDGE('NONE',*,*,#10043,.T.) ;
#14090 = FACE_OUTER_BOUND('NONE',#5888,.T.) ;
#14091=UNCERTAINTY_MEASURE_WITH_UNIT(LENGTH_MEASURE(9.164900000000001E-6),#9436,'distance_accuracy_value','NONE');
#14092 = SURFACE_STYLE_FILL_AREA(#12958) ;
#14093=CARTESIAN_POINT('NONE',(-5.897412634482,10.411654417363,3.75852549));
#14094 =(LENGTH_UNIT() NAMED_UNIT(*) SI_UNIT(.MILLI.,.METRE.));
#14095=AXIS2_PLACEMENT_3D('NONE',#6279,#7689,#7773);
#14096 = ADVANCED_FACE('NONE',(#2514),#14481,.F.) ;
#14097 = EDGE_LOOP('NONE',(#9782,#1435,#6012,#1192)) ;
#14098=DIRECTION('NONE',(-1.,0.,0.));
#14099=CARTESIAN_POINT('NONE',(-8.9357775,10.906231,2.2454005));
#14100=CARTESIAN_POINT('NONE',(-5.974980951924,10.390499421698,3.757609));
#14101=CARTESIAN_POINT('NONE',(-4.853099132189,10.498752012134,3.757609));
#14102 = FACE_OUTER_BOUND('NONE',#4595,.T.) ;
#14103 = FILL_AREA_STYLE_COLOUR('',#3236) ;
#14104 = EDGE_CURVE('NONE',#1438,#14482,#6205,.T.) ;
#14105=VECTOR('NONE',#12907,916.49);
#14106 = EDGE_CURVE('NONE',#7666,#5805,#14567,.T.) ;
#14107 = LINE('NONE',#12906,#4351) ;
#14108=VECTOR('NONE',#5028,916.49);
#14109=UNCERTAINTY_MEASURE_WITH_UNIT(LENGTH_MEASURE(9.164900000000001E-6),#9038,'distance_accuracy_value','NONE');
#14110=AXIS2_PLACEMENT_3D('NONE',#9648,#1458,#7421);
#14111 = MECHANICAL_DESIGN_GEOMETRIC_PRESENTATION_REPRESENTATION('',(#16126),#15365) ;
#14112 = LINE('NONE',#8184,#6246) ;
#14113 = FILL_AREA_STYLE('',(#4561)) ;
#14114 = SURFACE_STYLE_FILL_AREA(#16461) ;
#14115 = SURFACE_STYLE_FILL_AREA(#6595) ;
#14116=CARTESIAN_POINT('NONE',(-5.345191013366,10.726692325804,3.75852549));
#14117 = ORIENTED_EDGE('NONE',*,*,#4076,.F.) ;
#14118 = MECHANICAL_DESIGN_GEOMETRIC_PRESENTATION_REPRESENTATION('',(#11838),#3517) ;
#14119=CARTESIAN_POINT('NONE',(-6.004045247773,10.988175695663,3.75852549));
#14120 = FACE_OUTER_BOUND('NONE',#14688,.T.) ;
#14121=CARTESIAN_POINT('NONE',(-5.822607807463,11.156081562169,3.757609));
#14122=CARTESIAN_POINT('NONE',(0.7056973,10.906231,3.8034335));
#14123=CARTESIAN_POINT('NONE',(-1.163942299999,10.906231,3.757609));
#14124 = COLOUR_RGB('',0.776470588235,0.458823529411,0.) ;
#14125 = ORIENTED_EDGE('NONE',*,*,#12721,.T.) ;
#14126 = VERTEX_POINT('NONE',#3513) ;
#14127 = ORIENTED_EDGE('NONE',*,*,#6312,.T.) ;
#14128=CIRCLE('NONE',#9074,1.6955065);
#14129 = ADVANCED_FACE('NONE',(#13215),#6049,.F.) ;
#14130 = VERTEX_POINT('NONE',#6429) ;
#14131 = MECHANICAL_DESIGN_GEOMETRIC_PRESENTATION_REPRESENTATION('',(#7052),#2047) ;
#14132 = EDGE_CURVE('NONE',#11638,#12708,#14164,.T.) ;
#14133 = FACE_OUTER_BOUND('NONE',#13166,.T.) ;
#14134=DIRECTION('NONE',(0.,0.,1.));
#14135 = SURFACE_SIDE_STYLE('',(#15615)) ;
#14136=UNCERTAINTY_MEASURE_WITH_UNIT(LENGTH_MEASURE(9.164900000000001E-6),#6670,'distance_accuracy_value','NONE');
#14137=DIRECTION('NONE',(0.,-1.,0.));
#14138=DIRECTION('NONE',(0.,1.,0.));
#14139 = PRESENTATION_LAYER_ASSIGNMENT('','',(#2569)) ;
#14140 = ORIENTED_EDGE('NONE',*,*,#1681,.T.) ;
#14141=DIRECTION('NONE',(0.,0.,1.));
#14142 =(NAMED_UNIT(*) SI_UNIT($,.STERADIAN.) SOLID_ANGLE_UNIT());
#14143 =(LENGTH_UNIT() NAMED_UNIT(*) SI_UNIT(.MILLI.,.METRE.));
#14145=DIRECTION('NONE',(1.,0.,0.));
#14144 = FACE_OUTER_BOUND('NONE',#6456,.T.) ;
#14147=VECTOR('NONE',#10136,916.49);
#14146 =(NAMED_UNIT(*) SI_UNIT($,.STERADIAN.) SOLID_ANGLE_UNIT());
#14148 = EDGE_LOOP('NONE',(#3987,#14673,#11364,#5540)) ;
#14149 = ORIENTED_EDGE('NONE',*,*,#12450,.F.) ;
#14150 = ORIENTED_EDGE('NONE',*,*,#12814,.F.) ;
#14151=DIRECTION('NONE',(1.,0.,0.));
#14152 = MECHANICAL_DESIGN_GEOMETRIC_PRESENTATION_REPRESENTATION('',(#11128),#9093) ;
#14153 = ORIENTED_EDGE('NONE',*,*,#2516,.F.) ;
#14154 = STYLED_ITEM('NONE',(#13349),#9780) ;
#14155 = FILL_AREA_STYLE('',(#5933)) ;
#14156=UNCERTAINTY_MEASURE_WITH_UNIT(LENGTH_MEASURE(9.164900000000001E-6),#1732,'distance_accuracy_value','NONE');
#14157=CARTESIAN_POINT('NONE',(-6.295069377348,11.090329548612,3.757609));
#14158 =(NAMED_UNIT(*) PLANE_ANGLE_UNIT() SI_UNIT($,.RADIAN.));
#14159=CARTESIAN_POINT('NONE',(-6.307266852326,11.217259522611,3.757609));
#14160=DIRECTION('NONE',(0.,0.,-1.));
#14161 = FILL_AREA_STYLE_COLOUR('',#12785) ;
#14162=CARTESIAN_POINT('NONE',(-3.491826899999,10.906231,3.8034335));
#14163=CARTESIAN_POINT('NONE',(1.83298,-12.427653602942,3.2901991));
#14164 = B_SPLINE_CURVE_WITH_KNOTS('NONE',3,(#10225,#8942,#11399,#12425),.UNSPECIFIED.,.F.,.F.,(4,4),(33.000000000000,34.000000000000),.UNSPECIFIED.) ;
#14165=CARTESIAN_POINT('NONE',(-7.447412332308,10.435252847772,3.75852549));
#14166 = ORIENTED_EDGE('NONE',*,*,#13907,.T.) ;
#14167 = EDGE_CURVE('NONE',#12557,#15007,#2967,.T.) ;
#14168 = EDGE_CURVE('NONE',#2051,#6767,#11244,.T.) ;
#14169 =(NAMED_UNIT(*) SI_UNIT($,.STERADIAN.) SOLID_ANGLE_UNIT());
#14170=CARTESIAN_POINT('NONE',(-5.448393086819,11.278628068597,3.75852549));
#14171 = VERTEX_POINT('NONE',#5253) ;
#14172 = FILL_AREA_STYLE('',(#10550)) ;
#14173=CARTESIAN_POINT('NONE',(-5.947822511542,10.631208966985,3.75852549));
#14174=DIRECTION('NONE',(1.,0.,0.));
#14175=CARTESIAN_POINT('NONE',(-5.988607818503,10.570602763183,3.757609));
#14176=CARTESIAN_POINT('NONE',(-6.377592919002,10.769574073776,3.75852549));
#14177 = ORIENTED_EDGE('NONE',*,*,#6470,.T.) ;
#14178 = SURFACE_STYLE_USAGE(.BOTH.,#3211) ;
#14179 = EDGE_LOOP('NONE',(#4946,#7247,#6986,#9535,#10745,#8834,#7086,#2637,#5280,#4970,#15316,#15948,#7170,#10833)) ;
#14180 = EDGE_CURVE('NONE',#7101,#7621,#1502,.T.) ;
#14181 = EDGE_CURVE('NONE',#6300,#2369,#14952,.T.) ;
#14182=CARTESIAN_POINT('NONE',(-6.142600940111,10.669135490747,3.757609));
#14183 = EDGE_CURVE('NONE',#10205,#12675,#10081,.T.) ;
#14184 = SURFACE_STYLE_FILL_AREA(#5576) ;
#14185=DIRECTION('NONE',(0.,0.,-1.));
#14186 =(LENGTH_UNIT() NAMED_UNIT(*) SI_UNIT(.MILLI.,.METRE.));
#14187=DIRECTION('NONE',(0.,0.,-1.));
#14188 = ADVANCED_FACE('NONE',(#7695),#6289,.T.) ;
#14189 =(LENGTH_UNIT() NAMED_UNIT(*) SI_UNIT(.MILLI.,.METRE.));
#14190=CARTESIAN_POINT('NONE',(-5.336709956544,10.396788744734,3.75852549));
#14191=DIRECTION('NONE',(0.,0.,-1.));
#14192 = SURFACE_SIDE_STYLE('',(#8048)) ;
#14193 =(GEOMETRIC_REPRESENTATION_CONTEXT(3) GLOBAL_UNCERTAINTY_ASSIGNED_CONTEXT((#15178)) GLOBAL_UNIT_ASSIGNED_CONTEXT((#10590,#2233,#11849)) REPRESENTATION_CONTEXT('NONE','WORKASPACE'));
#14194 = ORIENTED_EDGE('NONE',*,*,#10841,.T.) ;
#14195=CARTESIAN_POINT('NONE',(-6.972979057033,10.514766814689,3.75852549));
#14196 = ORIENTED_EDGE('NONE',*,*,#3784,.F.) ;
#14197 = VERTEX_POINT('NONE',#13770) ;
#14198 = EDGE_CURVE('NONE',#6805,#2321,#12579,.T.) ;
#14199 = ORIENTED_EDGE('NONE',*,*,#6129,.F.) ;
#14200=CARTESIAN_POINT('NONE',(-12.372614999999,-4.674098999999,4.399152));
#14201=CARTESIAN_POINT('NONE',(-4.7821060161,10.695817467263,3.757609));
#14202=CARTESIAN_POINT('NONE',(-5.164706500787,11.090138963065,3.757609));
#14203 =(GEOMETRIC_REPRESENTATION_CONTEXT(3) GLOBAL_UNCERTAINTY_ASSIGNED_CONTEXT((#11708)) GLOBAL_UNIT_ASSIGNED_CONTEXT((#10492,#7962,#7888)) REPRESENTATION_CONTEXT('NONE','WORKASPACE'));
#14204=CIRCLE('NONE',#9413,0.458245);
#14205=CYLINDRICAL_SURFACE('NONE',#13467,0.824841);
#14206=CARTESIAN_POINT('NONE',(-8.202794967471,10.679095750428,3.75852549));
#14207 = EDGE_CURVE('NONE',#3926,#4650,#3974,.T.) ;
#14208 = ORIENTED_EDGE('NONE',*,*,#2517,.F.) ;
#14209 = ADVANCED_FACE('NONE',(#9923),#12826,.F.) ;
#14210=CARTESIAN_POINT('NONE',(-5.104767346399,10.396788744734,3.757609));
#14211=CARTESIAN_POINT('NONE',(-7.436810429611,10.848725536406,3.75852549));
#14212 = PLANE('NONE',#10250) ;
#14213 = FACE_OUTER_BOUND('NONE',#3012,.T.) ;
#14215 = SURFACE_SIDE_STYLE('',(#16580)) ;
#14214 = PLANE('NONE',#11365) ;
#14216 = LINE('NONE',#8213,#8228) ;
#14217 = EDGE_LOOP('NONE',(#14140,#6628,#6679,#11141)) ;
#14218 = ORIENTED_EDGE('NONE',*,*,#7915,.F.) ;
#14219 = EDGE_LOOP('NONE',(#5858,#9714,#12201,#2635)) ;
#14220=DIRECTION('NONE',(-1.,0.,0.));
#14221 = EDGE_LOOP('NONE',(#3315,#8449,#13842,#2213)) ;
#14222 = B_SPLINE_CURVE_WITH_KNOTS('NONE',3,(#3460,#11840,#8363,#8201),.UNSPECIFIED.,.F.,.F.,(4,4),(17.000000000000,18.000000000000),.UNSPECIFIED.) ;
#14223 = SURFACE_STYLE_USAGE(.BOTH.,#12940) ;
#14224=CARTESIAN_POINT('NONE',(3.4918269,10.906231,2.291225));
#14225 =(LENGTH_UNIT() NAMED_UNIT(*) SI_UNIT(.MILLI.,.METRE.));
#14226 = LINE('NONE',#13036,#13750) ;
#14227=CARTESIAN_POINT('NONE',(-5.95592239727,11.198772724595,3.75852549));
#14228=CARTESIAN_POINT('NONE',(-6.002615856173,10.390499421698,3.75852549));
#14229 = FILL_AREA_STYLE('',(#7866)) ;
#14231 = FILL_AREA_STYLE('',(#8005)) ;
#14230 = LINE('NONE',#7040,#10598) ;
#14232 =(NAMED_UNIT(*) PLANE_ANGLE_UNIT() SI_UNIT($,.RADIAN.));
#14233=CARTESIAN_POINT('NONE',(-1.832979999999,-11.091166380297,4.307503));
#14234 = B_SPLINE_SURFACE_WITH_KNOTS('NONE',3,1,((#12606,#11352),(#5578,#10404),(#8968,#1823),(#4471,#13888)),.UNSPECIFIED.,.F.,.F.,.F.,(4,4),(2,2),(10.,11.),(0.,1.),.UNSPECIFIED.) ;
#14235 = EDGE_CURVE('NONE',#10835,#6764,#10459,.T.) ;
#14236 =(GEOMETRIC_REPRESENTATION_CONTEXT(3) GLOBAL_UNCERTAINTY_ASSIGNED_CONTEXT((#7607)) GLOBAL_UNIT_ASSIGNED_CONTEXT((#14437,#5915,#4741)) REPRESENTATION_CONTEXT('NONE','WORKASPACE'));
#14237=CARTESIAN_POINT('NONE',(-6.101910925924,11.362104537985,3.75852549));
#14238=CARTESIAN_POINT('NONE',(-5.803549252808,10.988175695663,3.757609));
#14239 = ORIENTED_EDGE('NONE',*,*,#8541,.F.) ;
#14240=DIRECTION('NONE',(-0.389758265065,-0.920917203017,0.));
#14241 = PLANE('NONE',#12916) ;
#14242=CARTESIAN_POINT('NONE',(-7.354646037571,10.708250831187,3.75852549));
#14243=DIRECTION('NONE',(0.,0.,-1.));
#14244 = ORIENTED_EDGE('NONE',*,*,#13449,.F.) ;
#14245=VECTOR('NONE',#11488,916.49);
#14246 =(LENGTH_UNIT() NAMED_UNIT(*) SI_UNIT(.MILLI.,.METRE.));
#14247=CARTESIAN_POINT('NONE',(-5.019003850454,10.720212417221,3.75852549));
#14248=DIRECTION('NONE',(-0.349395479497,0.936975345944,0.));
#14249 = SURFACE_STYLE_FILL_AREA(#4319) ;
#14250 = EDGE_CURVE('NONE',#13900,#3459,#7570,.T.) ;
#14251 = FACE_OUTER_BOUND('NONE',#15830,.T.) ;
#14252 = FILL_AREA_STYLE('',(#5644)) ;
#14253 = ORIENTED_EDGE('NONE',*,*,#7406,.T.) ;
#14254 = ORIENTED_EDGE('NONE',*,*,#10839,.T.) ;
#14255=DIRECTION('NONE',(0.930670322636,0.365858921669,0.));
#14256=CARTESIAN_POINT('NONE',(-3.491826899999,10.906231,3.8034335));
#14257 =(LENGTH_UNIT() NAMED_UNIT(*) SI_UNIT(.MILLI.,.METRE.));
#14258=VECTOR('NONE',#10430,916.49);
#14259=AXIS2_PLACEMENT_3D('NONE',#1182,#4881,#7242);
#14260=UNCERTAINTY_MEASURE_WITH_UNIT(LENGTH_MEASURE(9.164900000000001E-6),#15126,'distance_accuracy_value','NONE');
#14261 = SURFACE_STYLE_FILL_AREA(#7321) ;
#14262 = PRESENTATION_STYLE_ASSIGNMENT((#4560)) ;
#14263 = SURFACE_SIDE_STYLE('',(#14578)) ;
#14264=CARTESIAN_POINT('NONE',(-5.833471183615,10.275195166038,3.75852549));
#14265 = PRESENTATION_LAYER_ASSIGNMENT('','',(#14024)) ;
#14266 = MECHANICAL_DESIGN_GEOMETRIC_PRESENTATION_REPRESENTATION('',(#3684),#5949) ;
#14267=DIRECTION('NONE',(0.,-1.,0.));
#14268=CARTESIAN_POINT('NONE',(-6.22788797219,10.428807116553,3.757609));
#14269 =(NAMED_UNIT(*) PLANE_ANGLE_UNIT() SI_UNIT($,.RADIAN.));
#14270=DIRECTION('NONE',(1.,0.,0.));
#14271 = ADVANCED_FACE('NONE',(#9259),#3380,.F.) ;
#14272=CARTESIAN_POINT('NONE',(-10.631284,10.906231,3.8034335));
#14273 = COLOUR_RGB('',1.,1.,1.) ;
#14274 = SURFACE_STYLE_USAGE(.BOTH.,#13080) ;
#14275 = EDGE_CURVE('NONE',#7136,#5466,#9635,.T.) ;
#14276 =(GEOMETRIC_REPRESENTATION_CONTEXT(3) GLOBAL_UNCERTAINTY_ASSIGNED_CONTEXT((#3088)) GLOBAL_UNIT_ASSIGNED_CONTEXT((#9041,#10167,#7871)) REPRESENTATION_CONTEXT('NONE','WORKASPACE'));
#14277 = ORIENTED_EDGE('NONE',*,*,#3782,.F.) ;
#14278=CARTESIAN_POINT('NONE',(-6.874911810945,10.766561043261,3.75852549));
#14279 = ORIENTED_EDGE('NONE',*,*,#3899,.T.) ;
#14280 = ORIENTED_EDGE('NONE',*,*,#8931,.T.) ;
#14281 = ORIENTED_EDGE('NONE',*,*,#8617,.F.) ;
#14282 = PRESENTATION_LAYER_ASSIGNMENT('','',(#15276)) ;
#14283 = COLOUR_RGB('',0.831372549019,0.670588235294,0.129411764705) ;
#14284=AXIS2_PLACEMENT_3D('NONE',#9122,#5577,#15279);
#14285=VECTOR('NONE',#5046,916.49);
#14286=UNCERTAINTY_MEASURE_WITH_UNIT(LENGTH_MEASURE(9.164900000000001E-6),#11738,'distance_accuracy_value','NONE');
#14287 =(LENGTH_UNIT() NAMED_UNIT(*) SI_UNIT(.MILLI.,.METRE.));
#14289 = EDGE_CURVE('NONE',#7338,#2634,#16606,.T.) ;
#14288=DIRECTION('NONE',(0.,0.,1.));
#14290=CARTESIAN_POINT('NONE',(-6.256380511399,10.513617684765,3.75852549));
#14291 = ORIENTED_EDGE('NONE',*,*,#12093,.T.) ;
#14292 = ADVANCED_FACE('NONE',(#14463),#10707,.T.) ;
#14293=CARTESIAN_POINT('NONE',(-6.22788797219,10.428807116553,3.757609));
#14295=CARTESIAN_POINT('NONE',(-7.911243755441,10.753308765996,3.75852549));
#14294 = SURFACE_STYLE_USAGE(.BOTH.,#9469) ;
#14296 =(GEOMETRIC_REPRESENTATION_CONTEXT(3) GLOBAL_UNCERTAINTY_ASSIGNED_CONTEXT((#10966)) GLOBAL_UNIT_ASSIGNED_CONTEXT((#2985,#5186,#13793)) REPRESENTATION_CONTEXT('NONE','WORKASPACE'));
#14297=CARTESIAN_POINT('NONE',(-5.179572173419,11.132258368852,3.75852549));
#14298 = COLOUR_RGB('',1.,1.,1.) ;
#14299 = ORIENTED_EDGE('NONE',*,*,#4919,.T.) ;
#14300 = COLOUR_RGB('',1.,1.,1.) ;
#14301 = ORIENTED_EDGE('NONE',*,*,#15235,.F.) ;
#14302 = ORIENTED_EDGE('NONE',*,*,#7645,.F.) ;
#14303 = PRESENTATION_LAYER_ASSIGNMENT('','',(#3444)) ;
#14304 =(LENGTH_UNIT() NAMED_UNIT(*) SI_UNIT(.MILLI.,.METRE.));
#14305 = VERTEX_POINT('NONE',#14395) ;
#14306 = EDGE_CURVE('NONE',#1910,#16474,#15416,.T.) ;
#14307 = MECHANICAL_DESIGN_GEOMETRIC_PRESENTATION_REPRESENTATION('',(#6719),#4730) ;
#14308=VECTOR('NONE',#13687,916.49);
#14309=CIRCLE('NONE',#4458,0.458245);
#14310 = MECHANICAL_DESIGN_GEOMETRIC_PRESENTATION_REPRESENTATION('',(#1720),#1222) ;
#14311=CARTESIAN_POINT('NONE',(12.372615,-8.340058999999,5.040695));
#14312=CARTESIAN_POINT('NONE',(-6.301549285929,10.411463831817,3.75852549));
#14313 = FILL_AREA_STYLE('',(#5785)) ;
#14314=DIRECTION('NONE',(-1.,0.,0.));
#14315=CARTESIAN_POINT('NONE',(-4.659845387988,10.396788744734,3.75852549));
#14316=CARTESIAN_POINT('NONE',(-8.049068035539,10.379592909157,3.75852549));
#14317 = FILL_AREA_STYLE_COLOUR('',#11532) ;
#14318=DIRECTION('NONE',(0.,0.,-1.));
#14319=DIRECTION('NONE',(0.,0.,1.));
#14320=CARTESIAN_POINT('NONE',(1.83298,-12.404758902342,3.09854172149));
#14321=VECTOR('NONE',#4687,916.49);
#14322 = PRESENTATION_STYLE_ASSIGNMENT((#9662)) ;
#14323=VECTOR('NONE',#6851,916.49);
#14325 = MECHANICAL_DESIGN_GEOMETRIC_PRESENTATION_REPRESENTATION('',(#3468),#10540) ;
#14324 =(LENGTH_UNIT() NAMED_UNIT(*) SI_UNIT(.MILLI.,.METRE.));
#14326 = VERTEX_POINT('NONE',#6180) ;
#14327 = EDGE_CURVE('NONE',#13972,#3342,#8556,.T.) ;
#14328=CARTESIAN_POINT('NONE',(-7.640896298254,11.460982940121,3.75852549));
#14329 =(LENGTH_UNIT() NAMED_UNIT(*) SI_UNIT(.MILLI.,.METRE.));
#14330 = PRESENTATION_LAYER_ASSIGNMENT('','',(#14585)) ;
#14331 =(LENGTH_UNIT() NAMED_UNIT(*) SI_UNIT(.MILLI.,.METRE.));
#14332=VECTOR('NONE',#1118,916.49);
#14333 =(GEOMETRIC_REPRESENTATION_CONTEXT(3) GLOBAL_UNCERTAINTY_ASSIGNED_CONTEXT((#15535)) GLOBAL_UNIT_ASSIGNED_CONTEXT((#10843,#15556,#2245)) REPRESENTATION_CONTEXT('NONE','WORKASPACE'));
#14334 = ORIENTED_EDGE('NONE',*,*,#6083,.T.) ;
#14335=CARTESIAN_POINT('NONE',(-8.565908820504,10.816919828312,3.75852549));
#14336 = FILL_AREA_STYLE('',(#2343)) ;
#14337=DIRECTION('NONE',(0.,0.,1.));
#14338=DIRECTION('NONE',(0.,0.,-1.));
#14339 = EDGE_LOOP('NONE',(#1677,#15490,#9303,#11189)) ;
#14340=CARTESIAN_POINT('NONE',(5.49894,-11.381475988787,4.293451990308));
#14341=AXIS2_PLACEMENT_3D('NONE',#10095,#10239,#5495);
#14342 = EDGE_LOOP('NONE',(#10208,#8680)) ;
#14343=CARTESIAN_POINT('NONE',(-5.759142820463,10.348951772551,3.75852549));
#14344 =(GEOMETRIC_REPRESENTATION_CONTEXT(3) GLOBAL_UNCERTAINTY_ASSIGNED_CONTEXT((#6052)) GLOBAL_UNIT_ASSIGNED_CONTEXT((#15970,#1491,#7448)) REPRESENTATION_CONTEXT('NONE','WORKASPACE'));
#14345 =(NAMED_UNIT(*) PLANE_ANGLE_UNIT() SI_UNIT($,.RADIAN.));
#14346=UNCERTAINTY_MEASURE_WITH_UNIT(LENGTH_MEASURE(9.164900000000001E-6),#15306,'distance_accuracy_value','NONE');
#14347 =(LENGTH_UNIT() NAMED_UNIT(*) SI_UNIT(.MILLI.,.METRE.));
#14348 = SURFACE_STYLE_USAGE(.BOTH.,#10643) ;
#14349=CARTESIAN_POINT('NONE',(-5.498939999999,-11.091166380297,2.2728952));
#14350 =(NAMED_UNIT(*) SI_UNIT($,.STERADIAN.) SOLID_ANGLE_UNIT());
#14351 = SURFACE_SIDE_STYLE('',(#12057)) ;
#14352=CARTESIAN_POINT('NONE',(-5.943248458425,10.669135490747,3.75852549));
#14353=VECTOR('NONE',#14185,916.49);
#14354=CARTESIAN_POINT('NONE',(10.631284,-10.906231,3.8034335));
#14355 = ORIENTED_EDGE('NONE',*,*,#4364,.T.) ;
#14356=CARTESIAN_POINT('NONE',(-5.815079678374,10.271383455106,3.75852549));
#14357 = ORIENTED_EDGE('NONE',*,*,#14054,.F.) ;
#14358 = ORIENTED_EDGE('NONE',*,*,#14691,.T.) ;
#14359=CIRCLE('NONE',#16370,1.2372615);
#14360 = ORIENTED_EDGE('NONE',*,*,#8164,.T.) ;
#14361 = EDGE_CURVE('NONE',#10499,#8902,#8323,.T.) ;
#14362 =(NAMED_UNIT(*) PLANE_ANGLE_UNIT() SI_UNIT($,.RADIAN.));
#14363 = B_SPLINE_SURFACE_WITH_KNOTS('NONE',3,1,((#3445,#10964),(#11971,#12055),(#13074,#1267),(#1100,#2288)),.UNSPECIFIED.,.F.,.F.,.F.,(4,4),(2,2),(9.000000000000,10.),(0.,1.),.UNSPECIFIED.) ;
#14364=DIRECTION('NONE',(0.,0.,1.));
#14365 = ORIENTED_EDGE('NONE',*,*,#7551,.F.) ;
#14366 = FILL_AREA_STYLE('',(#3713)) ;
#14367=CARTESIAN_POINT('NONE',(-7.890040101705,10.427301370193,3.757609));
#14368 =(NAMED_UNIT(*) PLANE_ANGLE_UNIT() SI_UNIT($,.RADIAN.));
#14369 = MECHANICAL_DESIGN_GEOMETRIC_PRESENTATION_REPRESENTATION('',(#15626),#15376) ;
#14371=CARTESIAN_POINT('NONE',(-7.839681164994,10.718852733886,3.757609));
#14370 = FILL_AREA_STYLE_COLOUR('',#4053) ;
#14372 = PRESENTATION_LAYER_ASSIGNMENT('','',(#11347)) ;
#14373=DIRECTION('NONE',(0.,0.,-1.));
#14374=DIRECTION('NONE',(0.,1.,0.));
#14375 = ORIENTED_EDGE('NONE',*,*,#13247,.F.) ;
#14376 = ORIENTED_EDGE('NONE',*,*,#3338,.F.) ;
#14377 = VERTEX_POINT('NONE',#3571) ;
#14378 = COLOUR_RGB('',1.,1.,1.) ;
#14379=CARTESIAN_POINT('NONE',(2.666985899999,10.906231,2.291225));
#14380 = ORIENTED_EDGE('NONE',*,*,#1078,.T.) ;
#14381=UNCERTAINTY_MEASURE_WITH_UNIT(LENGTH_MEASURE(9.164900000000001E-6),#14189,'distance_accuracy_value','NONE');
#14382 = EDGE_CURVE('NONE',#6789,#8594,#8392,.T.) ;
#14383 = FILL_AREA_STYLE('',(#6256)) ;
#14384 = SURFACE_SIDE_STYLE('',(#11781)) ;
#14385 =(LENGTH_UNIT() NAMED_UNIT(*) SI_UNIT(.MILLI.,.METRE.));
#14386=CYLINDRICAL_SURFACE('NONE',#15304,1.6955065);
#14387 =(GEOMETRIC_REPRESENTATION_CONTEXT(3) GLOBAL_UNCERTAINTY_ASSIGNED_CONTEXT((#4632)) GLOBAL_UNIT_ASSIGNED_CONTEXT((#8846,#8144,#12705)) REPRESENTATION_CONTEXT('NONE','WORKASPACE'));
#14388 = SURFACE_STYLE_FILL_AREA(#1388) ;
#14389 = FILL_AREA_STYLE_COLOUR('',#16063) ;
#14390 = EDGE_CURVE('NONE',#3396,#12078,#13374,.T.) ;
#14391=CARTESIAN_POINT('NONE',(-5.019003850454,10.449009184487,3.75852549));
#14392 = EDGE_CURVE('NONE',#6239,#3165,#12645,.T.) ;
#14393=CARTESIAN_POINT('NONE',(-7.03924069613,10.763910517033,3.757609));
#14394 = PRESENTATION_LAYER_ASSIGNMENT('','',(#2814)) ;
#14395=CARTESIAN_POINT('NONE',(-5.218165746594,10.439289321614,3.75852549));
#14396=CARTESIAN_POINT('NONE',(-8.208095969375,10.294778193103,3.75852549));
#14397 = ORIENTED_EDGE('NONE',*,*,#4870,.F.) ;
#14398 = COLOUR_RGB('',1.,1.,1.) ;
#14399=UNCERTAINTY_MEASURE_WITH_UNIT(LENGTH_MEASURE(9.164900000000001E-6),#1147,'distance_accuracy_value','NONE');
#14400=CARTESIAN_POINT('NONE',(-6.36911186218,10.439289321614,3.75852549));
#14401 = FILL_AREA_STYLE_COLOUR('',#12028) ;
#14402 = LINE('NONE',#13205,#12462) ;
#14403 = SURFACE_STYLE_FILL_AREA(#15815) ;
#14404 = ORIENTED_EDGE('NONE',*,*,#9233,.T.) ;
#14405=CARTESIAN_POINT('NONE',(-5.82432307738,10.3131216898,3.757609));
#14406 = PRESENTATION_STYLE_ASSIGNMENT((#9596)) ;
#14407 = EDGE_CURVE('NONE',#12557,#15209,#4161,.T.) ;
#14408=CARTESIAN_POINT('NONE',(-6.521485006643,11.360961024704,3.75852549));
#14409=DIRECTION('NONE',(-1.,0.,0.));
#14410=CARTESIAN_POINT('NONE',(-7.72571121652,10.485611733927,3.75852549));
#14411=DIRECTION('NONE',(1.,0.,0.));
#14412=CARTESIAN_POINT('NONE',(-10.631284,10.906231,2.291225));
#14413 = ORIENTED_EDGE('NONE',*,*,#7442,.T.) ;
#14414=CARTESIAN_POINT('NONE',(-4.962781114222,10.530198627314,3.757609));
#14415 = ORIENTED_EDGE('NONE',*,*,#11034,.T.) ;
#14416=CARTESIAN_POINT('NONE',(-5.769720318295,10.323794480407,3.75852549));
#14417 = ADVANCED_FACE('NONE',(#13283,#4921),#2584,.T.) ;
#14418 = EDGE_CURVE('NONE',#9213,#10122,#11515,.T.) ;
#14419=UNCERTAINTY_MEASURE_WITH_UNIT(LENGTH_MEASURE(9.164900000000001E-6),#11653,'distance_accuracy_value','NONE');
#14420 = FILL_AREA_STYLE('',(#10641)) ;
#14421=CARTESIAN_POINT('NONE',(-5.981746738827,10.564504025693,3.75852549));
#14422 = VERTEX_POINT('NONE',#16172) ;
#14423 = PRESENTATION_STYLE_ASSIGNMENT((#14581)) ;
#14424=CARTESIAN_POINT('NONE',(-5.019003850454,10.449009184487,3.75852549));
#14425=CARTESIAN_POINT('NONE',(-5.489083101006,10.726692325804,3.75852549));
#14426=UNCERTAINTY_MEASURE_WITH_UNIT(LENGTH_MEASURE(9.164900000000001E-6),#1625,'distance_accuracy_value','NONE');
#14427 =(LENGTH_UNIT() NAMED_UNIT(*) SI_UNIT(.MILLI.,.METRE.));
#14428 = VERTEX_POINT('NONE',#4250) ;
#14429=CARTESIAN_POINT('NONE',(-1.163942299999,10.906231,3.757609));
#14430 = ORIENTED_EDGE('NONE',*,*,#11470,.T.) ;
#14431 = ORIENTED_EDGE('NONE',*,*,#16213,.F.) ;
#14432=VECTOR('NONE',#14187,916.49);
#14433 = ORIENTED_EDGE('NONE',*,*,#11470,.F.) ;
#14434=UNCERTAINTY_MEASURE_WITH_UNIT(LENGTH_MEASURE(9.164900000000001E-6),#5265,'distance_accuracy_value','NONE');
#14435=CARTESIAN_POINT('NONE',(-5.073511316766,10.988175695663,3.757609));
#14436=DIRECTION('NONE',(0.,0.,1.));
#14437 =(LENGTH_UNIT() NAMED_UNIT(*) SI_UNIT(.MILLI.,.METRE.));
#14438 = EDGE_LOOP('NONE',(#5140,#2789,#7822,#13306)) ;
#14439=VECTOR('NONE',#1127,916.49);
#14440=CARTESIAN_POINT('NONE',(-5.498939999999,-11.091166380297,4.399152));
#14443=CARTESIAN_POINT('NONE',(-5.95592239727,11.156081562169,3.757609));
#14442 = COLOUR_RGB('',1.,1.,1.) ;
#14441 = PLANE('NONE',#5825) ;
#14444 = SURFACE_STYLE_USAGE(.BOTH.,#15698) ;
#14445 = LINE('NONE',#6091,#13864) ;
#14446 = ORIENTED_EDGE('NONE',*,*,#8035,.T.) ;
#14447 = ORIENTED_EDGE('NONE',*,*,#11137,.T.) ;
#14448 = ORIENTED_EDGE('NONE',*,*,#1530,.T.) ;
#14449 = SURFACE_STYLE_FILL_AREA(#4833) ;
#14450 = ORIENTED_EDGE('NONE',*,*,#2908,.T.) ;
#14451=VECTOR('NONE',#3366,916.49);
#14452=DIRECTION('NONE',(-1.,0.,0.));
#14453=CARTESIAN_POINT('NONE',(-5.485843146716,11.040396135416,3.75852549));
#14454=CARTESIAN_POINT('NONE',(-5.164039451376,10.439289321614,3.75852549));
#14455 = B_SPLINE_CURVE_WITH_KNOTS('NONE',3,(#7094,#14210,#10512,#5679),.UNSPECIFIED.,.F.,.F.,(4,4),(5.000000000000,6.000000000000),.UNSPECIFIED.) ;
#14456=DIRECTION('NONE',(0.,0.,1.));
#14457 = SURFACE_STYLE_USAGE(.BOTH.,#3639) ;
#14458=CARTESIAN_POINT('NONE',(-5.480220873091,11.224501773379,3.757609));
#14459 = FACE_OUTER_BOUND('NONE',#15139,.T.) ;
#14460 =(NAMED_UNIT(*) PLANE_ANGLE_UNIT() SI_UNIT($,.RADIAN.));
#14461=AXIS2_PLACEMENT_3D('NONE',#9071,#6615,#8990);
#14462 = EDGE_CURVE('NONE',#10122,#10002,#8124,.T.) ;
#14463 = FACE_OUTER_BOUND('NONE',#12788,.T.) ;
#14464 = LINE('NONE',#9583,#4295) ;
#14465 = EDGE_CURVE('NONE',#3781,#3124,#8978,.T.) ;
#14466 = B_SPLINE_CURVE_WITH_KNOTS('NONE',3,(#7195,#10685,#2175,#11868),.UNSPECIFIED.,.F.,.F.,(4,4),(2.000000000000,3.000000000000),.UNSPECIFIED.) ;
#14467 = VERTEX_POINT('NONE',#13899) ;
#14468 = FACE_OUTER_BOUND('NONE',#1277,.T.) ;
#14469 = PRESENTATION_LAYER_ASSIGNMENT('','',(#4907)) ;
#14470=CARTESIAN_POINT('NONE',(-3.950071899999,10.906231,3.8034335));
#14471 =(LENGTH_UNIT() NAMED_UNIT(*) SI_UNIT(.MILLI.,.METRE.));
#14472 = ORIENTED_EDGE('NONE',*,*,#4057,.T.) ;
#14473=CARTESIAN_POINT('NONE',(-1.9887833,10.906231,2.2454005));
#14474 = FACE_OUTER_BOUND('NONE',#2688,.T.) ;
#14475 = ADVANCED_FACE('NONE',(#4089),#2656,.F.) ;
#14476 = MECHANICAL_DESIGN_GEOMETRIC_PRESENTATION_REPRESENTATION('',(#13725),#14236) ;
#14477 = EDGE_CURVE('NONE',#3165,#3479,#4484,.T.) ;
#14478=CARTESIAN_POINT('NONE',(-5.803549252808,11.030676272542,3.757609));
#14479=CARTESIAN_POINT('NONE',(-6.307266852326,11.170375478161,3.75852549));
#14480=CARTESIAN_POINT('NONE',(-6.158419540475,10.437955222787,3.75852549));
#14481 = PLANE('NONE',#9258) ;
#14482 = VERTEX_POINT('NONE',#3232) ;
#14483=CARTESIAN_POINT('NONE',(-5.019003850454,10.449009184487,3.757609));
#14484 = EDGE_LOOP('NONE',(#4325,#6110,#7462,#5130)) ;
#14485 = B_SPLINE_SURFACE_WITH_KNOTS('NONE',3,1,((#6654,#11494),(#4378,#13305),(#3835,#10790),(#4702,#7310)),.UNSPECIFIED.,.F.,.F.,.F.,(4,4),(2,2),(5.000000000000,6.000000000000),(0.,1.),.UNSPECIFIED.) ;
#14486 = SURFACE_STYLE_USAGE(.BOTH.,#11892) ;
#14487 =(GEOMETRIC_REPRESENTATION_CONTEXT(3) GLOBAL_UNCERTAINTY_ASSIGNED_CONTEXT((#2875)) GLOBAL_UNIT_ASSIGNED_CONTEXT((#3911,#6373,#14727)) REPRESENTATION_CONTEXT('NONE','WORKASPACE'));
#14488 = EDGE_CURVE('NONE',#8867,#5061,#8519,.T.) ;
#14489=CARTESIAN_POINT('NONE',(-6.174905190251,11.024768120599,3.75852549));
#14490=CARTESIAN_POINT('NONE',(-5.966690480651,10.55688060383,3.75852549));
#14491 = STYLED_ITEM('NONE',(#12491),#12271) ;
#14492 = ORIENTED_EDGE('NONE',*,*,#8115,.T.) ;
#14493=DIRECTION('NONE',(0.,0.,-1.));
#14494 = LINE('NONE',#3916,#14052) ;
#14495=CARTESIAN_POINT('NONE',(-5.883023425717,10.513236513673,3.757609));
#14496=CARTESIAN_POINT('NONE',(-4.981553790559,10.483886339505,3.75852549));
#14497=CARTESIAN_POINT('NONE',(-6.046926995746,10.59118600221,3.757609));
#14498=VECTOR('NONE',#4519,916.49);
#14499 = SURFACE_SIDE_STYLE('',(#3608)) ;
#14500 = SURFACE_STYLE_FILL_AREA(#6068) ;
#14501=AXIS2_PLACEMENT_3D('NONE',#5640,#2112,#13872);
#14502 = VERTEX_POINT('NONE',#14195) ;
#14503=CARTESIAN_POINT('NONE',(-5.013381576833,10.586611949093,3.757609));
#14504 = VERTEX_POINT('NONE',#4646) ;
#14505 = ORIENTED_EDGE('NONE',*,*,#1479,.T.) ;
#14506 =(GEOMETRIC_REPRESENTATION_CONTEXT(3) GLOBAL_UNCERTAINTY_ASSIGNED_CONTEXT((#11601)) GLOBAL_UNIT_ASSIGNED_CONTEXT((#6796,#16597,#10681)) REPRESENTATION_CONTEXT('NONE','WORKASPACE'));
#14507 = ORIENTED_EDGE('NONE',*,*,#12450,.T.) ;
#14508 =(LENGTH_UNIT() NAMED_UNIT(*) SI_UNIT(.MILLI.,.METRE.));
#14509 = EDGE_CURVE('NONE',#6239,#8737,#8050,.T.) ;
#14510=CARTESIAN_POINT('NONE',(-8.202794967471,10.679095750428,3.75852549));
#14511 = ADVANCED_FACE('NONE',(#6911),#10498,.F.) ;
#14512 = STYLED_ITEM('NONE',(#9241),#5646) ;
#14513 = PLANE('NONE',#11057) ;
#14514 = ORIENTED_EDGE('NONE',*,*,#2182,.T.) ;
#14515 = MECHANICAL_DESIGN_GEOMETRIC_PRESENTATION_REPRESENTATION('',(#6945),#8958) ;
#14516 = PRESENTATION_STYLE_ASSIGNMENT((#9551)) ;
#14517=CARTESIAN_POINT('NONE',(-6.301549285929,10.411463831817,3.75852549));
#14518=DIRECTION('NONE',(0.,0.,-1.));
#14519=DIRECTION('NONE',(0.,0.,-1.));
#14520 = EDGE_LOOP('NONE',(#3546,#10577,#1728,#8128)) ;
#14521 = VERTEX_POINT('NONE',#11593) ;
#14522 = ORIENTED_EDGE('NONE',*,*,#4870,.T.) ;
#14523 = COLOUR_RGB('',1.,1.,1.) ;
#14524 = SURFACE_SIDE_STYLE('',(#9724)) ;
#14525=VECTOR('NONE',#7144,916.49);
#14526 = MECHANICAL_DESIGN_GEOMETRIC_PRESENTATION_REPRESENTATION('',(#7972),#8965) ;
#14527 = EDGE_CURVE('NONE',#2770,#3167,#12828,.T.) ;
#14528 = MECHANICAL_DESIGN_GEOMETRIC_PRESENTATION_REPRESENTATION('',(#6700),#13265) ;
#14529 = VERTEX_POINT('NONE',#15290) ;
#14530 = STYLED_ITEM('NONE',(#13576),#12891) ;
#14531=CARTESIAN_POINT('NONE',(-7.638245873132,11.301955006286,3.757609));
#14532=CARTESIAN_POINT('NONE',(-5.498939999999,-11.091166380297,2.1812462));
#14533=AXIS2_PLACEMENT_3D('NONE',#10137,#6696,#3160);
#14534 = COLOUR_RGB('',0.949019607843,0.760784313725,0.180392156862) ;
#14535=VECTOR('NONE',#8660,916.49);
#14536=CARTESIAN_POINT('NONE',(-7.166462921869,11.193285908054,3.757609));
#14537 = EDGE_CURVE('NONE',#6840,#15619,#9450,.T.) ;
#14538=CARTESIAN_POINT('NONE',(-6.36911186218,10.396788744734,3.75852549));
#14539=AXIS2_PLACEMENT_3D('NONE',#2606,#10886,#1426);
#14540 = SURFACE_STYLE_USAGE(.BOTH.,#3813) ;
#14541 = EDGE_CURVE('NONE',#4779,#2944,#10546,.T.) ;
#14542=VECTOR('NONE',#5945,916.49);
#14543 = PLANE('NONE',#13794) ;
#14544=DIRECTION('NONE',(0.,0.,-1.));
#14545 = ORIENTED_EDGE('NONE',*,*,#3274,.F.) ;
#14546=CARTESIAN_POINT('NONE',(-5.054262176566,10.691624585239,3.75852549));
#14547 =(LENGTH_UNIT() NAMED_UNIT(*) SI_UNIT(.MILLI.,.METRE.));
#14548=AXIS2_PLACEMENT_3D('NONE',#15988,#13557,#5043);
#14549 = COLOUR_RGB('',1.,1.,1.) ;
#14550 = ORIENTED_EDGE('NONE',*,*,#5395,.T.) ;
#14551=AXIS2_PLACEMENT_3D('NONE',#1185,#2444,#9044);
#14552=VECTOR('NONE',#8482,916.49);
#14553=VECTOR('NONE',#16338,916.49);
#14554=CARTESIAN_POINT('NONE',(-7.214171382905,10.395495864311,3.75852549));
#14555 = B_SPLINE_CURVE_WITH_KNOTS('NONE',3,(#13495,#7505,#4011,#1668),.UNSPECIFIED.,.F.,.F.,(4,4),(2.000000000000,3.000000000000),.UNSPECIFIED.) ;
#14556=UNCERTAINTY_MEASURE_WITH_UNIT(LENGTH_MEASURE(9.164900000000001E-6),#1342,'distance_accuracy_value','NONE');
#14557 = SURFACE_SIDE_STYLE('',(#1405)) ;
#14558 = LINE('NONE',#4858,#10317) ;
#14559 = ORIENTED_EDGE('NONE',*,*,#10378,.T.) ;
#14560=CARTESIAN_POINT('NONE',(-5.806979792645,10.31140641988,3.75852549));
#14561 = PRESENTATION_STYLE_ASSIGNMENT((#7453)) ;
#14562 = PRESENTATION_LAYER_ASSIGNMENT('','',(#3730)) ;
#14563 = PRESENTATION_LAYER_ASSIGNMENT('','',(#10300)) ;
#14564 = LINE('NONE',#7546,#10472) ;
#14565 =(LENGTH_UNIT() NAMED_UNIT(*) SI_UNIT(.MILLI.,.METRE.));
#14566 = FILL_AREA_STYLE_COLOUR('',#14938) ;
#14567 = LINE('NONE',#1415,#11282) ;
#14568 = VERTEX_POINT('NONE',#11833) ;
#14569=CARTESIAN_POINT('NONE',(-6.388170416835,10.56469461124,3.757609));
#14570 = ORIENTED_EDGE('NONE',*,*,#6349,.F.) ;
#14571=AXIS2_PLACEMENT_3D('NONE',#10724,#15524,#2214);
#14572=AXIS2_PLACEMENT_3D('NONE',#1287,#5764,#10661);
#14573 = PRESENTATION_LAYER_ASSIGNMENT('','',(#15075)) ;
#14574 = ADVANCED_FACE('NONE',(#15377),#3646,.F.) ;
#14575=UNCERTAINTY_MEASURE_WITH_UNIT(LENGTH_MEASURE(9.164900000000001E-6),#9947,'distance_accuracy_value','NONE');
#14576=CARTESIAN_POINT('NONE',(-5.943248458425,10.547732497597,3.757609));
#14577 = ORIENTED_EDGE('NONE',*,*,#2164,.T.) ;
#14578 = SURFACE_STYLE_FILL_AREA(#8587) ;
#14579=DIRECTION('NONE',(1.,0.,0.));
#14580 = PLANE('NONE',#14548) ;
#14581 = SURFACE_STYLE_USAGE(.BOTH.,#1179) ;
#14582 = PLANE('NONE',#5200) ;
#14583 = PLANE('NONE',#2262) ;
#14584 = SURFACE_SIDE_STYLE('',(#2609)) ;
#14585 = STYLED_ITEM('NONE',(#12381),#14729) ;
#14586 = EDGE_CURVE('NONE',#8250,#15828,#9942,.T.) ;
#14587=CARTESIAN_POINT('NONE',(-7.267180694184,10.970646810797,3.757609));
#14588 = ADVANCED_FACE('NONE',(#9703),#13410,.F.) ;
#14589 = VERTEX_POINT('NONE',#1189) ;
#14590 = FILL_AREA_STYLE_COLOUR('',#12312) ;
#14591 = VERTEX_POINT('NONE',#12307) ;
#14592 = VERTEX_POINT('NONE',#5986) ;
#14593 = B_SPLINE_SURFACE_WITH_KNOTS('NONE',3,1,((#15153,#16666),(#13178,#14371),(#14295,#1295),(#10742,#8212)),.UNSPECIFIED.,.F.,.F.,.F.,(4,4),(2,2),(15.000000000000,16.000000000000),(0.,1.),.UNSPECIFIED.) ;
#14594 = ORIENTED_EDGE('NONE',*,*,#5597,.F.) ;
#14595 = STYLED_ITEM('NONE',(#7243),#14891) ;
#14596=DIRECTION('NONE',(0.,0.,-1.));
#14597 = SURFACE_STYLE_FILL_AREA(#14675) ;
#14598 = LINE('NONE',#3789,#2653) ;
#14599=CARTESIAN_POINT('NONE',(-6.174905190251,11.024768120599,3.757609));
#14600 =(NAMED_UNIT(*) SI_UNIT($,.STERADIAN.) SOLID_ANGLE_UNIT());
#14601 = ORIENTED_EDGE('NONE',*,*,#10944,.T.) ;
#14602 = COLOUR_RGB('',1.,1.,1.) ;
#14603=CARTESIAN_POINT('NONE',(-4.853099132189,10.498752012134,3.75852549));
#14604 = SURFACE_SIDE_STYLE('',(#13253)) ;
#14605 = FILL_AREA_STYLE_COLOUR('',#6451) ;
#14606=DIRECTION('NONE',(-1.,0.,0.));
#14607=DIRECTION('NONE',(0.,1.,0.));
#14608 = SURFACE_SIDE_STYLE('',(#5069)) ;
#14610 = EDGE_CURVE('NONE',#5538,#6093,#1523,.T.) ;
#14609 = VERTEX_POINT('NONE',#14503) ;
#14611 = ORIENTED_EDGE('NONE',*,*,#5339,.T.) ;
#14612 = ORIENTED_EDGE('NONE',*,*,#4575,.F.) ;
#14613=VECTOR('NONE',#8162,916.49);
#14614 = EDGE_CURVE('NONE',#6335,#3459,#8517,.T.) ;
#14615=DIRECTION('NONE',(-1.,0.,0.));
#14616 = ORIENTED_EDGE('NONE',*,*,#6457,.F.) ;
#14617=AXIS2_PLACEMENT_3D('NONE',#16526,#16377,#14098);
#14618 =(NAMED_UNIT(*) SI_UNIT($,.STERADIAN.) SOLID_ANGLE_UNIT());
#14619=UNCERTAINTY_MEASURE_WITH_UNIT(LENGTH_MEASURE(9.164900000000001E-6),#4518,'distance_accuracy_value','NONE');
#14620 =(NAMED_UNIT(*) PLANE_ANGLE_UNIT() SI_UNIT($,.RADIAN.));
#14621=CARTESIAN_POINT('NONE',(-4.888929214939,10.396788744734,3.757609));
#14622 = LINE('NONE',#1553,#4416) ;
#14623 =(NAMED_UNIT(*) SI_UNIT($,.STERADIAN.) SOLID_ANGLE_UNIT());
#14624 = SURFACE_STYLE_FILL_AREA(#7432) ;
#14625 = PLANE('NONE',#16655) ;
#14627 = STYLED_ITEM('NONE',(#12720),#9581) ;
#14626=CARTESIAN_POINT('NONE',(-5.966690480651,10.55688060383,3.757609));
#14628=CARTESIAN_POINT('NONE',(-6.163851228551,10.46482778485,3.757609));
#14629 = VERTEX_POINT('NONE',#4808) ;
#14630 = ORIENTED_EDGE('NONE',*,*,#12439,.F.) ;
#14631=CARTESIAN_POINT('NONE',(5.49894,-12.296305529988,3.8986385259));
#14632 = SURFACE_SIDE_STYLE('',(#1399)) ;
#14633 =(GEOMETRIC_REPRESENTATION_CONTEXT(3) GLOBAL_UNCERTAINTY_ASSIGNED_CONTEXT((#11105)) GLOBAL_UNIT_ASSIGNED_CONTEXT((#10270,#10072,#4123)) REPRESENTATION_CONTEXT('NONE','WORKASPACE'));
#14634 =(GEOMETRIC_REPRESENTATION_CONTEXT(3) GLOBAL_UNCERTAINTY_ASSIGNED_CONTEXT((#15679)) GLOBAL_UNIT_ASSIGNED_CONTEXT((#5293,#12747,#16383)) REPRESENTATION_CONTEXT('NONE','WORKASPACE'));
#14635 = B_SPLINE_CURVE_WITH_KNOTS('NONE',3,(#6531,#16009,#14839,#5285),.UNSPECIFIED.,.F.,.F.,(4,4),(1.,2.000000000000),.UNSPECIFIED.) ;
#14636 =(GEOMETRIC_REPRESENTATION_CONTEXT(3) GLOBAL_UNCERTAINTY_ASSIGNED_CONTEXT((#1350)) GLOBAL_UNIT_ASSIGNED_CONTEXT((#10171,#7874,#8954)) REPRESENTATION_CONTEXT('NONE','WORKASPACE'));
#14637 = ORIENTED_EDGE('NONE',*,*,#15727,.T.) ;
#14638 = SURFACE_SIDE_STYLE('',(#6355)) ;
#14639 = LINE('NONE',#1490,#3164) ;
#14640=DIRECTION('NONE',(-1.,0.,0.));
#14641 = VERTEX_POINT('NONE',#11123) ;
#14642=AXIS2_PLACEMENT_3D('NONE',#5228,#4183,#13837);
#14643 = B_SPLINE_CURVE_WITH_KNOTS('NONE',3,(#4959,#12212,#12373,#9784),.UNSPECIFIED.,.F.,.F.,(4,4),(4.000000000000,5.000000000000),.UNSPECIFIED.) ;
#14644 = LINE('NONE',#1710,#1153) ;
#14645=CARTESIAN_POINT('NONE',(-8.332667769993,10.620785487798,3.75852549));
#14646=CARTESIAN_POINT('NONE',(-8.049068035539,10.586329304028,3.757609));
#14647=AXIS2_PLACEMENT_3D('NONE',#14088,#3498,#16515);
#14648 = SURFACE_STYLE_FILL_AREA(#12421) ;
#14649=DIRECTION('NONE',(-3.035766082959000E-15,-1.,0.));
#14650 = FILL_AREA_STYLE('',(#9683)) ;
#14651 =(GEOMETRIC_REPRESENTATION_CONTEXT(3) GLOBAL_UNCERTAINTY_ASSIGNED_CONTEXT((#8421)) GLOBAL_UNIT_ASSIGNED_CONTEXT((#15504,#6983,#11810)) REPRESENTATION_CONTEXT('NONE','WORKASPACE'));
#14652 = EDGE_LOOP('NONE',(#12323,#12815,#3316,#14722)) ;
#14653 = FILL_AREA_STYLE_COLOUR('',#2298) ;
#14654 = EDGE_CURVE('NONE',#14377,#2807,#9533,.T.) ;
#14655 = ORIENTED_EDGE('NONE',*,*,#10728,.T.) ;
#14656 =(GEOMETRIC_REPRESENTATION_CONTEXT(3) GLOBAL_UNCERTAINTY_ASSIGNED_CONTEXT((#13778)) GLOBAL_UNIT_ASSIGNED_CONTEXT((#2469,#7347,#7267)) REPRESENTATION_CONTEXT('NONE','WORKASPACE'));
#14657=CARTESIAN_POINT('NONE',(-5.785634211432,10.31140641988,3.757609));
#14658=CARTESIAN_POINT('NONE',(-5.966690480651,10.55688060383,3.757609));
#14659 = ORIENTED_EDGE('NONE',*,*,#13645,.F.) ;
#14660 = PRESENTATION_STYLE_ASSIGNMENT((#9863)) ;
#14661=DIRECTION('NONE',(0.,0.,-1.));
#14662=CYLINDRICAL_SURFACE('NONE',#13326,1.6955065);
#14663 = SURFACE_STYLE_USAGE(.BOTH.,#13403) ;
#14664=CARTESIAN_POINT('NONE',(-5.054262176566,10.691624585239,3.757609));
#14665=CARTESIAN_POINT('NONE',(-5.345191013366,10.769574073776,3.75852549));
#14666 = FILL_AREA_STYLE('',(#2832)) ;
#14667=CARTESIAN_POINT('NONE',(-5.429620410486,11.179332998849,3.757609));
#14668=CARTESIAN_POINT('NONE',(-7.993408198034,11.047510453699,3.757609));
#14669 = ORIENTED_EDGE('NONE',*,*,#12829,.F.) ;
#14670 = ORIENTED_EDGE('NONE',*,*,#15650,.F.) ;
#14671 = EDGE_CURVE('NONE',#3514,#11818,#15925,.T.) ;
#14672 = EDGE_CURVE('NONE',#10812,#2807,#12142,.T.) ;
#14673 = ORIENTED_EDGE('NONE',*,*,#14465,.F.) ;
#14674 =(NAMED_UNIT(*) PLANE_ANGLE_UNIT() SI_UNIT($,.RADIAN.));
#14675 = FILL_AREA_STYLE('',(#15764)) ;
#14676 =(LENGTH_UNIT() NAMED_UNIT(*) SI_UNIT(.MILLI.,.METRE.));
#14677 =(LENGTH_UNIT() NAMED_UNIT(*) SI_UNIT(.MILLI.,.METRE.));
#14678 = SURFACE_STYLE_FILL_AREA(#10979) ;
#14679 = ORIENTED_EDGE('NONE',*,*,#11392,.F.) ;
#14680=CARTESIAN_POINT('NONE',(-6.316796129653,10.425376576714,3.75852549));
#14681 = SURFACE_STYLE_FILL_AREA(#7727) ;
#14682 =(LENGTH_UNIT() NAMED_UNIT(*) SI_UNIT(.MILLI.,.METRE.));
#14683=DIRECTION('NONE',(1.,0.,0.));
#14684 = EDGE_CURVE('NONE',#7099,#1194,#6071,.T.) ;
#14685 = ORIENTED_EDGE('NONE',*,*,#3376,.T.) ;
#14686 = ORIENTED_EDGE('NONE',*,*,#12646,.F.) ;
#14687 = ORIENTED_EDGE('NONE',*,*,#13380,.T.) ;
#14688 = EDGE_LOOP('NONE',(#2370,#1627,#16104,#16625)) ;
#14689=UNCERTAINTY_MEASURE_WITH_UNIT(LENGTH_MEASURE(9.164900000000001E-6),#9785,'distance_accuracy_value','NONE');
#14690 = EDGE_CURVE('NONE',#11836,#3254,#6146,.T.) ;
#14691 = EDGE_CURVE('NONE',#5521,#11688,#5092,.T.) ;
#14692=DIRECTION('NONE',(0.,1.,0.));
#14693 = COLOUR_RGB('',1.,1.,1.) ;
#14694 = B_SPLINE_CURVE_WITH_KNOTS('NONE',3,(#7285,#15883,#6021,#5083),.UNSPECIFIED.,.F.,.F.,(4,4),(4.000000000000,5.000000000000),.UNSPECIFIED.) ;
#14695=CARTESIAN_POINT('NONE',(-5.053213956059,10.478168773108,3.757609));
#14696=CARTESIAN_POINT('NONE',(-5.733127893359,10.988175695663,3.757609));
#14697=CARTESIAN_POINT('NONE',(-7.638245873132,11.301955006286,3.757609));
#14698 = FILL_AREA_STYLE_COLOUR('',#12489) ;
#14699 =(NAMED_UNIT(*) PLANE_ANGLE_UNIT() SI_UNIT($,.RADIAN.));
#14700 = PLANE('NONE',#4036) ;
#14701 = LINE('NONE',#1558,#14147) ;
#14702=DIRECTION('NONE',(0.,1.,0.));
#14703 = ORIENTED_EDGE('NONE',*,*,#10842,.T.) ;
#14704 = VERTEX_POINT('NONE',#13880) ;
#14705=CIRCLE('NONE',#6874,0.458245);
#14706 = ORIENTED_EDGE('NONE',*,*,#13708,.F.) ;
#14707=UNCERTAINTY_MEASURE_WITH_UNIT(LENGTH_MEASURE(9.164900000000001E-6),#7035,'distance_accuracy_value','NONE');
#14708 = PRESENTATION_STYLE_ASSIGNMENT((#2589)) ;
#14709 = SURFACE_STYLE_FILL_AREA(#11088) ;
#14710 = ORIENTED_EDGE('NONE',*,*,#8538,.F.) ;
#14711 = EDGE_CURVE('NONE',#10338,#7738,#6518,.T.) ;
#14712=AXIS2_PLACEMENT_3D('NONE',#4622,#14338,#15266);
#14713=CARTESIAN_POINT('NONE',(-6.033681300261,10.549066596423,3.75852549));
#14714 = PRESENTATION_LAYER_ASSIGNMENT('','',(#4887)) ;
#14715 = PRESENTATION_STYLE_ASSIGNMENT((#15973)) ;
#14716=DIRECTION('NONE',(-1.,0.,0.));
#14717 = SURFACE_SIDE_STYLE('',(#12196)) ;
#14718 = B_SPLINE_SURFACE_WITH_KNOTS('NONE',3,1,((#13716,#11423),(#1743,#3068),(#5503,#10107),(#14908,#4235)),.UNSPECIFIED.,.F.,.F.,.F.,(4,4),(2,2),(10.,11.),(0.,1.),.UNSPECIFIED.) ;
#14719 = FILL_AREA_STYLE_COLOUR('',#11037) ;
#14720 = ORIENTED_EDGE('NONE',*,*,#5007,.F.) ;
#14721 = SURFACE_SIDE_STYLE('',(#13307)) ;
#14722 = ORIENTED_EDGE('NONE',*,*,#7714,.T.) ;
#14723 = EDGE_CURVE('NONE',#10584,#7938,#5349,.T.) ;
#14724 =(GEOMETRIC_REPRESENTATION_CONTEXT(3) GLOBAL_UNCERTAINTY_ASSIGNED_CONTEXT((#13002)) GLOBAL_UNIT_ASSIGNED_CONTEXT((#13003,#6922,#16334)) REPRESENTATION_CONTEXT('NONE','WORKASPACE'));
#14725=UNCERTAINTY_MEASURE_WITH_UNIT(LENGTH_MEASURE(9.164900000000001E-6),#4602,'distance_accuracy_value','NONE');
#14726=AXIS2_PLACEMENT_3D('NONE',#2929,#1688,#16414);
#14727 =(NAMED_UNIT(*) SI_UNIT($,.STERADIAN.) SOLID_ANGLE_UNIT());
#14728 =(NAMED_UNIT(*) SI_UNIT($,.STERADIAN.) SOLID_ANGLE_UNIT());
#14729 = ADVANCED_FACE('NONE',(#7875),#10022,.F.) ;
#14730 = EDGE_LOOP('NONE',(#7580,#8074,#13524,#3803)) ;
#14731 = PLANE('NONE',#5468) ;
#14732 = LINE('NONE',#1346,#16361) ;
#14733 =(NAMED_UNIT(*) SI_UNIT($,.STERADIAN.) SOLID_ANGLE_UNIT());
#14734 =(NAMED_UNIT(*) SI_UNIT($,.STERADIAN.) SOLID_ANGLE_UNIT());
#14735 = SURFACE_STYLE_USAGE(.BOTH.,#11116) ;
#14736 = PRESENTATION_STYLE_ASSIGNMENT((#8432)) ;
#14737 = SURFACE_SIDE_STYLE('',(#9937)) ;
#14738 =(NAMED_UNIT(*) SI_UNIT($,.STERADIAN.) SOLID_ANGLE_UNIT());
#14739 =(LENGTH_UNIT() NAMED_UNIT(*) SI_UNIT(.MILLI.,.METRE.));
#14740 = ORIENTED_EDGE('NONE',*,*,#14181,.T.) ;
#14741 = STYLED_ITEM('NONE',(#12700),#4745) ;
#14742 = VERTEX_POINT('NONE',#16304) ;
#14743=CARTESIAN_POINT('NONE',(-5.630878747636,11.030676272542,3.757609));
#14744 = B_SPLINE_CURVE_WITH_KNOTS('NONE',3,(#1821,#9197,#14974,#4151),.UNSPECIFIED.,.F.,.F.,(4,4),(0.,1.),.UNSPECIFIED.) ;
#14745=CARTESIAN_POINT('NONE',(-7.990757722358,10.753308765996,3.757609));
#14746 = EDGE_CURVE('NONE',#5209,#4669,#4308,.T.) ;
#14747 = SURFACE_STYLE_USAGE(.BOTH.,#14912) ;
#14748 = STYLED_ITEM('NONE',(#16520),#4132) ;
#14749 = VERTEX_POINT('NONE',#14903) ;
#14750=DIRECTION('NONE',(1.,0.,0.));
#14751=VECTOR('NONE',#5025,916.49);
#14752 =(LENGTH_UNIT() NAMED_UNIT(*) SI_UNIT(.MILLI.,.METRE.));
#14753=CARTESIAN_POINT('NONE',(0.,0.,3.757609));
#14755 = FACE_OUTER_BOUND('NONE',#7910,.T.) ;
#14754 = LINE('NONE',#15866,#11625) ;
#14756 =(NAMED_UNIT(*) PLANE_ANGLE_UNIT() SI_UNIT($,.RADIAN.));
#14757 = STYLED_ITEM('NONE',(#12357),#12269) ;
#14758=CARTESIAN_POINT('NONE',(-5.056453910348,10.753183716771,3.75852549));
#14759 = VERTEX_POINT('NONE',#13796) ;
#14760 = VERTEX_POINT('NONE',#6379) ;
#14761 = ORIENTED_EDGE('NONE',*,*,#12259,.T.) ;
#14762 =(GEOMETRIC_REPRESENTATION_CONTEXT(3) GLOBAL_UNCERTAINTY_ASSIGNED_CONTEXT((#9987)) GLOBAL_UNIT_ASSIGNED_CONTEXT((#7374,#11234,#5021)) REPRESENTATION_CONTEXT('NONE','WORKASPACE'));
#14763 = ORIENTED_EDGE('NONE',*,*,#7250,.F.) ;
#14764=CIRCLE('NONE',#1680,0.824841);
#14765 = COLOUR_RGB('',1.,1.,1.) ;
#14766 = PLANE('NONE',#9478) ;
#14767 = EDGE_CURVE('NONE',#10597,#12792,#14823,.T.) ;
#14768=VECTOR('NONE',#3001,916.49);
#14769=CARTESIAN_POINT('NONE',(-6.874911810945,10.766561043261,3.757609));
#14770 = PRESENTATION_STYLE_ASSIGNMENT((#6340)) ;
#14771=CARTESIAN_POINT('NONE',(-6.415429999999,-10.906231,2.291225));
#14772=DIRECTION('NONE',(0.,0.,1.));
#14773=CARTESIAN_POINT('NONE',(-6.36911186218,10.396788744734,3.757609));
#14775=CARTESIAN_POINT('NONE',(-6.303931605262,11.312361710336,3.75852549));
#14774 = FACE_OUTER_BOUND('NONE',#5364,.T.) ;
#14776 =(NAMED_UNIT(*) PLANE_ANGLE_UNIT() SI_UNIT($,.RADIAN.));
#14777 = STYLED_ITEM('NONE',(#4061),#8346) ;
#14778 = LINE('NONE',#7600,#8966) ;
#14779 =(GEOMETRIC_REPRESENTATION_CONTEXT(3) GLOBAL_UNCERTAINTY_ASSIGNED_CONTEXT((#6034)) GLOBAL_UNIT_ASSIGNED_CONTEXT((#8909,#3013,#5217)) REPRESENTATION_CONTEXT('NONE','WORKASPACE'));
#14780 = ORIENTED_EDGE('NONE',*,*,#3227,.F.) ;
#14781 = ORIENTED_EDGE('NONE',*,*,#7225,.F.) ;
#14782 = EDGE_CURVE('NONE',#13498,#4731,#3206,.T.) ;
#14783=VECTOR('NONE',#13721,916.49);
#14784 = ADVANCED_FACE('NONE',(#5417),#7568,.F.) ;
#14785 = LINE('NONE',#7537,#14868) ;
#14786 = ADVANCED_FACE('NONE',(#11572),#10397,.F.) ;
#14787 = ORIENTED_EDGE('NONE',*,*,#3374,.F.) ;
#14788 =(GEOMETRIC_REPRESENTATION_CONTEXT(3) GLOBAL_UNCERTAINTY_ASSIGNED_CONTEXT((#12278)) GLOBAL_UNIT_ASSIGNED_CONTEXT((#7760,#14859,#12555)) REPRESENTATION_CONTEXT('NONE','WORKASPACE'));
#14789 =(NAMED_UNIT(*) PLANE_ANGLE_UNIT() SI_UNIT($,.RADIAN.));
#14790=CARTESIAN_POINT('NONE',(-6.521485006643,10.56469461124,3.757609));
#14791 = FILL_AREA_STYLE('',(#5095)) ;
#14792=CARTESIAN_POINT('NONE',(-5.013381576833,10.586611949093,3.757609));
#14793=CARTESIAN_POINT('NONE',(-8.083524017095,11.087267437159,3.757609));
#14794 = SURFACE_SIDE_STYLE('',(#11091)) ;
#14795 = PRESENTATION_STYLE_ASSIGNMENT((#7691)) ;
#14796=CARTESIAN_POINT('NONE',(-12.3267905,-10.906231,3.8034335));
#14797=CARTESIAN_POINT('NONE',(12.3267905,-10.906231,3.8034335));
#14798=CARTESIAN_POINT('NONE',(-8.250503352678,11.246295219333,3.75852549));
#14799=AXIS2_PLACEMENT_3D('NONE',#8186,#3601,#5976);
#14800=AXIS2_PLACEMENT_3D('NONE',#7807,#7574,#6520);
#14801 =(GEOMETRIC_REPRESENTATION_CONTEXT(3) GLOBAL_UNCERTAINTY_ASSIGNED_CONTEXT((#8007)) GLOBAL_UNIT_ASSIGNED_CONTEXT((#4568,#3228,#1104)) REPRESENTATION_CONTEXT('NONE','WORKASPACE'));
#14802 = SURFACE_STYLE_USAGE(.BOTH.,#3908) ;
#14804 =(GEOMETRIC_REPRESENTATION_CONTEXT(3) GLOBAL_UNCERTAINTY_ASSIGNED_CONTEXT((#16477)) GLOBAL_UNIT_ASSIGNED_CONTEXT((#3640,#14699,#3887)) REPRESENTATION_CONTEXT('NONE','WORKASPACE'));
#14803=DIRECTION('NONE',(-1.,0.,0.));
#14805 = ORIENTED_EDGE('NONE',*,*,#8930,.F.) ;
#14806 = EDGE_CURVE('NONE',#15452,#4669,#6766,.T.) ;
#14807 = B_SPLINE_CURVE_WITH_KNOTS('NONE',3,(#8948,#9860,#5262,#15836),.UNSPECIFIED.,.F.,.F.,(4,4),(22.000000000000,23.000000000000),.UNSPECIFIED.) ;
#14808 =(NAMED_UNIT(*) SI_UNIT($,.STERADIAN.) SOLID_ANGLE_UNIT());
#14809 = SURFACE_STYLE_FILL_AREA(#1114) ;
#14810=CARTESIAN_POINT('NONE',(-7.03924069613,10.655241418801,3.75852549));
#14811=VECTOR('NONE',#15507,916.49);
#14812 = SURFACE_STYLE_FILL_AREA(#10230) ;
#14813 = COLOUR_RGB('',0.949019607843,0.760784313725,0.180392156862) ;
#14814=VECTOR('NONE',#14836,916.49);
#14815 = ORIENTED_EDGE('NONE',*,*,#10313,.F.) ;
#14816 = COLOUR_RGB('',0.298039215686,0.298039215686,0.298039215686) ;
#14817 = SURFACE_STYLE_FILL_AREA(#10010) ;
#14818=CARTESIAN_POINT('NONE',(-5.52005325232,11.069555724037,3.757609));
#14819 = SURFACE_STYLE_USAGE(.BOTH.,#1585) ;
#14820=CARTESIAN_POINT('NONE',(-5.498939999999,-11.091166380297,2.1812462));
#14821 = FILL_AREA_STYLE_COLOUR('',#11767) ;
#14822 = LINE('NONE',#12306,#7061) ;
#14823 = LINE('NONE',#1818,#8777) ;
#14824 = EDGE_LOOP('NONE',(#7832,#12768,#14149,#5489)) ;
#14825=VECTOR('NONE',#1320,916.49);
#14826 = COLOUR_RGB('',0.776470588235,0.458823529411,0.) ;
#14827 = ORIENTED_EDGE('NONE',*,*,#10825,.T.) ;
#14828=CARTESIAN_POINT('NONE',(-5.571606642663,10.988175695663,3.75852549));
#14829=DIRECTION('NONE',(0.,0.,-1.));
#14830 = SURFACE_SIDE_STYLE('',(#10109)) ;
#14831 =(NAMED_UNIT(*) SI_UNIT($,.STERADIAN.) SOLID_ANGLE_UNIT());
#14832 = LINE('NONE',#7651,#6271) ;
#14833 = VERTEX_POINT('NONE',#4554) ;
#14834=VECTOR('NONE',#16220,916.49);
#14835=CARTESIAN_POINT('NONE',(-4.7821060161,10.695817467263,3.75852549));
#14836=DIRECTION('NONE',(0.,1.,0.));
#14837=CARTESIAN_POINT('NONE',(-5.913517113164,10.536678535896,3.757609));
#14838=CARTESIAN_POINT('NONE',(-5.998804145243,10.606051674839,3.757609));
#14839=CARTESIAN_POINT('NONE',(-6.277059043198,10.48636395161,3.75852549));
#14840=CARTESIAN_POINT('NONE',(-5.159941862124,10.769574073776,3.757609));
#14841 = ORIENTED_EDGE('NONE',*,*,#13690,.F.) ;
#14842 = ORIENTED_EDGE('NONE',*,*,#6476,.F.) ;
#14843 = ORIENTED_EDGE('NONE',*,*,#4314,.T.) ;
#14844=DIRECTION('NONE',(-1.284980352575000E-16,-1.,0.));
#14845 = EDGE_CURVE('NONE',#2707,#15995,#3213,.T.) ;
#14846 = VERTEX_POINT('NONE',#8029) ;
#14847 = COLOUR_RGB('',1.,1.,1.) ;
#14848 = SURFACE_STYLE_USAGE(.BOTH.,#1762) ;
#14849 = LINE('NONE',#10131,#6968) ;
#14850 = B_SPLINE_SURFACE_WITH_KNOTS('NONE',3,1,((#3121,#1724),(#16287,#3051),(#6811,#5484),(#10315,#15109)),.UNSPECIFIED.,.F.,.F.,.F.,(4,4),(2,2),(1.,2.000000000000),(0.,1.),.UNSPECIFIED.) ;
#14851 = FILL_AREA_STYLE('',(#3089)) ;
#14852=CARTESIAN_POINT('NONE',(-5.715594023076,10.441004591531,3.75852549));
#14853 =(NAMED_UNIT(*) PLANE_ANGLE_UNIT() SI_UNIT($,.RADIAN.));
#14854=CARTESIAN_POINT('NONE',(-6.101910925924,11.362104537985,3.75852549));
#14855=CARTESIAN_POINT('NONE',(-6.241419545994,10.669135490747,3.75852549));
#14856=DIRECTION('NONE',(1.,0.,0.));
#14857=DIRECTION('NONE',(-1.,0.,0.));
#14858=AXIS2_PLACEMENT_3D('NONE',#11553,#5556,#15174);
#14859 =(NAMED_UNIT(*) PLANE_ANGLE_UNIT() SI_UNIT($,.RADIAN.));
#14860=DIRECTION('NONE',(0.,0.,1.));
#14861 = ORIENTED_EDGE('NONE',*,*,#15246,.F.) ;
#14862 = ORIENTED_EDGE('NONE',*,*,#8814,.F.) ;
#14863 = MECHANICAL_DESIGN_GEOMETRIC_PRESENTATION_REPRESENTATION('',(#15346),#11574) ;
#14864=CARTESIAN_POINT('NONE',(-6.278011970931,10.99884848627,3.757609));
#14865 = ADVANCED_FACE('NONE',(#6823),#14583,.F.) ;
#14866 = ORIENTED_EDGE('NONE',*,*,#10229,.T.) ;
#14867 = EDGE_CURVE('NONE',#10393,#5964,#12375,.T.) ;
#14868=VECTOR('NONE',#13752,916.49);
#14869 =(GEOMETRIC_REPRESENTATION_CONTEXT(3) GLOBAL_UNCERTAINTY_ASSIGNED_CONTEXT((#3529)) GLOBAL_UNIT_ASSIGNED_CONTEXT((#6143,#1431,#10968)) REPRESENTATION_CONTEXT('NONE','WORKASPACE'));
#14870=CARTESIAN_POINT('NONE',(-8.242552026762,10.400796815662,3.757609));
#14871=CARTESIAN_POINT('NONE',(5.49894,-12.520198771572,3.2901991));
#14872=DIRECTION('NONE',(0.,0.,1.));
#14873 = SURFACE_SIDE_STYLE('',(#11163)) ;
#14874 = FACE_OUTER_BOUND('NONE',#9416,.T.) ;
#14875=AXIS2_PLACEMENT_3D('NONE',#13700,#15987,#6585);
#14876 = EDGE_CURVE('NONE',#3046,#3931,#15844,.T.) ;
#14877=CARTESIAN_POINT('NONE',(-7.121405088169,10.565125599741,3.75852549));
#14878=CARTESIAN_POINT('NONE',(-5.883023425717,10.513236513673,3.75852549));
#14879=CARTESIAN_POINT('NONE',(-5.812030309628,11.318079276733,3.75852549));
#14880 =(NAMED_UNIT(*) PLANE_ANGLE_UNIT() SI_UNIT($,.RADIAN.));
#14881 = PRESENTATION_STYLE_ASSIGNMENT((#9919)) ;
#14882=VECTOR('NONE',#14160,916.49);
#14883 = SURFACE_SIDE_STYLE('',(#4049)) ;
#14884=DIRECTION('NONE',(0.,0.,-1.));
#14885 = EDGE_CURVE('NONE',#8424,#2236,#9621,.T.) ;
#14886 = ORIENTED_EDGE('NONE',*,*,#3318,.F.) ;
#14887 = MECHANICAL_DESIGN_GEOMETRIC_PRESENTATION_REPRESENTATION('',(#16381),#16142) ;
#14888 = SURFACE_STYLE_FILL_AREA(#2972) ;
#14889 = MECHANICAL_DESIGN_GEOMETRIC_PRESENTATION_REPRESENTATION('',(#4811),#2306) ;
#14890 = FILL_AREA_STYLE_COLOUR('',#16495) ;
#14891 = ADVANCED_FACE('NONE',(#7565),#5047,.F.) ;
#14892 = ADVANCED_FACE('NONE',(#3606),#6139,.F.) ;
#14893 = SURFACE_SIDE_STYLE('',(#14812)) ;
#14894 = ORIENTED_EDGE('NONE',*,*,#3274,.T.) ;
#14895=DIRECTION('NONE',(0.9910683663,0.133354764893,0.));
#14896=DIRECTION('NONE',(-0.934510438744,-0.355935724364,0.));
#14897=CARTESIAN_POINT('NONE',(-5.498939999999,-11.091166380297,2.2728952));
#14898 = FILL_AREA_STYLE('',(#10094)) ;
#14899 = LINE('NONE',#12593,#10565) ;
#14900 = FILL_AREA_STYLE_COLOUR('',#5381) ;
#14901 =(LENGTH_UNIT() NAMED_UNIT(*) SI_UNIT(.MILLI.,.METRE.));
#14902 = STYLED_ITEM('NONE',(#9297),#1973) ;
#14903=CARTESIAN_POINT('NONE',(-5.843095753715,10.663036753257,3.75852549));
#14904 = EDGE_LOOP('NONE',(#10627,#13733,#6145,#8205)) ;
#14905 = EDGE_CURVE('NONE',#12184,#6250,#3062,.T.) ;
#14906 = VERTEX_POINT('NONE',#15043) ;
#14907 = COLOUR_RGB('',1.,1.,1.) ;
#14908=CARTESIAN_POINT('NONE',(-7.72571121652,10.485611733927,3.75852549));
#14909=CYLINDRICAL_SURFACE('NONE',#5481,1.2372615);
#14910 = SURFACE_STYLE_USAGE(.BOTH.,#14830) ;
#14911 = FILL_AREA_STYLE('',(#11351)) ;
#14912 = SURFACE_SIDE_STYLE('',(#3382)) ;
#14913 = ORIENTED_EDGE('NONE',*,*,#11007,.F.) ;
#14914=DIRECTION('NONE',(0.,0.,-1.));
#14915=CARTESIAN_POINT('NONE',(-7.214171382905,10.395495864311,3.75852549));
#14916 = FACE_OUTER_BOUND('NONE',#15314,.T.) ;
#14917 =(NAMED_UNIT(*) PLANE_ANGLE_UNIT() SI_UNIT($,.RADIAN.));
#14918=CARTESIAN_POINT('NONE',(-5.429620410486,11.234602807345,3.75852549));
#14919 = FILL_AREA_STYLE('',(#14984)) ;
#14920 = EDGE_LOOP('NONE',(#2697,#9152,#14299,#9380)) ;
#14921=CARTESIAN_POINT('NONE',(-8.075572640625,11.240994293262,3.75852549));
#14922 = ORIENTED_EDGE('NONE',*,*,#5861,.T.) ;
#14923 = ORIENTED_EDGE('NONE',*,*,#13736,.F.) ;
#14924 = VERTEX_POINT('NONE',#15990) ;
#14925 =(LENGTH_UNIT() NAMED_UNIT(*) SI_UNIT(.MILLI.,.METRE.));
#14926 = SURFACE_SIDE_STYLE('',(#6471)) ;
#14927=UNCERTAINTY_MEASURE_WITH_UNIT(LENGTH_MEASURE(9.164900000000001E-6),#9078,'distance_accuracy_value','NONE');
#14928=DIRECTION('NONE',(1.,0.,0.));
#14929=CARTESIAN_POINT('NONE',(-6.307266852326,11.217259522611,3.757609));
#14930=CARTESIAN_POINT('NONE',(-5.976219757977,10.513808270312,3.75852549));
#14931=CARTESIAN_POINT('NONE',(-6.303931605262,11.312361710336,3.757609));
#14932=DIRECTION('NONE',(1.,0.,0.));
#14933=CYLINDRICAL_SURFACE('NONE',#12775,0.824841);
#14934 = ORIENTED_EDGE('NONE',*,*,#6393,.T.) ;
#14935 = ORIENTED_EDGE('NONE',*,*,#1972,.F.) ;
#14936 = PRESENTATION_STYLE_ASSIGNMENT((#11308)) ;
#14937 = ORIENTED_EDGE('NONE',*,*,#2182,.F.) ;
#14938 = COLOUR_RGB('',1.,1.,1.) ;
#14939 = LINE('NONE',#11462,#7958) ;
#14940=CARTESIAN_POINT('NONE',(5.49894,-11.395129752005,2.195922585729));
#14941=CARTESIAN_POINT('NONE',(-7.993408198034,11.047510453699,3.757609));
#14942=CARTESIAN_POINT('NONE',(-6.023389680748,10.437192880602,3.757609));
#14943 = SURFACE_SIDE_STYLE('',(#12485)) ;
#14944=CARTESIAN_POINT('NONE',(-5.976219757977,10.513808270312,3.75852549));
#14945 = SURFACE_SIDE_STYLE('',(#10306)) ;
#14946 = SURFACE_SIDE_STYLE('',(#11166)) ;
#14947 = EDGE_CURVE('NONE',#13939,#6699,#14899,.T.) ;
#14948 = EDGE_CURVE('NONE',#12712,#14326,#7798,.T.) ;
#14949=CARTESIAN_POINT('NONE',(-5.498939999999,-12.40474933837,3.09854172149));
#14950 = SURFACE_SIDE_STYLE('',(#4287)) ;
#14951=UNCERTAINTY_MEASURE_WITH_UNIT(LENGTH_MEASURE(9.164900000000001E-6),#15602,'distance_accuracy_value','NONE');
#14952 = LINE('NONE',#1577,#4990) ;
#14953 = LINE('NONE',#2885,#8347) ;
#14954 = VERTEX_POINT('NONE',#7872) ;
#14955=VECTOR('NONE',#1429,916.49);
#14956=VECTOR('NONE',#10997,916.49);
#14957 = EDGE_CURVE('NONE',#11642,#14591,#7941,.T.) ;
#14958 = SURFACE_SIDE_STYLE('',(#9929)) ;
#14959 = EDGE_CURVE('NONE',#15607,#4006,#15089,.T.) ;
#14960 = ORIENTED_EDGE('NONE',*,*,#13372,.T.) ;
#14961 = PLANE('NONE',#14501) ;
#14962 = PRESENTATION_STYLE_ASSIGNMENT((#7867)) ;
#14963=CARTESIAN_POINT('NONE',(-6.208067075349,11.323796843128,3.75852549));
#14964 =(NAMED_UNIT(*) SI_UNIT($,.STERADIAN.) SOLID_ANGLE_UNIT());
#14965=CARTESIAN_POINT('NONE',(-11.8685455,-10.906231,3.757609));
#14966 =(LENGTH_UNIT() NAMED_UNIT(*) SI_UNIT(.MILLI.,.METRE.));
#14967 = SURFACE_STYLE_FILL_AREA(#10170) ;
#14968=CARTESIAN_POINT('NONE',(-5.026627272316,10.503897821893,3.757609));
#14969 = PRESENTATION_LAYER_ASSIGNMENT('','',(#12938)) ;
#14970 = EDGE_CURVE('NONE',#8441,#6658,#6515,.T.) ;
#14971 = B_SPLINE_SURFACE_WITH_KNOTS('NONE',3,1,((#7628,#6374),(#11406,#10087),(#13780,#12587),(#1810,#16217)),.UNSPECIFIED.,.F.,.F.,.F.,(4,4),(2,2),(7.000000000000,8.000000000000),(0.,1.),.UNSPECIFIED.) ;
#14972 = ORIENTED_EDGE('NONE',*,*,#1201,.T.) ;
#14973=CARTESIAN_POINT('NONE',(-5.345191013366,10.726692325804,3.757609));
#14974=CARTESIAN_POINT('NONE',(-6.272008526216,10.660940312245,3.75852549));
#14975 = FACE_OUTER_BOUND('NONE',#2843,.T.) ;
#14976 =(NAMED_UNIT(*) PLANE_ANGLE_UNIT() SI_UNIT($,.RADIAN.));
#14977 = ORIENTED_EDGE('NONE',*,*,#5927,.F.) ;
#14978 = FILL_AREA_STYLE('',(#13652)) ;
#14979 = SURFACE_STYLE_FILL_AREA(#5357) ;
#14980=CARTESIAN_POINT('NONE',(-4.769050906161,10.695817467263,3.75852549));
#14981=CARTESIAN_POINT('NONE',(-5.998804145243,10.595378884234,3.75852549));
#14982=CIRCLE('NONE',#16481,1.6955065);
#14983=CARTESIAN_POINT('NONE',(-5.922569926625,10.631208966985,3.757609));
#14984 = FILL_AREA_STYLE_COLOUR('',#2787) ;
#14985 = EDGE_LOOP('NONE',(#10600,#3119,#15634,#8362)) ;
#14986=DIRECTION('NONE',(0.,0.,1.));
#14987 = ORIENTED_EDGE('NONE',*,*,#11481,.F.) ;
#14988 = ORIENTED_EDGE('NONE',*,*,#12721,.F.) ;
#14989 = ORIENTED_EDGE('NONE',*,*,#10061,.F.) ;
#14990 = ADVANCED_FACE('NONE',(#13790),#3991,.F.) ;
#14991 = EDGE_CURVE('NONE',#4485,#15926,#6032,.T.) ;
#14992 =(GEOMETRIC_REPRESENTATION_CONTEXT(3) GLOBAL_UNCERTAINTY_ASSIGNED_CONTEXT((#12187)) GLOBAL_UNIT_ASSIGNED_CONTEXT((#5485,#6582,#2109)) REPRESENTATION_CONTEXT('NONE','WORKASPACE'));
#14993=DIRECTION('NONE',(0.,0.,1.));
#14994 = LINE('NONE',#11214,#9239) ;
#14995 = FACE_OUTER_BOUND('NONE',#1463,.T.) ;
#14996 = ORIENTED_EDGE('NONE',*,*,#12470,.T.) ;
#14997 = COLOUR_RGB('',1.,1.,1.) ;
#14998 =(NAMED_UNIT(*) SI_UNIT($,.STERADIAN.) SOLID_ANGLE_UNIT());
#14999=DIRECTION('NONE',(0.,-1.,0.));
#15000 = LINE('NONE',#6858,#2486) ;
#15001 = FACE_OUTER_BOUND('NONE',#1544,.T.) ;
#15002 = EDGE_LOOP('NONE',(#9398,#11041,#3083,#9628,#9237,#15418)) ;
#15003 = ORIENTED_EDGE('NONE',*,*,#15668,.T.) ;
#15004 = VERTEX_POINT('NONE',#1650) ;
#15005 =(NAMED_UNIT(*) SI_UNIT($,.STERADIAN.) SOLID_ANGLE_UNIT());
#15006=AXIS2_PLACEMENT_3D('NONE',#11388,#12713,#2950);
#15007 = VERTEX_POINT('NONE',#8879) ;
#15008=AXIS2_PLACEMENT_3D('NONE',#3487,#13117,#11630);
#15009 = PRESENTATION_LAYER_ASSIGNMENT('','',(#3925)) ;
#15010=CARTESIAN_POINT('NONE',(-8.242552026762,10.400796815662,3.75852549));
#15011 = ADVANCED_FACE('NONE',(#2895,#12511),#1735,.F.) ;
#15012=UNCERTAINTY_MEASURE_WITH_UNIT(LENGTH_MEASURE(9.164900000000001E-6),#10164,'distance_accuracy_value','NONE');
#15013=CARTESIAN_POINT('NONE',(5.49894,-11.922747486017,2.372234117331));
#15014=CARTESIAN_POINT('NONE',(-8.083524017095,11.087267437159,3.75852549));
#15015 =(NAMED_UNIT(*) PLANE_ANGLE_UNIT() SI_UNIT($,.RADIAN.));
#15016=CARTESIAN_POINT('NONE',(-6.047212874065,10.454345579789,3.757609));
#15017 = LINE('NONE',#5246,#8943) ;
#15018=CARTESIAN_POINT('NONE',(-4.962781114222,10.587946047917,3.75852549));
#15019 = FILL_AREA_STYLE_COLOUR('',#3276) ;
#15021=CARTESIAN_POINT('NONE',(-8.1338828527,11.087267437159,3.75852549));
#15020=CARTESIAN_POINT('NONE',(-12.3267905,-10.906231,2.2454005));
#15022 =(GEOMETRIC_REPRESENTATION_CONTEXT(3) GLOBAL_UNCERTAINTY_ASSIGNED_CONTEXT((#12698)) GLOBAL_UNIT_ASSIGNED_CONTEXT((#14752,#1666,#6461)) REPRESENTATION_CONTEXT('NONE','WORKASPACE'));
#15023 = FACE_OUTER_BOUND('NONE',#7980,.T.) ;
#15024 =(NAMED_UNIT(*) SI_UNIT($,.STERADIAN.) SOLID_ANGLE_UNIT());
#15025 = SURFACE_STYLE_USAGE(.BOTH.,#12426) ;
#15026 = VERTEX_POINT('NONE',#14175) ;
#15027 = MECHANICAL_DESIGN_GEOMETRIC_PRESENTATION_REPRESENTATION('',(#15276),#2710) ;
#15028=VECTOR('NONE',#1409,916.49);
#15029=AXIS2_PLACEMENT_3D('NONE',#16571,#8132,#4402);
#15030=VECTOR('NONE',#7532,916.49);
#15031=VECTOR('NONE',#5493,916.49);
#15032=UNCERTAINTY_MEASURE_WITH_UNIT(LENGTH_MEASURE(9.164900000000001E-6),#6871,'distance_accuracy_value','NONE');
#15033=DIRECTION('NONE',(0.,0.,-1.));
#15034 =(NAMED_UNIT(*) SI_UNIT($,.STERADIAN.) SOLID_ANGLE_UNIT());
#15035 = EDGE_LOOP('NONE',(#9137,#6031,#8054,#14492)) ;
#15036 = LINE('NONE',#6978,#5673) ;
#15037 = FACE_OUTER_BOUND('NONE',#6880,.T.) ;
#15038=DIRECTION('NONE',(0.355935724364,-0.934510438744,0.));
#15039=CARTESIAN_POINT('NONE',(-1.163942299999,10.906231,2.2454005));
#15040=VECTOR('NONE',#9068,916.49);
#15041=AXIS2_PLACEMENT_3D('NONE',#1840,#12696,#16181);
#15042 = FILL_AREA_STYLE('',(#15116)) ;
#15043=CARTESIAN_POINT('NONE',(-12.3267905,-10.906231,2.291225));
#15044 =(GEOMETRIC_REPRESENTATION_CONTEXT(3) GLOBAL_UNCERTAINTY_ASSIGNED_CONTEXT((#14091)) GLOBAL_UNIT_ASSIGNED_CONTEXT((#9436,#9023,#3847)) REPRESENTATION_CONTEXT('NONE','WORKASPACE'));
#15045 =(GEOMETRIC_REPRESENTATION_CONTEXT(3) GLOBAL_UNCERTAINTY_ASSIGNED_CONTEXT((#7104)) GLOBAL_UNIT_ASSIGNED_CONTEXT((#9902,#15959,#13514)) REPRESENTATION_CONTEXT('NONE','WORKASPACE'));
#15046=CARTESIAN_POINT('NONE',(-4.659845387988,10.396788744734,3.75852549));
#15047 = FILL_AREA_STYLE_COLOUR('',#13325) ;
#15048 = EDGE_CURVE('NONE',#15945,#8555,#3559,.T.) ;
#15049 = ORIENTED_EDGE('NONE',*,*,#7049,.T.) ;
#15050 = STYLED_ITEM('NONE',(#15197),#8195) ;
#15051 = PRESENTATION_LAYER_ASSIGNMENT('','',(#2734)) ;
#15052=VECTOR('NONE',#1937,916.49);
#15053 = COLOUR_RGB('',0.498039215686,0.498039215686,0.498039215686) ;
#15054 = COLOUR_RGB('',1.,1.,1.) ;
#15055 = FILL_AREA_STYLE_COLOUR('',#8254) ;
#15056 = FILL_AREA_STYLE('',(#5353)) ;
#15057=CARTESIAN_POINT('NONE',(-6.307266852326,11.170375478161,3.75852549));
#15058=DIRECTION('NONE',(0.,1.,0.));
#15059 = SURFACE_SIDE_STYLE('',(#14115)) ;
#15060 = EDGE_CURVE('NONE',#6853,#8129,#6740,.T.) ;
#15061 = ORIENTED_EDGE('NONE',*,*,#14691,.F.) ;
#15062 = EDGE_CURVE('NONE',#14568,#5012,#7287,.T.) ;
#15063 =(NAMED_UNIT(*) SI_UNIT($,.STERADIAN.) SOLID_ANGLE_UNIT());
#15064=CARTESIAN_POINT('NONE',(-3.491826899999,10.906231,2.291225));
#15065=CARTESIAN_POINT('NONE',(-5.994039506579,10.61481860998,3.75852549));
#15066 = FACE_OUTER_BOUND('NONE',#14985,.T.) ;
#15067 =(NAMED_UNIT(*) PLANE_ANGLE_UNIT() SI_UNIT($,.RADIAN.));
#15068 = ORIENTED_EDGE('NONE',*,*,#3004,.F.) ;
#15069 = EDGE_LOOP('NONE',(#6096,#11516,#15003,#12296)) ;
#15070 = ORIENTED_EDGE('NONE',*,*,#7297,.F.) ;
#15071 =(NAMED_UNIT(*) PLANE_ANGLE_UNIT() SI_UNIT($,.RADIAN.));
#15072 = ORIENTED_EDGE('NONE',*,*,#13450,.F.) ;
#15073 = FILL_AREA_STYLE('',(#15949)) ;
#15074 = LINE('NONE',#16107,#3744) ;
#15075 = STYLED_ITEM('NONE',(#5749),#7343) ;
#15076=DIRECTION('NONE',(0.,0.,-1.));
#15077=UNCERTAINTY_MEASURE_WITH_UNIT(LENGTH_MEASURE(9.164900000000001E-6),#6363,'distance_accuracy_value','NONE');
#15078=CARTESIAN_POINT('NONE',(8.9357775,-10.906231,3.8034335));
#15079=CARTESIAN_POINT('NONE',(-6.033681300261,10.549066596423,3.757609));
#15080 = ORIENTED_EDGE('NONE',*,*,#8617,.T.) ;
#15081 = EDGE_CURVE('NONE',#11517,#2976,#1255,.T.) ;
#15082=CARTESIAN_POINT('NONE',(-5.126684684252,10.988175695663,3.757609));
#15083 = PRESENTATION_STYLE_ASSIGNMENT((#16117)) ;
#15084 = EDGE_CURVE('NONE',#16346,#7514,#16380,.T.) ;
#15085 = SURFACE_SIDE_STYLE('',(#13281)) ;
#15086 = VERTEX_POINT('NONE',#2117) ;
#15087 = VERTEX_POINT('NONE',#2188) ;
#15088 = ORIENTED_EDGE('NONE',*,*,#15852,.T.) ;
#15089=CIRCLE('NONE',#12071,0.824841);
#15090=CARTESIAN_POINT('NONE',(-1.163942299999,10.906231,3.757609));
#15091 = VERTEX_POINT('NONE',#12820) ;
#15092 = MECHANICAL_DESIGN_GEOMETRIC_PRESENTATION_REPRESENTATION('',(#9549),#3005) ;
#15093=DIRECTION('NONE',(0.,0.,-1.));
#15094=CARTESIAN_POINT('NONE',(1.83298,-12.418841285419,2.871460314252));
#15095=CARTESIAN_POINT('NONE',(-5.537205951509,10.396788744734,3.75852549));
#15096 = STYLED_ITEM('NONE',(#6400),#15530) ;
#15097 =(NAMED_UNIT(*) PLANE_ANGLE_UNIT() SI_UNIT($,.RADIAN.));
#15098 = FILL_AREA_STYLE_COLOUR('',#16311) ;
#15099=VECTOR('NONE',#6664,916.49);
#15100=DIRECTION('NONE',(0.,0.,1.));
#15101=CARTESIAN_POINT('NONE',(-5.498939999999,-11.878504670639,4.12731380785));
#15102=CARTESIAN_POINT('NONE',(-1.9887833,10.906231,2.291225));
#15103 = B_SPLINE_SURFACE_WITH_KNOTS('NONE',3,1,((#2147,#4262),(#3017,#10358),(#2003,#6773),(#5675,#6924)),.UNSPECIFIED.,.F.,.F.,.F.,(4,4),(2,2),(6.000000000000,7.000000000000),(0.,1.),.UNSPECIFIED.) ;
#15104=UNCERTAINTY_MEASURE_WITH_UNIT(LENGTH_MEASURE(9.164900000000001E-6),#4071,'distance_accuracy_value','NONE');
#15105=CARTESIAN_POINT('NONE',(-7.447412332308,10.477660256352,3.75852549));
#15106=AXIS2_PLACEMENT_3D('NONE',#16647,#8437,#4806);
#15107 = EDGE_LOOP('NONE',(#2478,#15550,#4274,#14687)) ;
#15108 =(GEOMETRIC_REPRESENTATION_CONTEXT(3) GLOBAL_UNCERTAINTY_ASSIGNED_CONTEXT((#8268)) GLOBAL_UNIT_ASSIGNED_CONTEXT((#6197,#15818,#8333)) REPRESENTATION_CONTEXT('NONE','WORKASPACE'));
#15109=CARTESIAN_POINT('NONE',(-7.640896298254,11.460982940121,3.757609));
#15110=CARTESIAN_POINT('NONE',(-5.917328824096,10.39755108692,3.75852549));
#15111 = FACE_OUTER_BOUND('NONE',#5544,.T.) ;
#15112 = ORIENTED_EDGE('NONE',*,*,#2813,.T.) ;
#15113 = PRESENTATION_LAYER_ASSIGNMENT('','',(#11592)) ;
#15114=CARTESIAN_POINT('NONE',(-5.498939999999,-11.091166380297,4.307503));
#15115 = PRESENTATION_LAYER_ASSIGNMENT('','',(#13883)) ;
#15116 = FILL_AREA_STYLE_COLOUR('',#7224) ;
#15117 =(NAMED_UNIT(*) SI_UNIT($,.STERADIAN.) SOLID_ANGLE_UNIT());
#15118 =(GEOMETRIC_REPRESENTATION_CONTEXT(3) GLOBAL_UNCERTAINTY_ASSIGNED_CONTEXT((#10332)) GLOBAL_UNIT_ASSIGNED_CONTEXT((#15905,#10942,#4780)) REPRESENTATION_CONTEXT('NONE','WORKASPACE'));
#15119=CARTESIAN_POINT('NONE',(-5.053213956059,10.478168773108,3.757609));
#15120 =(LENGTH_UNIT() NAMED_UNIT(*) SI_UNIT(.MILLI.,.METRE.));
#15121=AXIS2_PLACEMENT_3D('NONE',#4284,#2022,#2960);
#15122 = ORIENTED_EDGE('NONE',*,*,#15362,.T.) ;
#15123=AXIS2_PLACEMENT_3D('NONE',#10892,#5187,#10021);
#15124 = MECHANICAL_DESIGN_GEOMETRIC_PRESENTATION_REPRESENTATION('',(#16386),#8341) ;
#15125 = FACE_OUTER_BOUND('NONE',#10673,.T.) ;
#15126 =(LENGTH_UNIT() NAMED_UNIT(*) SI_UNIT(.MILLI.,.METRE.));
#15127 = ORIENTED_EDGE('NONE',*,*,#9007,.T.) ;
#15128=DIRECTION('NONE',(0.,0.,-1.));
#15129=CIRCLE('NONE',#14642,1.6955065);
#15130 = SURFACE_SIDE_STYLE('',(#10340)) ;
#15131=CARTESIAN_POINT('NONE',(-5.266288597095,10.396788744734,3.75852549));
#15132 =(NAMED_UNIT(*) PLANE_ANGLE_UNIT() SI_UNIT($,.RADIAN.));
#15133 = EDGE_CURVE('NONE',#11382,#3046,#1909,.T.) ;
#15134=CARTESIAN_POINT('NONE',(-6.078659489245,11.301688919731,3.757609));
#15135=CARTESIAN_POINT('NONE',(-5.713402289293,10.445959815743,3.757609));
#15136 = ADVANCED_FACE('NONE',(#5885),#8181,.F.) ;
#15137 = ORIENTED_EDGE('NONE',*,*,#6868,.F.) ;
#15138 = EDGE_LOOP('NONE',(#8493,#7743,#4998,#8197)) ;
#15139 = EDGE_LOOP('NONE',(#15281,#1992,#9692,#14360)) ;
#15140=AXIS2_PLACEMENT_3D('NONE',#2780,#6529,#2913);
#15141 = ORIENTED_EDGE('NONE',*,*,#12646,.T.) ;
#15142=CARTESIAN_POINT('NONE',(-5.630592869317,10.988175695663,3.75852549));
#15143=CARTESIAN_POINT('NONE',(-6.521485006643,11.360961024704,3.75852549));
#15144=CARTESIAN_POINT('NONE',(5.49894,-11.091166380297,4.399152));
#15145 = FILL_AREA_STYLE('',(#2075)) ;
#15146 = ORIENTED_EDGE('NONE',*,*,#14541,.T.) ;
#15147 = PRESENTATION_LAYER_ASSIGNMENT('','',(#6353)) ;
#15148 = ADVANCED_FACE('NONE',(#13302),#4864,.T.) ;
#15149=CARTESIAN_POINT('NONE',(-5.498939999999,-11.647826370794,2.351814061252));
#15150=CARTESIAN_POINT('NONE',(-6.272008526216,10.660940312245,3.75852549));
#15151 =(NAMED_UNIT(*) SI_UNIT($,.STERADIAN.) SOLID_ANGLE_UNIT());
#15152 = PRESENTATION_STYLE_ASSIGNMENT((#6693)) ;
#15153=CARTESIAN_POINT('NONE',(-7.791972805064,10.663192946932,3.75852549));
#15154=CARTESIAN_POINT('NONE',(-4.7821060161,10.695817467263,3.757609));
#15155 = ORIENTED_EDGE('NONE',*,*,#7426,.T.) ;
#15156 = EDGE_LOOP('NONE',(#11720,#3135,#3019,#15291)) ;
#15157 = ORIENTED_EDGE('NONE',*,*,#6217,.T.) ;
#15158=DIRECTION('NONE',(1.156482317317000E-16,-1.,0.));
#15159 = ORIENTED_EDGE('NONE',*,*,#16157,.F.) ;
#15160 = EDGE_CURVE('NONE',#11207,#9213,#8572,.T.) ;
#15161 = B_SPLINE_CURVE_WITH_KNOTS('NONE',3,(#1598,#9573,#9406,#7188),.UNSPECIFIED.,.F.,.F.,(4,4),(1.,2.000000000000),.UNSPECIFIED.) ;
#15162=CARTESIAN_POINT('NONE',(-5.485843146716,11.040396135416,3.75852549));
#15163 = SURFACE_STYLE_USAGE(.BOTH.,#13468) ;
#15164=CARTESIAN_POINT('NONE',(5.49894,-11.091166380297,2.1812462));
#15165=DIRECTION('NONE',(0.,-8.326672684688000E-17,-1.));
#15166=CARTESIAN_POINT('NONE',(-6.27067442739,11.064028743188,3.75852549));
#15167 =(NAMED_UNIT(*) PLANE_ANGLE_UNIT() SI_UNIT($,.RADIAN.));
#15168 = FACE_OUTER_BOUND('NONE',#8200,.T.) ;
#15169 = FILL_AREA_STYLE('',(#15019)) ;
#15171=DIRECTION('NONE',(1.,0.,0.));
#15170=CARTESIAN_POINT('NONE',(5.49894,-4.674098999999,4.307503));
#15172=CYLINDRICAL_SURFACE('NONE',#3942,0.824841);
#15173 = SURFACE_STYLE_USAGE(.BOTH.,#12656) ;
#15174=DIRECTION('NONE',(0.,0.,1.));
#15175 = PLANE('NONE',#13896) ;
#15176 = ORIENTED_EDGE('NONE',*,*,#6788,.F.) ;
#15177 = EDGE_CURVE('NONE',#11928,#7029,#8842,.T.) ;
#15178=UNCERTAINTY_MEASURE_WITH_UNIT(LENGTH_MEASURE(9.164900000000001E-6),#10590,'distance_accuracy_value','NONE');
#15179 = SURFACE_SIDE_STYLE('',(#14888)) ;
#15180 = LINE('NONE',#4296,#15739) ;
#15181 = PRESENTATION_STYLE_ASSIGNMENT((#5564)) ;
#15182 = ORIENTED_EDGE('NONE',*,*,#8801,.T.) ;
#15183 = COLOUR_RGB('',0.949019607843,0.760784313725,0.180392156862) ;
#15184 = MECHANICAL_DESIGN_GEOMETRIC_PRESENTATION_REPRESENTATION('',(#6383),#1868) ;
#15185=CARTESIAN_POINT('NONE',(-8.096776395469,10.54127136922,3.757609));
#15186=VECTOR('NONE',#7069,916.49);
#15187=CARTESIAN_POINT('NONE',(-5.163753573053,10.396788744734,3.75852549));
#15188=CARTESIAN_POINT('NONE',(-5.877401152094,10.425567162263,3.75852549));
#15189 =(LENGTH_UNIT() NAMED_UNIT(*) SI_UNIT(.MILLI.,.METRE.));
#15190=CARTESIAN_POINT('NONE',(-5.013381576833,10.540109075735,3.757609));
#15191 = EDGE_CURVE('NONE',#2369,#2733,#13355,.T.) ;
#15192 = SURFACE_SIDE_STYLE('',(#12972)) ;
#15193=VECTOR('NONE',#15372,916.49);
#15194 = STYLED_ITEM('NONE',(#5038),#5892) ;
#15195 = VERTEX_POINT('NONE',#2348) ;
#15196=UNCERTAINTY_MEASURE_WITH_UNIT(LENGTH_MEASURE(9.164900000000001E-6),#16007,'distance_accuracy_value','NONE');
#15197 = PRESENTATION_STYLE_ASSIGNMENT((#13957)) ;
#15198=CARTESIAN_POINT('NONE',(-4.962781114222,10.643215856416,3.75852549));
#15199=CARTESIAN_POINT('NONE',(-6.157180734423,10.396788744734,3.757609));
#15200 = EDGE_LOOP('NONE',(#13729,#16405,#11224,#13990,#8995,#14448,#13985,#15963,#2217,#6755,#14358,#5590,#4736,#16265,#10525,#14280,#1852,#15917,#1623,#9293,#10436)) ;
#15201=CARTESIAN_POINT('NONE',(-5.583518239321,11.030676272542,3.75852549));
#15202=CARTESIAN_POINT('NONE',(-7.121405088169,10.403447240782,3.757609));
#15203=CARTESIAN_POINT('NONE',(-10.631284,10.906231,3.757609));
#15204 = LINE('NONE',#14042,#11879) ;
#15205=AXIS2_PLACEMENT_3D('NONE',#15654,#6035,#13381);
#15206=CARTESIAN_POINT('NONE',(-5.80335866726,10.271383455106,3.75852549));
#15207=CARTESIAN_POINT('NONE',(-5.708637650627,10.462540758292,3.757609));
#15208 = B_SPLINE_CURVE_WITH_KNOTS('NONE',3,(#12179,#12254,#2727,#7289),.UNSPECIFIED.,.F.,.F.,(4,4),(12.000000000000,13.000000000000),.UNSPECIFIED.) ;
#15209 = VERTEX_POINT('NONE',#1250) ;
#15210 =(NAMED_UNIT(*) PLANE_ANGLE_UNIT() SI_UNIT($,.RADIAN.));
#15211 = ORIENTED_EDGE('NONE',*,*,#11523,.F.) ;
#15212 = ORIENTED_EDGE('NONE',*,*,#10841,.F.) ;
#15213 = ORIENTED_EDGE('NONE',*,*,#6545,.F.) ;
#15214=AXIS2_PLACEMENT_3D('NONE',#15536,#1443,#2693);
#15215 = FILL_AREA_STYLE('',(#10352)) ;
#15216 =(NAMED_UNIT(*) PLANE_ANGLE_UNIT() SI_UNIT($,.RADIAN.));
#15217 =(LENGTH_UNIT() NAMED_UNIT(*) SI_UNIT(.MILLI.,.METRE.));
#15218 = SURFACE_STYLE_USAGE(.BOTH.,#3309) ;
#15219 = PRESENTATION_STYLE_ASSIGNMENT((#16413)) ;
#15220 = FILL_AREA_STYLE_COLOUR('',#11953) ;
#15221=AXIS2_PLACEMENT_3D('NONE',#4896,#3710,#9950);
#15222 = ORIENTED_EDGE('NONE',*,*,#1303,.F.) ;
#15223=CARTESIAN_POINT('NONE',(-7.757516772955,11.460982940121,3.757609));
#15224 = SURFACE_STYLE_USAGE(.BOTH.,#8296) ;
#15225=CARTESIAN_POINT('NONE',(-6.357772022161,11.227551142123,3.75852549));
#15227=CARTESIAN_POINT('NONE',(-5.523293206613,11.005518980399,3.757609));
#15226 = PLANE('NONE',#3047) ;
#15228 = SURFACE_STYLE_USAGE(.BOTH.,#4664) ;
#15229=CARTESIAN_POINT('NONE',(-12.3267905,-10.906231,3.757609));
#15230 = VERTEX_POINT('NONE',#11956) ;
#15231 = ORIENTED_EDGE('NONE',*,*,#7139,.T.) ;
#15232 = ORIENTED_EDGE('NONE',*,*,#13708,.T.) ;
#15233 = COLOUR_RGB('',1.,1.,1.) ;
#15234 = ORIENTED_EDGE('NONE',*,*,#4761,.T.) ;
#15235 = EDGE_CURVE('NONE',#14046,#6416,#7459,.T.) ;
#15236=VECTOR('NONE',#16151,916.49);
#15237 = FILL_AREA_STYLE_COLOUR('',#10619) ;
#15238=CARTESIAN_POINT('NONE',(-6.241324253221,10.518954080068,3.75852549));
#15239 = SURFACE_SIDE_STYLE('',(#15411)) ;
#15241 = FILL_AREA_STYLE('',(#15098)) ;
#15240=CARTESIAN_POINT('NONE',(5.49894,-11.091166380297,4.399152));
#15242=AXIS2_PLACEMENT_3D('NONE',#7540,#8563,#9912);
#15243 = EDGE_CURVE('NONE',#11478,#3317,#6033,.T.) ;
#15244 = EDGE_CURVE('NONE',#15209,#13055,#11670,.T.) ;
#15245 =(NAMED_UNIT(*) SI_UNIT($,.STERADIAN.) SOLID_ANGLE_UNIT());
#15246 = EDGE_CURVE('NONE',#14048,#10771,#4713,.T.) ;
#15247 = STYLED_ITEM('NONE',(#15817),#5255) ;
#15248=CARTESIAN_POINT('NONE',(1.83298,-12.070792730495,2.584482759178));
#15249 = PLANE('NONE',#14858) ;
#15250=UNCERTAINTY_MEASURE_WITH_UNIT(LENGTH_MEASURE(9.164900000000001E-6),#14324,'distance_accuracy_value','NONE');
#15251=CARTESIAN_POINT('NONE',(-6.046926995746,10.61481860998,3.757609));
#15252 = FACE_BOUND('NONE',#15433,.T.) ;
#15253 = EDGE_LOOP('NONE',(#2138,#9723,#15685,#8476)) ;
#15254=VECTOR('NONE',#8624,916.49);
#15255 = FACE_OUTER_BOUND('NONE',#7155,.T.) ;
#15256=CIRCLE('NONE',#15006,1.6955065);
#15257 = SURFACE_SIDE_STYLE('',(#14092)) ;
#15258 = SURFACE_STYLE_USAGE(.BOTH.,#8016) ;
#15259 =(NAMED_UNIT(*) SI_UNIT($,.STERADIAN.) SOLID_ANGLE_UNIT());
#15260 = EDGE_LOOP('NONE',(#9449,#14923)) ;
#15261=CARTESIAN_POINT('NONE',(-5.319938428449,11.090138963065,3.75852549));
#15262=CARTESIAN_POINT('NONE',(-4.7821060161,10.695817467263,3.75852549));
#15263 = FILL_AREA_STYLE_COLOUR('',#3453) ;
#15264=CARTESIAN_POINT('NONE',(-5.345191013366,10.726692325804,3.757609));
#15265 = EDGE_CURVE('NONE',#10654,#8613,#9599,.T.) ;
#15266=DIRECTION('NONE',(-1.,0.,0.));
#15267 = PLANE('NONE',#7252) ;
#15268 = EDGE_CURVE('NONE',#8525,#8580,#9681,.T.) ;
#15269=VECTOR('NONE',#11883,916.49);
#15270=AXIS2_PLACEMENT_3D('NONE',#8585,#5040,#15594);
#15271 = MECHANICAL_DESIGN_GEOMETRIC_PRESENTATION_REPRESENTATION('',(#11479),#8955) ;
#15272 = COLOUR_RGB('',0.776470588235,0.458823529411,0.) ;
#15273=VECTOR('NONE',#12154,916.49);
#15274 = MECHANICAL_DESIGN_GEOMETRIC_PRESENTATION_REPRESENTATION('',(#13224),#4969) ;
#15275 = VERTEX_POINT('NONE',#6575) ;
#15276 = STYLED_ITEM('NONE',(#2234),#13506) ;
#15277=DIRECTION('NONE',(0.,0.,-1.));
#15278 =(GEOMETRIC_REPRESENTATION_CONTEXT(3) GLOBAL_UNCERTAINTY_ASSIGNED_CONTEXT((#7164)) GLOBAL_UNIT_ASSIGNED_CONTEXT((#14347,#7324,#15745)) REPRESENTATION_CONTEXT('NONE','WORKASPACE'));
#15279=DIRECTION('NONE',(0.,0.,1.));
#15280 = PLANE('NONE',#10330) ;
#15281 = ORIENTED_EDGE('NONE',*,*,#15800,.T.) ;
#15282 = PRESENTATION_LAYER_ASSIGNMENT('','',(#15531)) ;
#15283 = LINE('NONE',#6903,#16521) ;
#15284=CARTESIAN_POINT('NONE',(-4.712732877155,10.540871417921,3.757609));
#15285 = LINE('NONE',#2131,#13251) ;
#15286 = FILL_AREA_STYLE('',(#6837)) ;
#15287=CARTESIAN_POINT('NONE',(-12.3267905,-10.906231,3.8034335));
#15288 = FILL_AREA_STYLE_COLOUR('',#8807) ;
#15289 = EDGE_LOOP('NONE',(#12866,#15759,#16442,#8139)) ;
#15290=CARTESIAN_POINT('NONE',(-5.721311589473,10.462921929384,3.75852549));
#15291 = ORIENTED_EDGE('NONE',*,*,#5984,.F.) ;
#15292 = ORIENTED_EDGE('NONE',*,*,#10445,.F.) ;
#15293 = STYLED_ITEM('NONE',(#8910),#7826) ;
#15294=CIRCLE('NONE',#9240,1.2372615);
#15295=VECTOR('NONE',#13849,916.49);
#15296=AXIS2_PLACEMENT_3D('NONE',#13511,#2723,#14772);
#15297 =(GEOMETRIC_REPRESENTATION_CONTEXT(3) GLOBAL_UNCERTAINTY_ASSIGNED_CONTEXT((#6371)) GLOBAL_UNIT_ASSIGNED_CONTEXT((#10308,#12654,#2173)) REPRESENTATION_CONTEXT('NONE','WORKASPACE'));
#15298 = VERTEX_POINT('NONE',#13617) ;
#15299 = FILL_AREA_STYLE_COLOUR('',#11884) ;
#15300 = SURFACE_STYLE_USAGE(.BOTH.,#8290) ;
#15301 = LINE('NONE',#8292,#1134) ;
#15302=VECTOR('NONE',#8794,916.49);
#15303 = VERTEX_POINT('NONE',#15102) ;
#15304=AXIS2_PLACEMENT_3D('NONE',#11298,#1552,#13740);
#15305=CARTESIAN_POINT('NONE',(-7.958952165924,11.3576147806,3.757609));
#15306 =(LENGTH_UNIT() NAMED_UNIT(*) SI_UNIT(.MILLI.,.METRE.));
#15307=VECTOR('NONE',#9149,916.49);
#15308=DIRECTION('NONE',(0.,0.,1.));
#15310 =(NAMED_UNIT(*) SI_UNIT($,.STERADIAN.) SOLID_ANGLE_UNIT());
#15309=DIRECTION('NONE',(0.,0.,1.));
#15311 = LINE('NONE',#2157,#15779) ;
#15312 = ORIENTED_EDGE('NONE',*,*,#7734,.T.) ;
#15313 = EDGE_CURVE('NONE',#7100,#7969,#6638,.T.) ;
#15314 = EDGE_LOOP('NONE',(#11457,#12219,#2564,#6214)) ;
#15315 = EDGE_CURVE('NONE',#9305,#12284,#5786,.T.) ;
#15316 = ORIENTED_EDGE('NONE',*,*,#9001,.F.) ;
#15317 =(LENGTH_UNIT() NAMED_UNIT(*) SI_UNIT(.MILLI.,.METRE.));
#15318 = ORIENTED_EDGE('NONE',*,*,#5823,.T.) ;
#15319 = PRESENTATION_LAYER_ASSIGNMENT('','',(#4742)) ;
#15320 = MECHANICAL_DESIGN_GEOMETRIC_PRESENTATION_REPRESENTATION('',(#5015),#7005) ;
#15321 = MECHANICAL_DESIGN_GEOMETRIC_PRESENTATION_REPRESENTATION('',(#2242),#5500) ;
#15322 =(NAMED_UNIT(*) SI_UNIT($,.STERADIAN.) SOLID_ANGLE_UNIT());
#15323=CARTESIAN_POINT('NONE',(-6.110487275519,10.568125151077,3.75852549));
#15324=DIRECTION('NONE',(-0.338535034295,-0.940953787683,0.));
#15325 =(NAMED_UNIT(*) SI_UNIT($,.STERADIAN.) SOLID_ANGLE_UNIT());
#15326 = FILL_AREA_STYLE('',(#12651)) ;
#15327 = FACE_OUTER_BOUND('NONE',#5421,.T.) ;
#15328=DIRECTION('NONE',(0.349395479497,-0.936975345944,0.));
#15329 = LINE('NONE',#6635,#7255) ;
#15330 = MECHANICAL_DESIGN_GEOMETRIC_PRESENTATION_REPRESENTATION('',(#5258),#1746) ;
#15331=VECTOR('NONE',#10564,916.49);
#15332 = B_SPLINE_CURVE_WITH_KNOTS('NONE',3,(#1515,#13475,#2681,#4957),.UNSPECIFIED.,.F.,.F.,(4,4),(15.000000000000,16.000000000000),.UNSPECIFIED.) ;
#15333 = EDGE_CURVE('NONE',#6764,#6840,#12422,.T.) ;
#15334 = PLANE('NONE',#2440) ;
#15335=CARTESIAN_POINT('NONE',(-1.832979999999,-12.070230534192,3.995915440821));
#15336 = PRESENTATION_STYLE_ASSIGNMENT((#15699)) ;
#15337 = EDGE_CURVE('NONE',#2505,#2299,#6426,.T.) ;
#15338 = SURFACE_STYLE_FILL_AREA(#4365) ;
#15339 = EDGE_CURVE('NONE',#7516,#7724,#10155,.T.) ;
#15340 = VERTEX_POINT('NONE',#7784) ;
#15341 = ADVANCED_FACE('NONE',(#15023),#5398,.F.) ;
#15342=CARTESIAN_POINT('NONE',(-6.341858129024,11.066696940839,3.75852549));
#15343=UNCERTAINTY_MEASURE_WITH_UNIT(LENGTH_MEASURE(9.164900000000001E-6),#14966,'distance_accuracy_value','NONE');
#15344=CARTESIAN_POINT('NONE',(-7.640896298254,11.460982940121,3.757609));
#15345 = FACE_OUTER_BOUND('NONE',#6251,.T.) ;
#15346 = STYLED_ITEM('NONE',(#12012),#8678) ;
#15347 = EDGE_LOOP('NONE',(#12873,#7967,#4276,#13917)) ;
#15348=CARTESIAN_POINT('NONE',(-4.3166679,10.906231,3.757609));
#15349 = LINE('NONE',#14019,#9578) ;
#15350 = FACE_OUTER_BOUND('NONE',#11386,.T.) ;
#15351 = ADVANCED_FACE('NONE',(#1713),#7618,.T.) ;
#15352 = FACE_BOUND('NONE',#8442,.T.) ;
#15353=CARTESIAN_POINT('NONE',(1.1639423,10.906231,3.8034335));
#15354 = LINE('NONE',#2349,#1116) ;
#15355 = ORIENTED_EDGE('NONE',*,*,#6507,.F.) ;
#15356=CARTESIAN_POINT('NONE',(-5.52005325232,11.069555724037,3.757609));
#15357 = VERTEX_POINT('NONE',#9644) ;
#15358=DIRECTION('NONE',(-0.365858921669,0.930670322636,0.));
#15359=CARTESIAN_POINT('NONE',(10.631284,10.906231,3.757609));
#15360 = FILL_AREA_STYLE_COLOUR('',#12599) ;
#15361=DIRECTION('NONE',(-0.338535034295,-0.940953787683,0.));
#15362 = EDGE_CURVE('NONE',#15209,#13126,#9256,.T.) ;
#15363 = EDGE_CURVE('NONE',#15004,#13442,#10456,.T.) ;
#15364 = COLOUR_RGB('',1.,1.,1.) ;
#15365 =(GEOMETRIC_REPRESENTATION_CONTEXT(3) GLOBAL_UNCERTAINTY_ASSIGNED_CONTEXT((#12578)) GLOBAL_UNIT_ASSIGNED_CONTEXT((#16098,#3141,#16325)) REPRESENTATION_CONTEXT('NONE','WORKASPACE'));
#15366=CARTESIAN_POINT('NONE',(-6.157180734423,10.482933411771,3.757609));
#15367 = SURFACE_SIDE_STYLE('',(#10562)) ;
#15368 = LINE('NONE',#15599,#11269) ;
#15369=AXIS2_PLACEMENT_3D('NONE',#16359,#2172,#16600);
#15370=DIRECTION('NONE',(0.,0.,-1.));
#15371=CARTESIAN_POINT('NONE',(-5.246658285802,11.293303155682,3.757609));
#15372=DIRECTION('NONE',(0.,0.,-1.));
#15373 = SURFACE_STYLE_FILL_AREA(#4644) ;
#15374=AXIS2_PLACEMENT_3D('NONE',#3041,#16358,#12487);
#15375 = ORIENTED_EDGE('NONE',*,*,#3782,.T.) ;
#15376 =(GEOMETRIC_REPRESENTATION_CONTEXT(3) GLOBAL_UNCERTAINTY_ASSIGNED_CONTEXT((#9700)) GLOBAL_UNIT_ASSIGNED_CONTEXT((#11650,#13661,#3214)) REPRESENTATION_CONTEXT('NONE','WORKASPACE'));
#15377 = FACE_OUTER_BOUND('NONE',#16174,.T.) ;
#15378 = ORIENTED_EDGE('NONE',*,*,#1203,.F.) ;
#15379 = B_SPLINE_CURVE_WITH_KNOTS('NONE',3,(#2914,#16239,#4164,#1830),.UNSPECIFIED.,.F.,.F.,(4,4),(19.000000000000,20.),.UNSPECIFIED.) ;
#15380 = ORIENTED_EDGE('NONE',*,*,#7775,.F.) ;
#15381 = ORIENTED_EDGE('NONE',*,*,#12563,.T.) ;
#15382=AXIS2_PLACEMENT_3D('NONE',#4184,#16190,#3889);
#15383=DIRECTION('NONE',(0.,1.,0.));
#15384=DIRECTION('NONE',(1.,0.,0.));
#15385 =(NAMED_UNIT(*) PLANE_ANGLE_UNIT() SI_UNIT($,.RADIAN.));
#15386=UNCERTAINTY_MEASURE_WITH_UNIT(LENGTH_MEASURE(9.164900000000001E-6),#2994,'distance_accuracy_value','NONE');
#15387 = EDGE_CURVE('NONE',#14742,#8689,#6578,.T.) ;
#15388=CARTESIAN_POINT('NONE',(-6.263527469394,10.440814005985,3.757609));
#15389=CARTESIAN_POINT('NONE',(10.631284,-10.906231,3.8034335));
#15390 = ORIENTED_EDGE('NONE',*,*,#10296,.F.) ;
#15391 = LINE('NONE',#4658,#7455) ;
#15392 = SURFACE_STYLE_FILL_AREA(#12194) ;
#15393 = PRESENTATION_STYLE_ASSIGNMENT((#10588)) ;
#15395 = FILL_AREA_STYLE('',(#3626)) ;
#15394=DIRECTION('NONE',(0.,0.,-1.));
#15396=CARTESIAN_POINT('NONE',(-7.354646138679,10.557174223269,3.757609));
#15397=CARTESIAN_POINT('NONE',(3.4918269,10.906231,2.2454005));
#15398 = VERTEX_POINT('NONE',#6876) ;
#15399 = ORIENTED_EDGE('NONE',*,*,#8514,.T.) ;
#15400 = ORIENTED_EDGE('NONE',*,*,#4540,.T.) ;
#15401=DIRECTION('NONE',(0.,0.,1.));
#15402 = COLOUR_RGB('',1.,1.,1.) ;
#15403 = VERTEX_POINT('NONE',#5795) ;
#15404 =(GEOMETRIC_REPRESENTATION_CONTEXT(3) GLOBAL_UNCERTAINTY_ASSIGNED_CONTEXT((#5575)) GLOBAL_UNIT_ASSIGNED_CONTEXT((#15466,#8372,#6087)) REPRESENTATION_CONTEXT('NONE','WORKASPACE'));
#15405=CARTESIAN_POINT('NONE',(-5.448393086819,11.075273290434,3.75852549));
#15406 = SURFACE_STYLE_USAGE(.BOTH.,#14384) ;
#15407 = SURFACE_STYLE_FILL_AREA(#6793) ;
#15408 = PRESENTATION_STYLE_ASSIGNMENT((#3037)) ;
#15409=CARTESIAN_POINT('NONE',(-6.307266852326,11.12577846027,3.75852549));
#15410 =(NAMED_UNIT(*) SI_UNIT($,.STERADIAN.) SOLID_ANGLE_UNIT());
#15411 = SURFACE_STYLE_FILL_AREA(#5623) ;
#15412 = SURFACE_STYLE_FILL_AREA(#15042) ;
#15413 =(LENGTH_UNIT() NAMED_UNIT(*) SI_UNIT(.MILLI.,.METRE.));
#15414=CARTESIAN_POINT('NONE',(-1.832979999999,-11.463720754286,4.293451990308));
#15415 = FILL_AREA_STYLE('',(#16439)) ;
#15416 = LINE('NONE',#3742,#14321) ;
#15417=CARTESIAN_POINT('NONE',(-5.822607807463,11.156081562169,3.75852549));
#15418 = ORIENTED_EDGE('NONE',*,*,#9105,.T.) ;
#15419 = SURFACE_SIDE_STYLE('',(#6881)) ;
#15420=CARTESIAN_POINT('NONE',(-5.485843146716,11.31159936815,3.75852549));
#15421 = EDGE_CURVE('NONE',#1483,#14197,#14445,.T.) ;
#15422 = SURFACE_SIDE_STYLE('',(#11880)) ;
#15423=CARTESIAN_POINT('NONE',(-6.324419551515,10.468067739143,3.757609));
#15424 = EDGE_CURVE('NONE',#10479,#13164,#12724,.T.) ;
#15425 = ORIENTED_EDGE('NONE',*,*,#1613,.F.) ;
#15426=CARTESIAN_POINT('NONE',(-5.498939999999,-11.676922941879,4.31599782308));
#15427 = LINE('NONE',#3278,#13089) ;
#15428=CARTESIAN_POINT('NONE',(-8.075572640625,11.240994293262,3.757609));
#15429=CARTESIAN_POINT('NONE',(-5.976219757977,10.513808270312,3.757609));
#15430=CARTESIAN_POINT('NONE',(-5.082325898294,10.75725748283,3.75852549));
#15431 =(LENGTH_UNIT() NAMED_UNIT(*) SI_UNIT(.MILLI.,.METRE.));
#15432=DIRECTION('NONE',(0.331528418357,0.94344523308,0.));
#15433 = EDGE_LOOP('NONE',(#4195,#1873)) ;
#15434 = ORIENTED_EDGE('NONE',*,*,#3405,.T.) ;
#15435 = FILL_AREA_STYLE('',(#2120)) ;
#15436 = B_SPLINE_CURVE_WITH_KNOTS('NONE',3,(#7282,#8384,#4765,#5936),.UNSPECIFIED.,.F.,.F.,(4,4),(13.000000000000,14.000000000000),.UNSPECIFIED.) ;
#15437 = PRESENTATION_STYLE_ASSIGNMENT((#5366)) ;
#15438 = SURFACE_STYLE_FILL_AREA(#16632) ;
#15439 = EDGE_CURVE('NONE',#11959,#7399,#4437,.T.) ;
#15440 = EDGE_CURVE('NONE',#10187,#9153,#10911,.T.) ;
#15441 = LINE('NONE',#3676,#2849) ;
#15442=UNCERTAINTY_MEASURE_WITH_UNIT(LENGTH_MEASURE(9.164900000000001E-6),#5938,'distance_accuracy_value','NONE');
#15443 = PLANE('NONE',#2457) ;
#15444 = PRESENTATION_STYLE_ASSIGNMENT((#14348)) ;
#15445=CARTESIAN_POINT('NONE',(-6.303931605262,11.312361710336,3.75852549));
#15446=CARTESIAN_POINT('NONE',(-7.72571121652,10.485611733927,3.75852549));
#15447 = PRESENTATION_STYLE_ASSIGNMENT((#9444)) ;
#15448=CARTESIAN_POINT('NONE',(-5.081515909722,10.715066607463,3.757609));
#15449 = EDGE_CURVE('NONE',#7301,#7420,#2476,.T.) ;
#15450 =(NAMED_UNIT(*) SI_UNIT($,.STERADIAN.) SOLID_ANGLE_UNIT());
#15451=CARTESIAN_POINT('NONE',(4.3166679,10.906231,3.757609));
#15452 = VERTEX_POINT('NONE',#10385) ;
#15453 = STYLED_ITEM('NONE',(#5910),#5902) ;
#15454 = ORIENTED_EDGE('NONE',*,*,#10429,.T.) ;
#15455 = EDGE_LOOP('NONE',(#9791,#3659,#9430,#1784,#14601,#14027,#3235,#4016,#2614,#11402,#4349,#7948)) ;
#15456 = ORIENTED_EDGE('NONE',*,*,#15927,.T.) ;
#15457 = FILL_AREA_STYLE_COLOUR('',#4455) ;
#15458 = COLOUR_RGB('',1.,1.,1.) ;
#15459 = MECHANICAL_DESIGN_GEOMETRIC_PRESENTATION_REPRESENTATION('',(#9156),#15706) ;
#15460 = FILL_AREA_STYLE('',(#5846)) ;
#15461 = FILL_AREA_STYLE_COLOUR('',#14826) ;
#15462 = LINE('NONE',#6852,#6645) ;
#15463 = ORIENTED_EDGE('NONE',*,*,#16017,.F.) ;
#15464=CARTESIAN_POINT('NONE',(-7.137307841109,11.113771941138,3.757609));
#15465 = SURFACE_STYLE_FILL_AREA(#10666) ;
#15467=CARTESIAN_POINT('NONE',(-6.521485006643,11.030676272542,3.75852549));
#15466 =(LENGTH_UNIT() NAMED_UNIT(*) SI_UNIT(.MILLI.,.METRE.));
#15468 = SURFACE_STYLE_FILL_AREA(#6935) ;
#15469 = VERTEX_POINT('NONE',#16364) ;
#15470 = ORIENTED_EDGE('NONE',*,*,#6285,.T.) ;
#15471 = VERTEX_POINT('NONE',#3115) ;
#15472 = EDGE_CURVE('NONE',#7534,#11195,#7270,.T.) ;
#15473 = PRESENTATION_STYLE_ASSIGNMENT((#3319)) ;
#15474=VECTOR('NONE',#16087,916.49);
#15475 = ORIENTED_EDGE('NONE',*,*,#5798,.T.) ;
#15476=DIRECTION('NONE',(0.,0.,-1.));
#15477=CARTESIAN_POINT('NONE',(-7.354646037571,10.708250831187,3.75852549));
#15478=CARTESIAN_POINT('NONE',(-5.498939999999,-12.418771579374,2.871460314252));
#15479=DIRECTION('NONE',(-1.,0.,0.));
#15480=CARTESIAN_POINT('NONE',(-6.307266852326,11.12577846027,3.757609));
#15481=CARTESIAN_POINT('NONE',(-5.806979792645,10.31140641988,3.75852549));
#15482=DIRECTION('NONE',(0.,0.,1.));
#15484=DIRECTION('NONE',(0.252421897187,-0.967617272386,0.));
#15483=CARTESIAN_POINT('NONE',(-5.630592869317,10.988175695663,3.75852549));
#15485=CARTESIAN_POINT('NONE',(1.83298,-12.224715704372,2.739839260865));
#15486 = B_SPLINE_SURFACE_WITH_KNOTS('NONE',3,1,((#10237,#9183),(#6651,#5492),(#14963,#2979),(#11412,#4225)),.UNSPECIFIED.,.F.,.F.,.F.,(4,4),(2,2),(8.000000000000,9.000000000000),(0.,1.),.UNSPECIFIED.) ;
#15487=VECTOR('NONE',#5372,916.49);
#15488 = SURFACE_STYLE_FILL_AREA(#7118) ;
#15489=CARTESIAN_POINT('NONE',(-6.324419551515,10.51781056679,3.75852549));
#15490 = ORIENTED_EDGE('NONE',*,*,#11206,.T.) ;
#15491=CYLINDRICAL_SURFACE('NONE',#11737,1.6955065);
#15492 = B_SPLINE_CURVE_WITH_KNOTS('NONE',3,(#16619,#11882,#2114,#6815),.UNSPECIFIED.,.F.,.F.,(4,4),(22.000000000000,23.000000000000),.UNSPECIFIED.) ;
#15493=UNCERTAINTY_MEASURE_WITH_UNIT(LENGTH_MEASURE(9.164900000000001E-6),#16024,'distance_accuracy_value','NONE');
#15494=CARTESIAN_POINT('NONE',(5.49894,-8.340058999999,4.399152));
#15495 = SURFACE_STYLE_USAGE(.BOTH.,#12114) ;
#15496 = SURFACE_STYLE_USAGE(.BOTH.,#10694) ;
#15497=CARTESIAN_POINT('NONE',(-6.341858129024,11.066696940839,3.757609));
#15498 = ORIENTED_EDGE('NONE',*,*,#6392,.F.) ;
#15499=CIRCLE('NONE',#16507,1.2372615);
#15500 = SURFACE_STYLE_FILL_AREA(#13297) ;
#15501 = EDGE_CURVE('NONE',#3506,#14759,#12952,.T.) ;
#15502 =(NAMED_UNIT(*) SI_UNIT($,.STERADIAN.) SOLID_ANGLE_UNIT());
#15503 = MECHANICAL_DESIGN_GEOMETRIC_PRESENTATION_REPRESENTATION('',(#10727),#11228) ;
#15504 =(LENGTH_UNIT() NAMED_UNIT(*) SI_UNIT(.MILLI.,.METRE.));
#15505 = LINE('NONE',#1158,#7696) ;
#15506=DIRECTION('NONE',(0.,0.,1.));
#15507=DIRECTION('NONE',(0.,0.,-1.));
#15508 = EDGE_LOOP('NONE',(#8745,#14989,#7753,#14177)) ;
#15509 =(NAMED_UNIT(*) SI_UNIT($,.STERADIAN.) SOLID_ANGLE_UNIT());
#15510=DIRECTION('NONE',(-1.,0.,0.));
#15511=CARTESIAN_POINT('NONE',(-6.357772022161,11.227551142123,3.757609));
#15512=UNCERTAINTY_MEASURE_WITH_UNIT(LENGTH_MEASURE(9.164900000000001E-6),#14331,'distance_accuracy_value','NONE');
#15513 = PLANE('NONE',#1607) ;
#15514 = PRESENTATION_STYLE_ASSIGNMENT((#14034)) ;
#15515=CARTESIAN_POINT('NONE',(-6.110487275519,10.396788744734,3.75852549));
#15516=CARTESIAN_POINT('NONE',(-5.872636513431,10.501420209788,3.757609));
#15517=CARTESIAN_POINT('NONE',(-4.962781114222,10.587946047917,3.75852549));
#15518 = FACE_BOUND('NONE',#10042,.T.) ;
#15519=CARTESIAN_POINT('NONE',(-6.206732976523,10.669135490747,3.75852549));
#15520 = PRESENTATION_LAYER_ASSIGNMENT('','',(#4435)) ;
#15521 = ADVANCED_FACE('NONE',(#3628),#15249,.F.) ;
#15522 = STYLED_ITEM('NONE',(#13323),#11931) ;
#15523 = ORIENTED_EDGE('NONE',*,*,#5233,.T.) ;
#15524=DIRECTION('NONE',(0.,0.,1.));
#15525 = EDGE_LOOP('NONE',(#8632,#11815,#12384,#5011)) ;
#15526 = VERTEX_POINT('NONE',#9174) ;
#15527 = ORIENTED_EDGE('NONE',*,*,#14327,.T.) ;
#15528=AXIS2_PLACEMENT_3D('NONE',#1451,#2631,#14518);
#15529 = PRESENTATION_LAYER_ASSIGNMENT('','',(#4199)) ;
#15530 = ADVANCED_FACE('NONE',(#14003),#2402,.F.) ;
#15531 = STYLED_ITEM('NONE',(#13876),#13248) ;
#15532 = EDGE_CURVE('NONE',#4483,#1492,#1606,.T.) ;
#15533 =(NAMED_UNIT(*) PLANE_ANGLE_UNIT() SI_UNIT($,.RADIAN.));
#15534 =(NAMED_UNIT(*) SI_UNIT($,.STERADIAN.) SOLID_ANGLE_UNIT());
#15535=UNCERTAINTY_MEASURE_WITH_UNIT(LENGTH_MEASURE(9.164900000000001E-6),#10843,'distance_accuracy_value','NONE');
#15536=CARTESIAN_POINT('NONE',(1.1639423,10.906231,2.2454005));
#15537 = FILL_AREA_STYLE('',(#15461)) ;
#15538=DIRECTION('NONE',(0.,0.,1.));
#15539 = VERTEX_POINT('NONE',#8536) ;
#15540=CARTESIAN_POINT('NONE',(-6.521485006643,10.607385773666,3.75852549));
#15541 = SURFACE_STYLE_USAGE(.BOTH.,#11762) ;
#15542 =(LENGTH_UNIT() NAMED_UNIT(*) SI_UNIT(.MILLI.,.METRE.));
#15544=DIRECTION('NONE',(0.,1.,0.));
#15543 =(LENGTH_UNIT() NAMED_UNIT(*) SI_UNIT(.MILLI.,.METRE.));
#15545 = STYLED_ITEM('NONE',(#1596),#8056) ;
#15546 = PRESENTATION_LAYER_ASSIGNMENT('','',(#15793)) ;
#15547 = FACE_OUTER_BOUND('NONE',#5609,.T.) ;
#15548 = SURFACE_STYLE_FILL_AREA(#10743) ;
#15549 = ORIENTED_EDGE('NONE',*,*,#12751,.T.) ;
#15550 = ORIENTED_EDGE('NONE',*,*,#3995,.F.) ;
#15551 = ORIENTED_EDGE('NONE',*,*,#3816,.T.) ;
#15552 = EDGE_LOOP('NONE',(#15902,#4099,#14862,#13562,#4609,#4033,#14763,#14669,#10350,#11124,#3818,#13411)) ;
#15553=VECTOR('NONE',#5277,916.49);
#15554 = COLOUR_RGB('',0.949019607843,0.760784313725,0.180392156862) ;
#15555 = EDGE_CURVE('NONE',#12078,#14171,#7512,.T.) ;
#15556 =(NAMED_UNIT(*) PLANE_ANGLE_UNIT() SI_UNIT($,.RADIAN.));
#15557=VECTOR('NONE',#2487,916.49);
#15558 = COLOUR_RGB('',1.,1.,1.) ;
#15559 =(GEOMETRIC_REPRESENTATION_CONTEXT(3) GLOBAL_UNCERTAINTY_ASSIGNED_CONTEXT((#2888)) GLOBAL_UNIT_ASSIGNED_CONTEXT((#7286,#7192,#5869)) REPRESENTATION_CONTEXT('NONE','WORKASPACE'));
#15560=UNCERTAINTY_MEASURE_WITH_UNIT(LENGTH_MEASURE(9.164900000000001E-6),#15919,'distance_accuracy_value','NONE');
#15561 = FILL_AREA_STYLE_COLOUR('',#3880) ;
#15562=CARTESIAN_POINT('NONE',(-4.77486376533,10.721927687138,3.757609));
#15563=CARTESIAN_POINT('NONE',(-6.295069377348,11.090329548612,3.75852549));
#15564=CARTESIAN_POINT('NONE',(-5.241703061593,11.31331463807,3.757609));
#15565 = LINE('NONE',#5703,#2952) ;
#15566 = LINE('NONE',#10683,#14882) ;
#15567=CARTESIAN_POINT('NONE',(-5.239606620581,11.300926577543,3.757609));
#15568 = PRESENTATION_STYLE_ASSIGNMENT((#3492)) ;
#15569 = FILL_AREA_STYLE_COLOUR('',#9217) ;
#15570 = EDGE_CURVE('NONE',#7084,#5805,#2706,.T.) ;
#15571 = SURFACE_SIDE_STYLE('',(#15488)) ;
#15572 = MECHANICAL_DESIGN_GEOMETRIC_PRESENTATION_REPRESENTATION('',(#12314),#11550) ;
#15574 =(GEOMETRIC_REPRESENTATION_CONTEXT(3) GLOBAL_UNCERTAINTY_ASSIGNED_CONTEXT((#9524)) GLOBAL_UNIT_ASSIGNED_CONTEXT((#12009,#13031,#14618)) REPRESENTATION_CONTEXT('NONE','WORKASPACE'));
#15573=CARTESIAN_POINT('NONE',(-8.041116608516,11.286052202793,3.757609));
#15575 = ORIENTED_EDGE('NONE',*,*,#4938,.F.) ;
#15576=CARTESIAN_POINT('NONE',(-8.279658458715,11.087267437159,3.757609));
#15577=DIRECTION('NONE',(0.,1.,0.));
#15578=CARTESIAN_POINT('NONE',(-5.16184771759,10.726692325804,3.75852549));
#15579 = STYLED_ITEM('NONE',(#2835),#14784) ;
#15580 = LINE('NONE',#7208,#12079) ;
#15581 = ORIENTED_EDGE('NONE',*,*,#9349,.T.) ;
#15582 = PRESENTATION_STYLE_ASSIGNMENT((#8405)) ;
#15583=CARTESIAN_POINT('NONE',(12.372615,9.073251,4.399152));
#15584=CARTESIAN_POINT('NONE',(-5.708637650627,10.462540758292,3.75852549));
#15585=DIRECTION('NONE',(1.,0.,0.));
#15586=CARTESIAN_POINT('NONE',(-5.019003850454,10.449009184487,3.75852549));
#15587=CARTESIAN_POINT('NONE',(-7.132006990866,10.970646810797,3.757609));
#15588=DIRECTION('NONE',(-1.,0.,0.));
#15589 = EDGE_LOOP('NONE',(#10657,#3415,#4648,#2004)) ;
#15590=CARTESIAN_POINT('NONE',(-10.631284,10.906231,2.2454005));
#15591 = MECHANICAL_DESIGN_GEOMETRIC_PRESENTATION_REPRESENTATION('',(#14595),#1521) ;
#15592 = ORIENTED_EDGE('NONE',*,*,#8869,.T.) ;
#15593 = LINE('NONE',#4633,#9652) ;
#15594=DIRECTION('NONE',(-1.,0.,0.));
#15595=UNCERTAINTY_MEASURE_WITH_UNIT(LENGTH_MEASURE(9.164900000000001E-6),#9112,'distance_accuracy_value','NONE');
#15596 = EDGE_LOOP('NONE',(#2784,#11245,#10931,#9323)) ;
#15597=CARTESIAN_POINT('NONE',(-6.263527469394,10.440814005985,3.757609));
#15598=CARTESIAN_POINT('NONE',(-5.733127893359,11.360961024704,3.75852549));
#15599=CARTESIAN_POINT('NONE',(0.339101299999,10.906231,3.8034335));
#15600 = PRESENTATION_LAYER_ASSIGNMENT('','',(#13338)) ;
#15601=DIRECTION('NONE',(0.,0.,-1.));
#15602 =(LENGTH_UNIT() NAMED_UNIT(*) SI_UNIT(.MILLI.,.METRE.));
#15603 = LINE('NONE',#9532,#14451) ;
#15604 = LINE('NONE',#2532,#3205) ;
#15605 =(GEOMETRIC_REPRESENTATION_CONTEXT(3) GLOBAL_UNCERTAINTY_ASSIGNED_CONTEXT((#1979)) GLOBAL_UNIT_ASSIGNED_CONTEXT((#13804,#11276,#12445)) REPRESENTATION_CONTEXT('NONE','WORKASPACE'));
#15606 =(LENGTH_UNIT() NAMED_UNIT(*) SI_UNIT(.MILLI.,.METRE.));
#15607 = VERTEX_POINT('NONE',#9812) ;
#15608=DIRECTION('NONE',(-1.,1.284980352575000E-16,0.));
#15609 = ORIENTED_EDGE('NONE',*,*,#9119,.F.) ;
#15610 = ORIENTED_EDGE('NONE',*,*,#5965,.F.) ;
#15611 =(GEOMETRIC_REPRESENTATION_CONTEXT(3) GLOBAL_UNCERTAINTY_ASSIGNED_CONTEXT((#2443)) GLOBAL_UNIT_ASSIGNED_CONTEXT((#15317,#4594,#5542)) REPRESENTATION_CONTEXT('NONE','WORKASPACE'));
#15612 = ORIENTED_EDGE('NONE',*,*,#4919,.F.) ;
#15613=CIRCLE('NONE',#3269,1.6955065);
#15614 = FACE_BOUND('NONE',#1164,.T.) ;
#15615 = SURFACE_STYLE_FILL_AREA(#5762) ;
#15616=CARTESIAN_POINT('NONE',(-8.565908820504,10.816919828312,3.75852549));
#15617 = EDGE_CURVE('NONE',#9516,#7534,#3872,.T.) ;
#15618 = FILL_AREA_STYLE_COLOUR('',#9959) ;
#15619 = VERTEX_POINT('NONE',#7417) ;
#15620 = EDGE_CURVE('NONE',#3396,#12460,#13582,.T.) ;
#15621 = FACE_BOUND('NONE',#2947,.T.) ;
#15622 = STYLED_ITEM('NONE',(#13996),#1360) ;
#15623 = FILL_AREA_STYLE('',(#7502)) ;
#15624=CARTESIAN_POINT('NONE',(-8.565908820504,10.930889827337,3.757609));
#15625=CARTESIAN_POINT('NONE',(-6.236083150692,10.554974748367,3.757609));
#15626 = STYLED_ITEM('NONE',(#6824),#2804) ;
#15628=CARTESIAN_POINT('NONE',(-4.769050906161,10.695817467263,3.75852549));
#15627=DIRECTION('NONE',(0.,0.,-1.));
#15629 = PRESENTATION_LAYER_ASSIGNMENT('','',(#11107)) ;
#15630 = LINE('NONE',#9960,#3190) ;
#15631 = PRESENTATION_STYLE_ASSIGNMENT((#10832)) ;
#15632 = ORIENTED_EDGE('NONE',*,*,#5232,.T.) ;
#15633 = ORIENTED_EDGE('NONE',*,*,#12979,.F.) ;
#15634 = ORIENTED_EDGE('NONE',*,*,#4255,.T.) ;
#15635 = PRESENTATION_LAYER_ASSIGNMENT('','',(#7052)) ;
#15636 =(NAMED_UNIT(*) PLANE_ANGLE_UNIT() SI_UNIT($,.RADIAN.));
#15637 = ORIENTED_EDGE('NONE',*,*,#6749,.F.) ;
#15638 = EDGE_CURVE('NONE',#4091,#3317,#7663,.T.) ;
#15639 =(GEOMETRIC_REPRESENTATION_CONTEXT(3) GLOBAL_UNCERTAINTY_ASSIGNED_CONTEXT((#3116)) GLOBAL_UNIT_ASSIGNED_CONTEXT((#6430,#1871,#12658)) REPRESENTATION_CONTEXT('NONE','WORKASPACE'));
#15640=CARTESIAN_POINT('NONE',(-7.288384398475,11.156179400271,3.757609));
#15641 = SURFACE_SIDE_STYLE('',(#8467)) ;
#15642 = EDGE_CURVE('NONE',#3167,#9081,#2560,.T.) ;
#15643=CARTESIAN_POINT('NONE',(-5.116678943059,10.439289321614,3.75852549));
#15644=CARTESIAN_POINT('NONE',(-5.626781158386,11.360961024704,3.75852549));
#15645=DIRECTION('NONE',(0.,0.,-1.));
#15646 = MECHANICAL_DESIGN_GEOMETRIC_PRESENTATION_REPRESENTATION('',(#10608),#9865) ;
#15647=CARTESIAN_POINT('NONE',(-5.521101472827,11.283011536168,3.757609));
#15648 = PRESENTATION_STYLE_ASSIGNMENT((#14540)) ;
#15649 = EDGE_CURVE('NONE',#5539,#9516,#15769,.T.) ;
#15650 = EDGE_CURVE('NONE',#14305,#5341,#3721,.T.) ;
#15651 = EDGE_LOOP('NONE',(#14199,#9464)) ;
#15652=AXIS2_PLACEMENT_3D('NONE',#13809,#8174,#16621);
#15653=CARTESIAN_POINT('NONE',(-7.036590169901,10.44585475047,3.75852549));
#15654=CARTESIAN_POINT('NONE',(-6.521485006643,10.56469461124,3.75852549));
#15655=DIRECTION('NONE',(0.,0.,-1.));
#15656=CARTESIAN_POINT('NONE',(-6.357772022161,11.111675129823,3.757609));
#15657 = ORIENTED_EDGE('NONE',*,*,#16591,.T.) ;
#15658=CARTESIAN_POINT('NONE',(-5.498939999999,-12.296305529988,3.8986385259));
#15659=CARTESIAN_POINT('NONE',(-5.943248458425,10.547732497597,3.757609));
#15660=CARTESIAN_POINT('NONE',(-5.493466568576,11.095284772822,3.757609));
#15661=DIRECTION('NONE',(-1.,0.,0.));
#15662=CARTESIAN_POINT('NONE',(3.4918269,10.906231,2.2454005));
#15663=CARTESIAN_POINT('NONE',(-5.489083101006,10.726692325804,3.75852549));
#15664 = ORIENTED_EDGE('NONE',*,*,#14537,.F.) ;
#15665 = SURFACE_STYLE_USAGE(.BOTH.,#14721) ;
#15666 = ORIENTED_EDGE('NONE',*,*,#3878,.F.) ;
#15667 = ADVANCED_FACE('NONE',(#2783),#8829,.F.) ;
#15668 = EDGE_CURVE('NONE',#15275,#13282,#4018,.T.) ;
#15669=UNCERTAINTY_MEASURE_WITH_UNIT(LENGTH_MEASURE(9.164900000000001E-6),#13691,'distance_accuracy_value','NONE');
#15670 = VERTEX_POINT('NONE',#5586) ;
#15671 = PRESENTATION_STYLE_ASSIGNMENT((#9932)) ;
#15672=DIRECTION('NONE',(1.,0.,0.));
#15673 = PLANE('NONE',#1704) ;
#15674=CARTESIAN_POINT('NONE',(-5.26695564651,11.360961024704,3.75852549));
#15675 = SURFACE_STYLE_FILL_AREA(#10571) ;
#15676=CARTESIAN_POINT('NONE',(-4.942102582425,10.396788744734,3.75852549));
#15677 = ADVANCED_FACE('NONE',(#9131),#7165,.F.) ;
#15678=CARTESIAN_POINT('NONE',(-6.246279477432,11.037918523311,3.757609));
#15679=UNCERTAINTY_MEASURE_WITH_UNIT(LENGTH_MEASURE(9.164900000000001E-6),#5293,'distance_accuracy_value','NONE');
#15680=CARTESIAN_POINT('NONE',(-5.943248458425,10.669135490747,3.75852549));
#15681 = ORIENTED_EDGE('NONE',*,*,#13935,.T.) ;
#15682=CARTESIAN_POINT('NONE',(-7.137307841109,11.113771941138,3.75852549));
#15683 = ORIENTED_EDGE('NONE',*,*,#10945,.F.) ;
#15684 = EDGE_LOOP('NONE',(#7157,#15637,#10318,#10347)) ;
#15685 = ORIENTED_EDGE('NONE',*,*,#5138,.T.) ;
#15686 = EDGE_CURVE('NONE',#15804,#2351,#14043,.T.) ;
#15687 = EDGE_CURVE('NONE',#7765,#3046,#5435,.T.) ;
#15688 = PRESENTATION_STYLE_ASSIGNMENT((#4976)) ;
#15689 = LINE('NONE',#14202,#1195) ;
#15690 = FILL_AREA_STYLE_COLOUR('',#13828) ;
#15691 = PRESENTATION_STYLE_ASSIGNMENT((#12151)) ;
#15692 = EDGE_LOOP('NONE',(#9180,#10671,#6938,#8516)) ;
#15693 = STYLED_ITEM('NONE',(#4588),#3067) ;
#15694=CARTESIAN_POINT('NONE',(-6.138026886995,11.024768120599,3.75852549));
#15695 = PRESENTATION_STYLE_ASSIGNMENT((#11996)) ;
#15696 = SURFACE_SIDE_STYLE('',(#7504)) ;
#15697 = LINE('NONE',#7096,#4827) ;
#15698 = SURFACE_SIDE_STYLE('',(#5068)) ;
#15699 = SURFACE_STYLE_USAGE(.BOTH.,#8092) ;
#15700 = ORIENTED_EDGE('NONE',*,*,#8579,.F.) ;
#15701 = ORIENTED_EDGE('NONE',*,*,#12439,.T.) ;
#15702 = ORIENTED_EDGE('NONE',*,*,#8579,.T.) ;
#15703=CARTESIAN_POINT('NONE',(-7.245976989894,10.970646810797,3.757609));
#15704 = EDGE_LOOP('NONE',(#4956,#13898)) ;
#15705=VECTOR('NONE',#11829,916.49);
#15706 =(GEOMETRIC_REPRESENTATION_CONTEXT(3) GLOBAL_UNCERTAINTY_ASSIGNED_CONTEXT((#9017)) GLOBAL_UNIT_ASSIGNED_CONTEXT((#4855,#3826,#11161)) REPRESENTATION_CONTEXT('NONE','WORKASPACE'));
#15707 = FACE_OUTER_BOUND('NONE',#6468,.T.) ;
#15708 = B_SPLINE_SURFACE_WITH_KNOTS('NONE',3,1,((#2627,#7657),(#7584,#14838),(#15065,#11430),(#7728,#11357)),.UNSPECIFIED.,.F.,.F.,.F.,(4,4),(2,2),(12.000000000000,13.000000000000),(0.,1.),.UNSPECIFIED.) ;
#15709 = LINE('NONE',#1223,#14956) ;
#15710 = FACE_OUTER_BOUND('NONE',#5427,.T.) ;
#15711 = LINE('NONE',#13510,#9727) ;
#15712 = FILL_AREA_STYLE_COLOUR('',#8504) ;
#15713=CARTESIAN_POINT('NONE',(-6.1818615627,10.981886372627,3.757609));
#15714=CARTESIAN_POINT('NONE',(-7.349345187329,10.557174223269,3.75852549));
#15715=CARTESIAN_POINT('NONE',(6.41543,-10.906231,3.757609));
#15716=CARTESIAN_POINT('NONE',(-5.95592239727,11.198772724595,3.75852549));
#15717 = EDGE_LOOP('NONE',(#12619,#10088,#8979,#16482)) ;
#15718=CYLINDRICAL_SURFACE('NONE',#12872,0.824841);
#15719 = EDGE_CURVE('NONE',#14833,#16346,#9013,.T.) ;
#15720 = VERTEX_POINT('NONE',#10119) ;
#15721 =(NAMED_UNIT(*) PLANE_ANGLE_UNIT() SI_UNIT($,.RADIAN.));
#15722 =(GEOMETRIC_REPRESENTATION_CONTEXT(3) GLOBAL_UNCERTAINTY_ASSIGNED_CONTEXT((#4817)) GLOBAL_UNIT_ASSIGNED_CONTEXT((#9439,#7880,#16388)) REPRESENTATION_CONTEXT('NONE','WORKASPACE'));
#15723 = FACE_OUTER_BOUND('NONE',#14148,.T.) ;
#15724=CARTESIAN_POINT('NONE',(-7.937748461634,10.586329304028,3.75852549));
#15725 = ADVANCED_FACE('NONE',(#6676),#11361,.F.) ;
#15726=CARTESIAN_POINT('NONE',(-6.309935049978,11.032772713554,3.757609));
#15727 = EDGE_CURVE('NONE',#8867,#4549,#9446,.T.) ;
#15728 = ORIENTED_EDGE('NONE',*,*,#1380,.T.) ;
#15729 = STYLED_ITEM('NONE',(#15691),#4997) ;
#15730 = FILL_AREA_STYLE('',(#10946)) ;
#15731 = PRESENTATION_STYLE_ASSIGNMENT((#5167)) ;
#15732=DIRECTION('NONE',(0.,0.,1.));
#15733 = PLANE('NONE',#8141) ;
#15734 = ORIENTED_EDGE('NONE',*,*,#14465,.T.) ;
#15735 = SURFACE_STYLE_FILL_AREA(#11100) ;
#15736 = ORIENTED_EDGE('NONE',*,*,#10313,.T.) ;
#15737 = B_SPLINE_SURFACE_WITH_KNOTS('NONE',3,1,((#7312,#1253),(#6046,#10877),(#9852,#9604),(#7463,#12283)),.UNSPECIFIED.,.F.,.F.,.F.,(4,4),(2,2),(11.,12.000000000000),(0.,1.),.UNSPECIFIED.) ;
#15738 =(NAMED_UNIT(*) PLANE_ANGLE_UNIT() SI_UNIT($,.RADIAN.));
#15739=VECTOR('NONE',#7935,916.49);
#15740 = LINE('NONE',#1094,#3094) ;
#15741 = FILL_AREA_STYLE_COLOUR('',#2435) ;
#15742 = MECHANICAL_DESIGN_GEOMETRIC_PRESENTATION_REPRESENTATION('',(#10226),#7182) ;
#15743 = EDGE_CURVE('NONE',#6300,#2067,#6537,.T.) ;
#15744 = ORIENTED_EDGE('NONE',*,*,#4076,.T.) ;
#15745 =(NAMED_UNIT(*) SI_UNIT($,.STERADIAN.) SOLID_ANGLE_UNIT());
#15746=CARTESIAN_POINT('NONE',(-6.569607857146,10.769574073776,3.75852549));
#15747 =(NAMED_UNIT(*) SI_UNIT($,.STERADIAN.) SOLID_ANGLE_UNIT());
#15748=CARTESIAN_POINT('NONE',(12.3267905,-10.906231,3.757609));
#15749 = ADVANCED_FACE('NONE',(#4726),#3609,.F.) ;
#15750 = SURFACE_SIDE_STYLE('',(#12510)) ;
#15751=DIRECTION('NONE',(-1.,0.,0.));
#15752=CARTESIAN_POINT('NONE',(-6.033681300261,10.549066596423,3.75852549));
#15753=VECTOR('NONE',#6569,916.49);
#15754 = PRESENTATION_STYLE_ASSIGNMENT((#2366)) ;
#15755 =(GEOMETRIC_REPRESENTATION_CONTEXT(3) GLOBAL_UNCERTAINTY_ASSIGNED_CONTEXT((#11230)) GLOBAL_UNIT_ASSIGNED_CONTEXT((#12186,#3575,#1325)) REPRESENTATION_CONTEXT('NONE','WORKASPACE'));
#15756 = ORIENTED_EDGE('NONE',*,*,#16310,.T.) ;
#15757 =(NAMED_UNIT(*) SI_UNIT($,.STERADIAN.) SOLID_ANGLE_UNIT());
#15758 = EDGE_LOOP('NONE',(#15736,#7323,#6536,#5988,#14450,#12865,#8061,#2709,#15375,#3856,#12848,#4343,#8461,#6842)) ;
#15759 = ORIENTED_EDGE('NONE',*,*,#4245,.F.) ;
#15760 = MECHANICAL_DESIGN_GEOMETRIC_PRESENTATION_REPRESENTATION('',(#6928),#1683) ;
#15761 = B_SPLINE_CURVE_WITH_KNOTS('NONE',3,(#4746,#7501,#10906,#2553),.UNSPECIFIED.,.F.,.F.,(4,4),(3.000000000000,4.000000000000),.UNSPECIFIED.) ;
#15762 = ORIENTED_EDGE('NONE',*,*,#4309,.F.) ;
#15763 = SURFACE_SIDE_STYLE('',(#8599)) ;
#15764 = FILL_AREA_STYLE_COLOUR('',#6233) ;
#15765 = COLOUR_RGB('',0.949019607843,0.760784313725,0.180392156862) ;
#15766=DIRECTION('NONE',(0.,0.,-1.));
#15767 = LINE('NONE',#11053,#3481) ;
#15768=CARTESIAN_POINT('NONE',(-6.236083150692,10.554974748367,3.75852549));
#15769 = B_SPLINE_CURVE_WITH_KNOTS('NONE',3,(#15869,#11140,#9961,#3935),.UNSPECIFIED.,.F.,.F.,(4,4),(6.000000000000,7.000000000000),.UNSPECIFIED.) ;
#15770 = ORIENTED_EDGE('NONE',*,*,#15472,.F.) ;
#15771 = COLOUR_RGB('',0.949019607843,0.760784313725,0.180392156862) ;
#15772 = MECHANICAL_DESIGN_GEOMETRIC_PRESENTATION_REPRESENTATION('',(#5693),#1935) ;
#15773 =(LENGTH_UNIT() NAMED_UNIT(*) SI_UNIT(.MILLI.,.METRE.));
#15774=CARTESIAN_POINT('NONE',(-6.078659489245,11.049734827198,3.757609));
#15775 =(NAMED_UNIT(*) SI_UNIT($,.STERADIAN.) SOLID_ANGLE_UNIT());
#15776 = VERTEX_POINT('NONE',#15451) ;
#15777 = ORIENTED_EDGE('NONE',*,*,#4473,.T.) ;
#15778 = ORIENTED_EDGE('NONE',*,*,#9364,.F.) ;
#15779=VECTOR('NONE',#9470,916.49);
#15780 = PRESENTATION_STYLE_ASSIGNMENT((#10747)) ;
#15781 =(GEOMETRIC_REPRESENTATION_CONTEXT(3) GLOBAL_UNCERTAINTY_ASSIGNED_CONTEXT((#1260)) GLOBAL_UNIT_ASSIGNED_CONTEXT((#8064,#3388,#15151)) REPRESENTATION_CONTEXT('NONE','WORKASPACE'));
#15782 = MECHANICAL_DESIGN_GEOMETRIC_PRESENTATION_REPRESENTATION('',(#1694),#4693) ;
#15783 =(GEOMETRIC_REPRESENTATION_CONTEXT(3) GLOBAL_UNCERTAINTY_ASSIGNED_CONTEXT((#6810)) GLOBAL_UNIT_ASSIGNED_CONTEXT((#15413,#14460,#11155)) REPRESENTATION_CONTEXT('NONE','WORKASPACE'));
#15784 = EDGE_LOOP('NONE',(#9211,#11456)) ;
#15785=UNCERTAINTY_MEASURE_WITH_UNIT(LENGTH_MEASURE(9.164900000000001E-6),#10112,'distance_accuracy_value','NONE');
#15786 = COLOUR_RGB('',1.,1.,1.) ;
#15787 = MECHANICAL_DESIGN_GEOMETRIC_PRESENTATION_REPRESENTATION('',(#15522),#4399) ;
#15788 = SURFACE_STYLE_FILL_AREA(#7279) ;
#15789 = PRESENTATION_STYLE_ASSIGNMENT((#8764)) ;
#15790=CARTESIAN_POINT('NONE',(-5.248945312361,11.287204418192,3.757609));
#15791 = SURFACE_STYLE_FILL_AREA(#9731) ;
#15792=VECTOR('NONE',#12695,916.49);
#15793 = STYLED_ITEM('NONE',(#4144),#13942) ;
#15794=VECTOR('NONE',#2926,916.49);
#15795=AXIS2_PLACEMENT_3D('NONE',#15839,#14493,#2284);
#15796=CARTESIAN_POINT('NONE',(-5.480220873091,11.224501773379,3.75852549));
#15797=CARTESIAN_POINT('NONE',(-5.8673954109,10.486745122703,3.75852549));
#15798 = EDGE_CURVE('NONE',#9603,#1434,#9624,.T.) ;
#15799 = FACE_OUTER_BOUND('NONE',#6401,.T.) ;
#15800 = EDGE_CURVE('NONE',#10652,#2943,#9534,.T.) ;
#15801 = COLOUR_RGB('',0.949019607843,0.760784313725,0.180392156862) ;
#15802 = SURFACE_STYLE_FILL_AREA(#5154) ;
#15803=CARTESIAN_POINT('NONE',(-7.36524794027,10.55982464839,3.75852549));
#15804 = VERTEX_POINT('NONE',#6909) ;
#15805 = ORIENTED_EDGE('NONE',*,*,#2868,.T.) ;
#15806=CARTESIAN_POINT('NONE',(5.49894,-11.676922941879,4.31599782308));
#15807=VECTOR('NONE',#13738,916.49);
#15808 = ORIENTED_EDGE('NONE',*,*,#10378,.F.) ;
#15809 = STYLED_ITEM('NONE',(#11654),#10355) ;
#15810 =(GEOMETRIC_REPRESENTATION_CONTEXT(3) GLOBAL_UNCERTAINTY_ASSIGNED_CONTEXT((#5913)) GLOBAL_UNIT_ASSIGNED_CONTEXT((#1123,#4409,#12783)) REPRESENTATION_CONTEXT('NONE','WORKASPACE'));
#15811 = MECHANICAL_DESIGN_GEOMETRIC_PRESENTATION_REPRESENTATION('',(#13291),#15297) ;
#15812=UNCERTAINTY_MEASURE_WITH_UNIT(LENGTH_MEASURE(9.164900000000001E-6),#15904,'distance_accuracy_value','NONE');
#15813=CARTESIAN_POINT('NONE',(5.49894,-11.19542767047,4.399152));
#15814=CARTESIAN_POINT('NONE',(-0.705697299999,10.906231,3.8034335));
#15815 = FILL_AREA_STYLE('',(#3749)) ;
#15816 = VERTEX_POINT('NONE',#13160) ;
#15817 = PRESENTATION_STYLE_ASSIGNMENT((#4046)) ;
#15818 =(NAMED_UNIT(*) PLANE_ANGLE_UNIT() SI_UNIT($,.RADIAN.));
#15819=CARTESIAN_POINT('NONE',(-6.078659489245,11.301688919731,3.757609));
#15820 = ADVANCED_FACE('NONE',(#2367),#11663,.F.) ;
#15821 = COLOUR_RGB('',1.,1.,1.) ;
#15822=AXIS2_PLACEMENT_3D('NONE',#2701,#3548,#1293);
#15823 = ADVANCED_FACE('NONE',(#8666),#3778,.F.) ;
#15824 = PLANE('NONE',#5545) ;
#15825=CARTESIAN_POINT('NONE',(10.631284,-10.906231,3.757609));
#15826 = FILL_AREA_STYLE('',(#8791)) ;
#15827 = LINE('NONE',#15663,#14811) ;
#15828 = VERTEX_POINT('NONE',#14668) ;
#15829=CARTESIAN_POINT('NONE',(-6.277059043198,10.459110218454,3.757609));
#15830 = EDGE_LOOP('NONE',(#5841,#4386,#5686,#7895,#7219,#1824,#2538,#12398)) ;
#15831 = PRESENTATION_LAYER_ASSIGNMENT('','',(#5258)) ;
#15832=VECTOR('NONE',#9636,916.49);
#15833 = MECHANICAL_DESIGN_GEOMETRIC_PRESENTATION_REPRESENTATION('',(#8019),#15574) ;
#15834=UNCERTAINTY_MEASURE_WITH_UNIT(LENGTH_MEASURE(9.164900000000001E-6),#10449,'distance_accuracy_value','NONE');
#15835 = SURFACE_STYLE_USAGE(.BOTH.,#7090) ;
#15836=CARTESIAN_POINT('NONE',(-7.245976989894,10.970646810797,3.757609));
#15837 = EDGE_CURVE('NONE',#6969,#11458,#8515,.T.) ;
#15838 = ORIENTED_EDGE('NONE',*,*,#9774,.T.) ;
#15839=CARTESIAN_POINT('NONE',(-5.498939999999,-11.091166380297,4.399152));
#15840 =(LENGTH_UNIT() NAMED_UNIT(*) SI_UNIT(.MILLI.,.METRE.));
#15841=DIRECTION('NONE',(-1.,0.,0.));
#15842=CARTESIAN_POINT('NONE',(-5.803549252808,10.988175695663,3.75852549));
#15843 =(NAMED_UNIT(*) PLANE_ANGLE_UNIT() SI_UNIT($,.RADIAN.));
#15844 = LINE('NONE',#15922,#9829) ;
#15845=CARTESIAN_POINT('NONE',(-6.158419540475,10.437955222787,3.75852549));
#15846=VECTOR('NONE',#5498,916.49);
#15847 =(NAMED_UNIT(*) SI_UNIT($,.STERADIAN.) SOLID_ANGLE_UNIT());
#15848 = FACE_OUTER_BOUND('NONE',#4272,.T.) ;
#15849 = ORIENTED_EDGE('NONE',*,*,#8924,.T.) ;
#15850 = PRESENTATION_STYLE_ASSIGNMENT((#3780)) ;
#15851 = ORIENTED_EDGE('NONE',*,*,#6564,.T.) ;
#15852 = EDGE_CURVE('NONE',#9647,#15469,#14822,.T.) ;
#15853 = B_SPLINE_SURFACE_WITH_KNOTS('NONE',3,1,((#1845,#5532),(#14855,#10363),(#15150,#7676),(#12469,#6477)),.UNSPECIFIED.,.F.,.F.,.F.,(4,4),(2,2),(0.,1.),(0.,1.),.UNSPECIFIED.) ;
#15854 = VERTEX_POINT('NONE',#2685) ;
#15855 = PRESENTATION_LAYER_ASSIGNMENT('','',(#7799)) ;
#15856=CARTESIAN_POINT('NONE',(-6.950450064351,10.981911294499,3.75852549));
#15857 =(NAMED_UNIT(*) PLANE_ANGLE_UNIT() SI_UNIT($,.RADIAN.));
#15858=CARTESIAN_POINT('NONE',(-5.164039451376,10.439289321614,3.75852549));
#15859=CARTESIAN_POINT('NONE',(0.,7.1027975,5.040695));
#15860 = ORIENTED_EDGE('NONE',*,*,#15686,.T.) ;
#15861 = STYLED_ITEM('NONE',(#15444),#8907) ;
#15862=CARTESIAN_POINT('NONE',(-6.324419551515,10.444244545824,3.757609));
#15863=CARTESIAN_POINT('NONE',(-6.211116444094,10.631208966985,3.757609));
#15864=CARTESIAN_POINT('NONE',(1.1639423,10.906231,3.757609));
#15865 = SURFACE_STYLE_USAGE(.BOTH.,#15696) ;
#15867=DIRECTION('NONE',(-1.,0.,0.));
#15866=CARTESIAN_POINT('NONE',(-5.215497548943,11.360961024704,3.757609));
#15868 = PLANE('NONE',#8961) ;
#15869=CARTESIAN_POINT('NONE',(-6.239990154395,10.390499421698,3.757609));
#15870 = VERTEX_POINT('NONE',#3921) ;
#15871 = ORIENTED_EDGE('NONE',*,*,#9396,.F.) ;
#15872 = EDGE_LOOP('NONE',(#2886,#2562,#8170,#3611,#9082,#12065,#1130,#8905,#9537,#7991,#10246,#9557)) ;
#15873 = FILL_AREA_STYLE_COLOUR('',#6812) ;
#15874 = ORIENTED_EDGE('NONE',*,*,#1591,.F.) ;
#15875 = EDGE_CURVE('NONE',#13660,#3342,#4545,.T.) ;
#15876=UNCERTAINTY_MEASURE_WITH_UNIT(LENGTH_MEASURE(9.164900000000001E-6),#14186,'distance_accuracy_value','NONE');
#15877=CARTESIAN_POINT('NONE',(-5.241703061593,11.31331463807,3.75852549));
#15878=DIRECTION('NONE',(-0.355935724369,0.934510438742,0.));
#15879=CARTESIAN_POINT('NONE',(-6.388170416835,10.56469461124,3.75852549));
#15880=VECTOR('NONE',#12236,916.49);
#15881=CARTESIAN_POINT('NONE',(-3.491826899999,10.906231,3.757609));
#15882=CARTESIAN_POINT('NONE',(-5.521101472827,11.283011536168,3.75852549));
#15883=CARTESIAN_POINT('NONE',(-8.096776344915,11.243644768935,3.75852549));
#15885=CARTESIAN_POINT('NONE',(0.,0.,5.040695));
#15884=DIRECTION('NONE',(-1.,0.,0.));
#15886 = COLOUR_RGB('',1.,1.,1.) ;
#15887=CARTESIAN_POINT('NONE',(-6.004045247773,11.360961024704,3.757609));
#15888 = ORIENTED_EDGE('NONE',*,*,#11235,.F.) ;
#15889 = EDGE_CURVE('NONE',#15670,#11382,#12586,.T.) ;
#15890 = ORIENTED_EDGE('NONE',*,*,#9673,.F.) ;
#15891=CARTESIAN_POINT('NONE',(-7.990757772912,10.220565177537,3.75852549));
#15892 =(GEOMETRIC_REPRESENTATION_CONTEXT(3) GLOBAL_UNCERTAINTY_ASSIGNED_CONTEXT((#15032)) GLOBAL_UNIT_ASSIGNED_CONTEXT((#6871,#16504,#5789)) REPRESENTATION_CONTEXT('NONE','WORKASPACE'));
#15893=VECTOR('NONE',#9925,916.49);
#15894 = ORIENTED_EDGE('NONE',*,*,#10403,.F.) ;
#15895 = ADVANCED_FACE('NONE',(#15848),#8060,.F.) ;
#15896 = MECHANICAL_DESIGN_GEOMETRIC_PRESENTATION_REPRESENTATION('',(#2576),#14387) ;
#15897 = SURFACE_SIDE_STYLE('',(#9588)) ;
#15898 = PRESENTATION_STYLE_ASSIGNMENT((#5160)) ;
#15899 = SURFACE_STYLE_FILL_AREA(#14791) ;
#15900=CARTESIAN_POINT('NONE',(-6.110487275519,10.568125151077,3.75852549));
#15901=CARTESIAN_POINT('NONE',(-5.970406898808,10.428616531006,3.75852549));
#15902 = ORIENTED_EDGE('NONE',*,*,#4950,.F.) ;
#15903=VECTOR('NONE',#7758,916.489999999999);
#15904 =(LENGTH_UNIT() NAMED_UNIT(*) SI_UNIT(.MILLI.,.METRE.));
#15905 =(LENGTH_UNIT() NAMED_UNIT(*) SI_UNIT(.MILLI.,.METRE.));
#15906=CARTESIAN_POINT('NONE',(-8.049068035539,10.379592909157,3.757609));
#15907 = SURFACE_SIDE_STYLE('',(#8714)) ;
#15908=CARTESIAN_POINT('NONE',(-5.933719181097,10.428616531006,3.75852549));
#15909=CARTESIAN_POINT('NONE',(-5.019003850454,10.720212417221,3.757609));
#15910=VECTOR('NONE',#2232,916.49);
#15911 = EDGE_LOOP('NONE',(#1513,#3092,#6167,#7384)) ;
#15912 = VERTEX_POINT('NONE',#15046) ;
#15913 = STYLED_ITEM('NONE',(#8825),#1898) ;
#15914 = ADVANCED_FACE('NONE',(#12516),#2146,.T.) ;
#15915=CARTESIAN_POINT('NONE',(10.631284,-10.906231,2.2454005));
#15916 = STYLED_ITEM('NONE',(#1723),#10063) ;
#15917 = ORIENTED_EDGE('NONE',*,*,#5294,.T.) ;
#15918=DIRECTION('NONE',(0.,-1.,0.));
#15919 =(LENGTH_UNIT() NAMED_UNIT(*) SI_UNIT(.MILLI.,.METRE.));
#15920=CARTESIAN_POINT('NONE',(-6.110487275519,10.568125151077,3.75852549));
#15921=CARTESIAN_POINT('NONE',(-5.126684684252,10.988175695663,3.75852549));
#15922=CARTESIAN_POINT('NONE',(-5.628687013854,11.318079276733,3.757609));
#15923 = LINE('NONE',#3992,#7654) ;
#15924=CARTESIAN_POINT('NONE',(-5.630878747636,11.030676272542,3.757609));
#15925 = LINE('NONE',#7334,#1997) ;
#15926 = VERTEX_POINT('NONE',#1970) ;
#15927 = EDGE_CURVE('NONE',#4875,#3452,#16302,.T.) ;
#15928 = ORIENTED_EDGE('NONE',*,*,#12221,.T.) ;
#15929=CARTESIAN_POINT('NONE',(-7.137307841109,11.113771941138,3.75852549));
#15930 = FACE_BOUND('NONE',#5855,.T.) ;
#15931=CARTESIAN_POINT('NONE',(-6.874911810945,10.766561043261,3.75852549));
#15932=CARTESIAN_POINT('NONE',(9.163813426757,-6.233769380297,21.407686738066));
#15933 = EDGE_CURVE('NONE',#9010,#12562,#10327,.T.) ;
#15934 = VERTEX_POINT('NONE',#7944) ;
#15935 = ADVANCED_FACE('NONE',(#2834),#4306,.F.) ;
#15936 = SURFACE_STYLE_FILL_AREA(#14978) ;
#15937=CARTESIAN_POINT('NONE',(5.49894,-8.799941380297,2.1812462));
#15938=CYLINDRICAL_SURFACE('NONE',#5191,0.824841);
#15939 = SURFACE_STYLE_USAGE(.BOTH.,#9641) ;
#15940 = FACE_OUTER_BOUND('NONE',#11540,.T.) ;
#15941 = FILL_AREA_STYLE_COLOUR('',#1950) ;
#15942=DIRECTION('NONE',(0.,0.,-1.));
#15943 = STYLED_ITEM('NONE',(#1639),#3791) ;
#15944 = ORIENTED_EDGE('NONE',*,*,#1674,.F.) ;
#15945 = VERTEX_POINT('NONE',#12971) ;
#15946 = ORIENTED_EDGE('NONE',*,*,#3495,.F.) ;
#15947 = SURFACE_SIDE_STYLE('',(#7946)) ;
#15948 = ORIENTED_EDGE('NONE',*,*,#7638,.F.) ;
#15949 = FILL_AREA_STYLE_COLOUR('',#8219) ;
#15950 =(LENGTH_UNIT() NAMED_UNIT(*) SI_UNIT(.MILLI.,.METRE.));
#15951 = MECHANICAL_DESIGN_GEOMETRIC_PRESENTATION_REPRESENTATION('',(#2857),#6863) ;
#15952 =(NAMED_UNIT(*) SI_UNIT($,.STERADIAN.) SOLID_ANGLE_UNIT());
#15953=CARTESIAN_POINT('NONE',(-5.7308408668,10.299780701542,3.757609));
#15954=DIRECTION('NONE',(-0.341603830681,0.939844041777,0.));
#15955 = SURFACE_STYLE_USAGE(.BOTH.,#9657) ;
#15956 = MECHANICAL_DESIGN_GEOMETRIC_PRESENTATION_REPRESENTATION('',(#5125),#12174) ;
#15957 =(NAMED_UNIT(*) SI_UNIT($,.STERADIAN.) SOLID_ANGLE_UNIT());
#15958=CARTESIAN_POINT('NONE',(-5.947822511542,10.631208966985,3.75852549));
#15959 =(NAMED_UNIT(*) PLANE_ANGLE_UNIT() SI_UNIT($,.RADIAN.));
#15960 = ADVANCED_FACE('NONE',(#9280,#14025),#2194,.F.) ;
#15961 = LINE('NONE',#6178,#8233) ;
#15962 = VERTEX_POINT('NONE',#5645) ;
#15963 = ORIENTED_EDGE('NONE',*,*,#6788,.T.) ;
#15964 = SURFACE_STYLE_USAGE(.BOTH.,#9981) ;
#15965 = COLOUR_RGB('',1.,1.,1.) ;
#15966 = EDGE_LOOP('NONE',(#16473,#10980,#2601,#2494)) ;
#15967=CARTESIAN_POINT('NONE',(-5.815079678374,10.271383455106,3.75852549));
#15968=UNCERTAINTY_MEASURE_WITH_UNIT(LENGTH_MEASURE(9.164900000000001E-6),#3806,'distance_accuracy_value','NONE');
#15969=CARTESIAN_POINT('NONE',(-6.874911810945,10.673794748524,3.757609));
#15970 =(LENGTH_UNIT() NAMED_UNIT(*) SI_UNIT(.MILLI.,.METRE.));
#15971=CARTESIAN_POINT('NONE',(-5.52005325232,11.069555724037,3.75852549));
#15972 = PRESENTATION_LAYER_ASSIGNMENT('','',(#11675)) ;
#15973 = SURFACE_STYLE_USAGE(.BOTH.,#14946) ;
#15974 = SURFACE_SIDE_STYLE('',(#11167)) ;
#15975=DIRECTION('NONE',(0.,0.,-1.));
#15976 = FACE_OUTER_BOUND('NONE',#13400,.T.) ;
#15977 = B_SPLINE_SURFACE_WITH_KNOTS('NONE',3,1,((#12963,#12036),(#9424,#8332),(#7059,#14405),(#5881,#12117)),.UNSPECIFIED.,.F.,.F.,.F.,(4,4),(2,2),(4.000000000000,5.000000000000),(0.,1.),.UNSPECIFIED.) ;
#15978=CARTESIAN_POINT('NONE',(-5.927334565289,10.489985076993,3.75852549));
#15979 = VERTEX_POINT('NONE',#13146) ;
#15980 =(GEOMETRIC_REPRESENTATION_CONTEXT(3) GLOBAL_UNCERTAINTY_ASSIGNED_CONTEXT((#7014)) GLOBAL_UNIT_ASSIGNED_CONTEXT((#14287,#6850,#4580)) REPRESENTATION_CONTEXT('NONE','WORKASPACE'));
#15981 = SURFACE_STYLE_FILL_AREA(#2887) ;
#15982=UNCERTAINTY_MEASURE_WITH_UNIT(LENGTH_MEASURE(9.164900000000001E-6),#8904,'distance_accuracy_value','NONE');
#15983 = SURFACE_STYLE_FILL_AREA(#5109) ;
#15984=VECTOR('NONE',#3383,916.49);
#15985=DIRECTION('NONE',(0.,1.,0.));
#15986=CARTESIAN_POINT('NONE',(-5.489083101006,10.439289321614,3.75852549));
#15987=DIRECTION('NONE',(0.,0.,1.));
#15988=CARTESIAN_POINT('NONE',(-12.464263999999,12.739211,3.757609));
#15989=CARTESIAN_POINT('NONE',(-7.839681164994,10.718852733886,3.757609));
#15990=CARTESIAN_POINT('NONE',(9.163813426757,-3.301001380297,2.2728952));
#15991 = LINE('NONE',#9868,#1626) ;
#15992 = EDGE_CURVE('NONE',#9213,#16173,#9795,.T.) ;
#15993=CARTESIAN_POINT('NONE',(-5.583518239321,11.030676272542,3.757609));
#15994 = SURFACE_STYLE_USAGE(.BOTH.,#3996) ;
#15995 = VERTEX_POINT('NONE',#3352) ;
#15996 = MECHANICAL_DESIGN_GEOMETRIC_PRESENTATION_REPRESENTATION('',(#5166),#14487) ;
#15997 = EDGE_LOOP('NONE',(#7251,#14281,#6556,#7145)) ;
#15998 = LINE('NONE',#12388,#10451) ;
#15999=DIRECTION('NONE',(0.,0.,-1.));
#16000 = SURFACE_STYLE_USAGE(.BOTH.,#2621) ;
#16001=CIRCLE('NONE',#3147,0.458245);
#16002 = ORIENTED_EDGE('NONE',*,*,#10839,.F.) ;
#16003 = EDGE_CURVE('NONE',#6157,#4485,#8110,.T.) ;
#16004 = LINE('NONE',#14835,#14783) ;
#16005=VECTOR('NONE',#3202,916.49);
#16006=CARTESIAN_POINT('NONE',(-5.893505630776,10.525052817558,3.757609));
#16008 = FACE_BOUND('NONE',#5634,.T.) ;
#16007 =(LENGTH_UNIT() NAMED_UNIT(*) SI_UNIT(.MILLI.,.METRE.));
#16009=CARTESIAN_POINT('NONE',(-6.272866161175,10.497608498856,3.75852549));
#16010 = EDGE_CURVE('NONE',#8558,#1542,#13358,.T.) ;
#16011 = ORIENTED_EDGE('NONE',*,*,#15532,.T.) ;
#16012 = ORIENTED_EDGE('NONE',*,*,#9875,.F.) ;
#16013 = VERTEX_POINT('NONE',#16454) ;
#16014=VECTOR('NONE',#7525,916.49);
#16015 = ORIENTED_EDGE('NONE',*,*,#7314,.T.) ;
#16016 = EDGE_CURVE('NONE',#7894,#1194,#14128,.T.) ;
#16017 = EDGE_CURVE('NONE',#8149,#13241,#12205,.T.) ;
#16018 = MECHANICAL_DESIGN_GEOMETRIC_PRESENTATION_REPRESENTATION('',(#2915),#12977) ;
#16019=CARTESIAN_POINT('NONE',(-5.179572173419,11.132258368852,3.75852549));
#16020=DIRECTION('NONE',(0.,0.,-1.));
#16021=AXIS2_PLACEMENT_3D('NONE',#10908,#10739,#3472);
#16022=UNCERTAINTY_MEASURE_WITH_UNIT(LENGTH_MEASURE(9.164900000000001E-6),#12134,'distance_accuracy_value','NONE');
#16023 =(NAMED_UNIT(*) SI_UNIT($,.STERADIAN.) SOLID_ANGLE_UNIT());
#16024 =(LENGTH_UNIT() NAMED_UNIT(*) SI_UNIT(.MILLI.,.METRE.));
#16025 = FACE_OUTER_BOUND('NONE',#2297,.T.) ;
#16026 = LINE('NONE',#7904,#12609) ;
#16028 = FILL_AREA_STYLE_COLOUR('',#1980) ;
#16027 = FILL_AREA_STYLE('',(#6480)) ;
#16029=CARTESIAN_POINT('NONE',(-4.777817841302,10.710683139892,3.75852549));
#16030 = COLOUR_RGB('',1.,1.,1.) ;
#16031 = FILL_AREA_STYLE('',(#11222)) ;
#16032 =(GEOMETRIC_REPRESENTATION_CONTEXT(3) GLOBAL_UNCERTAINTY_ASSIGNED_CONTEXT((#5241)) GLOBAL_UNIT_ASSIGNED_CONTEXT((#14925,#10274,#9970)) REPRESENTATION_CONTEXT('NONE','WORKASPACE'));
#16033 = VERTEX_POINT('NONE',#3837) ;
#16034 =(GEOMETRIC_REPRESENTATION_CONTEXT(3) GLOBAL_UNCERTAINTY_ASSIGNED_CONTEXT((#7932)) GLOBAL_UNIT_ASSIGNED_CONTEXT((#10221,#1947,#11397)) REPRESENTATION_CONTEXT('NONE','WORKASPACE'));
#16035 = ORIENTED_EDGE('NONE',*,*,#4474,.T.) ;
#16036 = MECHANICAL_DESIGN_GEOMETRIC_PRESENTATION_REPRESENTATION('',(#7209),#8485) ;
#16037=DIRECTION('NONE',(-1.,0.,0.));
#16038 = VERTEX_POINT('NONE',#6126) ;
#16039 = EDGE_CURVE('NONE',#13026,#10723,#12125,.T.) ;
#16040 = ADVANCED_FACE('NONE',(#5034),#15737,.F.) ;
#16041=VECTOR('NONE',#10202,916.49);
#16042 = FILL_AREA_STYLE_COLOUR('',#10228) ;
#16043=CIRCLE('NONE',#15041,0.824841);
#16044=AXIS2_PLACEMENT_3D('NONE',#6482,#6698,#11302);
#16045=CARTESIAN_POINT('NONE',(1.83298,-11.389364044877,2.1812462));
#16046=CARTESIAN_POINT('NONE',(-5.80335866726,10.271383455106,3.757609));
#16047 = PLANE('NONE',#6916) ;
#16048=DIRECTION('NONE',(0.,1.,0.));
#16049=VECTOR('NONE',#7479,916.49);
#16050=CARTESIAN_POINT('NONE',(-7.121405088169,10.565125599741,3.757609));
#16051 = FACE_OUTER_BOUND('NONE',#2141,.T.) ;
#16052 = PRESENTATION_STYLE_ASSIGNMENT((#3973)) ;
#16053 = EDGE_CURVE('NONE',#2540,#3926,#10904,.T.) ;
#16054 = EDGE_CURVE('NONE',#13296,#13911,#6367,.T.) ;
#16055=DIRECTION('NONE',(0.,0.,1.));
#16056=UNCERTAINTY_MEASURE_WITH_UNIT(LENGTH_MEASURE(9.164900000000001E-6),#10017,'distance_accuracy_value','NONE');
#16057=CIRCLE('NONE',#4454,0.824841);
#16058 = COLOUR_RGB('',0.949019607843,0.760784313725,0.180392156862) ;
#16059 = COLOUR_RGB('',1.,1.,1.) ;
#16060=CARTESIAN_POINT('NONE',(-7.958952165924,11.3576147806,3.75852549));
#16061 = PRESENTATION_LAYER_ASSIGNMENT('','',(#4215)) ;
#16063 = COLOUR_RGB('',1.,1.,1.) ;
#16062 = SURFACE_STYLE_USAGE(.BOTH.,#12728) ;
#16064=CIRCLE('NONE',#4217,1.2372615);
#16065 = ORIENTED_EDGE('NONE',*,*,#13715,.T.) ;
#16066=DIRECTION('NONE',(0.,0.,-1.));
#16067=CARTESIAN_POINT('NONE',(-2.666985899999,10.906231,3.8034335));
#16068=CARTESIAN_POINT('NONE',(-6.110487275519,10.396788744734,3.757609));
#16069 = PRESENTATION_LAYER_ASSIGNMENT('','',(#8255)) ;
#16070 = STYLED_ITEM('NONE',(#7674),#10864) ;
#16071 = COLOUR_RGB('',1.,1.,1.) ;
#16072 = EDGE_LOOP('NONE',(#9814,#12729,#3351,#9792)) ;
#16073=DIRECTION('NONE',(-1.,0.,0.));
#16074 = FILL_AREA_STYLE_COLOUR('',#13575) ;
#16075 = FILL_AREA_STYLE_COLOUR('',#3195) ;
#16076=DIRECTION('NONE',(1.,0.,0.));
#16077=DIRECTION('NONE',(0.,0.,1.));
#16078=CARTESIAN_POINT('NONE',(-6.002615856173,10.390499421698,3.757609));
#16079=CARTESIAN_POINT('NONE',(-5.943248458425,10.669135490747,3.757609));
#16080 = SURFACE_STYLE_FILL_AREA(#1593) ;
#16081 = ORIENTED_EDGE('NONE',*,*,#7575,.T.) ;
#16082 = STYLED_ITEM('NONE',(#3134),#11186) ;
#16083 = STYLED_ITEM('NONE',(#15789),#7629) ;
#16084 = ORIENTED_EDGE('NONE',*,*,#6728,.T.) ;
#16085=CARTESIAN_POINT('NONE',(-5.984605522025,10.621298518563,3.757609));
#16086=CARTESIAN_POINT('NONE',(-4.962781114222,10.587946047917,3.75852549));
#16087=DIRECTION('NONE',(-1.,0.,0.));
#16088=CARTESIAN_POINT('NONE',(-5.570272543836,11.360961024704,3.757609));
#16089 = FILL_AREA_STYLE('',(#2775)) ;
#16090 = ORIENTED_EDGE('NONE',*,*,#6868,.T.) ;
#16091 =(NAMED_UNIT(*) PLANE_ANGLE_UNIT() SI_UNIT($,.RADIAN.));
#16092=CARTESIAN_POINT('NONE',(-5.872636513431,10.501420209788,3.757609));
#16093 = SURFACE_STYLE_USAGE(.BOTH.,#7656) ;
#16095 = SURFACE_STYLE_USAGE(.BOTH.,#5204) ;
#16094 = PLANE('NONE',#8348) ;
#16096=CARTESIAN_POINT('NONE',(-6.303931605262,11.312361710336,3.757609));
#16097=AXIS2_PLACEMENT_3D('NONE',#13131,#13206,#14640);
#16098 =(LENGTH_UNIT() NAMED_UNIT(*) SI_UNIT(.MILLI.,.METRE.));
#16099 = ORIENTED_EDGE('NONE',*,*,#13811,.T.) ;
#16100=CARTESIAN_POINT('NONE',(5.49894,-12.49459610429,3.503826642846));
#16101 = VERTEX_POINT('NONE',#14569) ;
#16102 = EDGE_LOOP('NONE',(#2013,#2892,#7121,#1377,#8359,#8762,#15928,#15632,#10468,#7792,#15756,#2498,#4904,#5104,#4647,#5766,#1152,#3553,#8832,#6107,#2151,#13574,#2296,#6937,#3303,#9012,#13672,#13466,#5035,#8651,#2465,#11853,#6070)) ;
#16103 = PLANE('NONE',#12846) ;
#16104 = ORIENTED_EDGE('NONE',*,*,#6217,.F.) ;
#16105=AXIS2_PLACEMENT_3D('NONE',#15353,#16623,#2272);
#16106 = ADVANCED_FACE('NONE',(#2600),#6291,.F.) ;
#16107=CARTESIAN_POINT('NONE',(-12.372615,-8.340058999999,4.399152));
#16108 = EDGE_CURVE('NONE',#5460,#14521,#5254,.T.) ;
#16109 = B_SPLINE_SURFACE_WITH_KNOTS('NONE',3,1,((#13346,#15774),(#9639,#12155),(#15694,#2382),(#8531,#12230)),.UNSPECIFIED.,.F.,.F.,.F.,(4,4),(2,2),(12.000000000000,13.000000000000),(0.,1.),.UNSPECIFIED.) ;
#16110 =(NAMED_UNIT(*) PLANE_ANGLE_UNIT() SI_UNIT($,.RADIAN.));
#16111=CARTESIAN_POINT('NONE',(-5.242846574871,11.31331463807,3.75852549));
#16112=CARTESIAN_POINT('NONE',(-6.078659489245,11.352003504017,3.757609));
#16113=CARTESIAN_POINT('NONE',(-5.163753573053,10.396788744734,3.75852549));
#16114 =(NAMED_UNIT(*) SI_UNIT($,.STERADIAN.) SOLID_ANGLE_UNIT());
#16115=CARTESIAN_POINT('NONE',(-6.078659489245,11.049734827198,3.757609));
#16116 = MECHANICAL_DESIGN_GEOMETRIC_PRESENTATION_REPRESENTATION('',(#3260),#4520) ;
#16117 = SURFACE_STYLE_USAGE(.BOTH.,#9006) ;
#16118 = ORIENTED_EDGE('NONE',*,*,#2535,.T.) ;
#16119 = EDGE_LOOP('NONE',(#15498,#7763,#6230,#1599)) ;
#16120 = MECHANICAL_DESIGN_GEOMETRIC_PRESENTATION_REPRESENTATION('',(#8797),#15605) ;
#16121=CYLINDRICAL_SURFACE('NONE',#16125,0.458245);
#16122 = EDGE_CURVE('NONE',#13317,#2707,#4290,.T.) ;
#16123 = ORIENTED_EDGE('NONE',*,*,#14462,.T.) ;
#16124 = ADVANCED_FACE('NONE',(#6502),#1718,.T.) ;
#16125=AXIS2_PLACEMENT_3D('NONE',#15090,#2945,#16037);
#16126 = STYLED_ITEM('NONE',(#9720),#15667) ;
#16127=CARTESIAN_POINT('NONE',(-6.316796129653,10.425376576714,3.75852549));
#16128=UNCERTAINTY_MEASURE_WITH_UNIT(LENGTH_MEASURE(9.164900000000001E-6),#11561,'distance_accuracy_value','NONE');
#16129=CARTESIAN_POINT('NONE',(5.49894,-12.49459610429,3.076571557153));
#16130=CARTESIAN_POINT('NONE',(-8.1338828527,11.087267437159,3.75852549));
#16131=CARTESIAN_POINT('NONE',(-6.874911810945,10.766561043261,3.757609));
#16132=AXIS2_PLACEMENT_3D('NONE',#5491,#4299,#16149);
#16133=CARTESIAN_POINT('NONE',(-5.498939999999,-11.676922941879,2.264400376919));
#16134=DIRECTION('NONE',(0.,0.,-1.));
#16135 = ADVANCED_FACE('NONE',(#7620),#5334,.F.) ;
#16136=CARTESIAN_POINT('NONE',(-5.626781158386,11.360961024704,3.75852549));
#16137 = COLOUR_RGB('',1.,1.,1.) ;
#16138=CARTESIAN_POINT('NONE',(-5.498939999999,-12.224577336448,3.840558939134));
#16139=DIRECTION('NONE',(1.,0.,0.));
#16140 = FILL_AREA_STYLE_COLOUR('',#3805) ;
#16141 = ORIENTED_EDGE('NONE',*,*,#1233,.T.) ;
#16142 =(GEOMETRIC_REPRESENTATION_CONTEXT(3) GLOBAL_UNCERTAINTY_ASSIGNED_CONTEXT((#12050)) GLOBAL_UNIT_ASSIGNED_CONTEXT((#2961,#10152,#5392)) REPRESENTATION_CONTEXT('NONE','WORKASPACE'));
#16143=CARTESIAN_POINT('NONE',(-8.398929409091,10.822220880767,3.757609));
#16144=AXIS2_PLACEMENT_3D('NONE',#8298,#13101,#2310);
#16145 = MECHANICAL_DESIGN_GEOMETRIC_PRESENTATION_REPRESENTATION('',(#3052),#16660) ;
#16146=DIRECTION('NONE',(0.,0.,-1.));
#16147 =(LENGTH_UNIT() NAMED_UNIT(*) SI_UNIT(.MILLI.,.METRE.));
#16148 = ORIENTED_EDGE('NONE',*,*,#8972,.T.) ;
#16149=DIRECTION('NONE',(-1.,0.,0.));
#16150=CARTESIAN_POINT('NONE',(-7.791972805064,10.663192946932,3.757609));
#16151=DIRECTION('NONE',(0.,0.,-1.));
#16152 =(NAMED_UNIT(*) SI_UNIT($,.STERADIAN.) SOLID_ANGLE_UNIT());
#16153=CARTESIAN_POINT('NONE',(-5.877401152094,10.425567162263,3.757609));
#16154=CARTESIAN_POINT('NONE',(-6.874911810945,10.766561043261,3.75852549));
#16155 = EDGE_CURVE('NONE',#1298,#14062,#14953,.T.) ;
#16156=CARTESIAN_POINT('NONE',(-6.017005064938,10.647980495079,3.757609));
#16157 = EDGE_CURVE('NONE',#12936,#10654,#4128,.T.) ;
#16158=CIRCLE('NONE',#12387,1.2372615);
#16159=CARTESIAN_POINT('NONE',(-5.822607807463,11.198772724595,3.757609));
#16160 = VERTEX_POINT('NONE',#14007) ;
#16161 = STYLED_ITEM('NONE',(#16319),#9952) ;
#16162 = ADVANCED_FACE('NONE',(#11637),#9415,.F.) ;
#16163=CARTESIAN_POINT('NONE',(-5.913517113164,10.536678535896,3.757609));
#16164 = ORIENTED_EDGE('NONE',*,*,#2196,.F.) ;
#16165 = PRESENTATION_STYLE_ASSIGNMENT((#3074)) ;
#16166=DIRECTION('NONE',(0.,1.,0.));
#16167 =(NAMED_UNIT(*) SI_UNIT($,.STERADIAN.) SOLID_ANGLE_UNIT());
#16168 = FILL_AREA_STYLE_COLOUR('',#8099) ;
#16169=DIRECTION('NONE',(0.,0.,-1.));
#16170 = SURFACE_SIDE_STYLE('',(#10412)) ;
#16171 = VERTEX_POINT('NONE',#14238) ;
#16172=CARTESIAN_POINT('NONE',(0.339101299999,10.906231,3.757609));
#16173 = VERTEX_POINT('NONE',#5872) ;
#16174 = EDGE_LOOP('NONE',(#8616,#12220,#12111,#12549)) ;
#16175 = LINE('NONE',#7821,#16648) ;
#16176 = EDGE_CURVE('NONE',#12152,#6535,#12805,.T.) ;
#16177 = EDGE_CURVE('NONE',#9135,#8375,#8166,.T.) ;
#16178 = VERTEX_POINT('NONE',#10689) ;
#16179=CARTESIAN_POINT('NONE',(-5.480220873091,11.177998900022,3.75852549));
#16180=CARTESIAN_POINT('NONE',(-7.890040101705,10.427301370193,3.757609));
#16181=DIRECTION('NONE',(-1.,0.,0.));
#16182=UNCERTAINTY_MEASURE_WITH_UNIT(LENGTH_MEASURE(9.164900000000001E-6),#12899,'distance_accuracy_value','NONE');
#16183=DIRECTION('NONE',(0.,0.,1.));
#16184=CARTESIAN_POINT('NONE',(-6.569607857146,10.769574073776,3.757609));
#16185=CARTESIAN_POINT('NONE',(-5.998804145243,10.584706093627,3.757609));
#16186 = VERTEX_POINT('NONE',#15417) ;
#16187=CARTESIAN_POINT('NONE',(-6.16699589007,11.367250347742,3.75852549));
#16188=CARTESIAN_POINT('NONE',(11.8685455,-10.906231,2.2454005));
#16189=DIRECTION('NONE',(0.,0.,-1.));
#16191 = LINE('NONE',#5684,#12536) ;
#16190=DIRECTION('NONE',(0.,0.,1.));
#16192 = ORIENTED_EDGE('NONE',*,*,#4163,.F.) ;
#16193 = ORIENTED_EDGE('NONE',*,*,#12370,.F.) ;
#16194 = ORIENTED_EDGE('NONE',*,*,#4145,.T.) ;
#16195 = ORIENTED_EDGE('NONE',*,*,#2243,.T.) ;
#16196 = COLOUR_RGB('',1.,1.,1.) ;
#16197 = SURFACE_STYLE_USAGE(.BOTH.,#9986) ;
#16198=CIRCLE('NONE',#9136,1.2372615);
#16199=CARTESIAN_POINT('NONE',(5.49894,-11.676922941879,2.264400376919));
#16200 = SURFACE_STYLE_FILL_AREA(#7690) ;
#16201=CARTESIAN_POINT('NONE',(-5.943248458425,10.669135490747,3.757609));
#16202 = PLANE('NONE',#7582) ;
#16203 = EDGE_CURVE('NONE',#5033,#4093,#13711,.T.) ;
#16204=DIRECTION('NONE',(1.,0.,0.));
#16205=AXIS2_PLACEMENT_3D('NONE',#5432,#7815,#5661);
#16206 = FILL_AREA_STYLE_COLOUR('',#2166) ;
#16207 = SURFACE_STYLE_USAGE(.BOTH.,#14883) ;
#16208 = COLOUR_RGB('',1.,1.,1.) ;
#16209=UNCERTAINTY_MEASURE_WITH_UNIT(LENGTH_MEASURE(9.164900000000001E-6),#13967,'distance_accuracy_value','NONE');
#16210=CARTESIAN_POINT('NONE',(-8.441336868224,11.11907286721,3.75852549));
#16211 = VERTEX_POINT('NONE',#4688) ;
#16212 = ADVANCED_FACE('NONE',(#13046,#15252),#15175,.T.) ;
#16213 = EDGE_CURVE('NONE',#12675,#3124,#6926,.T.) ;
#16214=VECTOR('NONE',#1817,916.49);
#16215=CARTESIAN_POINT('NONE',(-7.993408198034,11.047510453699,3.75852549));
#16216=DIRECTION('NONE',(1.,0.,0.));
#16217=CARTESIAN_POINT('NONE',(-6.078659489245,11.301688919731,3.757609));
#16218 = ORIENTED_EDGE('NONE',*,*,#9838,.T.) ;
#16219 =(NAMED_UNIT(*) PLANE_ANGLE_UNIT() SI_UNIT($,.RADIAN.));
#16220=DIRECTION('NONE',(1.,0.,0.));
#16221 = SURFACE_STYLE_USAGE(.BOTH.,#4227) ;
#16222 = SURFACE_STYLE_FILL_AREA(#3127) ;
#16223 = SURFACE_STYLE_FILL_AREA(#11340) ;
#16224=DIRECTION('NONE',(0.,0.,-1.));
#16225 = COLOUR_RGB('',1.,1.,1.) ;
#16226=CARTESIAN_POINT('NONE',(-7.267180694184,10.970646810797,3.75852549));
#16227 = B_SPLINE_SURFACE_WITH_KNOTS('NONE',3,1,((#3018,#4497),(#9547,#7092),(#2076,#10662),(#7017,#6925)),.UNSPECIFIED.,.F.,.F.,.F.,(4,4),(2,2),(0.,1.),(0.,1.),.UNSPECIFIED.) ;
#16228 = ORIENTED_EDGE('NONE',*,*,#6561,.F.) ;
#16229 = EDGE_CURVE('NONE',#3931,#1833,#12023,.T.) ;
#16230=CARTESIAN_POINT('NONE',(-5.079705347029,10.452249138777,3.757609));
#16231 = ADVANCED_FACE('NONE',(#1236),#10768,.F.) ;
#16232 =(NAMED_UNIT(*) PLANE_ANGLE_UNIT() SI_UNIT($,.RADIAN.));
#16233 = FILL_AREA_STYLE('',(#16314)) ;
#16234 = ORIENTED_EDGE('NONE',*,*,#13130,.F.) ;
#16235 =(NAMED_UNIT(*) SI_UNIT($,.STERADIAN.) SOLID_ANGLE_UNIT());
#16236=DIRECTION('NONE',(0.,0.,1.));
#16237 = SURFACE_STYLE_USAGE(.BOTH.,#4010) ;
#16238=CARTESIAN_POINT('NONE',(-5.988607818503,10.570602763183,3.757609));
#16239=CARTESIAN_POINT('NONE',(-6.026629635039,10.395835817,3.75852549));
#16240=CARTESIAN_POINT('NONE',(-5.714355217025,10.441004591531,3.757609));
#16241 = VERTEX_POINT('NONE',#5090) ;
#16242=CARTESIAN_POINT('NONE',(5.49894,-11.922747486017,2.372234117331));
#16243 = EDGE_LOOP('NONE',(#14577,#14988,#6624,#14415)) ;
#16244 = ORIENTED_EDGE('NONE',*,*,#3194,.F.) ;
#16245 = ORIENTED_EDGE('NONE',*,*,#2090,.F.) ;
#16246=VECTOR('NONE',#6729,916.49);
#16247 = PRESENTATION_STYLE_ASSIGNMENT((#5298)) ;
#16248=CARTESIAN_POINT('NONE',(-7.993408248587,10.379592909157,3.757609));
#16249 = LINE('NONE',#10276,#5963) ;
#16250 =(NAMED_UNIT(*) SI_UNIT($,.STERADIAN.) SOLID_ANGLE_UNIT());
#16251=CARTESIAN_POINT('NONE',(-7.267180694184,10.970646810797,3.75852549));
#16252 = ORIENTED_EDGE('NONE',*,*,#7859,.T.) ;
#16253 = SURFACE_SIDE_STYLE('',(#2080)) ;
#16254 = FILL_AREA_STYLE_COLOUR('',#6801) ;
#16256=DIRECTION('NONE',(0.,0.,1.));
#16255 = SURFACE_STYLE_USAGE(.BOTH.,#4587) ;
#16257=CARTESIAN_POINT('NONE',(-4.779818989539,10.701916204751,3.75852549));
#16258 = FILL_AREA_STYLE_COLOUR('',#12029) ;
#16259 = VERTEX_POINT('NONE',#3821) ;
#16260 = ORIENTED_EDGE('NONE',*,*,#13430,.F.) ;
#16261=VECTOR('NONE',#12878,916.49);
#16262 = ORIENTED_EDGE('NONE',*,*,#15313,.F.) ;
#16263=CARTESIAN_POINT('NONE',(-6.278011970931,10.99884848627,3.75852549));
#16264=VECTOR('NONE',#12480,916.49);
#16265 = ORIENTED_EDGE('NONE',*,*,#3327,.T.) ;
#16266=CIRCLE('NONE',#9465,1.2372615);
#16267 = COLOUR_RGB('',0.949019607843,0.760784313725,0.180392156862) ;
#16268 =(LENGTH_UNIT() NAMED_UNIT(*) SI_UNIT(.MILLI.,.METRE.));
#16269 = B_SPLINE_CURVE_WITH_KNOTS('NONE',3,(#6039,#13135,#4936,#15426,#3507,#3661,#15658,#7302,#6281,#3972,#2743,#11165,#12351,#5099,#7614,#16133,#2881,#6424,#7777),.UNSPECIFIED.,.F.,.F.,(4,1,1,1,1,1,1,1,1,1,1,1,1,1,1,1,4),(0.,0.079394588438,0.151958790294,0.218848064049,0.281050642909,0.339424412065,0.394771809651,0.447951040604,0.499999999999,0.552048959395,0.605228190348,0.660575587934,0.718949357090,0.781151935950,0.848041209705,0.920605411561,1.),.UNSPECIFIED.) ;
#16270=CARTESIAN_POINT('NONE',(5.49894,-12.418771579374,3.708937885747));
#16271 = MECHANICAL_DESIGN_GEOMETRIC_PRESENTATION_REPRESENTATION('',(#1459),#9476) ;
#16272=VECTOR('NONE',#4714,916.49);
#16273=CARTESIAN_POINT('NONE',(5.49894,-12.40474933837,3.09854172149));
#16274 = LINE('NONE',#1943,#6790) ;
#16276=DIRECTION('NONE',(0.,0.,-1.));
#16275=CARTESIAN_POINT('NONE',(-4.770861468852,10.700963277019,3.75852549));
#16277 = PRESENTATION_LAYER_ASSIGNMENT('','',(#1186)) ;
#16278 = PRESENTATION_STYLE_ASSIGNMENT((#13858)) ;
#16279=VECTOR('NONE',#10701,916.49);
#16280 =(NAMED_UNIT(*) SI_UNIT($,.STERADIAN.) SOLID_ANGLE_UNIT());
#16281=CARTESIAN_POINT('NONE',(3.4918269,10.906231,3.8034335));
#16282 = SURFACE_STYLE_FILL_AREA(#7929) ;
#16283 = ORIENTED_EDGE('NONE',*,*,#13852,.T.) ;
#16284 =(GEOMETRIC_REPRESENTATION_CONTEXT(3) GLOBAL_UNCERTAINTY_ASSIGNED_CONTEXT((#9781)) GLOBAL_UNIT_ASSIGNED_CONTEXT((#8070,#11685,#9643)) REPRESENTATION_CONTEXT('NONE','WORKASPACE'));
#16285=CIRCLE('NONE',#4191,0.824841);
#16286=UNCERTAINTY_MEASURE_WITH_UNIT(LENGTH_MEASURE(9.164900000000001E-6),#11378,'distance_accuracy_value','NONE');
#16287=CARTESIAN_POINT('NONE',(-7.381150693211,11.41062409504,3.75852549));
#16288 = EDGE_CURVE('NONE',#8591,#3010,#14464,.T.) ;
#16289=CARTESIAN_POINT('NONE',(-7.958952165924,11.3576147806,3.757609));
#16290=CARTESIAN_POINT('NONE',(-5.489083101006,10.56469461124,3.75852549));
#16291 = ADVANCED_FACE('NONE',(#9907),#15718,.T.) ;
#16292 = VERTEX_POINT('NONE',#5016) ;
#16293=CARTESIAN_POINT('NONE',(-7.280433022003,11.323158723214,3.757609));
#16294 = FACE_OUTER_BOUND('NONE',#14097,.T.) ;
#16295 = PRESENTATION_LAYER_ASSIGNMENT('','',(#16566)) ;
#16296 = PRESENTATION_LAYER_ASSIGNMENT('','',(#4456)) ;
#16297 = PRESENTATION_LAYER_ASSIGNMENT('','',(#10530)) ;
#16298=VECTOR('NONE',#7362,916.49);
#16299=DIRECTION('NONE',(-0.94344523308,0.331528418357,0.));
#16300=CARTESIAN_POINT('NONE',(-6.298404624412,10.599000009617,3.757609));
#16301=AXIS2_PLACEMENT_3D('NONE',#15715,#9739,#7365);
#16302 = LINE('NONE',#5497,#6329) ;
#16303 = B_SPLINE_CURVE_WITH_KNOTS('NONE',3,(#16614,#5878,#3656,#10624),.UNSPECIFIED.,.F.,.F.,(4,4),(12.000000000000,13.000000000000),.UNSPECIFIED.) ;
#16304=CARTESIAN_POINT('NONE',(-5.806979792645,10.31140641988,3.757609));
#16305 = ORIENTED_EDGE('NONE',*,*,#5138,.F.) ;
#16306 = STYLED_ITEM('NONE',(#11566),#11434) ;
#16307 = COLOUR_RGB('',0.949019607843,0.760784313725,0.180392156862) ;
#16308 = STYLED_ITEM('NONE',(#4332),#10921) ;
#16309 = STYLED_ITEM('NONE',(#13913),#7078) ;
#16310 = EDGE_CURVE('NONE',#5599,#4315,#2988,.T.) ;
#16311 = COLOUR_RGB('',1.,1.,1.) ;
#16312 = LINE('NONE',#8962,#15553) ;
#16313 = SURFACE_STYLE_USAGE(.BOTH.,#12605) ;
#16314 = FILL_AREA_STYLE_COLOUR('',#10046) ;
#16315 = VERTEX_POINT('NONE',#2497) ;
#16316 =(NAMED_UNIT(*) SI_UNIT($,.STERADIAN.) SOLID_ANGLE_UNIT());
#16317=CARTESIAN_POINT('NONE',(-5.733127893359,11.360961024704,3.75852549));
#16318 =(LENGTH_UNIT() NAMED_UNIT(*) SI_UNIT(.MILLI.,.METRE.));
#16319 = PRESENTATION_STYLE_ASSIGNMENT((#5431)) ;
#16320 = PRESENTATION_LAYER_ASSIGNMENT('','',(#7520)) ;
#16321 = ADVANCED_FACE('NONE',(#1854),#16121,.F.) ;
#16322=CARTESIAN_POINT('NONE',(-12.3267905,-10.906231,3.8034335));
#16323=VECTOR('NONE',#14928,916.49);
#16324 = MECHANICAL_DESIGN_GEOMETRIC_PRESENTATION_REPRESENTATION('',(#10300),#1727) ;
#16325 =(NAMED_UNIT(*) SI_UNIT($,.STERADIAN.) SOLID_ANGLE_UNIT());
#16326 = EDGE_LOOP('NONE',(#14594,#2657)) ;
#16327=CARTESIAN_POINT('NONE',(5.49894,-11.395129752005,4.38447561427));
#16328 = ORIENTED_EDGE('NONE',*,*,#8884,.T.) ;
#16329 = VERTEX_POINT('NONE',#9083) ;
#16330 = ORIENTED_EDGE('NONE',*,*,#10568,.F.) ;
#16331=CARTESIAN_POINT('NONE',(-5.073511316766,10.988175695663,3.757609));
#16332=DIRECTION('NONE',(0.,0.,-1.));
#16333=UNCERTAINTY_MEASURE_WITH_UNIT(LENGTH_MEASURE(9.164900000000001E-6),#16664,'distance_accuracy_value','NONE');
#16334 =(NAMED_UNIT(*) SI_UNIT($,.STERADIAN.) SOLID_ANGLE_UNIT());
#16335=CARTESIAN_POINT('NONE',(-5.998804145243,10.595378884234,3.757609));
#16336 = EDGE_LOOP('NONE',(#11536,#15838,#6057,#6014)) ;
#16337=CARTESIAN_POINT('NONE',(-6.078659489245,11.352003504017,3.75852549));
#16338=DIRECTION('NONE',(0.,0.,-1.));
#16339=CARTESIAN_POINT('NONE',(-10.631284,-10.906231,3.757609));
#16340=DIRECTION('NONE',(1.,1.284980352575000E-16,0.));
#16342=CARTESIAN_POINT('NONE',(-6.106103807948,10.989128623395,3.757609));
#16341 = PRESENTATION_STYLE_ASSIGNMENT((#5683)) ;
#16343=DIRECTION('NONE',(0.,0.,-1.));
#16344 = B_SPLINE_CURVE_WITH_KNOTS('NONE',3,(#13609,#3653,#9751,#7205),.UNSPECIFIED.,.F.,.F.,(4,4),(7.000000000000,8.000000000000),.UNSPECIFIED.) ;
#16345=DIRECTION('NONE',(0.,-1.,0.));
#16346 = VERTEX_POINT('NONE',#7604) ;
#16347 = ORIENTED_EDGE('NONE',*,*,#1563,.T.) ;
#16348 = ORIENTED_EDGE('NONE',*,*,#5314,.F.) ;
#16349 = EDGE_CURVE('NONE',#7223,#7664,#8927,.T.) ;
#16350 = VERTEX_POINT('NONE',#12644) ;
#16351 =(GEOMETRIC_REPRESENTATION_CONTEXT(3) GLOBAL_UNCERTAINTY_ASSIGNED_CONTEXT((#16458)) GLOBAL_UNIT_ASSIGNED_CONTEXT((#16503,#15167,#15410)) REPRESENTATION_CONTEXT('NONE','WORKASPACE'));
#16352 = SURFACE_SIDE_STYLE('',(#13111)) ;
#16353=CARTESIAN_POINT('NONE',(-1.832979999999,-11.091166380297,2.1812462));
#16354 = B_SPLINE_CURVE_WITH_KNOTS('NONE',3,(#16378,#6513,#15185,#8952,#14020,#3058),.UNSPECIFIED.,.F.,.F.,(4,2,4),(2.000000000000,3.000000000000,4.000000000000),.UNSPECIFIED.) ;
#16355 = SURFACE_STYLE_FILL_AREA(#2094) ;
#16356 = SURFACE_STYLE_FILL_AREA(#15326) ;
#16357 = EDGE_CURVE('NONE',#6580,#15195,#14785,.T.) ;
#16358=DIRECTION('NONE',(-1.,0.,0.));
#16360 =(NAMED_UNIT(*) SI_UNIT($,.STERADIAN.) SOLID_ANGLE_UNIT());
#16359=CARTESIAN_POINT('NONE',(3.4918269,10.906231,3.757609));
#16361=VECTOR('NONE',#14661,916.49);
#16362 = FACE_OUTER_BOUND('NONE',#9558,.T.) ;
#16363 = FACE_OUTER_BOUND('NONE',#2380,.T.) ;
#16364=CARTESIAN_POINT('NONE',(-0.339101299999,10.906231,2.2454005));
#16365 = B_SPLINE_SURFACE_WITH_KNOTS('NONE',3,1,((#12342,#9011),(#16263,#14864),(#5234,#2870),(#11459,#3032)),.UNSPECIFIED.,.F.,.F.,.F.,(4,4),(2,2),(1.,2.000000000000),(0.,1.),.UNSPECIFIED.) ;
#16366=UNCERTAINTY_MEASURE_WITH_UNIT(LENGTH_MEASURE(9.164900000000001E-6),#8109,'distance_accuracy_value','NONE');
#16367 = SURFACE_SIDE_STYLE('',(#4529)) ;
#16368=CARTESIAN_POINT('NONE',(-6.294974084573,10.546779569865,3.75852549));
#16369 = EDGE_CURVE('NONE',#9086,#14016,#4275,.T.) ;
#16370=AXIS2_PLACEMENT_3D('NONE',#9325,#9397,#14220);
#16371=VECTOR('NONE',#12533,916.49);
#16372 = ORIENTED_EDGE('NONE',*,*,#3658,.F.) ;
#16373 =(GEOMETRIC_REPRESENTATION_CONTEXT(3) GLOBAL_UNCERTAINTY_ASSIGNED_CONTEXT((#10640)) GLOBAL_UNIT_ASSIGNED_CONTEXT((#4452,#1081,#5882)) REPRESENTATION_CONTEXT('NONE','WORKASPACE'));
#16374 = LINE('NONE',#16067,#10676) ;
#16375 = FILL_AREA_STYLE('',(#4372)) ;
#16376 = ORIENTED_EDGE('NONE',*,*,#7034,.T.) ;
#16377=DIRECTION('NONE',(0.,0.,-1.));
#16378=CARTESIAN_POINT('NONE',(-7.993408248587,10.586329304028,3.757609));
#16379 =(GEOMETRIC_REPRESENTATION_CONTEXT(3) GLOBAL_UNCERTAINTY_ASSIGNED_CONTEXT((#4211)) GLOBAL_UNIT_ASSIGNED_CONTEXT((#13408,#5416,#4229)) REPRESENTATION_CONTEXT('NONE','WORKASPACE'));
#16380 = LINE('NONE',#12900,#3252) ;
#16381 = STYLED_ITEM('NONE',(#14795),#9447) ;
#16382 = SURFACE_STYLE_USAGE(.BOTH.,#5572) ;
#16383 =(NAMED_UNIT(*) SI_UNIT($,.STERADIAN.) SOLID_ANGLE_UNIT());
#16384=VECTOR('NONE',#11395,916.49);
#16385 = ORIENTED_EDGE('NONE',*,*,#14477,.F.) ;
#16386 = STYLED_ITEM('NONE',(#8700),#9691) ;
#16387 = LINE('NONE',#14030,#11272) ;
#16388 =(NAMED_UNIT(*) SI_UNIT($,.STERADIAN.) SOLID_ANGLE_UNIT());
#16389 = ORIENTED_EDGE('NONE',*,*,#4573,.T.) ;
#16390 = FILL_AREA_STYLE_COLOUR('',#2445) ;
#16391 = STYLED_ITEM('NONE',(#4586),#1734) ;
#16392 = PRESENTATION_STYLE_ASSIGNMENT((#7081)) ;
#16393=CARTESIAN_POINT('NONE',(-7.280433022003,11.323158723214,3.75852549));
#16394 = LINE('NONE',#9204,#9346) ;
#16395 =(LENGTH_UNIT() NAMED_UNIT(*) SI_UNIT(.MILLI.,.METRE.));
#16396=VECTOR('NONE',#11689,916.49);
#16397 = LINE('NONE',#10493,#12773) ;
#16398 =(NAMED_UNIT(*) SI_UNIT($,.STERADIAN.) SOLID_ANGLE_UNIT());
#16399 = ADVANCED_FACE('NONE',(#10060),#16365,.F.) ;
#16400 = ORIENTED_EDGE('NONE',*,*,#1604,.F.) ;
#16401=CARTESIAN_POINT('NONE',(-6.190437912294,10.436049367321,3.75852549));
#16402 = ORIENTED_EDGE('NONE',*,*,#10728,.F.) ;
#16403 = ORIENTED_EDGE('NONE',*,*,#14711,.T.) ;
#16404 = PRESENTATION_LAYER_ASSIGNMENT('','',(#13902)) ;
#16405 = ORIENTED_EDGE('NONE',*,*,#6313,.T.) ;
#16406 = EDGE_CURVE('NONE',#14749,#10834,#5465,.T.) ;
#16408 = EDGE_CURVE('NONE',#6584,#3554,#8815,.T.) ;
#16407 = FACE_OUTER_BOUND('NONE',#4253,.T.) ;
#16409=CARTESIAN_POINT('NONE',(-5.498939999999,-11.091166380297,2.2728952));
#16410=CARTESIAN_POINT('NONE',(-5.489083101006,10.439289321614,3.75852549));
#16411 = EDGE_CURVE('NONE',#5012,#16211,#6941,.T.) ;
#16412 = FILL_AREA_STYLE('',(#6772)) ;
#16413 = SURFACE_STYLE_USAGE(.BOTH.,#11603) ;
#16414=DIRECTION('NONE',(0.,0.,1.));
#16415 = ORIENTED_EDGE('NONE',*,*,#8761,.F.) ;
#16416=CARTESIAN_POINT('NONE',(-7.958952165924,11.3576147806,3.757609));
#16417=DIRECTION('NONE',(-1.,0.,0.));
#16418=CARTESIAN_POINT('NONE',(-7.447412332308,10.477660256352,3.757609));
#16420=DIRECTION('NONE',(0.,0.,-1.));
#16419 =(NAMED_UNIT(*) SI_UNIT($,.STERADIAN.) SOLID_ANGLE_UNIT());
#16421=CARTESIAN_POINT('NONE',(-7.36524794027,10.55982464839,3.757609));
#16422 = FACE_BOUND('NONE',#5879,.T.) ;
#16423 = ORIENTED_EDGE('NONE',*,*,#14671,.T.) ;
#16424 = EDGE_LOOP('NONE',(#14413,#3311)) ;
#16425 = ORIENTED_EDGE('NONE',*,*,#2196,.T.) ;
#16426 = ORIENTED_EDGE('NONE',*,*,#3084,.T.) ;
#16427=CARTESIAN_POINT('NONE',(-5.485843146716,11.040396135416,3.757609));
#16428=CYLINDRICAL_SURFACE('NONE',#13912,1.2372615);
#16429 = EDGE_CURVE('NONE',#15087,#14428,#3166,.T.) ;
#16430 = LINE('NONE',#3258,#9498) ;
#16431=CARTESIAN_POINT('NONE',(-6.241324253221,10.518954080068,3.757609));
#16432=DIRECTION('NONE',(0.,0.,-1.));
#16433 = EDGE_CURVE('NONE',#11289,#9135,#10599,.T.) ;
#16434 = FACE_BOUND('NONE',#13201,.T.) ;
#16435=CARTESIAN_POINT('NONE',(-5.822607807463,11.198772724595,3.75852549));
#16437=CARTESIAN_POINT('NONE',(-6.22788797219,10.428807116553,3.75852549));
#16436 = LINE('NONE',#11632,#12112) ;
#16438 = LINE('NONE',#4209,#4432) ;
#16439 = FILL_AREA_STYLE_COLOUR('',#4254) ;
#16440=CARTESIAN_POINT('NONE',(-6.017005064938,10.647980495079,3.757609));
#16441 = MECHANICAL_DESIGN_GEOMETRIC_PRESENTATION_REPRESENTATION('',(#12168),#7379) ;
#16442 = ORIENTED_EDGE('NONE',*,*,#1412,.T.) ;
#16443=UNCERTAINTY_MEASURE_WITH_UNIT(LENGTH_MEASURE(9.164900000000001E-6),#6328,'distance_accuracy_value','NONE');
#16444=DIRECTION('NONE',(0.,0.,-1.));
#16445 = VERTEX_POINT('NONE',#2089) ;
#16446=AXIS2_PLACEMENT_3D('NONE',#6398,#1372,#15867);
#16447 = PRESENTATION_STYLE_ASSIGNMENT((#11565)) ;
#16448 = PRESENTATION_LAYER_ASSIGNMENT('','',(#6383)) ;
#16449=CARTESIAN_POINT('NONE',(-5.179572173419,11.132258368852,3.757609));
#16450=DIRECTION('NONE',(0.,0.,1.));
#16451 = PLANE('NONE',#9221) ;
#16452=CARTESIAN_POINT('NONE',(-5.897412634482,10.411654417363,3.757609));
#16453 =(NAMED_UNIT(*) PLANE_ANGLE_UNIT() SI_UNIT($,.RADIAN.));
#16454=CARTESIAN_POINT('NONE',(-4.77486376533,10.721927687138,3.75852549));
#16455 =(NAMED_UNIT(*) SI_UNIT($,.STERADIAN.) SOLID_ANGLE_UNIT());
#16456=VECTOR('NONE',#3528,916.49);
#16457 = ORIENTED_EDGE('NONE',*,*,#13907,.F.) ;
#16458=UNCERTAINTY_MEASURE_WITH_UNIT(LENGTH_MEASURE(9.164900000000001E-6),#16503,'distance_accuracy_value','NONE');
#16459=CARTESIAN_POINT('NONE',(-8.004010100733,11.32580918625,3.757609));
#16460 = EDGE_CURVE('NONE',#16445,#2140,#11619,.T.) ;
#16461 = FILL_AREA_STYLE('',(#5655)) ;
#16462 = ADVANCED_FACE('NONE',(#2016),#5777,.F.) ;
#16463 = SURFACE_SIDE_STYLE('',(#6830)) ;
#16464=CARTESIAN_POINT('NONE',(-6.22236099134,11.367250347742,3.75852549));
#16465 = VERTEX_POINT('NONE',#5612) ;
#16466=CARTESIAN_POINT('NONE',(-5.685005042854,11.318079276733,3.75852549));
#16467 = SURFACE_SIDE_STYLE('',(#16644)) ;
#16468 = MECHANICAL_DESIGN_GEOMETRIC_PRESENTATION_REPRESENTATION('',(#8908),#4894) ;
#16469 = FILL_AREA_STYLE_COLOUR('',#13606) ;
#16470 = ORIENTED_EDGE('NONE',*,*,#14610,.F.) ;
#16471=CARTESIAN_POINT('NONE',(-5.3557685112,10.607385773666,3.75852549));
#16472 = ORIENTED_EDGE('NONE',*,*,#15642,.F.) ;
#16473 = ORIENTED_EDGE('NONE',*,*,#14885,.F.) ;
#16474 = VERTEX_POINT('NONE',#8150) ;
#16475=AXIS2_PLACEMENT_3D('NONE',#12604,#7496,#6388);
#16476 = EDGE_CURVE('NONE',#7007,#2353,#8218,.T.) ;
#16477=UNCERTAINTY_MEASURE_WITH_UNIT(LENGTH_MEASURE(9.164900000000001E-6),#3640,'distance_accuracy_value','NONE');
#16478 = LINE('NONE',#11602,#9167) ;
#16479 =(NAMED_UNIT(*) PLANE_ANGLE_UNIT() SI_UNIT($,.RADIAN.));
#16480 = LINE('NONE',#5676,#5403) ;
#16481=AXIS2_PLACEMENT_3D('NONE',#13006,#15538,#10510);
#16482 = ORIENTED_EDGE('NONE',*,*,#3320,.T.) ;
#16483 = EDGE_CURVE('NONE',#1374,#2770,#6542,.T.) ;
#16484=CARTESIAN_POINT('NONE',(-6.874911810945,10.766561043261,3.757609));
#16485=CARTESIAN_POINT('NONE',(-6.357772022161,11.167516694961,3.75852549));
#16487=DIRECTION('NONE',(-1.,0.,0.));
#16486 = SURFACE_SIDE_STYLE('',(#6933)) ;
#16488=CARTESIAN_POINT('NONE',(-6.373018865883,10.988175695663,3.75852549));
#16489 = FILL_AREA_STYLE_COLOUR('',#14300) ;
#16490 = ORIENTED_EDGE('NONE',*,*,#11034,.F.) ;
#16491 = ORIENTED_EDGE('NONE',*,*,#12814,.T.) ;
#16492 = EDGE_LOOP('NONE',(#3450,#14937,#16192,#11309)) ;
#16493 = EDGE_CURVE('NONE',#3317,#11478,#12832,.T.) ;
#16494=CARTESIAN_POINT('NONE',(-6.874911810945,10.766561043261,3.75852549));
#16495 = COLOUR_RGB('',0.843137254901,0.815686274509,0.752941176470) ;
#16496 = ORIENTED_EDGE('NONE',*,*,#3557,.F.) ;
#16497 = PRESENTATION_LAYER_ASSIGNMENT('','',(#14491)) ;
#16498=CARTESIAN_POINT('NONE',(-6.521485006643,10.726692325804,3.757609));
#16499 = EDGE_CURVE('NONE',#6667,#11642,#14359,.T.) ;
#16500 =(NAMED_UNIT(*) SI_UNIT($,.STERADIAN.) SOLID_ANGLE_UNIT());
#16501 = SURFACE_STYLE_FILL_AREA(#11628) ;
#16502=CARTESIAN_POINT('NONE',(1.1639423,10.906231,3.8034335));
#16503 =(LENGTH_UNIT() NAMED_UNIT(*) SI_UNIT(.MILLI.,.METRE.));
#16504 =(NAMED_UNIT(*) PLANE_ANGLE_UNIT() SI_UNIT($,.RADIAN.));
#16505=CARTESIAN_POINT('NONE',(-6.078659489245,11.003613124933,3.757609));
#16506 = PRESENTATION_LAYER_ASSIGNMENT('','',(#7699)) ;
#16507=AXIS2_PLACEMENT_3D('NONE',#9345,#4612,#3339);
#16508=CARTESIAN_POINT('NONE',(-1.832979999999,-12.336253071127,2.913149434625));
#16509=CARTESIAN_POINT('NONE',(-5.95592239727,11.156081562169,3.75852549));
#16510=UNCERTAINTY_MEASURE_WITH_UNIT(LENGTH_MEASURE(9.164900000000001E-6),#8755,'distance_accuracy_value','NONE');
#16511 = EDGE_CURVE('NONE',#6767,#14016,#16673,.T.) ;
#16512=CARTESIAN_POINT('NONE',(-8.115329624084,11.246295219333,3.757609));
#16513 = EDGE_CURVE('NONE',#3554,#11857,#1333,.T.) ;
#16514=CIRCLE('NONE',#2689,0.458245);
#16515=DIRECTION('NONE',(-1.,0.,0.));
#16516 = ORIENTED_EDGE('NONE',*,*,#5219,.T.) ;
#16517 = MECHANICAL_DESIGN_GEOMETRIC_PRESENTATION_REPRESENTATION('',(#11237),#15755) ;
#16518 = SURFACE_SIDE_STYLE('',(#4695)) ;
#16519 = EDGE_CURVE('NONE',#14326,#14482,#10674,.T.) ;
#16520 = PRESENTATION_STYLE_ASSIGNMENT((#9033)) ;
#16521=VECTOR('NONE',#15128,916.49);
#16522 = ORIENTED_EDGE('NONE',*,*,#16203,.F.) ;
#16523 =(GEOMETRIC_REPRESENTATION_CONTEXT(3) GLOBAL_UNCERTAINTY_ASSIGNED_CONTEXT((#4716)) GLOBAL_UNIT_ASSIGNED_CONTEXT((#15542,#4747,#7266)) REPRESENTATION_CONTEXT('NONE','WORKASPACE'));
#16524 = B_SPLINE_CURVE_WITH_KNOTS('NONE',3,(#2651,#8475,#8774,#13441),.UNSPECIFIED.,.F.,.F.,(4,4),(7.000000000000,8.000000000000),.UNSPECIFIED.) ;
#16525=CARTESIAN_POINT('NONE',(-5.493847739672,11.259569513944,3.75852549));
#16526=CARTESIAN_POINT('NONE',(10.631284,-10.906231,3.8034335));
#16527 =(NAMED_UNIT(*) PLANE_ANGLE_UNIT() SI_UNIT($,.RADIAN.));
#16528 = FACE_BOUND('NONE',#15784,.T.) ;
#16529 = SURFACE_STYLE_USAGE(.BOTH.,#10474) ;
#16530 = PRESENTATION_LAYER_ASSIGNMENT('','',(#7719)) ;
#16531 = FACE_OUTER_BOUND('NONE',#14342,.T.) ;
#16532=VECTOR('NONE',#3022,916.49);
#16533 = VERTEX_POINT('NONE',#10837) ;
#16535 = STYLED_ITEM('NONE',(#13696),#8321) ;
#16534=CARTESIAN_POINT('NONE',(5.49894,-11.381475988787,2.286946209691));
#16536 = STYLED_ITEM('NONE',(#8619),#5692) ;
#16537 = COLOUR_RGB('',0.949019607843,0.760784313725,0.180392156862) ;
#16538=CARTESIAN_POINT('NONE',(-5.880164642518,10.65731918686,3.757609));
#16539 = SURFACE_STYLE_FILL_AREA(#11725) ;
#16540 =(GEOMETRIC_REPRESENTATION_CONTEXT(3) GLOBAL_UNCERTAINTY_ASSIGNED_CONTEXT((#6336)) GLOBAL_UNIT_ASSIGNED_CONTEXT((#2607,#1427,#10804)) REPRESENTATION_CONTEXT('NONE','WORKASPACE'));
#16541 = COLOUR_RGB('',1.,1.,1.) ;
#16542 = EDGE_CURVE('NONE',#6315,#10696,#1218,.T.) ;
#16543 = SURFACE_SIDE_STYLE('',(#9520)) ;
#16544 = COLOUR_RGB('',0.843137254901,0.815686274509,0.752941176470) ;
#16545=VECTOR('NONE',#16169,916.49);
#16546 = LINE('NONE',#11896,#3455) ;
#16547=VECTOR('NONE',#16332,916.49);
#16548 = STYLED_ITEM('NONE',(#6512),#6847) ;
#16549 =(GEOMETRIC_REPRESENTATION_CONTEXT(3) GLOBAL_UNCERTAINTY_ASSIGNED_CONTEXT((#1644)) GLOBAL_UNIT_ASSIGNED_CONTEXT((#4271,#7987,#3027)) REPRESENTATION_CONTEXT('NONE','WORKASPACE'));
#16550 =(LENGTH_UNIT() NAMED_UNIT(*) SI_UNIT(.MILLI.,.METRE.));
#16551=DIRECTION('NONE',(0.,0.,1.));
#16552 =(NAMED_UNIT(*) SI_UNIT($,.STERADIAN.) SOLID_ANGLE_UNIT());
#16553 = FILL_AREA_STYLE_COLOUR('',#13423) ;
#16554 =(GEOMETRIC_REPRESENTATION_CONTEXT(3) GLOBAL_UNCERTAINTY_ASSIGNED_CONTEXT((#10917)) GLOBAL_UNIT_ASSIGNED_CONTEXT((#2830,#11413,#14734)) REPRESENTATION_CONTEXT('NONE','WORKASPACE'));
#16555=CARTESIAN_POINT('NONE',(-5.933719181097,10.428616531006,3.757609));
#16556 =(LENGTH_UNIT() NAMED_UNIT(*) SI_UNIT(.MILLI.,.METRE.));
#16557=CARTESIAN_POINT('NONE',(-5.943248458425,10.547732497597,3.75852549));
#16558=DIRECTION('NONE',(0.,0.,1.));
#16559 = SURFACE_STYLE_USAGE(.BOTH.,#7963) ;
#16560 = PRESENTATION_STYLE_ASSIGNMENT((#11742)) ;
#16561 = ORIENTED_EDGE('NONE',*,*,#3863,.T.) ;
#16562=CARTESIAN_POINT('NONE',(-6.16699589007,11.367250347742,3.75852549));
#16563 = EDGE_LOOP('NONE',(#15137,#15112,#13502,#15683)) ;
#16564=VECTOR('NONE',#4720,916.49);
#16565 = VERTEX_POINT('NONE',#5928) ;
#16566 = STYLED_ITEM('NONE',(#13243),#8033) ;
#16567=VECTOR('NONE',#12912,916.49);
#16568 = MECHANICAL_DESIGN_GEOMETRIC_PRESENTATION_REPRESENTATION('',(#5729),#15810) ;
#16569 = PRESENTATION_LAYER_ASSIGNMENT('','',(#7515)) ;
#16570 = ORIENTED_EDGE('NONE',*,*,#7554,.T.) ;
#16571=CARTESIAN_POINT('NONE',(-1.163942299999,10.906231,3.8034335));
#16572=DIRECTION('NONE',(0.,0.,-1.));
#16573=CARTESIAN_POINT('NONE',(-5.95592239727,11.156081562169,3.75852549));
#16574=CARTESIAN_POINT('NONE',(-6.272580282855,10.44881859894,3.75852549));
#16575 =(GEOMETRIC_REPRESENTATION_CONTEXT(3) GLOBAL_UNCERTAINTY_ASSIGNED_CONTEXT((#11323)) GLOBAL_UNIT_ASSIGNED_CONTEXT((#7461,#11324,#15024)) REPRESENTATION_CONTEXT('NONE','WORKASPACE'));
#16576 = VERTEX_POINT('NONE',#2389) ;
#16577 = LINE('NONE',#10664,#14258) ;
#16578 =(NAMED_UNIT(*) SI_UNIT($,.STERADIAN.) SOLID_ANGLE_UNIT());
#16580 = SURFACE_STYLE_FILL_AREA(#11997) ;
#16579 =(NAMED_UNIT(*) SI_UNIT($,.STERADIAN.) SOLID_ANGLE_UNIT());
#16581 = SURFACE_STYLE_USAGE(.BOTH.,#8301) ;
#16582 = SURFACE_SIDE_STYLE('',(#15548)) ;
#16583 = VERTEX_POINT('NONE',#8615) ;
#16584 = ORIENTED_EDGE('NONE',*,*,#8869,.F.) ;
#16585 = VERTEX_POINT('NONE',#14379) ;
#16586 = EDGE_CURVE('NONE',#1779,#4667,#14084,.T.) ;
#16587 = ORIENTED_EDGE('NONE',*,*,#12655,.F.) ;
#16588 = STYLED_ITEM('NONE',(#14045),#14574) ;
#16589=AXIS2_PLACEMENT_3D('NONE',#8448,#14288,#7016);
#16590 = COLOUR_RGB('',1.,1.,1.) ;
#16591 = EDGE_CURVE('NONE',#13282,#15275,#5288,.T.) ;
#16592 = FILL_AREA_STYLE('',(#10301)) ;
#16593=CARTESIAN_POINT('NONE',(-5.708637650627,10.462540758292,3.757609));
#16594 = PRESENTATION_STYLE_ASSIGNMENT((#8157)) ;
#16595=CARTESIAN_POINT('NONE',(10.631284,10.906231,3.757609));
#16596=CARTESIAN_POINT('NONE',(-7.222122759376,10.395495864311,3.757609));
#16597 =(NAMED_UNIT(*) PLANE_ANGLE_UNIT() SI_UNIT($,.RADIAN.));
#16598=CARTESIAN_POINT('NONE',(-6.294211742388,11.254614289732,3.757609));
#16599 = PRESENTATION_STYLE_ASSIGNMENT((#12949)) ;
#16600=DIRECTION('NONE',(-1.,0.,0.));
#16601 = STYLED_ITEM('NONE',(#10889),#14865) ;
#16602 = FACE_OUTER_BOUND('NONE',#2552,.T.) ;
#16603=CARTESIAN_POINT('NONE',(-1.832979999999,-12.404768466314,3.481856478509));
#16604 =(NAMED_UNIT(*) SI_UNIT($,.STERADIAN.) SOLID_ANGLE_UNIT());
#16605 = EDGE_CURVE('NONE',#7737,#15776,#13360,.T.) ;
#16606 = LINE('NONE',#13936,#7780) ;
#16607=VECTOR('NONE',#2341,916.49);
#16608 = ADVANCED_FACE('NONE',(#8378),#10915,.F.) ;
#16609 = ORIENTED_EDGE('NONE',*,*,#1956,.F.) ;
#16610=VECTOR('NONE',#13950,916.49);
#16611 = SURFACE_STYLE_FILL_AREA(#5636) ;
#16612=UNCERTAINTY_MEASURE_WITH_UNIT(LENGTH_MEASURE(9.164900000000001E-6),#7396,'distance_accuracy_value','NONE');
#16613=CARTESIAN_POINT('NONE',(-5.429620410486,11.179332998849,3.757609));
#16614=CARTESIAN_POINT('NONE',(-5.998804145243,10.595378884234,3.75852549));
#16615 = ADVANCED_FACE('NONE',(#1132),#12108,.F.) ;
#16616=CARTESIAN_POINT('NONE',(-6.236083150692,10.554974748367,3.757609));
#16617 = STYLED_ITEM('NONE',(#5506),#8863) ;
#16618 = EDGE_LOOP('NONE',(#13109,#6125,#6133,#4020)) ;
#16619=CARTESIAN_POINT('NONE',(-7.267180694184,10.970646810797,3.75852549));
#16620 = SURFACE_STYLE_FILL_AREA(#10699) ;
#16621=DIRECTION('NONE',(0.,0.,-1.));
#16622 =(NAMED_UNIT(*) SI_UNIT($,.STERADIAN.) SOLID_ANGLE_UNIT());
#16623=DIRECTION('NONE',(0.,0.,1.));
#16624 = SURFACE_SIDE_STYLE('',(#13143)) ;
#16625 = ORIENTED_EDGE('NONE',*,*,#10229,.F.) ;
#16626 = FILL_AREA_STYLE_COLOUR('',#15554) ;
#16627 = EDGE_LOOP('NONE',(#15463,#13249,#13266,#13732)) ;
#16628 = SURFACE_STYLE_FILL_AREA(#15435) ;
#16629=DIRECTION('NONE',(-1.,0.,0.));
#16630=VECTOR('NONE',#1494,916.49);
#16631 = B_SPLINE_SURFACE_WITH_KNOTS('NONE',3,1,((#1102,#13404),(#9867,#7564),(#5117,#3990),(#9786,#6442)),.UNSPECIFIED.,.F.,.F.,.F.,(4,4),(2,2),(12.000000000000,13.000000000000),(0.,1.),.UNSPECIFIED.) ;
#16632 = FILL_AREA_STYLE('',(#2199)) ;
#16633 = COLOUR_RGB('',1.,1.,1.) ;
#16634=UNCERTAINTY_MEASURE_WITH_UNIT(LENGTH_MEASURE(9.164900000000001E-6),#15950,'distance_accuracy_value','NONE');
#16635 =(GEOMETRIC_REPRESENTATION_CONTEXT(3) GLOBAL_UNCERTAINTY_ASSIGNED_CONTEXT((#10224)) GLOBAL_UNIT_ASSIGNED_CONTEXT((#15606,#11980,#10495)) REPRESENTATION_CONTEXT('NONE','WORKASPACE'));
#16636 = FILL_AREA_STYLE_COLOUR('',#7971) ;
#16637 = FACE_OUTER_BOUND('NONE',#13741,.T.) ;
#16638=DIRECTION('NONE',(-1.,0.,0.));
#16639 = LINE('NONE',#8427,#15331) ;
#16640 = FACE_OUTER_BOUND('NONE',#7402,.T.) ;
#16641 = MECHANICAL_DESIGN_GEOMETRIC_PRESENTATION_REPRESENTATION('',(#14627),#2287) ;
#16642 = ADVANCED_FACE('NONE',(#10041),#16103,.T.) ;
#16643 = LINE('NONE',#5830,#2924) ;
#16644 = SURFACE_STYLE_FILL_AREA(#12761) ;
#16645 =(NAMED_UNIT(*) PLANE_ANGLE_UNIT() SI_UNIT($,.RADIAN.));
#16646=CARTESIAN_POINT('NONE',(-5.635929264619,10.663036753257,3.75852549));
#16647=CARTESIAN_POINT('NONE',(-3.491826899999,10.906231,3.757609));
#16648=VECTOR('NONE',#7741,916.49);
#16649 = ORIENTED_EDGE('NONE',*,*,#11295,.T.) ;
#16650=DIRECTION('NONE',(0.,0.,-1.));
#16651 = ORIENTED_EDGE('NONE',*,*,#15719,.F.) ;
#16652 = ORIENTED_EDGE('NONE',*,*,#9486,.F.) ;
#16653 = MECHANICAL_DESIGN_GEOMETRIC_PRESENTATION_REPRESENTATION('',(#11347),#6549) ;
#16654 = ORIENTED_EDGE('NONE',*,*,#11523,.T.) ;
#16655=AXIS2_PLACEMENT_3D('NONE',#10053,#15884,#8919);
#16656 = FILL_AREA_STYLE('',(#2374)) ;
#16657=UNCERTAINTY_MEASURE_WITH_UNIT(LENGTH_MEASURE(9.164900000000001E-6),#13699,'distance_accuracy_value','NONE');
#16658=DIRECTION('NONE',(0.355935724369,0.934510438742,0.));
#16659 =(NAMED_UNIT(*) SI_UNIT($,.STERADIAN.) SOLID_ANGLE_UNIT());
#16660 =(GEOMETRIC_REPRESENTATION_CONTEXT(3) GLOBAL_UNCERTAINTY_ASSIGNED_CONTEXT((#14004)) GLOBAL_UNIT_ASSIGNED_CONTEXT((#11874,#8010,#9261)) REPRESENTATION_CONTEXT('NONE','WORKASPACE'));
#16661 = VERTEX_POINT('NONE',#11290) ;
#16662=DIRECTION('NONE',(0.,0.,-1.));
#16663 =(NAMED_UNIT(*) PLANE_ANGLE_UNIT() SI_UNIT($,.RADIAN.));
#16664 =(LENGTH_UNIT() NAMED_UNIT(*) SI_UNIT(.MILLI.,.METRE.));
#16666=CARTESIAN_POINT('NONE',(-7.791972805064,10.663192946932,3.757609));
#16665 = SURFACE_STYLE_USAGE(.BOTH.,#4900) ;
#16668 =(GEOMETRIC_REPRESENTATION_CONTEXT(3) GLOBAL_UNCERTAINTY_ASSIGNED_CONTEXT((#8583)) GLOBAL_UNIT_ASSIGNED_CONTEXT((#4620,#15132,#8257)) REPRESENTATION_CONTEXT('NONE','WORKASPACE'));
#16667=DIRECTION('NONE',(-1.,0.,0.));
#16669=DIRECTION('NONE',(0.,0.,-1.));
#16670 = ORIENTED_EDGE('NONE',*,*,#10099,.T.) ;
#16671 = VERTEX_POINT('NONE',#12324) ;
#16672 = ORIENTED_EDGE('NONE',*,*,#11385,.F.) ;
#16673 = LINE('NONE',#13025,#10089) ;
#16674=VECTOR('NONE',#7095,916.49);
#16675 = ORIENTED_EDGE('NONE',*,*,#8115,.F.) ;
#16676=VECTOR('NONE',#6370,916.49);
#16677 = LINE('NONE',#5859,#9806) ;
#16678=CARTESIAN_POINT('NONE',(-5.498939999999,-12.520198771572,3.2901991));
#16679=CARTESIAN_POINT('NONE',(9.3940225,-10.906231,3.8034335));
#16680=DIRECTION('NONE',(-1.,0.,0.));
#16681=VECTOR('NONE',#5660,916.49);
#16682=DIRECTION('NONE',(-1.,0.,0.));
#16683 = B_SPLINE_CURVE_WITH_KNOTS('NONE',3,(#5176,#14810,#5039,#7627),.UNSPECIFIED.,.F.,.F.,(4,4),(24.000000000000,25.000000000000),.UNSPECIFIED.) ;
#16684 = LINE('NONE',#10532,#5554) ;
#16685 =(LENGTH_UNIT() NAMED_UNIT(*) SI_UNIT(.MILLI.,.METRE.));
#16686 =(NAMED_UNIT(*) PLANE_ANGLE_UNIT() SI_UNIT($,.RADIAN.));
#16687=CARTESIAN_POINT('NONE',(-1.832979999999,-11.883143693273,2.453084392149));
#16688 = SURFACE_STYLE_USAGE(.BOTH.,#8240) ;
#16689=CARTESIAN_POINT('NONE',(-5.812030309628,11.318079276733,3.757609));
#16690 = VERTEX_POINT('NONE',#10398) ;
#16691=AXIS2_PLACEMENT_3D('',#16692,#16693,#16694);
#16692=CARTESIAN_POINT('',(0., 0., 0.));
#16693=DIRECTION('',(0.,0.,1.));
#16694=DIRECTION('',(1.,0.,0.));
#16695=SHAPE_DEFINITION_REPRESENTATION(#16696,#16702);
#16696=PRODUCT_DEFINITION_SHAPE('','',#16697);
#16697=PRODUCT_DEFINITION('design','',#16698,#16701);
#16698=PRODUCT_DEFINITION_FORMATION('','',#16699);
#16699=PRODUCT('OLED1~OLED-TH_L27-W24.7-P2.54~OLED-TH_L27.8-W27.2-P2.54_C9900033791~jeFc','OLED1~OLED-TH_L27-W24.7-P2.54~OLED-TH_L27.8-W27.2-P2.54_C9900033791~jeFc','',(#16700));
#16700=PRODUCT_CONTEXT('',#2,'mechanical');
#16701=PRODUCT_DEFINITION_CONTEXT('part definition',#2,'design');
#16702=SHAPE_REPRESENTATION('',(#16691,#9584),#14634);
#16703=AXIS2_PLACEMENT_3D('',#16704,#16705,#16706);
#16704=CARTESIAN_POINT('',(12.446024892050,-13.651027432055,7.418787218173));
#16705=DIRECTION('',(0.000000000000,0.000000000000,1.000000000000));
#16706=DIRECTION('',(1.000000000000, 0.000000000000,0.000000000000));
#16707=CONTEXT_DEPENDENT_SHAPE_REPRESENTATION(#16708,#16710);
#16708=(REPRESENTATION_RELATIONSHIP('','',#16702,#10) REPRESENTATION_RELATIONSHIP_WITH_TRANSFORMATION(#16709) SHAPE_REPRESENTATION_RELATIONSHIP());
#16709=ITEM_DEFINED_TRANSFORMATION('', '', #16691, #16703);
#16710=PRODUCT_DEFINITION_SHAPE('Placement', 'Placement of an item', #16711);
#16711=NEXT_ASSEMBLY_USAGE_OCCURRENCE('OLED1','','',#5,#16697, $);
#16712=PRODUCT_RELATED_PRODUCT_CATEGORY('part',$,(#16699));
#16713=CONTEXT_DEPENDENT_SHAPE_REPRESENTATION(#16714,#16716);
#16714=(REPRESENTATION_RELATIONSHIP('','',#2804,#16702) REPRESENTATION_RELATIONSHIP_WITH_TRANSFORMATION(#16715) SHAPE_REPRESENTATION_RELATIONSHIP());
#16715=ITEM_DEFINED_TRANSFORMATION('','',#16691, #9584);
#16716=PRODUCT_DEFINITION_SHAPE('Placement','Placement of an item',#16717);
#16717=NEXT_ASSEMBLY_USAGE_OCCURRENCE('OLED1->0','','',#16697,#10075,$);

ENDSEC;
END-ISO-10303-21;